fixed acidity,volatile acidity,citric acid,residual sugar,chlorides,free sulfur dioxide,total sulfur dioxide,density,pH,sulphates,alcohol,quality
8.82,0.338,0.475,3.66,0.1396,10.8,33.0,0.99748,3.38,0.559,8.0,4
6.53,0.52,0.186,2.04,0.03,36.3,43.4,0.9963,3.3,0.458,11.71,6
9.58,0.734,0.155,2.06,0.0407,2.7,97.0,0.99611,3.38,0.748,9.5,5
9.9,0.758,0.503,2.53,0.1195,20.2,31.8,0.9965,3.36,0.761,11.71,6
4.98,0.274,0.209,3.19,0.1358,18.4,30.9,0.99515,3.25,0.479,8.0,3
6.09,0.474,0.491,2.48,0.0439,19.2,6.0,0.99601,3.09,0.502,10.14,5
8.52,0.774,0.356,3.88,0.0881,28.3,44.6,0.99565,3.08,0.683,12.0,7
7.76,0.621,0.201,2.03,0.03,28.1,67.0,0.99634,3.76,0.496,11.18,5
8.27,0.565,0.366,1.38,0.0788,11.4,72.8,0.99636,3.53,0.69,10.03,6
6.85,0.491,0.334,6.09,0.1247,17.8,49.5,0.99222,3.51,0.91,8.26,4
9.79,0.461,0.474,1.9,0.0674,1.0,76.6,0.99527,3.21,0.65,8.95,4
9.62,0.582,0.16,1.94,0.0758,16.9,69.4,0.99709,3.31,0.454,11.93,7
8.41,0.485,0.278,2.43,0.0362,8.0,81.6,0.99712,3.19,0.727,10.02,5
10.22,0.522,0.258,2.58,0.0578,14.0,77.5,0.9944,3.11,0.63,10.32,5
9.09,0.544,0.411,2.1,0.1661,1.0,96.2,0.99806,3.22,0.634,10.71,6
6.84,0.408,0.065,2.48,0.0903,19.9,40.6,0.99776,3.51,0.741,8.97,4
8.93,0.626,0.473,2.46,0.0419,1.0,6.0,0.9981,3.44,0.777,10.85,4
6.67,1.055,0.363,2.7,0.0728,17.4,67.2,0.99689,3.16,0.666,9.94,4
9.79,0.21,0.007,0.87,0.03,3.6,71.0,0.99796,3.26,0.65,10.72,4
8.22,0.588,0.512,5.83,0.0414,7.4,96.2,0.99722,3.42,1.011,9.76,6
7.99,0.393,0.717,2.34,0.1482,27.4,87.0,0.99628,3.22,0.864,8.67,5
7.14,0.634,0.47,3.25,0.0806,21.8,108.3,0.99443,3.32,0.802,9.93,6
10.38,0.538,0.555,1.34,0.1721,27.4,65.8,0.9947,3.37,0.682,11.1,6
8.04,0.667,0.287,2.02,0.0827,31.5,53.3,0.999,3.37,0.489,10.83,6
7.57,0.742,0.0,1.85,0.0854,8.2,6.0,0.999,3.35,0.852,10.43,4
7.7,0.565,0.0,4.84,0.1158,30.9,55.9,0.99334,3.21,0.685,11.39,6
9.2,0.734,0.321,1.92,0.03,1.2,28.3,0.99591,3.23,0.562,10.18,4
8.92,0.12,0.152,3.52,0.0962,23.4,52.8,0.9953,3.14,0.619,10.46,5
9.0,0.816,0.087,1.87,0.0848,11.0,47.7,0.99884,3.08,0.496,9.87,5
9.03,0.598,0.257,2.04,0.1539,6.6,61.1,0.99504,3.29,0.84,11.45,7
11.94,0.724,0.393,2.24,0.1304,22.0,42.9,0.99386,3.43,0.776,10.72,6
7.61,0.31,0.0,4.45,0.036,25.3,75.9,0.99829,3.1,0.691,9.79,5
7.43,0.38,0.18,1.07,0.1429,25.1,6.0,0.99747,3.35,0.653,8.76,4
6.92,0.556,0.572,1.38,0.0752,18.0,52.1,0.99768,3.43,0.544,11.62,6
9.35,0.527,0.055,1.04,0.0463,17.2,84.5,0.99669,3.03,0.3,9.58,5
10.22,0.581,0.444,1.53,0.0959,21.2,105.8,0.9977,3.27,0.42,10.48,5
8.11,0.725,0.173,1.74,0.0779,18.9,69.4,0.99473,3.56,0.534,12.99,6
6.87,0.212,0.379,1.21,0.1562,21.3,99.9,0.99574,3.39,0.508,11.28,6
6.9,0.705,0.489,1.8,0.1023,17.9,51.4,0.99716,3.03,0.709,12.17,5
9.41,0.531,0.418,1.01,0.0963,24.3,46.1,0.99359,3.41,0.798,9.81,6
9.56,0.493,0.452,1.58,0.1275,1.0,62.9,0.99655,3.2,0.638,11.58,6
9.22,0.265,0.04,4.29,0.1362,14.6,45.9,0.99462,3.41,0.9,10.43,5
7.17,0.621,0.493,3.0,0.1223,2.1,21.0,0.99575,3.21,0.527,10.8,6
8.69,0.12,0.099,2.72,0.1509,18.7,29.5,0.9956,3.3,0.637,12.62,7
8.5,0.647,0.322,1.59,0.1144,32.3,10.4,0.99551,3.23,0.651,10.09,5
8.67,0.261,0.322,1.25,0.0945,11.2,62.9,0.99427,3.31,0.846,10.42,7
9.78,0.54,0.367,1.5,0.1428,17.2,46.4,0.99722,3.22,0.678,9.41,5
8.68,0.509,0.337,2.45,0.0829,23.5,34.5,0.99619,3.28,0.683,11.38,5
9.45,0.741,0.101,3.69,0.0885,1.0,27.9,0.99358,3.13,0.379,9.78,5
8.41,0.498,0.0,3.75,0.1645,10.7,62.2,0.99569,3.38,0.507,11.52,5
8.79,0.405,0.444,3.32,0.16,19.5,71.0,0.9955,3.34,0.846,8.59,5
9.37,0.439,0.307,1.79,0.0866,1.0,9.8,0.99631,3.07,0.307,11.0,6
5.82,0.759,0.5,2.53,0.0666,6.1,6.0,0.99334,3.46,0.888,9.69,5
7.76,0.627,0.261,2.16,0.1528,26.9,76.5,0.99789,3.28,0.745,11.2,5
7.5,0.461,0.0,2.28,0.123,25.9,6.0,0.99492,3.33,0.533,10.39,5
7.21,0.487,0.463,6.25,0.1012,19.6,63.5,0.99369,3.42,0.519,9.81,5
7.83,0.248,0.196,1.13,0.0725,24.7,97.7,0.99579,3.36,0.982,9.97,5
10.84,0.6,0.338,2.25,0.1019,18.1,97.8,0.99622,3.48,0.9,9.46,5
6.83,0.213,0.141,4.31,0.086,21.5,69.6,0.99688,3.27,0.64,11.32,6
9.95,0.665,0.599,1.29,0.0571,12.7,68.7,0.9978,3.47,0.683,9.25,5
5.44,0.553,0.095,1.87,0.0928,17.1,118.1,0.9987,3.33,0.55,10.11,4
7.73,0.96,0.203,1.97,0.0989,9.6,6.0,0.9975,3.39,0.683,10.78,5
8.58,0.332,0.291,2.26,0.0701,28.5,31.1,0.99739,3.37,0.545,12.17,6
9.3,0.512,0.052,1.22,0.1277,31.1,73.2,0.99433,3.5,0.647,10.39,5
9.51,0.854,0.336,3.27,0.145,29.7,35.2,0.99551,3.42,0.968,10.13,5
9.65,0.744,0.592,3.37,0.1306,11.8,85.7,0.99556,3.24,0.644,10.7,5
7.71,0.405,0.172,3.14,0.0746,6.4,44.7,0.99792,3.21,0.482,8.12,3
7.51,0.57,0.349,1.69,0.121,28.7,50.2,0.99624,3.3,0.428,9.08,4
9.76,0.53,0.0,2.6,0.0905,21.3,37.2,0.99692,3.2,0.682,9.99,5
7.97,0.581,0.262,1.67,0.0314,19.2,29.3,0.99734,3.15,0.531,9.62,5
6.13,0.404,0.207,2.15,0.1173,9.6,28.5,0.99861,2.99,0.702,8.64,5
6.37,0.514,0.106,6.59,0.0936,20.2,54.7,0.99313,3.08,0.385,11.34,6
6.74,0.242,0.486,2.61,0.2037,5.0,21.2,0.99775,3.61,0.777,10.69,7
9.15,0.554,0.205,1.47,0.1526,22.2,76.5,0.99444,3.21,0.48,10.55,6
8.54,0.611,0.235,2.71,0.119,29.7,66.9,0.99401,3.6,0.668,9.64,6
9.47,0.489,0.195,1.36,0.0982,32.2,81.2,0.99357,3.37,0.602,10.49,4
7.57,0.239,0.0,1.46,0.0944,23.0,9.9,0.99818,3.3,0.952,10.97,6
8.57,0.708,0.044,1.56,0.0418,2.1,6.0,0.99801,3.08,0.689,10.11,6
9.36,0.596,0.462,2.05,0.03,17.9,45.9,0.99831,3.31,0.991,10.89,7
7.77,0.399,0.0,3.81,0.0477,37.3,138.8,0.99454,3.59,0.755,9.52,4
9.08,0.479,0.117,3.24,0.0849,7.2,86.5,0.99516,3.54,0.902,10.51,6
7.17,0.26,0.19,3.16,0.03,15.3,28.3,0.99589,3.35,0.625,11.66,6
7.68,0.345,0.619,1.52,0.0625,30.0,59.6,0.999,3.14,0.719,11.76,8
7.65,0.433,0.424,1.96,0.0759,22.1,69.3,0.999,3.17,0.867,11.86,5
6.27,0.751,0.159,2.83,0.0773,40.7,6.0,0.99753,3.18,0.814,10.71,5
9.13,0.415,0.531,1.88,0.0572,8.6,89.8,0.9975,3.5,0.75,10.43,4
7.5,0.645,0.122,2.21,0.0716,6.0,40.6,0.99884,3.55,0.604,9.91,5
8.32,0.433,0.472,3.05,0.1646,28.1,43.1,0.99578,3.34,0.633,8.41,6
9.12,0.575,0.0,2.14,0.1168,3.9,46.8,0.9963,3.26,0.853,8.92,4
9.06,0.505,0.485,2.77,0.0618,13.9,82.6,0.99619,3.54,0.889,10.22,5
9.43,0.687,0.189,5.12,0.0839,15.2,21.8,0.99304,3.16,0.559,10.28,5
8.13,0.434,0.064,2.31,0.0857,26.3,6.0,0.99649,3.32,0.534,11.95,6
7.58,0.247,0.227,4.25,0.0524,22.0,56.3,0.99352,3.38,0.506,11.85,7
8.16,0.281,0.325,3.22,0.0524,20.5,6.0,0.99757,3.18,0.801,9.64,5
5.43,0.434,0.171,1.29,0.1325,11.9,36.4,0.99782,3.21,0.502,11.3,5
5.84,0.305,0.381,1.52,0.0681,28.1,84.0,0.999,3.2,0.799,9.88,5
6.05,0.604,0.153,1.72,0.0377,56.2,64.5,0.99456,3.52,0.753,11.15,6
6.6,0.446,0.394,1.7,0.0851,22.8,79.4,0.999,3.6,0.567,11.29,6
8.98,0.957,0.358,2.4,0.0923,16.9,65.9,0.99432,3.33,0.926,11.77,7
6.76,0.217,0.258,3.3,0.03,2.9,123.1,0.99417,3.27,0.411,9.86,5
7.66,0.567,0.182,4.4,0.0852,9.5,27.2,0.99415,3.22,0.942,11.52,6
10.51,0.327,0.3,2.87,0.1261,13.8,58.7,0.99826,3.31,0.714,8.34,5
7.69,0.441,0.38,2.05,0.1073,10.6,32.0,0.9973,3.23,0.308,11.83,6
9.55,0.555,0.682,0.98,0.1873,15.7,76.6,0.99663,3.3,0.931,10.37,5
6.71,0.12,0.458,2.58,0.1433,33.7,44.0,0.99535,3.37,0.825,10.4,6
7.95,0.573,0.465,2.53,0.1522,28.4,101.0,0.99451,3.25,0.587,8.16,3
6.68,0.873,0.888,2.71,0.213,14.3,29.0,0.99813,3.28,0.496,9.97,5
7.72,0.448,0.373,6.45,0.1211,3.8,91.0,0.99464,3.28,0.393,11.89,7
9.73,0.577,0.367,4.37,0.0943,29.3,65.0,0.99713,3.26,1.071,9.93,5
5.36,0.714,0.411,3.56,0.1308,15.4,45.0,0.99635,3.24,0.503,11.18,6
9.04,0.5,0.068,1.62,0.0618,1.0,63.4,0.99304,3.42,0.445,10.44,5
8.7,0.425,0.181,1.98,0.0918,23.0,54.4,0.99513,3.04,0.706,11.57,5
7.29,0.12,0.169,2.4,0.0579,26.2,57.4,0.99738,3.55,0.382,10.61,7
5.84,0.645,0.4,1.76,0.1049,1.0,39.4,0.99645,3.33,0.493,9.38,4
8.42,0.51,0.235,3.13,0.0577,7.7,23.5,0.99526,3.4,0.829,10.46,5
7.4,0.348,0.298,2.94,0.0561,14.8,35.3,0.9946,3.42,0.739,12.16,7
8.7,0.553,0.487,1.53,0.1056,23.2,6.0,0.99842,3.2,0.594,10.95,6
8.34,0.425,0.443,4.28,0.0808,10.7,72.9,0.99586,3.17,0.663,10.27,6
11.02,0.435,0.238,2.62,0.03,7.6,6.5,0.99726,3.16,0.585,12.88,8
7.89,0.639,0.136,1.15,0.03,23.2,39.0,0.99605,3.27,0.649,11.68,5
6.56,0.289,0.497,2.44,0.0354,11.2,66.7,0.99691,3.41,0.53,11.3,6
8.6,0.719,0.425,2.84,0.0473,21.3,72.9,0.99432,3.22,0.561,10.75,6
8.67,0.278,0.0,3.87,0.1056,4.8,6.0,0.99531,3.4,0.556,11.2,6
10.61,0.411,0.207,2.15,0.0969,2.4,43.1,0.99309,2.95,0.537,11.24,6
9.72,0.876,0.303,3.63,0.1349,23.5,60.7,0.99334,3.25,0.837,8.0,3
8.91,0.733,0.426,2.72,0.1209,18.4,47.7,0.99594,3.49,0.791,10.83,6
10.79,0.548,0.452,1.38,0.1352,25.1,89.0,0.999,3.28,0.501,10.22,6
6.28,0.361,0.327,1.32,0.1144,10.6,19.7,0.9943,3.19,0.457,9.85,5
7.21,0.435,0.387,4.14,0.0964,7.9,6.0,0.99342,3.21,0.633,10.19,5
6.72,0.543,0.283,4.28,0.1365,29.5,71.9,0.9955,2.86,1.026,8.69,4
7.64,0.537,0.135,2.89,0.1284,1.0,28.8,0.99894,3.16,0.485,8.41,5
5.96,0.514,0.218,4.9,0.1039,28.4,6.0,0.99498,3.47,0.633,11.77,5
9.38,0.524,0.274,4.02,0.1442,29.1,40.9,0.99644,3.22,0.675,10.91,5
7.92,0.491,0.263,3.4,0.03,24.5,85.4,0.99537,3.24,0.642,8.0,3
5.8,0.27,0.0,1.66,0.0739,9.0,6.0,0.99623,2.96,0.582,9.77,5
6.57,0.437,0.191,5.45,0.0732,7.7,120.8,0.99436,3.07,0.856,11.37,6
8.83,0.695,0.281,3.18,0.1389,13.8,19.2,0.99507,3.49,0.737,10.09,6
9.72,0.284,0.214,2.1,0.1577,2.9,48.8,0.99801,3.4,0.804,11.77,7
11.69,0.496,0.221,1.85,0.03,6.3,7.0,0.99459,3.12,0.76,11.55,6
13.25,0.382,0.368,2.81,0.1505,22.3,47.3,0.99769,3.22,0.812,8.91,5
9.0,0.55,0.054,1.18,0.0343,22.4,41.7,0.99706,3.31,0.929,10.24,6
6.62,0.46,0.0,3.43,0.0356,5.4,6.0,0.99554,3.13,0.886,9.91,4
4.68,0.796,0.2,1.63,0.0765,22.7,136.4,0.99454,3.01,1.055,8.87,5
8.76,0.621,0.423,2.95,0.0727,20.4,30.1,0.99477,3.29,0.867,8.8,4
6.92,0.294,0.608,1.98,0.03,31.0,30.2,0.9988,3.4,0.546,9.51,5
7.59,0.651,0.426,2.22,0.1162,21.6,77.0,0.99651,3.4,0.804,9.69,5
7.26,0.391,0.0,1.78,0.1176,26.5,104.1,0.99742,3.44,0.781,10.71,5
8.06,0.426,0.224,2.33,0.1344,20.7,82.0,0.99542,3.08,0.986,11.55,6
10.11,0.586,0.321,5.85,0.0675,25.7,7.6,0.99388,3.32,0.496,10.97,6
8.57,0.441,0.306,4.66,0.0852,3.0,52.8,0.99281,3.27,0.755,11.23,6
8.03,0.691,0.378,2.93,0.0856,14.7,6.0,0.9964,3.3,0.544,10.11,6
6.54,,0.087,2.47,0.163,15.5,74.9,0.99718,3.28,0.747,11.06,6
5.45,0.419,0.283,3.66,0.03,13.5,6.0,0.99616,3.21,0.623,10.24,5
7.47,0.412,0.354,4.16,0.0439,20.3,20.3,0.99392,2.86,0.742,9.91,6
8.21,0.428,0.435,1.72,0.0872,22.2,45.9,0.99649,3.48,0.42,12.49,6
11.31,0.728,0.109,2.41,0.0381,19.8,60.2,0.99747,3.36,0.795,8.0,5
8.52,0.643,0.201,1.1,0.0754,14.1,37.7,0.99668,3.09,0.695,8.34,3
9.97,0.838,0.0,4.14,0.0813,8.5,94.6,0.99485,3.38,0.686,10.82,5
7.45,0.938,0.146,6.33,0.0574,26.9,69.1,0.99639,3.24,0.992,10.11,5
6.29,0.344,0.165,2.59,0.0899,19.4,66.6,0.9951,3.25,0.595,8.82,4
6.66,0.543,0.066,0.96,0.1153,5.7,6.7,0.99862,3.19,0.718,9.24,4
7.07,0.318,0.303,3.29,0.0764,14.0,100.4,0.99424,3.39,0.677,9.38,4
11.92,0.39,0.259,1.66,0.0666,1.0,20.3,0.99798,3.19,0.694,11.38,7
6.9,0.417,0.0,1.85,0.0795,16.3,101.6,0.99806,3.15,1.038,11.73,5
9.73,0.34,0.313,3.31,0.0867,13.9,110.7,0.99518,3.48,0.671,12.2,7
6.77,0.341,0.084,2.8,0.03,10.2,62.4,0.99453,3.28,0.564,8.65,5
9.88,0.504,0.367,2.01,0.1078,31.7,79.0,0.99404,3.29,0.978,8.9,4
8.95,0.311,0.014,1.87,0.0667,4.3,6.0,0.99608,3.41,0.608,8.82,5
8.03,0.682,0.276,2.65,0.1438,23.0,39.8,0.99727,3.21,0.387,11.82,6
8.23,0.365,0.213,2.08,0.1136,37.8,81.3,0.99532,3.24,0.534,10.86,5
7.19,1.036,0.331,1.52,0.1397,26.7,75.6,0.99715,3.36,0.448,10.49,4
9.06,0.449,0.295,2.15,0.0415,15.6,7.0,0.99466,3.08,0.354,10.65,6
7.53,0.543,0.219,2.91,0.0703,4.6,36.6,0.99592,3.34,0.598,10.34,5
6.22,0.297,0.0,2.31,0.0311,2.3,6.0,0.99503,3.2,0.648,9.17,5
6.13,0.837,0.0,1.32,0.0553,11.8,59.2,0.99688,3.44,0.861,10.96,5
8.59,0.732,0.153,3.9,0.1433,9.0,6.0,0.99473,3.39,0.767,10.2,5
10.98,0.583,0.268,0.8,0.1539,8.7,82.2,0.99521,3.37,0.759,9.08,4
8.57,0.288,0.148,2.05,0.0353,12.6,83.8,0.99598,3.07,0.508,11.03,5
8.1,0.568,0.395,1.89,0.0664,14.9,30.8,0.9956,3.29,0.81,9.93,5
8.79,0.328,0.214,2.67,0.0836,20.8,62.7,0.99449,3.13,0.897,10.65,6
10.52,0.793,0.077,3.22,0.1134,3.5,39.1,0.99765,3.3,0.727,10.26,5
8.67,0.676,0.214,4.15,0.03,9.1,53.7,0.99474,2.96,0.732,11.38,7
7.6,0.547,0.315,1.81,0.03,14.3,9.3,0.9937,3.08,0.445,10.64,5
10.18,0.12,0.335,3.26,0.109,13.9,65.9,0.99506,3.49,0.839,9.43,5
9.03,0.353,0.646,2.73,0.03,34.3,6.0,0.99779,3.37,0.963,10.75,6
10.91,0.654,0.136,1.16,0.0669,18.2,6.0,0.99586,3.26,0.715,10.79,5
8.61,0.748,0.255,5.88,0.0943,1.0,42.1,0.99614,3.17,0.559,10.96,4
6.22,0.73,0.355,1.31,0.1057,20.1,39.2,0.99572,3.15,0.632,11.54,6
5.97,0.243,0.265,3.02,0.0806,21.4,54.7,0.99694,3.34,0.589,9.72,5
11.11,0.584,0.17,2.98,0.0705,14.6,25.2,0.99777,3.26,0.599,11.13,4
11.23,0.713,0.0,2.83,0.125,3.8,106.3,0.99701,3.54,0.77,8.5,4
7.99,0.231,0.168,2.0,0.0998,33.5,51.1,0.99494,3.28,0.708,10.27,5
7.65,0.529,0.055,3.63,0.0579,5.2,53.5,0.99428,3.32,0.831,10.1,5
10.78,0.579,0.0,1.24,0.0887,22.5,52.3,0.99876,3.1,0.723,11.99,5
6.42,0.476,0.111,2.43,0.1042,17.9,78.1,0.99545,3.26,0.513,10.23,5
6.78,0.197,0.061,1.94,0.1643,21.9,64.4,0.99846,3.34,0.575,11.07,7
9.39,0.471,0.387,1.84,0.1224,33.0,60.1,0.99635,3.25,0.564,8.46,4
7.63,0.471,0.39,3.03,0.1417,21.5,69.6,0.99639,3.24,0.628,10.01,4
8.29,0.503,0.089,4.06,0.0595,10.3,6.0,0.99327,3.36,0.965,9.47,5
8.02,0.429,0.218,2.14,0.0634,27.0,6.0,0.99597,3.54,0.992,13.12,7
8.87,0.45,0.0,3.55,0.0764,9.6,43.6,0.99445,3.33,0.802,9.67,4
10.69,0.523,0.171,2.56,0.0805,17.5,39.7,0.99689,3.48,0.68,10.48,5
8.45,0.61,0.35,1.67,0.0416,3.0,64.6,0.99714,3.4,0.429,10.54,6
9.39,0.475,0.435,2.23,0.144,5.6,46.6,0.99751,3.47,0.697,8.65,4
4.81,0.456,0.127,2.18,0.1268,16.4,64.6,0.99612,3.22,0.526,9.82,4
8.22,0.547,0.48,1.83,0.0732,19.6,6.1,0.9956,3.28,0.937,10.85,4
6.87,0.184,0.0,3.03,0.1159,1.0,45.7,0.99645,3.28,0.387,10.49,5
6.23,0.616,0.02,2.78,0.097,20.9,6.0,0.99483,3.39,0.725,8.0,3
6.81,0.53,0.412,1.22,0.1194,7.7,58.4,0.99862,3.43,0.511,9.78,4
7.73,0.537,0.604,1.19,0.03,28.7,6.0,0.99683,3.33,0.658,11.52,6
9.86,0.703,0.369,3.03,0.0804,12.4,57.1,0.99569,3.44,0.773,11.05,6
6.05,0.178,0.262,1.73,0.0844,4.7,6.0,0.99769,3.23,0.834,11.74,7
8.35,0.175,0.0,2.86,0.1151,16.7,33.7,0.99619,3.44,0.65,9.32,5
7.48,0.579,0.0,3.55,0.0587,6.7,74.6,0.99327,3.46,0.789,11.81,7
7.74,0.529,0.296,1.41,0.03,28.6,53.3,0.99541,3.41,0.547,10.35,5
10.0,0.561,0.198,1.32,0.0383,15.9,6.0,0.99859,3.33,0.702,12.15,6
9.21,0.447,0.049,5.31,0.0843,14.4,24.5,0.99448,3.42,0.83,10.4,5
10.57,0.65,0.283,2.93,0.0899,21.8,6.0,0.99373,3.18,0.716,8.15,3
8.04,0.698,0.293,2.07,0.1628,5.9,6.0,0.99747,3.34,0.57,11.33,4
7.12,0.617,0.459,1.64,0.1132,3.0,49.8,0.99616,3.36,0.613,9.91,5
7.92,0.483,0.297,1.99,0.0907,20.0,63.9,0.99569,3.11,0.833,9.99,6
8.71,0.151,0.516,1.46,0.0855,4.9,60.1,0.99528,3.38,0.474,8.8,5
8.6,0.668,0.272,3.72,0.1367,4.9,65.3,0.99712,3.12,0.499,12.18,6
6.46,0.75,0.247,1.76,0.0604,24.3,45.6,0.99405,3.25,0.762,9.83,5
8.45,0.646,0.483,4.09,0.0807,21.2,37.3,0.99407,3.32,0.585,12.13,7
8.69,0.372,0.074,2.09,0.038,3.4,11.7,0.99711,3.2,0.413,9.93,4
12.58,0.651,0.833,1.56,0.1509,9.7,31.9,0.999,3.32,0.89,9.38,4
11.49,0.685,0.345,2.06,0.1047,6.9,6.0,0.99778,3.32,0.473,11.85,7
6.85,0.811,0.346,0.8,0.0552,33.7,19.0,0.99573,3.19,0.626,10.32,5
7.81,0.372,0.375,2.37,0.0818,25.0,48.8,0.999,3.4,0.555,10.33,5
5.81,0.489,0.645,2.32,0.1099,11.7,42.2,0.99471,3.2,0.609,8.99,5
7.3,0.665,0.429,3.62,0.0757,21.7,144.1,0.9961,3.65,0.51,9.9,4
8.84,0.54,0.0,1.07,0.0629,2.3,6.0,0.99773,3.29,0.781,10.87,5
10.35,0.329,0.551,4.22,0.0576,9.2,42.0,0.9939,3.13,0.679,8.97,4
7.06,0.605,0.202,3.62,0.1023,16.9,6.0,0.99675,3.16,0.827,9.81,5
7.19,0.634,0.291,4.39,0.0709,20.4,33.6,0.99432,3.48,0.556,9.94,5
4.65,0.546,0.014,2.44,0.0666,14.9,34.9,0.99769,3.25,1.023,10.47,6
8.02,0.57,0.375,3.95,0.03,18.4,73.0,0.99268,3.11,0.336,12.03,6
6.49,0.483,0.14,1.29,0.0905,16.7,31.6,0.9975,3.44,0.391,10.07,5
7.4,0.796,0.29,3.45,0.0788,14.3,39.9,0.99523,3.25,0.958,9.64,6
6.81,0.368,0.213,1.77,0.0725,12.9,32.2,0.99872,3.41,0.741,13.42,8
8.14,0.424,0.655,1.19,0.0959,11.6,6.0,0.99693,3.45,0.718,9.92,5
5.31,0.532,0.666,1.51,0.1207,18.2,25.1,0.99887,3.35,0.733,10.19,4
5.81,0.688,0.279,2.51,0.1186,20.0,33.8,0.99736,3.67,0.757,10.01,4
11.92,0.26,0.283,1.73,0.1119,17.9,48.4,0.99681,3.05,0.711,10.1,5
6.11,0.294,0.195,2.96,0.0762,4.1,63.9,0.99741,3.19,0.496,10.49,5
6.44,0.163,0.491,1.11,0.0615,5.9,38.5,0.99819,3.27,0.799,11.41,6
11.42,0.536,0.204,0.96,0.04,19.9,37.9,0.99771,3.65,0.772,10.84,7
13.24,0.329,0.186,4.64,0.0603,30.6,6.0,0.99145,3.58,0.903,11.58,5
6.31,0.461,0.466,3.75,0.0879,17.4,63.3,0.99412,3.5,0.96,11.55,6
7.67,0.649,0.162,1.56,0.0516,11.8,23.7,0.999,3.19,0.716,10.63,5
8.88,0.415,0.262,2.5,0.0913,18.1,69.9,0.99472,3.21,0.451,10.81,6
11.24,0.572,0.0,3.96,0.0436,4.5,88.1,0.99676,3.19,0.961,11.62,4
6.62,0.476,0.411,3.02,0.03,29.0,40.0,0.99724,3.19,0.487,9.18,3
7.88,0.651,0.658,2.67,0.1239,17.8,13.3,0.99537,3.53,0.717,13.15,7
9.62,0.616,0.414,4.09,0.0657,9.2,45.5,0.99233,3.27,0.616,9.84,6
9.04,0.405,0.562,1.8,0.0493,14.2,57.2,0.99615,3.29,0.587,10.01,6
7.66,0.5,0.101,2.54,0.0378,10.6,35.9,0.999,3.43,0.79,9.07,4
8.07,0.718,0.317,2.48,0.106,29.0,28.0,0.99532,3.06,0.702,9.1,4
5.96,0.601,0.081,2.21,0.1489,13.9,64.0,0.99564,3.32,0.747,11.47,5
7.9,0.279,0.224,2.1,0.0689,17.5,61.9,0.99543,3.15,0.521,12.9,7
7.85,0.648,0.424,2.58,0.0773,21.6,34.9,0.99836,3.27,0.63,9.78,6
8.69,0.335,0.29,2.54,0.1352,8.5,6.0,0.9962,3.22,0.529,10.78,6
7.36,0.784,0.0,1.56,0.03,17.8,60.6,0.99606,3.21,0.626,10.64,5
9.1,0.714,0.007,3.59,0.1755,18.6,21.4,0.99785,3.34,0.64,11.5,5
10.02,0.582,0.0,1.61,0.197,1.0,52.9,0.99787,3.34,0.974,12.84,7
8.56,0.558,0.368,2.27,0.03,18.4,50.8,0.99541,3.28,0.616,12.07,7
8.9,0.492,0.683,2.19,0.0826,15.4,6.0,0.99501,3.37,0.3,10.14,5
8.39,0.652,0.542,2.94,0.0546,17.2,48.6,0.99799,3.18,0.897,10.98,5
8.3,0.463,0.0,0.96,0.0751,16.3,62.5,0.99703,3.41,0.736,11.09,5
7.07,0.572,0.554,3.73,0.0682,18.5,66.4,0.99329,3.28,0.638,10.38,5
8.84,0.687,0.457,1.84,0.1235,29.3,49.8,0.99433,3.24,0.586,9.19,3
8.13,0.429,0.0,4.33,0.0819,4.1,6.0,0.99346,3.19,0.499,9.52,5
11.86,0.419,0.209,2.02,0.046,12.5,86.9,0.99513,3.27,0.989,11.66,7
10.97,0.315,0.489,2.45,0.0793,22.6,59.2,0.99357,3.59,0.669,11.78,8
8.96,0.338,0.38,5.92,0.1102,20.7,7.5,0.99222,3.3,0.365,10.17,4
7.0,0.201,0.008,2.21,0.0337,20.5,20.8,0.99546,3.14,0.716,10.69,6
6.41,0.661,0.392,4.37,0.03,43.4,53.4,0.99441,3.45,0.865,11.72,7
10.32,0.856,0.0,2.54,0.1767,22.0,67.8,0.999,3.24,0.687,8.53,4
8.75,0.787,0.225,3.01,0.0581,27.2,30.4,0.99579,3.35,0.507,9.91,4
9.12,0.237,0.498,2.58,0.0808,12.8,72.4,0.99628,3.22,0.492,12.62,6
5.33,0.66,0.274,3.66,0.0691,6.0,6.0,0.99643,3.5,0.504,10.73,5
9.88,0.786,0.17,1.84,0.1117,12.8,12.6,0.99664,3.22,0.919,9.16,4
9.07,0.448,0.448,1.61,0.1668,23.0,6.0,0.9976,3.52,0.648,10.53,5
6.41,0.548,0.465,1.88,0.1131,20.0,17.3,0.99742,3.15,0.375,11.52,7
7.5,0.169,0.532,2.61,0.03,19.9,94.3,0.99669,3.27,0.725,8.0,4
8.75,0.578,0.445,2.26,0.03,13.8,111.8,0.999,3.52,0.684,10.59,4
8.39,0.339,0.486,3.44,0.069,12.2,53.5,0.99721,3.34,0.584,9.99,5
7.8,0.566,0.417,4.5,0.0749,14.1,25.6,0.99338,3.65,0.487,8.59,4
8.12,0.249,0.323,1.61,0.03,23.1,38.9,0.99756,3.27,0.479,10.49,6
7.87,0.628,0.288,1.8,0.1239,24.3,61.1,0.99581,3.35,0.845,10.25,5
8.56,0.714,0.223,1.31,0.0381,5.8,6.0,0.99767,3.6,0.702,10.37,6
10.8,0.389,0.028,6.23,0.1542,23.5,27.7,0.99155,3.08,0.741,10.02,4
4.0,0.325,0.079,2.87,0.1689,9.4,91.9,0.99464,3.06,0.702,9.28,4
7.9,0.142,0.214,3.1,0.0758,20.6,12.5,0.99663,3.19,0.716,8.8,6
8.6,0.482,0.318,1.37,0.1068,14.0,22.0,0.9985,3.43,0.58,9.64,3
8.8,0.425,0.558,2.5,0.0316,31.6,46.4,0.99736,3.07,0.625,11.35,6
7.67,0.251,0.262,3.14,0.1151,11.7,55.1,0.99737,3.4,0.858,10.66,6
5.31,0.612,0.471,2.23,0.0646,17.7,26.0,0.99738,3.39,0.9,10.32,6
8.86,0.449,0.486,4.06,0.0381,22.0,48.5,0.99561,3.61,0.452,9.26,5
11.24,0.336,0.224,7.08,0.074,7.2,65.5,0.99218,3.47,0.625,9.99,6
5.69,0.43,0.389,1.63,0.066,15.2,108.8,0.99822,3.36,0.803,11.21,5
9.77,0.723,0.221,1.58,0.0724,13.2,42.0,0.99854,3.51,0.98,10.96,6
7.74,0.639,0.534,1.68,0.1297,10.8,44.7,0.99691,3.39,0.963,9.88,4
8.2,0.507,0.397,5.15,0.0517,11.5,94.9,0.9943,3.24,0.525,8.0,3
6.51,0.641,0.032,4.0,0.1651,27.0,28.4,0.99779,3.14,0.877,9.66,5
7.73,0.321,0.302,2.35,0.03,9.9,6.0,0.99669,3.22,0.67,9.87,5
10.51,0.536,0.6,2.54,0.1597,21.6,54.0,0.99668,3.3,0.838,9.4,5
9.29,0.557,0.234,1.73,0.0413,19.0,80.4,0.99773,3.34,0.794,9.95,5
11.24,0.445,0.36,3.73,0.087,1.9,57.6,0.99547,2.99,0.445,11.3,7
10.3,0.608,0.379,2.11,0.0649,21.1,42.9,0.99568,3.28,0.753,10.36,6
9.05,0.39,0.063,2.22,0.0715,1.8,6.0,0.99739,3.31,0.831,11.49,6
11.26,0.622,0.372,3.29,0.1231,22.2,44.1,0.99591,3.39,0.657,8.74,5
9.05,0.629,0.0,2.3,0.1545,10.8,85.5,0.999,3.55,0.618,10.06,4
9.71,0.12,0.145,2.25,0.1406,16.0,6.5,0.99798,3.34,0.393,8.27,5
7.8,0.744,0.485,2.51,0.0688,3.0,38.2,0.9957,3.17,0.776,9.93,5
8.41,0.12,0.341,3.58,0.0953,17.1,33.6,0.99683,3.04,0.695,9.25,5
7.11,0.419,0.209,5.24,0.0518,25.2,23.7,0.99487,3.41,0.503,11.81,5
9.98,0.715,0.359,3.25,0.0424,7.8,53.9,0.99796,3.18,0.605,10.85,4
6.3,0.473,0.258,3.59,0.0354,9.8,60.2,0.99494,3.44,0.686,11.52,5
9.63,0.266,0.273,2.28,0.0673,20.4,59.9,0.99706,3.52,0.565,9.93,6
7.98,0.333,0.401,1.82,0.0982,20.7,14.7,0.99685,3.08,0.66,9.28,4
10.29,0.715,0.125,3.36,0.03,1.0,6.0,0.996,3.39,0.363,9.24,5
9.58,0.184,0.278,2.7,0.0849,36.1,54.4,0.99511,3.5,0.889,10.69,5
11.4,0.733,0.208,1.32,0.1552,21.2,29.8,0.99786,3.46,0.663,12.39,6
9.54,0.52,0.0,2.16,0.1375,22.9,104.8,0.9975,3.0,0.473,10.85,5
5.63,0.315,0.086,2.41,0.0607,14.5,106.3,0.9986,3.18,0.3,9.99,6
8.19,0.425,0.584,1.99,0.03,1.0,109.7,0.99698,3.12,0.835,10.19,6
6.31,0.347,0.347,4.87,0.1077,22.6,15.9,0.99409,3.39,0.755,10.37,6
7.42,0.686,0.005,3.1,0.03,10.2,64.2,0.9973,3.37,0.696,12.63,7
10.87,0.662,0.0,4.64,0.137,21.3,73.9,0.9937,2.91,0.807,11.76,5
9.38,0.221,0.248,2.81,0.0774,13.7,70.3,0.99798,3.26,0.806,10.69,6
7.11,0.457,0.582,2.59,0.1694,18.3,34.7,0.99815,3.43,0.693,10.52,6
6.58,0.375,0.233,1.64,0.03,8.2,86.9,0.99889,3.33,0.617,10.73,6
8.36,0.763,0.531,2.51,0.1283,24.5,46.0,0.99715,,0.589,10.94,5
6.23,0.287,0.34,2.51,0.0825,4.0,50.1,0.99586,3.26,0.732,9.95,5
7.16,0.819,0.364,1.35,0.0721,38.4,6.0,0.99716,3.15,0.897,9.47,4
8.83,0.524,0.003,1.96,0.03,38.3,66.6,0.99757,3.31,0.643,11.54,5
10.26,0.321,0.458,2.16,0.1138,32.2,37.7,0.99603,3.32,0.911,10.42,5
9.33,0.408,0.203,3.01,0.1174,28.7,60.9,0.99819,3.4,0.723,11.44,6
4.4,0.386,0.443,3.08,0.1673,15.1,53.5,0.99701,3.41,0.725,12.21,6
8.82,0.301,0.107,1.92,0.1324,27.6,51.8,0.99566,3.32,1.069,10.97,6
8.42,0.547,0.305,3.09,0.0603,14.9,44.5,0.99895,3.47,0.941,10.79,6
9.0,0.309,0.34,2.3,0.0418,1.0,71.2,0.9969,3.25,0.945,13.92,7
11.05,0.138,0.239,0.8,0.03,30.9,39.6,0.99536,3.09,0.524,10.63,5
4.79,0.462,0.351,2.01,0.1533,27.2,6.0,0.99575,3.38,1.033,9.2,5
7.3,0.205,0.217,4.06,0.052,15.6,64.2,0.99758,3.33,0.646,10.09,5
9.3,0.395,0.14,1.17,0.1536,3.6,20.1,0.999,3.38,0.621,12.11,6
5.61,0.366,0.591,2.63,0.1106,10.0,6.0,0.99801,3.12,0.3,8.98,6
10.81,0.373,0.48,5.1,0.1018,1.0,13.3,0.9965,3.58,0.715,9.57,4
8.93,0.89,0.118,1.78,0.0732,25.4,55.1,0.99882,3.42,0.476,11.62,7
9.74,0.54,0.384,2.5,0.1167,1.0,42.9,0.99743,3.27,0.729,10.1,5
7.33,0.574,0.121,1.39,0.0863,18.8,6.0,0.99749,3.17,0.463,10.28,6
9.68,0.21,0.033,5.2,0.0704,7.5,33.7,0.99525,3.47,0.966,11.58,7
10.12,0.412,0.477,2.41,0.1183,1.6,83.4,0.99778,3.14,0.754,9.61,5
8.7,0.569,0.0,2.55,0.0805,18.3,31.6,0.99545,3.65,1.048,8.78,5
8.7,0.346,0.455,4.6,0.0511,12.6,40.7,0.99602,3.22,0.486,8.87,4
8.76,0.693,0.219,3.37,0.114,24.3,79.4,0.99809,3.57,0.923,11.04,5
6.83,0.314,0.228,1.69,0.0841,3.2,71.5,0.99669,3.28,0.354,10.69,5
8.05,0.478,0.352,1.87,0.109,8.3,78.7,0.99653,3.55,0.695,9.64,4
8.04,0.425,0.386,3.12,0.0666,1.0,6.0,0.99682,3.2,0.553,9.13,4
8.95,0.56,0.105,1.89,0.0326,1.0,101.5,0.99603,3.31,0.584,10.1,6
10.0,0.415,0.414,0.96,0.1651,33.9,66.4,0.99502,3.43,0.572,11.63,6
6.5,0.481,0.293,2.44,0.1566,36.7,124.8,0.99837,3.41,0.504,9.48,6
8.09,0.487,0.019,1.28,0.1268,16.8,21.0,0.99632,3.48,0.446,9.67,6
10.82,0.398,0.236,5.17,0.0695,7.7,6.0,0.99449,3.24,0.585,9.09,6
7.04,0.617,0.546,2.71,0.0735,12.9,46.2,0.99552,3.32,0.68,10.0,6
6.9,0.573,0.605,1.66,0.1492,24.6,37.2,0.99892,3.5,0.858,10.77,7
8.64,0.514,0.413,1.83,0.0711,10.8,66.9,0.99828,3.2,0.71,12.73,7
9.74,0.453,0.032,1.07,0.0585,18.3,80.4,0.99664,3.4,0.858,10.64,6
8.32,0.673,0.368,1.52,0.1713,15.8,43.2,0.99523,3.28,0.409,10.34,5
10.56,0.488,0.44,3.95,0.0849,10.2,38.3,0.99492,3.34,0.586,11.35,6
9.76,0.475,0.415,6.83,0.1666,10.6,62.7,0.994,3.32,0.781,11.17,6
9.73,0.549,0.427,3.47,0.03,18.8,37.8,0.99611,3.19,0.718,9.76,5
9.24,0.835,0.343,2.4,0.1103,6.1,35.1,0.99684,3.27,0.514,12.93,6
12.26,0.289,0.256,2.06,0.1802,20.4,79.2,0.99727,3.33,0.819,10.37,5
7.95,0.669,0.148,1.63,0.0883,11.2,86.3,0.99814,3.29,0.57,10.66,5
4.89,0.189,0.0,6.32,0.0751,17.2,80.7,0.99348,3.55,0.528,11.01,5
11.03,0.569,0.338,2.3,0.0345,29.7,40.6,0.99744,3.46,0.743,10.78,5
7.52,0.814,0.307,6.48,0.1357,14.2,6.0,0.99194,3.35,0.661,12.08,6
8.48,0.618,0.382,4.68,0.0523,25.1,41.3,0.99869,3.2,0.571,9.75,4
10.53,0.561,0.002,1.14,0.0827,1.0,21.7,0.99657,3.19,0.565,11.26,6
5.58,0.429,0.399,1.85,0.0314,11.2,41.8,0.99731,3.61,0.478,10.58,5
6.17,0.536,0.681,1.85,0.1571,16.2,24.5,0.99785,3.16,0.593,11.48,7
5.58,0.485,0.286,2.41,0.139,35.1,45.3,0.99605,3.33,0.847,10.16,5
6.95,0.389,0.258,2.43,0.0856,1.0,12.7,0.99667,3.36,0.702,10.01,5
9.05,0.478,0.332,9.63,0.0351,14.9,6.0,0.99089,3.26,0.823,11.21,6
9.19,0.566,0.676,1.54,0.1561,30.5,85.1,0.99563,3.16,0.748,10.79,5
8.77,0.392,0.065,2.77,0.0705,8.0,15.0,0.99704,3.19,0.556,9.5,5
5.9,0.385,0.311,3.3,0.0373,13.8,46.0,0.99349,3.23,0.38,11.88,7
4.37,0.285,0.11,2.5,0.03,19.2,76.5,0.999,3.2,0.502,11.21,6
8.39,0.6,0.161,2.63,0.0579,17.7,75.3,0.99769,3.51,0.546,10.32,4
7.5,0.628,0.26,1.56,0.03,31.6,71.4,0.99796,3.31,0.533,9.88,4
9.08,0.572,0.539,2.62,0.059,20.4,55.7,0.9939,3.23,0.827,10.8,5
9.49,0.704,0.63,3.15,0.1205,29.2,69.2,0.99489,3.33,0.825,11.13,7
8.54,0.546,0.36,2.9,0.0701,12.3,89.9,0.99837,3.41,1.036,8.65,4
9.59,0.601,0.195,3.23,0.103,8.5,59.6,0.999,3.26,0.53,10.81,5
8.69,0.585,0.769,4.72,0.0544,13.6,6.0,0.99662,3.45,0.932,11.12,5
9.2,0.514,0.184,3.81,0.0899,4.3,29.1,0.99711,3.12,0.931,8.0,3
7.1,0.434,0.156,2.58,0.1734,20.7,68.3,0.99732,3.49,0.621,10.62,5
7.99,0.929,0.0,1.48,0.0713,12.0,25.9,0.99573,3.31,0.741,11.16,6
8.63,0.449,0.549,1.91,0.1043,9.2,97.8,0.99849,3.3,0.871,11.04,7
9.69,0.41,0.464,2.26,0.03,20.9,44.0,0.99514,3.21,0.65,11.28,5
7.63,0.608,0.754,2.8,0.1554,4.5,48.7,0.99454,3.13,0.637,10.04,6
9.19,0.575,0.0,2.02,0.0655,23.6,82.0,0.99508,3.06,0.553,9.26,5
7.85,0.277,0.562,1.64,0.1343,11.1,40.1,0.99846,3.2,0.3,8.42,3
8.1,0.732,0.284,1.46,0.0815,27.5,51.6,0.99691,3.4,0.672,11.6,6
9.71,0.513,0.431,1.19,0.1145,12.0,74.8,0.99715,3.17,0.539,11.17,6
4.91,0.33,0.0,2.25,0.1172,22.2,6.0,0.99678,3.08,0.477,11.69,6
6.1,0.744,0.564,1.29,0.0666,17.7,36.9,0.99531,3.17,0.732,9.6,4
5.78,0.643,0.427,1.59,0.1361,23.3,72.5,0.99599,3.25,0.413,11.28,6
4.33,0.302,0.262,2.09,0.0528,17.0,48.1,0.99599,3.26,0.797,8.75,5
7.15,0.85,0.399,1.37,0.122,1.0,93.0,0.99489,3.29,0.742,9.44,5
9.57,0.649,0.117,2.97,0.0694,26.0,6.0,0.99547,3.46,0.592,10.54,5
7.82,0.528,0.154,3.49,0.1027,15.0,6.0,0.99419,3.5,0.649,11.13,5
8.64,0.816,0.177,1.95,0.0662,23.8,70.6,0.99787,3.61,0.458,12.25,6
10.15,0.559,0.0,2.05,0.0892,22.8,73.7,0.99795,3.07,0.788,10.14,5
10.56,0.525,0.442,3.18,0.0386,8.2,39.8,0.99411,3.18,0.692,9.45,5
8.18,0.411,0.508,1.81,0.0981,6.8,58.8,0.99656,3.41,0.705,9.39,5
10.6,0.635,0.13,1.76,0.089,22.5,69.8,0.999,3.24,0.745,9.64,4
8.46,0.616,0.34,4.28,0.0627,12.9,20.0,0.9937,3.44,0.551,12.84,7
6.88,0.533,0.217,3.72,0.0845,25.3,23.4,0.99626,3.34,0.402,11.23,5
7.29,0.388,0.336,3.28,0.093,14.1,52.1,0.99614,3.55,0.823,11.62,6
5.78,0.553,0.144,3.79,0.0593,26.1,74.9,0.99721,3.47,0.777,10.14,6
6.79,0.517,0.093,1.03,0.0812,20.1,8.7,0.99744,3.47,0.569,10.4,4
7.69,0.29,0.48,4.6,0.0418,18.8,39.7,0.99428,3.25,0.73,11.17,6
9.67,0.265,0.257,2.98,0.1926,12.2,38.2,0.99631,3.3,0.874,9.84,4
11.23,0.632,0.674,3.94,0.1347,18.2,59.4,0.99557,3.26,0.854,10.08,5
5.95,0.12,0.279,2.98,0.0993,27.8,45.7,0.99608,3.08,0.564,9.66,6
8.97,0.567,0.085,2.56,0.1397,15.4,28.5,0.99458,3.53,0.407,9.91,5
6.53,0.444,0.515,2.21,0.03,21.2,86.0,0.9987,3.42,0.436,10.45,5
9.11,0.765,0.396,2.95,0.03,16.4,28.7,0.99784,3.26,0.607,9.5,5
8.08,0.441,0.415,2.17,0.069,17.1,36.7,0.9953,3.51,0.909,10.71,6
5.19,0.649,0.508,3.69,0.03,33.1,6.0,0.99519,3.22,0.536,10.71,6
9.88,0.459,0.139,1.22,0.0764,27.9,23.2,0.99666,3.03,0.559,10.2,5
7.27,0.55,0.245,1.96,0.0963,16.7,62.5,0.99527,3.46,0.555,9.49,3
7.39,0.663,0.236,6.27,0.1284,18.0,56.3,0.99078,3.12,0.57,10.52,5
6.48,0.447,0.012,1.89,0.0358,8.9,65.2,0.99599,3.28,0.658,9.84,4
7.19,0.709,0.217,2.25,0.105,14.2,63.6,0.99627,3.34,0.442,10.45,4
9.03,0.351,0.537,1.68,0.0876,19.0,112.8,0.99484,3.37,0.844,11.61,7
7.98,0.583,0.317,2.91,0.1026,24.4,22.1,0.99654,3.44,0.635,9.02,4
8.86,0.696,0.001,1.79,0.0636,23.4,6.0,0.99874,3.4,1.081,12.79,8
8.92,0.649,0.0,2.3,0.1492,4.8,12.4,0.99802,3.39,0.46,10.32,4
10.55,0.875,0.603,3.66,0.0823,25.7,23.5,0.99548,3.19,0.93,10.85,5
7.72,0.393,0.252,1.83,0.1668,15.0,14.8,0.99424,3.35,0.897,9.57,5
5.79,0.282,0.141,3.57,0.0514,6.0,49.0,0.99682,3.08,0.59,11.66,6
10.11,0.351,0.215,3.62,0.1204,29.3,86.1,0.99592,3.54,0.593,10.26,5
7.74,0.649,0.0,4.02,0.0843,30.5,95.3,0.99602,3.1,0.503,9.97,5
10.19,0.62,0.555,2.66,0.0723,18.5,62.1,0.999,3.26,0.505,9.77,5
8.95,0.548,0.191,10.75,0.1155,23.0,114.5,0.99,3.11,0.66,10.1,5
8.08,0.328,0.543,4.02,0.0735,23.6,34.6,0.99107,3.2,0.664,10.86,6
8.89,0.668,0.28,2.89,0.03,29.9,6.0,0.9947,3.31,0.388,10.59,6
11.62,0.31,0.556,1.69,0.03,23.2,79.7,0.99773,3.23,1.05,10.36,7
11.83,0.739,0.321,2.39,0.1443,2.6,6.0,0.99673,3.48,0.616,9.62,4
8.42,1.044,0.441,4.75,0.1424,36.0,21.8,0.99298,3.34,0.671,9.55,4
8.57,0.596,0.414,5.4,0.1719,26.6,62.6,0.99215,3.24,0.554,9.89,5
10.13,0.635,0.395,4.86,0.0862,10.8,42.7,0.99418,3.29,0.615,10.91,6
6.86,0.441,0.34,3.56,0.03,5.6,39.9,0.99388,3.49,0.599,11.13,6
8.87,0.204,0.223,1.42,0.0681,20.9,8.2,0.99778,3.45,0.66,11.28,5
8.26,0.422,0.653,3.11,0.0875,13.1,45.7,0.99549,3.14,0.658,10.4,4
8.83,0.333,0.089,1.43,0.0417,19.2,78.1,0.99606,3.21,0.797,10.82,5
6.88,0.27,0.271,1.28,0.1612,23.3,46.6,0.99586,3.38,0.699,10.21,5
5.6,0.84,0.273,2.78,0.1878,10.2,19.4,0.99677,3.36,0.78,8.48,4
4.78,0.579,0.35,3.16,0.1085,4.7,6.1,0.99613,3.15,0.658,10.16,5
6.4,0.598,0.184,3.75,0.0865,19.8,20.1,0.9959,3.42,0.699,9.99,5
7.52,0.474,0.333,3.13,0.03,10.6,58.6,0.99637,3.18,0.619,9.26,5
7.8,0.499,0.236,3.18,0.1566,17.4,57.0,0.99595,3.51,0.831,9.78,5
11.59,0.704,0.0,1.61,0.0904,2.5,20.4,0.99545,3.39,0.715,10.55,5
10.18,0.524,0.272,2.38,0.074,13.4,6.0,0.9956,3.14,0.633,9.15,5
6.66,0.626,0.05,1.27,0.1087,23.0,59.4,0.99641,3.23,0.628,9.62,3
8.89,0.495,0.0,1.01,0.0606,22.0,17.3,0.999,3.23,0.641,12.1,6
7.61,0.468,0.297,3.49,0.0936,8.0,68.0,0.99379,3.33,0.665,8.64,4
7.82,0.277,0.368,1.78,0.03,4.2,21.8,0.99637,3.28,0.65,10.2,6
8.62,0.174,0.375,3.7,0.1359,16.1,14.4,0.99579,3.14,0.565,9.12,4
9.35,0.483,0.383,4.12,0.0823,21.5,50.9,0.99485,3.1,0.79,9.57,5
7.72,0.54,0.0,1.89,0.1391,20.0,121.4,0.99861,3.39,0.801,10.18,5
10.11,0.298,0.0,3.26,0.0779,10.8,70.0,0.99553,3.35,0.963,9.31,5
6.36,0.524,0.665,1.86,0.0809,18.9,50.4,0.99665,3.33,0.557,11.03,7
8.31,0.54,0.061,1.09,0.0324,30.9,57.5,0.99822,3.35,0.773,11.89,7
12.72,0.142,0.392,2.64,0.1212,18.0,6.0,0.999,3.22,0.335,11.33,6
8.68,0.365,0.133,2.02,0.0476,1.0,10.1,0.999,3.34,0.801,11.53,6
10.74,0.603,0.286,2.05,0.0651,17.9,6.0,0.99675,3.69,0.412,8.88,4
8.46,0.6,0.143,6.08,0.087,36.3,101.4,0.99366,3.49,0.493,10.13,5
9.29,0.322,0.382,1.26,0.0925,3.0,94.9,0.99707,3.27,,10.91,6
8.2,0.559,0.297,2.97,0.03,16.2,58.6,0.99644,3.23,0.554,11.36,6
8.01,0.714,0.18,1.6,0.0766,13.6,50.3,0.99573,2.88,0.531,12.33,6
6.97,0.67,0.06,3.76,0.1228,16.9,6.0,0.997,3.47,0.578,11.58,6
9.03,0.513,0.324,2.86,0.07,17.8,39.0,0.99662,3.43,0.784,11.39,6
6.85,0.446,0.027,2.97,0.0769,27.3,103.4,0.99616,3.23,0.501,13.3,8
9.43,0.417,0.355,1.63,0.0943,16.7,50.2,0.99509,3.1,0.651,10.51,7
10.14,0.614,0.795,1.77,0.0813,28.7,27.9,0.99709,3.14,0.596,10.08,6
8.92,0.565,0.54,3.79,0.0406,14.7,6.0,0.99272,3.38,0.799,10.6,5
7.81,0.643,0.414,5.55,0.0854,12.4,90.2,0.99329,3.3,0.804,9.39,5
9.07,0.554,0.253,3.1,0.1317,9.2,43.8,0.99527,3.41,0.348,10.47,5
7.78,0.677,0.0,1.67,0.0397,1.0,6.0,0.99743,3.32,0.838,8.5,4
9.89,0.547,0.006,2.91,0.0701,18.7,16.4,0.999,3.46,0.556,9.82,6
5.19,0.671,0.527,7.45,0.03,36.4,6.0,0.9935,3.37,0.7,10.27,4
7.73,0.687,0.112,2.62,0.1294,20.5,41.8,0.99868,3.43,0.5,11.44,6
4.92,0.385,0.13,4.83,0.0828,22.8,52.6,0.99571,3.0,0.723,11.62,7
5.76,0.205,0.237,1.79,0.0487,11.8,29.9,0.99869,3.12,1.094,9.34,5
10.62,0.808,0.058,2.45,0.0912,13.5,70.9,0.999,3.26,0.682,12.68,7
9.82,0.576,0.025,3.3,0.0328,25.7,48.5,0.99486,3.47,0.582,10.56,5
7.08,0.221,0.26,2.99,0.0405,36.0,80.0,0.99501,3.59,0.621,10.66,6
5.75,0.402,0.092,1.77,0.03,30.8,34.6,0.998,3.29,0.41,8.62,4
4.0,0.669,0.122,1.74,0.039,24.0,143.5,0.99699,3.22,0.906,9.72,5
7.38,0.48,0.114,3.9,0.1481,16.3,27.9,0.99581,3.02,0.713,11.55,6
12.41,0.438,0.374,4.27,0.054,18.0,17.1,0.99481,3.44,0.482,10.59,6
9.04,0.782,0.224,4.94,0.108,8.4,13.2,0.99376,3.23,0.487,10.52,6
7.35,0.341,0.234,5.63,0.0494,1.4,39.2,0.99653,3.75,0.663,10.65,6
9.09,0.386,0.389,2.66,0.1212,4.6,6.0,0.99483,3.2,0.818,8.81,4
5.65,0.568,0.242,2.17,0.0408,16.4,55.4,0.99789,3.63,0.464,10.29,6
7.79,0.6,0.214,4.59,0.0888,13.0,6.0,0.99571,3.42,0.849,11.95,7
8.47,0.619,0.364,3.45,0.0894,1.2,51.2,0.99347,3.16,0.644,11.6,6
8.15,0.694,0.404,1.61,0.1918,15.5,6.0,0.99575,3.34,0.502,10.26,6
9.64,0.566,0.241,1.57,0.1154,12.7,33.8,0.99601,3.43,0.58,12.12,6
8.89,0.618,0.286,3.12,0.0603,4.2,65.3,0.99695,3.28,0.957,9.01,4
9.44,0.483,0.114,2.31,0.1178,12.2,119.7,0.9962,3.44,0.424,9.33,4
7.13,0.541,0.098,2.47,0.1832,12.7,11.5,0.9965,3.43,0.536,12.45,7
9.83,0.549,0.424,4.05,0.03,9.7,41.2,0.99317,3.4,0.822,11.04,7
11.07,0.569,0.359,3.52,0.0491,25.2,22.8,0.999,3.31,0.697,10.08,5
6.65,0.669,0.361,4.55,0.0763,1.0,18.2,0.99507,3.13,0.525,10.34,6
6.79,0.63,0.326,1.05,0.0682,1.0,23.1,0.99775,3.3,0.824,9.51,6
10.57,0.538,0.279,2.8,0.072,15.9,72.4,0.99555,3.34,0.832,10.7,5
7.97,0.384,0.409,3.42,0.03,16.9,30.4,0.99489,3.03,0.716,10.62,6
10.69,0.542,0.457,1.26,0.1502,19.9,118.0,0.999,3.34,0.556,10.42,6
7.55,0.525,0.452,1.86,0.03,10.5,59.3,0.99412,3.3,0.582,9.12,4
10.77,0.565,0.25,1.71,0.078,6.7,13.7,0.99742,3.12,0.708,10.69,5
8.52,0.927,0.547,2.52,0.1341,15.8,34.3,0.99476,3.26,0.437,9.82,6
8.74,0.436,0.316,5.2,0.0856,11.5,20.3,0.99383,3.26,0.886,9.32,4
10.96,0.606,0.396,6.21,0.0429,31.4,71.6,0.99267,3.6,0.949,11.79,7
7.68,0.722,0.326,1.73,0.03,12.7,6.0,0.99552,3.34,0.62,12.79,7
6.7,0.548,0.319,3.17,0.0767,15.4,6.0,0.99612,3.47,0.721,12.54,6
7.54,0.951,0.123,3.21,0.0529,40.7,27.1,0.99218,3.29,0.862,11.12,6
9.07,0.462,0.41,2.98,0.0962,14.0,67.9,0.99575,3.03,0.992,10.11,6
5.64,0.588,0.839,2.99,0.03,21.5,85.5,0.99607,3.41,0.925,10.32,6
9.38,0.386,0.195,2.87,0.1236,22.4,90.2,0.99427,3.21,0.365,10.85,6
7.38,0.467,0.284,5.34,0.0922,23.2,63.0,0.9966,3.26,0.606,9.94,6
10.25,0.575,0.181,4.11,0.0955,18.8,43.3,0.99442,3.15,0.745,11.85,6
4.23,0.682,0.172,1.55,0.1518,17.8,71.4,0.99664,3.32,0.576,8.16,3
6.96,0.587,0.579,3.58,0.0673,16.9,9.4,0.99485,3.47,0.963,10.07,6
5.43,0.757,0.135,3.74,0.0543,10.1,6.0,0.99549,3.45,0.937,11.28,6
6.9,0.513,0.175,2.88,0.0624,19.2,60.0,0.99826,3.55,0.521,9.47,5
8.72,0.47,0.0,4.16,0.0783,36.2,13.8,0.99898,3.57,0.632,10.14,4
8.0,1.017,0.118,2.72,0.0829,28.0,43.9,0.99754,3.0,0.533,11.05,5
7.87,0.601,0.0,2.74,0.0496,18.9,49.8,0.99804,3.13,0.627,12.07,5
8.03,0.4,0.396,2.64,0.03,24.5,53.9,0.999,3.04,0.622,8.98,5
8.65,0.405,0.83,1.01,0.0618,7.2,76.0,0.99737,3.4,0.822,8.9,4
6.59,0.36,0.197,2.41,0.1032,13.3,72.6,0.999,3.21,0.509,9.36,4
9.5,0.699,0.0,1.85,0.0931,25.4,52.2,0.99819,3.24,0.3,8.71,3
9.43,0.464,0.45,1.47,0.141,30.8,31.9,0.99722,3.28,0.387,8.79,3
8.95,0.553,0.125,4.77,0.175,8.2,49.4,0.99531,3.37,0.485,9.33,4
9.25,0.519,0.53,3.14,0.1212,11.1,26.9,0.99336,3.09,0.549,11.76,7
8.8,0.662,0.214,2.47,0.1492,37.7,39.7,0.99706,3.12,0.692,10.06,5
11.76,0.378,0.144,1.94,0.1215,16.9,129.8,0.99468,3.31,0.476,10.43,4
8.15,0.336,0.234,2.86,0.1639,34.1,51.8,0.99388,3.49,0.454,9.35,5
7.78,0.57,0.422,3.91,0.1703,18.0,60.4,0.99576,3.31,0.502,11.1,5
7.02,0.638,0.225,1.72,0.1298,18.4,23.4,0.99533,3.19,0.47,12.46,7
6.55,0.59,0.171,2.49,0.1188,12.8,78.6,0.99659,2.99,0.566,9.42,4
6.18,0.384,0.23,3.69,0.0778,25.3,70.3,0.99585,3.45,0.558,12.3,6
6.79,0.652,0.016,1.05,0.0851,29.5,70.6,0.99727,3.2,0.777,10.8,5
8.18,0.396,0.349,2.44,0.0718,5.5,52.9,0.99529,3.14,0.492,10.42,7
8.87,0.436,0.0,2.06,0.115,12.4,79.1,0.9983,3.05,0.599,10.84,5
8.39,0.36,0.181,2.35,0.0546,25.1,86.7,0.99658,3.09,0.567,10.83,6
7.0,0.764,0.422,1.99,0.0784,14.6,55.1,0.99766,3.17,0.798,12.44,7
9.83,0.644,0.331,2.66,0.03,11.0,42.3,0.99468,3.27,0.634,10.97,5
9.56,0.639,0.388,5.94,0.1645,26.0,74.6,0.99358,3.13,0.839,11.0,5
8.03,0.754,0.257,2.16,0.0771,26.9,17.1,0.99852,3.34,0.464,9.94,4
7.19,1.036,0.504,2.85,0.1075,11.4,23.0,0.99777,3.27,0.652,11.32,6
9.23,0.222,0.455,6.13,0.1526,18.0,44.3,0.9925,3.64,0.562,9.35,5
8.62,0.397,0.359,1.95,0.1005,3.8,6.0,0.99618,3.05,0.452,10.52,5
5.84,0.419,0.456,5.66,0.152,6.9,72.5,0.99259,3.33,0.649,13.57,8
8.18,0.377,0.42,2.51,0.0311,17.1,15.2,0.99561,3.34,0.955,8.0,4
8.75,0.336,0.182,5.57,0.1949,16.2,30.9,0.99204,3.16,0.515,10.66,5
6.77,0.476,0.001,3.5,0.1359,6.2,39.2,0.99559,3.32,0.638,10.7,4
8.62,0.311,0.354,2.87,0.0964,8.7,47.3,0.99725,3.43,0.437,10.15,5
5.83,0.59,0.379,2.43,0.1511,5.2,35.0,0.99548,3.32,0.412,10.18,5
10.57,0.539,0.488,1.89,0.0344,20.5,43.8,0.99686,3.52,0.526,10.5,6
10.42,0.617,0.083,2.59,0.074,1.0,44.1,0.9962,2.98,0.584,10.12,4
7.87,0.621,0.089,3.74,0.152,5.8,31.7,0.99719,3.18,0.591,10.64,5
8.92,0.639,0.362,2.49,0.03,1.0,21.3,0.99569,3.53,0.622,9.86,4
4.2,0.463,0.256,2.17,0.1122,20.1,80.6,0.996,3.45,0.38,12.62,6
6.33,0.912,0.0,2.23,0.1109,1.0,6.0,0.99554,3.39,0.554,10.12,5
7.8,0.572,0.345,3.91,0.1756,16.2,39.4,0.99377,3.49,0.745,11.03,5
6.48,0.195,0.0,4.34,0.03,32.3,31.0,0.99592,3.02,0.429,9.66,4
9.51,0.35,0.081,1.85,0.1594,32.6,59.4,0.9968,3.43,0.6,11.43,5
11.7,0.217,0.54,1.85,0.0618,1.0,6.0,0.99708,3.47,0.71,11.21,5
6.3,0.533,0.635,2.97,0.0669,18.9,30.0,0.99814,3.21,0.527,10.86,5
6.88,0.508,0.027,4.97,0.032,6.0,42.7,0.99662,3.7,0.718,9.27,5
8.7,0.446,0.204,4.19,0.038,4.0,80.2,0.99278,3.34,0.401,9.57,4
11.04,0.892,0.279,1.42,0.1052,14.8,56.6,0.99797,2.98,0.811,12.25,6
6.22,0.629,0.626,2.22,0.0369,28.2,8.1,0.99716,3.37,0.722,9.56,5
8.72,0.661,0.171,1.64,0.1203,21.9,30.4,0.99631,3.2,0.669,11.1,5
11.4,0.362,0.175,2.22,0.0572,8.7,74.4,0.99732,3.48,0.851,9.36,5
5.49,0.35,0.58,5.15,0.0324,23.0,7.6,0.99189,3.39,0.604,11.51,6
6.12,0.537,0.195,1.32,0.0632,1.0,43.5,0.999,3.22,0.555,9.64,5
7.58,0.561,0.414,1.21,0.1022,8.4,45.7,0.99777,3.54,0.893,9.34,4
7.41,0.196,0.0,1.72,0.0745,7.7,33.7,0.9957,3.45,0.973,9.62,5
9.68,0.498,0.236,2.85,0.0885,16.7,132.3,0.99545,3.19,0.542,9.79,4
8.71,0.533,0.0,3.31,0.1183,13.9,32.8,0.9934,3.29,0.641,10.85,6
5.28,0.491,0.059,3.04,0.1357,14.5,60.4,0.99569,3.39,0.838,10.48,6
9.18,0.384,0.438,4.24,0.073,14.2,21.5,0.99448,3.26,0.647,9.2,3
7.32,0.433,0.26,1.13,0.04,16.1,62.9,0.99501,3.26,0.761,10.37,6
10.47,0.498,0.206,4.27,0.0904,21.3,73.9,0.99635,3.32,0.793,9.14,3
7.23,0.546,0.12,2.17,0.1082,17.4,27.2,0.99878,3.15,0.564,11.11,5
7.22,0.639,0.226,3.47,0.03,13.1,44.2,0.99578,2.98,0.731,11.31,6
9.22,0.725,0.33,1.38,0.0469,19.9,17.4,0.99654,3.35,0.659,10.37,5
9.6,0.477,0.467,2.51,0.0546,24.2,9.4,0.99725,3.01,0.453,10.7,6
9.06,0.448,0.0,2.78,0.0776,10.3,79.2,0.99635,3.16,0.492,12.33,7
5.43,0.609,0.104,4.21,0.0528,15.3,28.3,0.99361,3.04,0.549,10.23,4
9.21,0.64,0.302,1.22,0.1188,27.5,6.0,0.99602,3.06,0.818,9.36,4
6.54,0.452,0.25,2.53,0.03,4.9,102.5,0.99613,3.37,0.823,11.04,6
8.7,0.672,0.351,1.53,0.03,33.9,20.3,0.99737,3.28,0.787,9.15,3
5.88,0.706,0.324,3.14,0.072,2.5,38.1,0.9961,3.27,0.735,10.17,5
9.06,0.763,0.209,3.55,0.0791,12.4,98.5,0.99608,3.11,0.73,9.74,5
6.93,0.85,0.165,4.46,0.03,6.4,41.5,0.99274,3.21,0.707,9.63,3
6.12,0.374,0.221,1.97,0.0597,37.8,40.8,0.998,3.37,0.729,10.12,5
9.51,0.533,0.5,3.79,0.069,10.9,6.7,0.99557,3.3,0.741,11.39,6
8.71,0.532,0.124,4.61,0.0693,10.9,6.0,0.99874,3.43,0.421,11.62,7
7.26,0.512,0.257,1.19,0.0938,12.2,40.7,0.99642,3.45,0.526,11.42,5
10.77,0.413,0.307,3.29,0.0572,16.9,57.6,0.99645,3.27,0.485,10.77,5
7.55,0.263,0.582,3.85,0.1535,12.6,55.8,0.999,3.03,0.848,10.12,5
8.35,0.547,0.21,2.23,0.109,14.6,30.6,0.99711,3.2,0.941,8.0,4
8.76,0.392,0.462,1.45,0.0507,1.0,46.6,0.9969,3.3,0.3,10.8,6
7.25,0.545,0.516,3.82,0.0913,16.5,6.0,0.99406,3.19,0.926,8.0,3
9.1,0.387,0.257,1.46,0.0926,16.1,60.7,0.999,3.15,0.675,8.28,5
7.39,0.332,0.228,2.31,0.1417,26.3,51.2,0.99502,3.32,0.832,10.22,5
7.6,0.572,0.204,2.46,0.06,29.0,109.2,0.99728,3.67,0.746,10.69,6
10.62,0.557,0.219,3.45,0.1215,14.0,46.2,0.99513,3.24,0.905,9.9,5
6.53,0.634,0.441,1.89,0.0889,24.1,15.8,0.99672,3.31,0.696,12.09,6
4.2,0.923,0.316,1.84,0.1541,4.9,44.4,0.99486,3.11,0.428,10.91,5
11.04,0.58,0.317,2.61,0.1451,23.6,35.5,0.99852,3.5,0.642,10.13,6
12.63,0.617,0.045,3.93,0.0959,10.2,59.9,0.99504,3.44,0.748,11.92,6
7.61,0.336,0.077,7.0,0.0752,4.1,46.9,0.99118,3.43,0.623,12.12,6
5.01,0.298,0.699,1.27,0.1098,14.0,6.0,0.99888,3.51,0.772,10.96,6
7.77,0.815,0.234,2.88,0.0789,29.9,6.0,0.99554,3.25,0.649,9.55,4
7.81,0.364,0.115,1.53,0.1626,17.7,54.4,0.9975,3.26,0.559,9.79,5
7.98,0.342,0.556,3.95,0.0905,30.9,90.3,0.9967,3.57,0.475,8.81,5
6.41,0.523,0.326,1.64,0.0687,8.4,48.5,0.99771,3.4,0.593,10.35,5
9.29,0.514,0.386,1.85,0.0663,26.4,72.0,0.99371,2.98,0.695,9.24,5
9.19,0.368,0.242,1.92,0.0324,9.4,78.4,0.99804,3.38,0.327,10.04,5
5.76,0.475,0.206,2.42,0.112,18.2,54.5,0.99652,3.22,0.527,10.69,6
9.49,0.751,0.236,2.89,0.0501,18.1,19.9,0.99579,3.44,0.321,8.22,3
11.79,0.385,0.0,3.11,0.1364,22.5,52.2,0.99595,3.37,0.555,9.01,4
8.59,0.279,0.252,2.49,0.03,18.4,84.6,0.99419,3.05,0.864,9.84,4
7.73,0.7,0.329,1.37,0.0927,8.5,63.0,0.99729,3.35,0.458,10.34,5
8.06,0.619,0.64,3.47,0.1388,24.7,69.9,0.99378,3.34,0.78,9.86,4
9.35,0.418,0.287,2.44,0.03,33.2,31.2,0.99622,3.36,1.144,10.1,5
5.36,0.245,0.0,4.22,0.1778,10.1,39.5,0.99546,3.4,0.907,9.62,4
8.58,0.396,0.251,1.82,0.0679,1.0,42.2,0.99861,3.53,0.683,8.81,4
7.64,0.52,0.818,1.22,0.0933,20.9,44.4,0.99577,3.37,0.806,9.81,4
11.44,0.74,0.443,2.46,0.1127,12.6,83.4,0.99881,3.31,0.427,10.17,5
8.0,0.343,0.108,4.48,0.1197,14.6,6.0,0.99644,3.48,0.393,10.06,5
11.14,0.515,0.388,2.69,0.0993,21.5,47.0,0.99581,3.65,0.665,10.52,5
6.42,0.652,0.122,2.29,0.1319,11.3,43.5,0.99511,3.45,0.728,10.86,5
9.3,0.12,0.0,1.69,0.1104,13.2,6.0,0.99483,3.34,0.846,11.15,5
8.84,0.716,0.2,5.51,0.1662,14.9,67.5,0.9946,3.37,0.563,9.7,4
6.82,0.317,0.288,1.57,0.1105,30.6,22.8,0.99589,3.35,0.693,8.67,4
8.6,0.59,0.0,1.8,0.1754,16.2,34.6,0.9988,3.31,0.687,11.8,6
10.36,0.574,0.04,3.23,0.1275,3.5,105.2,0.995,3.63,0.638,10.82,6
7.75,0.725,0.272,1.08,0.03,3.9,78.3,0.99565,3.2,0.648,9.35,5
5.42,0.629,0.188,4.44,0.2045,17.3,64.4,0.9954,3.48,0.515,10.71,6
8.27,0.12,0.349,3.31,0.0612,4.6,58.2,0.99492,3.29,0.708,11.57,6
6.77,0.389,0.027,3.75,0.1543,1.0,40.7,0.99562,3.09,0.693,12.3,6
7.72,0.555,0.413,3.21,0.0882,22.3,110.0,0.99751,3.28,0.585,10.68,6
8.16,0.495,0.033,2.33,0.1347,22.7,71.7,0.99692,3.23,0.773,11.57,6
5.4,0.616,0.599,1.55,0.056,12.2,22.0,0.99718,3.4,0.835,9.07,4
5.55,0.672,0.0,2.35,0.1152,18.8,6.0,0.99703,3.32,0.775,10.36,6
9.12,0.64,0.051,1.61,0.0756,17.8,64.1,0.99446,3.16,0.483,10.03,5
7.41,0.491,0.353,3.11,0.1581,21.9,44.2,0.9967,3.53,0.677,10.78,5
4.0,0.198,0.603,3.59,0.1067,21.9,6.0,0.99596,3.47,0.505,12.17,6
9.63,0.448,0.333,4.86,0.1291,1.0,59.7,0.99605,3.55,0.676,10.67,6
8.76,0.605,0.383,2.96,0.03,13.5,37.4,0.99714,3.35,0.506,9.37,5
7.09,0.334,0.274,3.79,0.0831,21.1,63.0,0.99527,3.3,0.877,9.01,5
6.06,0.644,0.065,2.19,0.1055,11.8,60.1,0.9984,3.42,0.793,12.21,7
9.72,0.694,0.172,2.02,0.0971,16.3,26.5,0.99655,3.22,0.856,10.97,6
8.89,0.553,0.028,3.09,0.1303,23.4,66.3,0.9965,3.33,0.839,10.89,6
12.35,0.12,0.014,2.1,0.0705,16.7,30.1,0.99645,3.28,0.614,10.02,6
9.01,0.3,0.35,2.82,0.0892,31.0,32.1,0.99704,3.09,0.588,10.69,6
8.96,0.87,0.045,1.55,0.1402,27.2,29.0,0.99644,3.33,0.956,9.31,5
8.02,0.432,0.334,1.68,0.03,14.7,82.2,0.999,3.24,0.632,10.83,5
9.69,0.173,0.01,3.33,0.1135,13.9,37.0,0.99896,3.27,0.43,9.11,6
9.36,0.752,0.329,3.73,0.072,1.0,89.9,0.99693,3.36,0.831,10.0,4
10.43,0.532,0.172,1.6,0.0459,12.6,103.1,0.999,3.5,0.684,9.69,5
7.41,0.729,0.551,3.38,0.1021,2.4,22.4,0.99359,3.18,0.916,8.0,3
7.56,0.58,0.335,1.97,0.1422,18.1,6.0,0.99487,3.26,0.701,10.02,5
7.49,0.613,0.517,2.52,0.1338,17.4,79.4,0.9961,3.2,0.657,9.41,4
9.64,0.595,0.119,4.73,0.0809,22.9,35.1,0.99488,3.19,0.919,10.17,5
10.85,0.656,0.281,3.6,0.1264,29.9,18.3,0.99543,3.22,0.398,10.4,5
7.52,0.94,0.074,3.58,0.1261,15.6,27.2,0.99328,3.28,0.56,12.34,5
7.58,0.705,0.187,5.9,0.0831,38.7,32.7,0.99561,3.4,0.509,10.74,5
8.83,0.246,0.218,1.82,0.0558,18.2,87.5,0.999,3.36,0.3,10.77,6
7.88,0.61,0.125,1.6,0.0584,2.8,51.1,0.99892,3.15,0.808,10.95,5
9.92,0.735,0.027,1.81,0.1247,10.3,87.1,0.99863,3.5,0.565,11.36,5
4.47,0.746,0.0,2.23,0.0851,12.2,61.8,0.99716,3.45,0.814,10.9,6
6.89,0.453,0.0,0.87,0.0399,21.8,36.1,0.99574,3.17,0.726,10.71,5
6.97,0.74,0.059,2.28,0.03,6.4,33.5,0.99689,3.49,0.763,11.18,6
4.36,0.697,0.395,1.96,0.1244,12.9,64.0,0.999,3.36,0.583,8.0,4
6.66,0.993,0.0,3.56,0.0624,14.3,72.3,0.99523,3.29,0.53,12.7,6
6.74,0.395,0.0,2.93,0.1019,11.4,77.9,0.99557,3.36,0.675,12.15,6
7.96,0.439,0.628,1.91,0.1428,24.0,37.6,0.99866,3.31,0.816,10.64,5
10.19,0.475,0.143,3.26,0.03,22.3,51.6,0.99775,3.39,0.651,8.85,4
7.88,0.442,0.334,3.46,0.085,27.6,64.7,0.99456,3.34,0.541,11.73,7
6.55,0.37,0.398,1.77,0.0793,12.6,33.7,0.99661,3.26,0.456,9.64,4
8.2,,0.403,2.0,0.1041,27.9,9.7,0.99625,3.01,0.695,10.99,5
10.08,0.452,0.0,0.92,0.1428,2.3,20.2,0.9971,3.39,0.566,8.99,3
6.64,0.596,0.224,1.53,0.03,2.0,38.3,0.99866,3.25,0.648,12.85,8
6.75,0.441,0.0,1.79,0.1126,3.8,67.2,0.99579,3.43,0.619,8.81,4
9.25,0.878,0.759,2.58,0.1334,16.0,86.3,0.99817,3.38,0.584,10.48,5
7.92,0.532,0.0,1.63,0.0786,27.9,6.0,0.99715,3.26,0.71,8.07,3
9.4,0.762,0.06,1.98,0.0808,9.9,26.9,0.999,3.46,0.754,10.35,5
8.28,0.577,0.062,1.44,0.1058,11.1,34.5,0.99748,3.34,0.994,9.93,5
9.49,0.679,0.0,2.7,0.1025,13.7,71.4,0.99629,3.33,0.789,11.65,6
6.54,0.58,0.541,3.03,0.1132,21.6,29.1,0.99704,3.29,0.931,9.93,5
8.28,0.776,0.754,3.0,0.1123,11.1,32.2,0.9957,3.56,0.521,11.65,5
7.94,0.54,0.175,2.51,0.0428,10.6,6.0,0.9939,3.2,0.388,9.27,4
6.23,0.619,0.006,1.25,0.1316,2.4,61.5,0.99664,3.26,0.658,10.09,5
5.64,0.596,0.0,1.89,0.1395,10.2,40.8,0.99662,3.12,0.806,10.11,4
9.47,0.478,0.221,2.08,0.0954,27.7,25.1,0.99455,3.42,0.779,10.95,6
7.7,0.603,0.207,2.09,0.03,16.8,37.7,0.99682,3.22,0.866,10.81,6
6.56,0.932,0.14,2.59,0.0818,8.5,82.1,0.99343,3.24,0.3,11.19,5
8.14,0.481,0.314,4.75,0.0957,28.3,13.8,0.99428,3.23,0.873,10.69,6
10.22,0.606,0.349,3.6,0.0355,10.0,19.1,0.99608,3.32,0.717,11.13,6
4.42,0.756,0.335,1.6,0.0708,30.1,86.1,0.99715,3.12,0.398,9.41,5
5.76,0.735,0.207,3.39,0.03,29.9,48.4,0.99527,2.97,0.783,10.83,7
6.73,0.532,0.05,3.33,0.1143,16.5,67.4,0.9958,3.38,0.689,12.17,5
10.78,0.12,0.403,1.74,0.0945,1.0,58.9,0.99582,2.99,0.725,8.55,5
8.78,0.623,0.273,3.66,0.03,38.8,44.9,0.99569,3.44,0.83,10.94,6
9.6,0.13,0.448,2.33,0.1028,19.8,34.9,0.99683,3.54,0.733,11.14,5
6.36,0.795,0.428,1.33,0.0845,12.7,72.6,0.99565,,0.41,12.01,6
6.4,0.561,0.0,3.07,0.1102,25.5,83.2,0.99655,3.5,0.636,11.2,5
9.06,0.71,0.0,2.76,0.0694,22.9,80.7,0.99679,3.31,0.385,10.51,5
8.4,0.368,0.119,2.26,0.0509,29.0,8.1,0.99655,3.55,0.77,10.87,5
9.23,0.251,0.059,2.46,0.0523,9.3,87.8,0.999,3.24,0.898,9.59,5
7.98,0.577,0.421,1.81,0.0628,19.1,34.5,0.99679,2.96,0.449,9.97,5
8.77,0.524,0.34,3.29,0.0878,4.0,21.8,0.99555,3.3,0.546,8.93,3
8.57,0.442,0.49,2.45,0.0937,22.6,40.6,0.99601,3.57,0.51,12.04,6
9.62,0.545,0.349,2.69,0.0784,15.7,72.6,0.99499,3.39,0.583,10.9,6
9.67,1.028,0.312,2.94,0.068,18.7,63.3,0.99728,3.23,0.73,9.39,5
5.55,0.68,0.51,1.49,0.0712,14.4,37.8,0.99597,3.36,0.585,10.7,5
4.48,0.719,0.364,1.67,0.1998,13.4,72.8,0.99615,3.46,0.771,11.68,6
10.0,0.682,0.284,0.92,0.0523,7.2,50.5,0.99619,3.3,0.841,11.49,7
10.32,0.796,0.566,3.22,0.0619,23.8,27.7,0.99454,3.7,0.847,9.38,5
6.56,0.496,0.293,1.45,0.2352,30.8,23.3,0.99437,3.23,0.47,8.0,3
5.14,0.16,0.209,2.65,0.1059,10.3,59.1,0.99578,3.46,0.896,10.83,6
8.47,0.496,0.102,2.95,0.03,21.4,43.4,0.99755,3.42,0.909,9.42,6
9.88,0.676,0.411,3.28,0.1249,20.2,6.0,0.99627,3.21,0.924,11.08,5
11.36,0.355,0.517,1.45,0.046,16.0,73.1,0.999,3.25,0.633,11.45,6
9.18,0.498,0.26,2.43,0.1279,1.0,30.6,0.99778,3.46,0.532,11.62,7
7.67,0.405,0.532,5.3,0.0775,2.9,96.9,0.99515,3.33,0.493,12.32,7
6.78,0.8,0.0,5.41,0.0672,8.1,6.0,0.9971,3.36,0.473,11.76,4
8.32,0.665,0.259,3.9,0.1594,1.0,40.2,0.99534,3.06,0.662,12.32,7
7.79,0.647,0.262,2.91,0.1125,30.0,23.6,0.99637,3.41,0.804,11.92,5
6.57,0.642,0.125,1.59,0.1308,19.6,14.8,0.99698,3.35,0.882,12.01,5
11.78,0.523,0.747,3.45,0.1066,15.6,30.4,0.99815,3.3,0.577,10.36,4
11.33,0.566,0.257,2.33,0.067,1.0,102.7,0.99674,3.36,0.653,8.98,5
10.23,0.317,0.188,3.22,0.1145,1.0,50.6,0.99505,,0.642,13.13,6
6.73,0.136,0.275,1.88,0.1414,15.9,20.7,0.99788,3.22,0.552,10.47,6
9.75,0.557,0.0,2.31,0.0931,35.6,6.0,0.99553,3.27,0.785,11.75,6
9.39,0.588,0.118,2.69,0.1681,8.9,6.0,0.99725,3.24,0.722,9.79,5
9.05,0.748,0.467,2.79,0.1253,24.5,28.8,0.99699,3.64,0.684,11.46,6
10.42,0.813,0.144,3.12,0.0965,11.1,25.7,0.99582,3.45,0.721,8.0,4
9.38,0.813,0.104,1.93,0.0983,16.5,38.8,0.99785,3.16,0.765,9.95,5
9.56,0.35,0.532,1.37,0.0932,28.0,6.0,0.99477,3.62,0.763,10.29,5
9.38,0.467,0.538,5.19,0.0307,12.4,43.1,0.99469,3.25,0.517,10.91,5
8.88,0.616,0.373,7.66,0.0829,9.0,78.9,0.99178,3.31,0.812,11.58,6
5.27,0.986,0.179,3.06,0.097,30.1,97.9,0.999,3.44,0.703,9.2,4
8.44,0.796,0.222,1.38,0.0683,16.4,6.0,0.99723,3.01,0.586,11.13,6
7.35,0.731,0.109,1.77,0.1022,26.8,20.4,0.99611,3.27,0.7,11.75,7
6.12,0.46,0.071,3.14,0.088,9.0,18.7,0.99402,3.22,0.719,12.98,7
11.16,0.371,0.061,4.57,0.1218,30.0,50.7,0.9969,3.34,0.844,11.18,5
11.24,0.672,0.146,1.45,0.1168,18.6,7.0,0.99647,3.37,0.482,9.89,3
10.61,0.332,0.063,2.36,0.0945,20.2,99.8,0.99552,3.3,0.885,9.0,4
8.73,0.487,0.0,2.73,0.03,17.2,47.4,0.99692,3.29,0.664,12.41,5
10.6,0.509,0.314,3.69,0.1676,10.8,42.1,0.99662,3.47,0.574,11.21,5
8.32,0.817,0.317,2.14,0.0806,15.9,97.0,0.99784,3.36,0.569,10.38,5
8.64,0.466,0.61,1.24,0.0834,11.5,45.5,0.99703,3.32,0.49,8.62,4
6.44,0.12,0.136,3.31,0.0716,25.5,58.8,0.99619,3.33,0.364,9.38,6
8.97,0.621,0.329,4.15,0.065,13.9,22.0,0.99563,3.59,0.775,11.09,6
8.4,0.404,0.333,2.41,0.1565,1.0,6.0,0.99718,3.34,0.997,10.79,7
6.09,0.538,0.219,3.0,0.1494,1.0,26.5,0.99684,3.23,0.385,8.26,4
8.21,0.514,0.419,2.02,0.107,1.0,116.0,0.99863,3.02,0.498,11.1,6
8.16,0.481,0.425,1.71,0.0822,22.1,66.3,0.99708,3.09,0.788,8.67,4
11.36,0.672,0.335,3.97,0.1149,4.4,54.8,0.9942,3.24,0.652,11.89,5
9.82,0.254,0.219,2.98,0.0903,18.9,14.8,0.996,3.29,0.802,10.63,5
8.32,0.437,0.198,3.12,0.0784,17.3,75.2,0.99724,3.23,0.643,9.89,5
8.72,0.653,0.0,4.91,0.1022,15.3,6.0,0.99199,3.36,0.561,11.49,5
8.38,0.419,0.109,1.56,0.0671,20.3,6.0,0.99433,3.22,0.622,10.79,5
7.96,0.24,0.146,1.95,0.0984,17.5,28.1,0.99838,3.17,0.3,11.86,6
6.46,0.65,0.045,2.68,0.0962,1.0,108.5,0.99873,3.4,0.466,10.49,4
8.04,0.732,0.358,1.94,0.1141,12.7,106.7,0.9951,3.52,0.821,10.55,4
7.03,0.522,0.509,3.56,0.0591,20.2,31.6,0.99591,3.14,0.863,10.09,5
6.17,0.177,0.088,2.3,0.119,32.3,24.4,0.99616,3.35,0.899,10.69,6
9.17,0.657,0.327,1.6,0.0462,32.8,6.0,0.99661,3.02,0.735,12.27,6
8.97,0.231,0.063,2.58,0.0612,2.3,48.5,0.997,3.09,0.3,9.85,5
5.26,0.586,0.209,2.7,0.0632,12.4,51.2,0.9945,3.22,0.552,11.11,6
8.09,0.37,0.132,3.81,0.0388,1.0,71.3,0.99389,3.48,0.885,9.43,5
9.99,0.321,0.39,2.98,0.1327,31.1,75.1,0.99576,3.19,0.936,8.13,4
10.1,0.45,0.134,3.08,0.0434,26.0,39.7,0.99592,3.19,0.892,10.63,5
10.04,0.497,0.472,2.89,0.0555,19.4,63.8,0.9946,3.32,0.62,10.81,5
8.37,0.414,0.221,2.3,0.1435,17.6,23.6,0.99795,3.32,0.438,10.28,5
6.86,0.636,0.14,1.81,0.0613,29.7,63.2,0.99637,3.19,0.653,8.75,5
6.46,0.45,0.019,2.85,0.0785,28.0,29.8,0.99569,3.61,0.663,10.73,6
8.89,0.706,0.321,2.15,0.0415,27.5,60.7,0.9973,3.27,0.926,10.69,6
8.94,0.581,0.449,5.35,0.1245,20.5,58.1,0.99413,3.33,0.699,9.42,6
10.49,0.404,0.325,4.57,0.1251,12.4,48.2,0.9962,3.25,0.663,8.91,4
10.17,0.374,0.718,3.32,0.1203,23.6,71.4,0.99454,3.38,0.672,10.12,6
8.08,0.233,0.556,2.96,0.1112,24.1,6.0,0.99413,3.5,0.728,11.12,6
6.18,0.582,0.208,2.4,0.0903,14.0,11.9,0.99621,3.56,0.766,10.86,6
7.76,0.466,0.206,1.42,0.0634,12.4,37.4,0.99709,3.2,0.537,9.43,5
8.67,0.12,0.364,2.27,0.0503,27.2,6.0,0.99492,3.48,0.48,10.55,4
7.96,0.434,0.102,2.62,0.145,32.5,33.0,0.99442,3.39,0.893,11.38,5
7.32,0.368,0.503,2.77,0.1214,8.4,34.0,0.99666,3.46,0.381,9.11,4
8.73,0.814,0.342,3.09,0.0558,13.3,87.9,0.99499,3.3,0.938,10.47,4
7.44,0.223,0.321,3.78,0.0888,19.4,50.6,0.99339,3.28,0.335,11.87,7
7.23,0.271,0.407,1.83,0.0735,20.8,78.9,0.99845,3.45,0.561,9.0,6
8.83,0.73,0.615,1.84,0.0362,10.7,55.7,0.99605,3.45,0.825,11.67,6
7.62,0.774,0.304,4.8,0.095,34.7,28.9,0.99648,3.54,0.66,12.18,7
8.71,0.396,0.247,3.54,0.0683,20.1,50.3,0.99581,3.34,0.436,10.16,6
8.76,0.416,0.572,2.1,0.0441,21.2,69.3,0.99736,3.29,0.732,10.02,5
6.36,0.641,0.464,2.38,0.03,33.5,84.2,0.99638,2.94,0.671,11.54,6
7.48,0.12,0.206,2.39,0.03,11.4,41.8,0.99271,3.07,0.623,10.2,5
10.74,0.195,0.271,2.54,0.0703,15.0,6.0,0.99487,3.25,0.554,8.0,4
6.32,0.479,0.309,3.09,0.0832,3.4,6.0,0.99594,3.14,0.654,10.29,6
4.7,0.809,0.342,7.82,0.0476,14.2,35.6,0.99289,3.43,0.561,10.92,6
5.13,0.452,0.0,2.72,0.1163,1.0,6.0,0.99374,3.11,1.074,11.21,6
8.35,0.548,0.0,3.37,0.0841,23.4,103.4,0.99582,3.23,0.619,9.43,4
8.35,0.734,0.093,1.17,0.113,20.1,65.1,0.99532,3.24,0.596,10.1,4
8.1,0.909,0.077,2.01,0.0788,13.1,25.7,0.99734,3.49,0.568,11.47,6
10.36,0.426,0.141,4.35,0.0516,14.9,10.5,0.99509,3.22,0.962,10.33,5
4.0,0.527,0.397,3.0,0.0921,23.5,78.9,0.99732,3.38,0.381,8.72,4
8.97,0.858,0.236,0.8,0.0302,4.5,10.4,0.9986,3.34,0.721,11.76,6
10.95,0.256,0.309,3.39,0.1113,17.9,13.4,0.99658,3.45,0.619,10.16,5
6.38,0.715,0.025,5.93,0.0448,22.9,21.5,0.99515,3.44,0.418,11.6,5
7.65,0.347,0.178,1.02,0.1283,1.0,49.7,0.99647,3.3,0.521,8.86,6
7.02,0.548,0.387,4.95,0.0718,22.7,65.9,0.99887,3.06,0.714,10.27,5
6.78,0.486,0.389,0.8,0.1348,1.0,84.2,0.99517,3.28,0.513,10.96,5
7.75,0.358,0.125,3.81,0.0365,14.7,79.4,0.99476,3.31,0.704,10.3,6
10.73,0.353,0.302,2.49,0.0565,4.3,46.0,0.99796,3.35,0.954,9.1,4
11.42,0.58,0.71,0.87,0.1041,30.2,78.7,0.99813,3.2,0.689,8.0,3
7.73,0.709,0.266,3.06,0.1397,4.3,24.5,0.99689,3.48,0.413,12.08,6
11.54,0.507,0.131,4.2,0.162,1.0,6.0,0.99626,3.31,0.516,10.67,5
8.36,0.543,0.235,2.94,0.0889,17.2,24.5,0.99312,3.17,0.611,11.68,6
11.28,0.633,0.288,3.25,0.1697,11.8,20.2,0.99838,3.24,0.6,11.42,5
8.14,0.355,0.24,2.08,0.074,1.0,25.8,0.99663,3.6,0.686,11.06,6
8.52,0.663,0.264,1.08,0.1364,21.2,15.3,0.99887,3.41,0.713,10.05,5
8.92,0.677,0.0,3.41,0.0446,1.0,31.2,0.99282,3.47,0.954,10.94,4
13.7,0.999,0.077,5.49,0.1059,5.5,65.8,0.99459,3.15,0.659,11.98,6
9.75,0.462,0.24,4.16,0.03,10.1,100.9,0.99443,3.21,0.464,10.49,5
7.1,0.448,0.237,1.02,0.0365,23.9,6.0,0.99786,3.21,0.856,12.49,8
9.95,0.668,0.157,1.26,0.108,28.9,6.0,0.99748,3.34,0.875,8.75,4
7.68,0.677,0.235,1.71,0.03,26.9,20.7,0.99755,3.28,0.7,8.63,4
7.47,0.434,0.282,1.22,0.1062,14.4,70.5,0.99541,3.24,0.618,11.49,5
9.84,0.457,0.448,2.55,0.1278,1.0,39.4,0.99647,3.26,0.766,9.5,4
8.35,0.627,0.25,2.98,0.0644,19.8,22.8,0.99594,3.19,0.624,12.65,6
8.77,0.381,0.35,1.31,0.0434,30.6,68.9,0.99774,3.28,0.311,11.87,6
8.32,0.456,0.162,3.55,0.0657,28.2,76.6,0.99725,3.48,0.756,12.15,7
8.87,0.546,0.384,3.28,0.0435,20.5,45.4,0.9962,3.08,0.812,11.37,6
9.02,0.709,0.345,1.95,0.0824,4.0,19.9,0.99509,3.36,0.905,9.39,4
5.01,0.421,0.443,2.31,0.0916,10.6,54.6,0.99691,3.52,0.536,8.57,4
9.43,0.198,0.413,1.04,0.0732,35.2,38.5,0.999,3.28,0.698,12.04,7
6.63,0.185,0.388,2.15,0.1623,1.7,38.3,0.999,3.23,0.702,8.75,4
5.85,0.303,0.25,2.51,0.0546,4.4,29.6,0.99213,3.45,0.675,12.14,6
8.2,0.294,0.319,2.7,0.1496,25.3,75.6,0.99654,3.16,0.68,11.14,7
8.44,0.502,0.483,2.96,0.0401,11.6,54.0,0.99763,3.31,0.666,10.32,5
7.12,0.316,0.14,2.79,0.0903,4.1,79.1,0.99609,3.15,0.696,10.89,4
9.71,0.404,0.144,2.22,0.1402,31.2,88.8,0.99613,3.03,0.786,10.91,5
6.02,0.391,0.306,2.84,0.1379,20.5,60.7,0.99592,3.29,0.867,10.18,5
7.61,0.451,0.353,3.92,0.0681,12.1,29.8,0.99629,3.12,0.531,11.97,6
7.31,0.768,0.105,2.39,0.112,4.4,79.3,0.99496,3.31,0.631,11.93,5
8.22,0.649,0.255,2.88,0.106,36.4,60.9,0.99808,3.48,0.588,10.57,6
8.77,0.533,0.251,2.3,0.0627,15.7,129.3,0.99668,3.59,0.564,9.74,5
6.59,0.447,0.0,1.87,0.1147,29.9,55.9,0.9956,3.32,0.385,11.84,6
9.53,0.452,0.226,3.16,0.1708,24.8,68.3,0.99776,3.46,,8.18,4
8.41,0.589,0.239,1.95,0.1082,10.7,55.3,0.99468,3.37,0.741,10.89,5
5.08,0.635,0.238,2.97,0.1125,10.8,42.8,0.99539,3.25,0.634,11.21,6
4.97,0.367,0.553,2.53,0.1172,30.4,37.7,0.99572,3.02,0.658,9.49,6
8.28,0.537,0.027,2.18,0.03,30.5,55.4,0.999,3.55,0.731,11.47,6
7.92,0.164,0.105,2.16,0.1077,1.0,62.7,0.99585,3.15,0.9,10.37,6
8.12,0.568,0.0,1.99,0.0412,21.4,82.9,0.99377,3.52,0.589,9.8,5
8.25,0.667,0.174,1.19,0.0605,14.7,55.9,0.99613,3.39,0.461,11.46,4
8.68,0.48,0.191,2.97,0.1843,5.6,31.2,0.99691,3.16,0.645,9.21,4
9.91,0.857,0.168,2.77,0.0756,18.5,35.5,0.99756,3.36,0.98,11.36,5
6.41,0.371,0.492,3.66,0.0537,2.4,6.0,0.999,3.63,0.463,8.22,5
6.31,0.569,0.442,1.97,0.1389,11.2,99.2,0.999,3.54,0.771,10.71,6
6.44,0.524,0.286,5.87,0.0444,7.9,28.7,0.99419,3.23,0.857,10.45,5
8.79,0.512,0.196,2.11,0.0669,10.9,77.0,0.99558,3.2,0.3,9.81,5
10.42,0.509,0.475,1.69,0.1432,15.2,54.8,0.999,3.33,0.73,10.83,6
7.57,0.549,0.266,1.6,0.0889,5.7,55.7,0.99645,3.29,0.763,10.31,6
4.05,0.683,0.106,1.15,0.03,31.6,42.2,0.99601,3.49,0.615,11.56,5
5.4,0.778,0.0,4.98,0.1115,20.8,20.8,0.99399,3.42,0.55,11.02,4
6.88,0.53,0.182,4.63,0.0692,33.8,15.0,0.99301,3.06,0.56,10.9,5
7.35,0.677,0.421,3.28,0.1563,14.3,101.3,0.99528,3.38,0.604,10.72,4
7.61,0.404,0.725,1.67,0.0597,10.4,49.6,0.99665,3.28,0.609,9.88,5
8.37,0.668,0.282,5.65,0.1343,33.5,82.0,0.99518,3.32,0.577,10.07,5
7.77,0.393,0.117,2.13,0.1669,10.1,90.3,0.99631,3.35,0.601,10.67,6
10.08,0.726,0.033,2.21,0.0487,14.1,32.9,0.99493,3.49,0.862,10.21,5
7.15,0.928,0.38,4.77,0.0783,23.1,59.6,0.99238,3.46,0.454,11.62,6
6.83,0.508,0.0,3.36,0.1045,3.5,47.4,0.99622,3.2,0.363,10.5,5
9.11,0.135,0.38,6.73,0.0484,23.0,9.0,0.99332,3.3,0.865,10.81,5
5.69,0.431,0.434,2.8,0.0992,21.7,40.1,0.99553,3.24,0.627,8.86,5
8.96,0.752,0.357,2.09,0.0769,28.6,64.8,0.99623,3.06,0.594,11.44,6
8.47,0.63,0.226,1.9,0.076,24.8,30.0,0.99758,3.29,0.641,9.76,4
8.05,0.575,0.383,1.09,0.0892,28.9,35.6,0.999,3.59,0.696,9.25,5
11.0,0.712,0.304,2.21,0.0902,14.8,40.5,0.99567,3.05,0.571,12.21,6
7.24,0.617,0.114,4.18,0.0944,7.3,113.6,0.99539,3.31,0.746,11.17,6
11.8,0.749,0.64,3.27,0.0601,37.0,6.0,0.99742,3.3,0.496,11.47,6
7.92,0.695,0.2,2.52,0.062,1.0,62.1,0.99542,3.35,0.609,10.9,5
6.13,0.804,0.425,1.6,0.0817,1.6,37.9,0.99698,3.17,0.3,10.3,4
8.42,0.595,0.0,2.77,0.085,21.6,25.5,0.99633,3.1,0.859,10.09,4
6.47,0.693,0.525,3.94,0.0673,32.1,37.1,0.99348,3.1,0.63,11.26,6
7.02,0.475,0.564,3.03,0.1016,17.8,67.4,0.99642,3.51,0.774,11.65,6
8.97,0.422,0.276,2.69,0.03,25.9,69.2,0.99649,3.16,0.741,10.32,6
9.24,0.837,0.382,1.75,0.0541,1.0,52.0,0.99783,3.24,0.753,12.68,7
7.24,0.569,0.382,3.69,0.0744,10.9,81.0,0.99387,3.63,0.659,10.18,5
9.98,0.675,0.141,0.8,0.0485,1.0,86.6,0.99701,3.2,0.726,8.87,4
10.27,0.552,0.379,2.97,0.1603,23.7,72.1,0.9983,3.36,0.497,8.51,3
10.74,0.424,0.108,7.95,0.0878,1.0,28.5,0.99536,3.47,0.461,8.54,3
9.2,0.532,0.148,1.27,0.095,3.1,61.8,0.99892,3.46,0.643,9.94,4
10.62,0.788,0.495,2.24,0.0653,21.0,62.0,0.99504,3.11,0.544,10.14,5
5.1,0.63,0.465,2.49,0.0863,26.5,19.9,0.99728,3.2,0.902,11.15,6
7.76,0.222,0.129,2.03,0.0323,14.3,6.0,0.99625,3.36,0.724,10.37,6
6.83,0.491,0.123,3.99,0.0794,21.6,6.0,0.99584,3.6,0.538,11.33,6
8.5,0.851,0.141,3.09,0.0448,21.3,48.2,0.99497,3.2,0.614,10.45,4
7.33,0.492,0.417,2.68,0.0745,13.7,55.5,0.99389,3.24,0.683,10.41,5
8.02,0.206,0.07,3.58,0.03,5.0,8.2,0.99522,3.37,0.648,9.76,6
11.5,0.871,0.341,2.52,0.0362,21.5,79.5,0.99767,3.4,0.706,11.96,5
8.01,0.653,0.419,10.46,0.1529,22.0,50.9,0.99067,3.41,0.672,8.72,4
9.0,0.517,0.252,2.68,0.1244,24.8,89.2,0.99706,3.18,0.424,10.73,5
7.91,0.463,0.472,2.73,0.1464,19.0,57.9,0.99674,3.23,0.3,10.2,5
8.43,0.725,0.209,1.16,0.1494,4.2,11.9,0.99761,3.34,0.596,11.26,5
8.31,0.432,0.227,1.96,0.1173,22.8,60.7,0.99779,3.5,0.755,10.38,6
9.06,0.737,0.075,4.19,0.0666,15.9,67.4,0.99484,3.27,0.598,10.41,5
10.28,0.628,0.473,1.37,0.0403,11.1,28.5,0.99712,3.31,0.87,10.11,4
11.1,0.574,0.117,0.95,0.1386,13.0,6.0,0.999,3.16,0.652,11.93,6
8.83,0.556,0.34,2.54,0.0899,9.0,49.2,0.99678,3.59,0.891,10.4,5
9.3,0.499,0.256,4.63,0.1992,24.8,14.0,0.99496,3.33,0.856,12.57,7
6.34,0.718,0.059,2.55,0.0706,1.7,81.9,0.99672,3.47,0.839,10.7,7
8.15,0.374,0.148,2.15,0.1758,6.0,33.0,0.99655,3.31,0.455,10.42,6
9.9,0.238,0.547,1.08,0.0799,12.6,101.2,0.99635,3.32,0.663,10.24,5
9.77,0.641,0.31,3.06,0.1471,32.0,6.0,0.99646,3.08,0.868,11.02,6
8.66,0.644,0.068,3.37,0.1634,26.4,50.3,0.99515,2.99,0.706,9.75,5
9.81,0.616,0.331,1.12,0.041,1.0,91.7,0.99678,3.5,0.754,10.56,5
9.13,0.603,0.241,4.17,0.0652,29.4,17.5,0.99408,3.32,0.424,10.41,5
10.34,0.472,0.961,3.53,0.0405,29.4,40.9,0.99594,3.34,0.986,10.76,5
8.79,0.672,0.327,4.16,0.0317,4.2,33.1,0.99615,3.12,0.525,10.79,6
7.7,0.522,0.194,3.25,0.117,1.0,24.1,0.99568,3.17,0.321,10.84,5
8.87,0.442,0.554,3.35,0.0782,15.2,53.8,0.9929,3.47,0.6,10.5,5
4.0,0.474,0.0,3.16,0.0894,27.1,6.0,0.99696,3.57,0.3,12.13,7
8.95,0.894,0.289,3.7,0.112,31.8,42.4,0.99582,3.22,0.476,10.86,4
4.0,0.218,0.669,1.1,0.03,7.2,62.5,0.99551,3.41,1.095,13.27,8
5.37,0.62,0.247,1.27,0.1449,33.4,39.1,0.99816,3.34,0.595,10.45,6
9.07,0.228,0.0,1.8,0.0713,1.0,14.0,0.9949,3.29,0.417,11.45,6
9.11,0.511,0.191,2.36,0.111,12.2,79.0,0.99828,3.59,0.664,9.6,4
6.32,0.452,0.561,2.98,0.1149,11.7,69.4,0.99613,3.24,0.507,11.94,7
7.09,0.155,0.345,2.89,0.1487,27.4,12.7,0.99288,3.5,0.807,9.63,5
10.63,0.6,0.102,4.13,0.0823,28.9,6.0,0.99556,3.37,0.509,10.9,5
7.48,0.462,0.133,4.19,0.03,25.4,15.5,0.99464,3.31,0.706,10.11,5
12.11,0.152,0.158,1.69,0.0896,2.4,63.4,0.99616,3.52,0.465,10.9,5
8.3,0.681,0.342,2.78,0.096,24.5,54.8,0.99527,3.35,1.102,10.14,4
8.99,0.788,0.538,1.71,0.0405,21.0,71.3,0.99681,3.3,0.746,9.53,5
11.05,0.798,0.48,2.3,0.0936,1.0,35.6,0.99603,3.52,0.635,10.1,4
8.52,0.595,0.361,2.89,0.0708,1.0,16.4,0.9935,3.5,0.61,12.1,7
6.6,0.538,0.004,0.8,0.03,26.3,75.4,0.99891,3.49,0.566,10.91,6
8.11,0.769,0.004,7.4,0.1172,14.1,28.3,0.99231,2.8,0.531,8.98,5
8.24,0.833,0.377,3.23,0.0616,3.0,52.0,0.99492,3.38,0.526,11.6,6
5.98,0.734,0.001,1.91,0.0687,13.8,6.0,0.99531,3.34,0.945,9.42,4
7.87,0.361,0.225,5.95,0.0662,19.5,27.8,0.995,3.3,0.566,11.22,5
7.04,0.566,0.331,2.14,0.1426,15.1,78.3,0.99494,3.4,0.3,11.01,7
9.87,0.609,0.042,2.65,0.0852,1.0,23.1,0.99668,3.35,0.462,11.08,6
8.36,0.204,0.065,2.01,0.0906,34.8,72.1,0.99612,3.41,0.818,12.44,6
7.82,0.614,0.251,5.26,0.0672,25.9,6.0,0.99361,3.27,0.617,9.49,6
8.12,0.939,0.371,2.38,0.1078,12.5,28.1,0.99504,3.53,0.637,11.07,6
8.68,0.645,0.482,2.67,0.1477,12.9,40.5,0.99553,3.43,0.859,11.79,5
9.35,0.795,0.391,4.3,0.1162,19.5,101.8,0.99518,3.39,0.528,9.69,4
6.6,0.563,0.285,3.25,0.1179,4.6,8.6,0.99635,3.38,0.768,9.58,5
6.53,0.517,0.121,2.44,0.1143,19.1,67.5,0.99547,3.48,0.546,10.08,4
10.18,0.599,0.056,4.12,0.03,2.6,79.8,0.99517,3.46,0.758,10.76,5
7.6,0.383,0.168,7.84,0.0476,15.2,22.9,0.99366,3.29,0.594,8.85,5
5.89,0.357,0.352,2.88,0.0778,4.2,34.0,0.9938,3.46,0.619,11.01,5
9.05,0.758,0.337,2.63,0.0543,4.7,50.5,0.99648,3.34,0.799,8.85,4
9.09,0.777,0.0,2.7,0.0391,32.4,6.0,0.99501,3.6,0.787,11.82,7
5.7,0.352,0.113,4.51,0.03,16.5,31.4,0.99341,3.47,0.632,10.97,6
8.69,0.704,0.511,1.91,0.03,18.0,86.8,0.99739,3.22,0.58,12.5,6
9.55,0.514,0.286,2.21,0.0755,1.0,62.7,0.99602,3.66,0.932,11.14,5
8.94,0.591,0.0,1.25,0.0839,9.9,41.0,0.99517,2.99,0.76,10.06,5
9.37,0.613,0.741,1.47,0.0513,20.5,49.6,0.99899,3.41,0.594,9.52,4
5.91,0.709,0.264,1.98,0.0906,17.8,64.6,0.99838,3.21,0.549,10.66,5
8.86,0.545,0.347,2.44,0.0675,1.0,70.7,0.99375,3.59,0.834,10.37,5
7.79,0.784,0.35,5.54,0.1361,18.0,28.2,0.99195,3.35,0.68,11.7,7
7.48,0.586,0.196,3.18,0.0797,19.6,95.1,0.99694,3.19,0.632,9.38,4
9.78,0.642,0.124,1.66,0.1183,28.7,88.1,0.99657,3.27,0.68,12.62,6
10.81,0.38,0.694,1.8,0.0961,9.3,67.7,0.999,3.2,0.717,11.8,6
11.35,0.919,0.471,4.64,0.03,1.0,19.0,0.99581,3.26,0.65,10.18,5
10.54,0.615,0.434,4.15,0.0829,5.9,13.4,0.99573,3.26,0.865,12.38,6
8.11,0.658,0.385,2.53,0.0314,4.9,35.5,0.99504,3.2,0.874,9.54,4
8.9,0.241,0.069,2.05,0.0821,23.3,47.9,0.9977,3.35,0.75,10.63,5
9.6,0.382,0.526,4.15,0.0535,1.0,6.0,0.99337,3.37,0.894,9.0,5
8.51,0.753,0.101,1.6,0.1042,11.4,61.8,0.99896,3.16,0.661,12.43,5
8.52,0.582,0.327,2.98,0.03,30.2,87.2,0.99685,3.06,0.777,8.59,3
9.7,0.186,0.0,6.95,0.0877,16.0,64.4,0.9918,3.36,0.831,8.82,5
8.2,0.717,0.0,2.74,0.1128,24.9,24.4,0.99761,3.39,0.833,9.7,4
7.06,0.432,0.334,1.76,0.1278,1.0,20.6,0.999,3.42,0.816,11.85,7
7.6,0.784,0.108,3.01,0.0526,1.0,55.6,0.99587,3.39,0.767,11.45,5
9.38,0.514,0.0,2.02,0.0878,30.3,41.1,0.99781,3.55,0.993,10.53,5
8.31,0.567,0.378,1.34,0.0953,16.9,60.2,0.99635,,0.568,11.52,6
8.88,0.742,0.694,3.43,0.1566,16.9,65.3,0.99599,3.71,0.634,10.27,6
9.44,0.368,0.548,4.13,0.03,4.7,80.9,0.99303,3.78,0.624,10.86,7
7.66,0.351,0.219,2.17,0.046,16.9,9.8,0.99686,3.05,0.597,12.22,7
9.59,0.495,0.272,2.11,0.2132,4.4,53.1,0.99698,2.98,0.322,10.13,4
8.94,0.679,0.448,1.62,0.0747,27.8,34.4,0.999,3.31,0.894,9.56,4
6.2,0.29,0.494,2.34,0.03,43.2,42.8,0.99404,3.39,0.486,10.92,6
10.75,0.23,0.201,1.94,0.0608,20.7,73.7,0.99658,3.3,0.689,11.21,7
7.45,0.678,0.277,1.59,0.03,9.6,77.1,0.99893,3.42,0.418,10.52,6
5.49,0.421,0.33,5.86,0.0978,1.0,90.8,0.99355,3.27,0.766,11.5,6
6.52,0.459,0.381,3.08,0.1234,1.0,59.6,0.99588,3.21,0.526,10.18,6
6.56,0.196,0.243,3.23,0.046,31.4,42.5,0.99476,3.23,0.467,10.54,6
8.39,0.408,0.246,3.72,0.0658,5.6,37.9,0.99422,3.28,0.693,10.81,6
7.83,0.529,0.546,3.54,0.1286,12.2,6.0,0.99303,3.44,0.541,10.72,6
7.73,0.697,0.512,2.08,0.03,22.5,88.9,0.996,3.24,0.562,12.17,6
9.35,0.391,0.365,2.83,0.03,30.7,35.7,0.99485,3.27,0.689,10.81,5
8.88,0.828,0.614,2.21,0.0767,13.9,62.2,0.99701,3.4,0.796,10.07,5
8.84,0.407,0.193,3.05,0.0531,11.9,67.7,0.99498,3.28,0.521,10.98,5
9.0,0.407,0.595,2.92,0.0738,16.6,6.1,0.99555,3.48,0.491,11.51,5
9.35,0.807,0.379,2.1,0.0301,9.6,16.5,0.99624,3.17,0.664,11.25,6
4.72,0.568,0.924,1.37,0.0966,10.2,95.5,0.99693,3.14,0.752,11.19,6
7.68,0.431,0.032,2.67,0.0803,20.0,55.3,0.99567,3.36,0.909,8.75,5
4.59,0.502,0.132,2.28,0.1117,17.8,27.4,0.99518,3.37,0.478,8.0,4
8.36,0.774,0.354,1.07,0.096,37.2,42.0,0.99713,3.18,0.606,11.8,7
8.29,0.794,0.349,3.14,0.0963,20.3,80.8,0.99769,3.51,0.86,10.88,6
10.08,0.383,0.66,3.86,0.03,27.4,75.9,0.9957,3.6,0.995,10.38,5
10.32,0.522,0.136,7.8,0.1092,5.2,6.0,0.99145,3.22,0.491,11.16,5
8.64,0.546,0.451,2.1,0.0721,21.2,98.3,0.99674,3.53,0.534,12.52,7
7.45,0.352,0.502,1.96,0.0795,8.7,76.9,0.99392,2.95,0.725,11.95,7
9.12,0.52,0.411,1.52,0.1342,19.9,41.1,0.99679,3.47,0.562,11.46,7
7.4,0.531,0.078,2.75,0.0546,22.8,7.9,0.9958,3.18,0.531,9.42,5
8.3,0.735,0.552,2.74,0.1478,16.4,79.7,0.99501,3.46,0.702,9.57,3
9.98,0.747,0.516,1.74,0.152,40.0,61.2,0.99587,3.17,0.923,8.0,4
7.35,0.471,0.39,2.31,0.1209,30.2,6.0,0.99614,3.3,0.437,11.1,6
9.67,0.491,0.311,1.03,0.0429,27.7,38.6,0.99849,3.19,0.915,11.62,7
9.45,0.65,0.315,3.79,0.03,23.5,146.0,0.9972,3.28,0.562,11.71,7
6.68,0.425,0.254,1.77,0.1355,33.5,46.5,0.99561,3.58,0.719,11.14,6
9.96,0.636,0.398,2.46,0.092,1.5,22.3,0.99585,3.29,0.93,10.23,5
9.49,0.514,0.276,1.32,0.0535,29.6,13.7,0.99626,3.63,0.715,9.78,4
8.47,0.356,0.1,1.92,0.1398,6.0,102.7,0.99821,3.25,0.609,9.49,5
7.0,0.358,0.06,2.2,0.0482,10.3,73.1,0.99705,3.53,0.782,10.22,5
6.84,0.79,0.12,2.49,0.0679,21.5,91.0,0.99675,3.07,0.631,9.32,5
7.39,0.502,0.314,3.1,0.1106,28.2,53.9,0.99692,3.27,0.749,12.33,5
9.22,0.825,0.265,4.78,0.0369,4.4,86.1,0.99388,3.23,0.625,8.97,4
6.68,0.438,0.313,3.48,0.0821,10.8,18.9,0.99786,3.54,0.806,10.18,5
9.04,0.582,0.37,3.85,0.136,16.9,51.2,0.99551,3.34,0.423,8.27,4
6.19,0.961,0.145,4.79,0.0965,14.0,55.2,0.99348,3.0,0.488,10.73,4
7.95,0.34,0.563,3.23,0.1431,24.4,90.2,0.99567,3.11,0.42,10.4,4
8.49,0.188,0.216,2.46,0.138,50.3,56.2,0.99848,3.16,0.65,10.01,5
12.46,0.762,0.183,3.94,0.0873,20.1,26.0,0.99481,3.45,0.4,9.37,4
5.96,0.381,0.366,4.05,0.03,8.5,48.1,0.99678,3.43,0.542,10.4,6
10.8,0.526,0.0,3.35,0.0372,2.9,6.0,0.99498,3.26,0.472,9.8,4
8.55,0.425,0.112,1.3,0.1214,12.6,6.0,0.99585,3.23,0.912,10.25,6
9.0,0.578,0.466,1.71,0.03,6.5,72.6,0.99799,3.42,0.492,12.55,6
8.5,0.359,0.0,2.21,0.0723,20.6,34.0,0.99552,3.14,0.441,10.59,6
9.06,0.498,0.494,3.55,0.1022,20.4,37.6,0.99699,3.38,0.702,10.99,4
8.04,0.611,0.572,2.48,0.1531,11.3,72.6,0.99715,3.37,0.947,9.89,6
10.77,0.349,0.196,4.17,0.0611,35.7,90.7,0.99395,3.27,0.64,9.54,5
7.52,0.404,0.328,4.52,0.058,8.5,63.1,0.99488,3.37,0.653,10.37,4
10.22,0.467,0.494,4.29,0.0846,14.7,107.7,0.99435,3.33,0.879,13.15,7
7.2,0.273,0.177,4.3,0.1028,22.3,62.1,0.99568,3.38,0.809,10.08,5
8.2,0.454,0.444,1.57,0.0801,24.8,55.7,0.999,3.11,0.732,10.8,5
6.48,0.551,0.136,3.11,0.1342,28.7,53.7,0.99556,3.4,0.561,9.49,4
9.07,0.458,0.174,1.9,0.051,20.2,6.0,0.9978,3.46,0.738,8.0,3
10.76,0.481,0.11,1.19,0.0924,26.4,76.6,0.99704,3.36,0.429,9.53,4
8.17,0.526,0.339,2.2,0.107,9.2,6.0,0.99688,3.4,0.554,13.02,6
7.97,0.412,0.502,4.54,0.069,25.1,27.2,0.99472,3.29,0.903,11.05,7
6.41,0.654,0.233,3.08,0.1248,24.9,46.7,0.99485,3.44,,12.21,7
7.91,0.788,0.016,6.2,0.0937,31.0,20.7,0.99414,3.32,0.734,10.02,4
5.59,0.446,0.053,2.71,0.1225,1.0,31.5,0.996,3.14,0.332,8.0,3
6.75,0.617,0.349,7.52,0.0957,6.8,104.9,0.99123,3.43,0.455,9.18,4
8.69,0.487,0.639,2.71,0.1039,24.1,81.3,0.99795,3.06,0.544,10.84,6
10.54,0.596,0.349,2.53,0.0585,1.0,24.1,0.99673,3.35,0.631,10.66,5
13.08,0.812,0.193,1.41,0.0586,20.8,31.0,0.99666,3.25,0.447,10.39,5
7.3,0.622,0.423,4.12,0.1421,26.5,6.0,0.99731,3.24,0.618,9.82,5
10.74,0.211,0.222,1.99,0.1156,10.1,68.6,0.99425,3.34,0.96,11.43,6
8.71,0.612,0.194,1.87,0.041,11.6,38.0,0.99891,3.2,0.728,9.85,4
8.04,0.752,0.078,4.45,0.0951,5.2,6.0,0.99372,3.39,0.697,10.74,6
9.04,0.49,0.552,4.21,0.03,10.7,49.2,0.99555,3.32,0.487,10.61,5
8.41,0.709,0.0,4.16,0.0612,11.0,60.0,0.99439,3.22,0.381,9.99,6
8.49,0.406,0.43,2.12,0.1302,9.1,76.8,0.99552,3.51,0.451,9.43,5
7.61,0.263,0.177,2.44,0.0814,8.5,43.7,0.99862,3.34,0.375,9.93,6
5.92,0.555,0.188,2.43,0.0923,13.2,34.1,0.999,3.4,0.673,12.46,7
5.68,0.214,0.608,3.56,0.03,13.1,109.6,0.99542,3.52,0.725,11.62,7
9.41,0.487,0.127,5.03,0.0693,34.6,46.2,0.99508,3.52,0.496,11.52,5
7.83,0.762,0.134,2.95,0.1022,12.0,69.0,0.99633,3.4,0.685,9.53,4
7.29,0.186,0.244,6.08,0.1079,19.3,28.7,0.99633,3.26,0.91,8.82,5
8.31,0.3,0.353,3.74,0.1303,10.1,68.1,0.99244,3.1,0.993,11.61,6
9.65,0.344,0.182,2.25,0.0775,10.0,6.0,0.99737,3.34,0.791,11.4,6
8.61,0.519,0.0,3.63,0.0795,1.0,31.2,0.99461,3.47,0.63,10.55,6
7.18,0.464,0.097,5.39,0.03,1.0,7.3,0.99076,3.36,0.785,9.99,5
10.38,0.782,0.526,6.14,0.0778,3.8,26.6,0.99314,2.8,0.89,8.79,5
10.98,0.702,0.285,4.26,0.0302,17.7,86.0,0.99796,3.44,0.319,11.35,5
9.14,0.619,0.36,2.53,0.03,26.7,26.4,0.99559,3.45,0.912,11.7,7
9.96,0.556,0.218,2.27,0.0382,1.0,69.0,0.99797,3.26,0.567,9.65,5
10.41,0.601,0.138,3.24,0.1549,10.4,94.6,0.99781,3.46,0.569,9.56,5
10.22,0.375,0.606,5.31,0.0748,2.2,45.1,0.99433,3.4,0.6,11.77,7
9.34,0.684,0.232,3.04,0.0969,13.3,77.8,0.99635,3.21,0.714,9.69,5
9.32,0.33,0.181,3.07,0.0639,26.7,63.0,0.99357,3.5,0.471,12.36,6
9.18,0.68,0.489,2.56,0.03,11.4,49.7,0.99548,3.12,0.612,10.28,6
6.43,0.744,0.126,2.16,0.1291,15.4,70.0,0.99823,3.3,0.749,9.97,4
9.49,0.568,0.151,2.32,0.03,30.5,104.9,0.99683,3.29,0.697,10.45,6
6.0,0.498,0.272,2.66,0.062,20.5,25.6,0.99703,3.19,0.725,9.97,5
6.95,0.602,0.27,5.42,0.0845,8.3,15.3,0.99447,3.36,0.605,11.64,5
10.52,0.12,0.322,2.24,0.0974,17.5,13.4,0.999,3.51,0.778,11.37,5
9.73,0.584,0.688,2.56,0.0543,7.6,77.8,0.99591,3.5,0.84,11.6,7
10.83,0.51,0.337,1.69,0.03,20.1,82.1,0.999,3.42,0.829,10.6,6
7.84,0.521,0.0,3.45,0.051,21.1,28.8,0.99604,3.06,0.733,9.9,5
6.34,0.657,0.335,4.62,0.0533,2.2,6.0,0.99744,3.11,0.82,10.39,6
7.89,0.517,0.278,5.19,0.0522,17.7,24.4,0.99261,3.33,0.808,9.93,5
8.47,0.325,0.279,2.74,0.1307,14.7,63.5,0.99669,3.3,1.115,12.01,6
8.43,0.505,0.319,3.24,0.0324,21.3,43.9,0.99542,3.24,0.867,11.5,6
10.23,0.542,0.264,2.33,0.1005,24.2,51.8,0.99694,3.6,0.645,10.3,5
7.69,0.551,0.259,3.17,0.0941,20.7,29.3,0.9979,3.33,0.505,9.38,4
8.9,0.559,0.393,2.88,0.1302,12.9,78.5,0.99686,3.39,0.616,12.09,7
6.62,0.717,0.162,2.57,0.081,25.2,57.0,0.99838,3.46,0.604,10.55,5
9.07,0.335,0.08,2.66,0.1226,7.2,64.8,0.99547,3.32,0.747,10.26,5
8.31,0.562,0.875,3.06,0.0793,2.7,51.1,0.99491,3.7,0.541,12.1,6
7.03,0.762,0.127,2.19,0.1065,1.0,62.8,0.99687,3.17,0.863,9.84,6
7.9,0.218,0.29,2.24,0.03,15.2,60.7,0.99675,3.22,0.424,10.05,6
7.99,0.562,0.0,5.39,0.03,7.7,16.3,0.99401,3.17,0.382,10.15,5
7.84,0.425,0.293,8.47,0.104,19.9,57.9,0.99039,3.54,0.637,8.95,4
11.31,0.463,0.083,1.45,0.1064,1.0,71.3,0.9988,3.43,0.517,10.75,4
8.13,0.367,0.182,1.42,0.1084,9.4,83.0,0.99646,3.23,0.446,9.56,6
7.89,0.499,0.479,1.63,0.0634,20.6,59.3,0.999,3.18,0.552,9.77,6
4.73,0.861,0.364,2.39,0.154,5.6,15.1,0.99671,3.52,0.531,9.63,5
6.78,0.302,0.384,3.74,0.0663,20.0,20.0,0.99658,3.36,0.662,9.75,4
7.85,0.319,0.0,3.26,0.1059,10.3,32.1,0.99683,3.52,0.555,9.48,5
7.13,0.296,0.637,2.7,0.1138,15.6,52.1,0.9952,3.3,0.568,10.67,6
10.65,0.841,0.032,3.17,0.1643,21.9,42.1,0.99661,3.39,0.659,10.23,5
8.02,0.447,0.576,1.83,0.0727,25.4,10.0,0.999,3.36,0.832,10.45,5
10.49,0.525,0.474,2.24,0.0576,16.8,9.8,0.99719,3.22,0.91,12.99,7
8.4,0.457,0.385,2.48,0.03,7.8,6.0,0.99797,3.29,0.685,10.23,6
8.36,0.36,0.099,1.23,0.1569,11.3,6.0,0.99804,3.13,0.698,11.07,5
8.15,0.488,0.3,1.48,0.106,22.3,41.8,0.99746,3.38,0.629,11.19,5
8.31,0.972,0.176,1.51,0.1074,5.7,120.2,0.99728,3.42,0.742,10.33,5
11.22,0.781,0.276,3.53,0.2273,14.1,103.5,0.9966,3.46,0.726,10.7,6
4.36,0.376,0.22,2.79,0.1016,12.0,14.7,0.99751,3.41,0.885,10.42,6
4.9,0.647,0.0,3.29,0.03,14.9,50.8,0.99394,3.29,0.339,10.62,6
7.38,0.38,0.494,1.09,0.0782,5.8,6.0,0.99737,3.54,0.62,9.75,5
8.32,0.21,0.254,1.28,0.0431,1.0,6.0,0.99672,3.44,0.718,9.86,6
9.47,0.714,0.173,3.37,0.0692,21.1,7.7,0.99532,3.52,0.656,10.42,4
9.1,0.739,0.158,0.8,0.0689,25.5,38.8,0.99894,3.53,0.5,8.23,5
7.65,0.718,0.342,4.34,0.0606,1.0,40.2,0.99403,3.29,0.439,12.05,7
10.03,0.445,0.091,1.1,0.03,19.6,54.1,0.99491,3.37,0.797,12.78,7
10.05,0.5,0.0,3.65,0.1587,26.7,67.2,0.99687,3.43,0.531,10.59,6
8.61,0.665,0.351,1.68,0.1004,21.9,35.2,0.99487,3.14,0.362,11.13,5
9.94,0.6,0.374,4.01,0.0769,11.7,47.2,0.9925,3.14,0.806,11.59,6
8.76,0.459,0.23,10.59,0.1211,6.5,11.0,0.99149,3.12,0.738,8.94,4
7.35,0.239,0.04,0.9,0.1082,16.7,6.0,0.99724,3.29,0.64,11.42,6
9.49,0.55,0.288,3.42,0.0994,18.4,6.0,0.99657,3.26,0.505,9.93,5
8.49,,0.0,1.11,0.1178,16.9,66.8,0.99634,3.09,0.641,12.92,7
8.3,0.314,0.065,3.03,0.093,14.1,35.2,0.9941,3.33,0.867,10.19,7
10.8,0.645,0.12,2.28,0.1172,5.1,6.0,0.995,3.3,0.386,11.4,6
4.13,0.59,0.439,2.65,0.1209,20.1,44.0,0.99607,3.49,0.394,10.2,4
5.89,0.665,0.197,1.66,0.0943,20.6,6.0,0.99509,3.61,0.553,12.82,8
6.28,0.687,0.18,3.55,0.0771,17.9,99.1,0.99622,3.38,0.655,9.84,4
7.68,0.405,0.661,1.3,0.1559,17.0,27.5,0.99631,3.21,0.576,11.68,6
7.87,0.239,0.34,4.37,0.0655,32.7,67.8,0.99538,3.41,0.769,11.09,6
5.74,0.434,0.338,2.08,0.1046,9.7,80.8,0.99717,3.31,0.845,10.84,6
6.63,0.69,0.196,1.33,0.1056,28.7,15.4,0.99758,3.27,0.707,10.65,4
6.84,0.432,0.151,5.12,0.0596,8.6,48.4,0.99525,3.18,0.755,9.67,4
12.48,0.405,0.0,2.43,0.0506,27.0,63.7,0.99614,3.24,0.706,8.0,3
11.36,0.202,0.464,5.9,0.0711,28.2,49.7,0.99416,3.28,0.662,11.58,7
7.6,0.845,0.36,4.33,0.0649,13.0,57.6,0.99549,3.43,0.44,9.86,5
7.68,0.679,0.234,1.75,0.03,32.5,6.0,0.99336,3.39,,11.69,5
6.35,0.669,0.243,2.41,0.0577,20.6,63.7,0.99764,3.58,0.43,10.79,6
5.06,0.704,0.417,2.64,0.099,7.1,30.4,0.99671,3.41,0.635,11.72,7
8.1,0.634,0.0,4.97,0.144,12.2,57.2,0.99547,3.37,0.699,11.28,5
6.6,0.486,0.152,3.04,0.1119,27.2,75.4,0.99423,3.26,0.414,8.0,3
8.16,0.501,0.043,2.71,0.03,25.1,67.4,0.99596,3.15,0.672,11.08,5
5.58,0.453,0.624,2.28,0.1159,5.3,57.2,0.99513,3.22,0.511,10.02,5
7.0,1.004,0.445,2.44,0.0619,14.5,66.5,0.99776,3.21,0.478,11.68,7
8.55,0.63,0.0,4.5,0.1074,17.9,68.0,0.99289,2.93,0.554,11.05,5
8.92,0.447,0.0,2.5,0.0864,10.8,93.9,0.9952,3.16,0.47,11.06,5
9.01,0.614,0.244,2.09,0.0783,39.5,44.9,0.99773,3.55,0.763,10.1,5
6.06,0.348,0.176,1.94,0.0824,18.2,51.2,0.99606,3.37,0.631,9.4,4
9.75,0.801,0.005,1.95,0.086,15.3,75.8,0.99561,3.25,0.799,9.92,5
6.94,0.411,0.659,1.33,0.1475,27.8,30.3,0.99836,3.37,0.585,8.42,4
9.38,0.62,0.333,1.78,0.0861,12.2,6.0,0.99842,3.02,0.591,9.75,4
8.28,0.722,0.365,4.91,0.1358,26.0,61.8,0.99576,3.35,0.978,8.79,4
5.96,0.599,0.132,2.28,0.1293,1.0,39.4,0.99805,3.5,0.384,8.82,5
7.76,0.547,0.414,3.43,0.117,11.4,7.4,0.99551,3.29,0.878,10.53,7
8.92,0.532,0.194,0.82,0.03,26.4,62.0,0.99669,3.04,0.941,10.99,5
9.34,0.52,0.213,3.23,0.1372,31.6,91.8,0.99505,3.25,0.79,10.37,5
8.06,0.426,0.392,2.32,0.0664,8.2,6.0,0.99699,3.5,0.604,9.85,5
10.9,0.449,0.0,2.01,0.1192,7.0,78.7,0.9962,3.35,0.903,9.36,5
10.01,0.796,0.589,2.71,0.0432,21.6,6.0,0.99578,3.1,0.605,10.05,4
7.86,0.51,0.306,2.0,0.0337,9.7,33.2,0.9979,3.67,0.54,9.5,5
9.58,0.389,0.526,0.96,0.1759,13.2,104.9,0.99878,3.12,0.594,10.33,5
11.59,0.437,0.055,3.79,0.0439,24.7,35.5,0.99617,3.27,0.563,8.73,3
11.63,0.728,0.085,2.79,0.1386,10.5,48.9,0.999,3.15,0.499,11.17,4
6.21,0.652,0.038,2.17,0.0923,1.0,70.4,0.99581,3.15,0.849,9.78,4
6.72,0.631,0.32,1.62,0.0681,2.9,6.0,0.99424,3.24,0.529,10.81,5
10.82,0.484,0.283,1.29,0.085,16.0,48.3,0.99807,3.41,0.655,11.38,6
6.5,0.633,0.177,2.77,0.03,1.0,48.1,0.99523,3.5,0.415,10.76,5
6.05,0.414,0.067,5.17,0.0864,12.9,105.6,0.99406,3.25,0.665,11.28,6
7.47,0.483,0.017,2.74,0.0383,2.0,6.5,0.99375,3.16,0.463,8.13,4
9.01,0.705,0.26,1.34,0.0692,32.3,33.8,0.99565,3.38,0.459,9.86,4
8.13,0.687,0.177,2.77,0.1286,37.6,16.3,0.99413,3.39,0.641,11.61,6
7.19,0.353,0.133,2.44,0.0984,5.3,12.9,0.996,3.35,0.84,10.96,6
7.15,0.376,0.579,3.69,0.03,18.5,82.1,0.99506,3.35,0.735,12.43,8
7.09,0.55,0.254,3.28,0.1253,6.3,46.9,0.99611,3.29,0.747,12.27,6
6.8,0.841,0.524,0.8,0.0867,12.8,28.2,0.99886,3.32,0.638,10.73,5
12.18,0.185,0.163,3.2,0.0626,33.9,29.4,0.99706,3.28,0.603,10.12,5
8.81,0.58,0.319,1.59,0.1206,11.2,28.0,0.99457,3.47,0.794,9.35,5
9.81,0.282,0.259,1.32,0.0795,13.0,30.8,0.99791,3.64,0.564,9.88,6
7.47,0.416,0.0,2.3,0.0345,6.5,6.0,0.99693,3.34,0.802,9.95,5
7.98,0.464,0.556,3.01,0.1702,27.4,37.7,0.99605,3.31,0.87,9.75,5
7.09,0.454,0.243,1.19,0.0862,1.0,34.5,0.99697,3.35,0.517,9.39,5
4.0,0.434,0.419,3.43,0.0833,11.5,21.8,0.99616,3.21,0.542,10.84,5
5.96,0.531,0.12,3.52,0.0688,15.4,51.0,0.99474,3.42,0.567,12.27,6
5.22,0.434,0.237,2.55,0.1401,9.3,53.7,0.99628,3.38,0.411,11.43,7
4.48,0.267,0.097,1.69,0.0634,24.5,28.2,0.99878,3.25,0.58,10.05,4
6.27,0.67,0.517,1.61,0.03,27.9,41.4,0.99594,3.45,0.881,11.52,7
10.55,0.666,0.332,3.97,0.0565,1.8,115.1,0.99388,3.31,0.482,10.78,5
8.22,0.682,0.343,1.27,0.1467,36.8,113.9,0.99691,3.16,0.885,10.36,6
10.49,0.253,0.542,4.04,0.1244,1.7,12.3,0.99368,3.36,0.586,10.29,5
9.0,0.584,0.501,2.32,0.0755,28.8,16.7,0.99416,3.35,1.019,10.18,6
9.63,0.652,0.423,2.39,0.1488,17.4,12.1,0.99617,3.45,0.544,11.12,5
6.77,0.344,0.0,1.16,0.1207,10.9,79.8,0.999,3.43,0.636,10.55,6
9.19,0.532,0.131,2.34,0.075,11.8,33.2,0.99667,3.29,0.505,9.6,4
9.54,0.509,0.069,3.29,0.0795,15.6,53.7,0.99623,3.24,0.543,9.55,4
7.32,0.862,0.416,1.37,0.1018,18.0,109.9,0.9938,3.31,0.887,10.74,7
9.25,0.876,0.304,3.13,0.0496,6.7,45.7,0.99675,3.36,0.741,10.87,5
9.26,0.23,0.0,2.6,0.0872,13.6,68.6,0.99666,3.38,0.835,10.06,5
7.37,0.979,0.232,1.87,0.1009,8.2,62.7,0.996,3.36,0.436,9.15,3
6.39,0.365,0.0,3.67,0.03,3.7,27.2,0.99593,3.3,0.771,11.78,7
6.29,0.707,0.259,0.93,0.0785,7.7,79.9,0.99726,3.46,0.495,11.54,5
8.45,0.705,0.0,2.92,0.0734,4.4,18.8,0.99467,3.21,0.433,8.21,5
8.86,0.351,0.376,5.18,0.1333,11.7,88.9,0.99495,3.68,0.701,11.87,7
6.95,0.619,0.346,4.78,0.03,20.2,27.2,0.99657,3.42,0.699,10.17,5
8.35,0.511,0.652,2.98,0.0698,17.1,30.7,0.99587,3.14,0.669,10.61,6
9.27,0.63,0.44,2.18,0.0653,35.6,11.2,0.99555,3.34,0.782,11.65,8
9.35,0.572,0.185,1.88,0.1302,1.0,16.4,0.99673,3.43,0.809,12.22,5
10.94,0.745,0.434,2.18,0.085,20.6,32.3,0.99814,3.26,0.91,11.5,6
10.47,0.544,0.0,3.19,0.1678,16.0,6.0,0.99421,3.09,0.458,10.67,5
6.6,0.5,0.078,1.74,0.1168,24.1,38.5,0.99787,3.15,0.915,8.89,4
11.16,0.727,0.337,3.52,0.0685,23.1,29.7,0.99477,3.39,0.98,8.17,4
7.4,0.634,0.0,6.53,0.0978,14.3,71.3,0.99374,3.05,0.598,11.37,5
10.08,0.662,0.263,2.43,0.0711,17.6,59.5,0.99581,3.09,0.376,11.88,6
8.42,0.41,0.066,1.37,0.1257,8.5,23.4,0.99615,3.39,0.425,9.5,4
7.6,0.342,0.29,1.37,0.03,22.0,31.3,0.999,3.28,0.581,10.1,4
5.23,0.428,0.054,3.55,0.0499,1.0,38.5,0.99365,3.21,1.002,9.79,5
8.01,0.418,0.355,2.43,0.1075,23.7,93.6,0.99738,3.24,0.663,9.76,5
5.65,0.672,0.274,3.71,0.1422,15.7,19.7,0.99823,3.09,0.555,11.58,5
9.94,0.706,0.55,1.97,0.03,11.0,23.0,0.99803,3.38,0.543,10.64,6
10.88,0.502,0.271,3.63,0.1489,13.6,9.9,0.9937,3.19,0.435,10.15,6
6.95,0.788,0.116,2.33,0.0807,14.3,6.0,0.99482,3.23,0.809,13.32,7
8.81,0.776,0.221,1.8,0.03,28.9,55.8,0.99587,3.36,0.644,8.82,5
7.07,0.574,0.001,2.09,0.03,48.2,52.5,0.99717,3.27,1.017,11.0,6
7.23,0.382,0.351,1.46,0.03,28.1,87.0,0.99734,3.2,0.767,9.25,5
9.62,0.814,0.388,6.12,0.0861,10.2,79.3,0.9918,3.01,0.801,10.23,6
8.23,0.519,0.764,2.39,0.084,22.2,122.7,0.99538,3.37,0.619,10.56,6
11.26,0.553,0.146,3.34,0.1155,22.6,43.6,0.99471,3.32,0.475,11.33,5
7.48,0.469,0.216,1.96,0.0623,6.6,37.7,0.99673,3.23,0.511,10.11,5
10.0,0.37,0.155,1.56,0.0371,3.3,6.0,0.999,3.15,0.427,10.0,5
8.47,0.266,0.312,2.25,0.0684,15.3,68.3,0.9954,3.31,0.815,10.09,6
9.65,0.644,0.346,4.1,0.0885,24.0,49.8,0.99385,3.38,0.595,9.21,4
7.54,0.389,0.259,1.98,0.0974,1.0,66.8,0.9953,3.32,0.822,11.1,5
8.22,1.081,0.487,1.69,0.0515,8.7,9.5,0.99795,3.56,0.683,10.71,6
8.1,0.335,0.147,2.68,0.1276,21.6,57.3,0.99639,3.42,0.61,10.88,5
6.88,0.304,0.467,3.13,0.059,16.3,52.6,0.99475,3.29,0.461,10.32,5
9.43,0.622,0.378,5.24,0.0479,30.1,50.4,0.99387,3.42,0.711,10.19,4
9.41,0.805,0.268,2.93,0.0626,1.8,24.1,0.99507,3.32,0.623,11.69,5
9.31,0.542,0.207,3.34,0.1354,39.4,84.1,0.99637,3.32,0.813,11.52,7
10.91,0.633,0.755,3.46,0.081,1.0,111.6,0.999,3.5,0.538,11.96,7
10.76,0.198,0.107,1.49,0.0557,1.0,10.5,0.99783,3.18,0.765,10.81,6
7.66,0.408,0.33,1.62,0.1287,15.3,69.1,0.99686,3.31,0.939,11.89,7
8.93,0.337,0.12,1.54,0.1834,4.6,6.0,0.996,3.49,0.706,9.94,5
7.24,0.189,0.627,1.37,0.0964,15.5,67.4,0.99498,3.36,0.793,10.18,5
8.34,0.551,0.447,3.58,0.1425,15.2,6.0,0.99684,3.25,0.757,11.71,8
7.28,0.126,0.134,2.85,0.1336,13.9,29.2,0.99734,3.05,0.983,11.33,7
11.05,0.292,0.373,2.59,0.0597,7.5,6.0,0.99583,2.97,0.723,10.08,6
8.92,0.433,0.322,0.8,0.0882,20.2,39.1,0.99882,3.62,0.779,9.25,4
7.93,0.38,0.167,6.3,0.03,12.7,72.8,0.99359,3.36,0.654,10.18,5
10.33,0.601,0.422,1.67,0.0778,26.9,6.0,0.99816,3.22,0.528,9.65,4
4.61,0.585,0.348,6.29,0.0588,14.1,34.5,0.99401,3.36,0.455,12.3,6
4.88,0.691,0.313,1.3,0.0689,6.3,29.6,0.99673,3.17,0.875,11.24,6
9.65,0.665,0.262,1.73,0.0533,1.0,96.6,0.99557,3.26,0.489,9.56,4
8.4,0.735,0.356,0.93,0.0741,14.2,59.8,0.99678,3.17,0.787,9.25,3
8.73,0.53,0.316,2.94,0.111,3.2,8.3,0.99751,3.1,0.731,9.54,6
6.05,0.585,0.282,1.52,0.0816,2.4,30.9,0.99624,2.99,0.816,9.79,5
8.26,0.622,0.142,1.54,0.03,21.2,95.8,0.99766,3.07,0.572,10.22,5
11.71,0.555,0.609,1.35,0.0534,1.0,68.9,0.99538,3.46,0.526,11.63,6
9.7,0.459,0.06,3.55,0.03,30.0,16.6,0.99693,3.16,0.724,9.34,4
8.59,0.47,0.356,3.44,0.098,17.5,37.5,0.99631,3.39,0.61,12.92,7
7.55,0.383,0.206,5.65,0.1096,15.5,38.5,0.99228,3.45,0.451,9.36,4
7.63,0.606,0.622,1.84,0.0985,5.6,28.8,0.99666,3.31,0.99,8.85,5
4.68,0.513,0.089,2.76,0.0516,23.5,6.0,0.99779,3.27,0.525,12.26,7
8.74,0.411,0.123,1.4,0.0981,15.9,24.3,0.99511,3.33,0.491,11.85,7
9.74,0.411,0.076,2.15,0.0658,9.0,90.5,0.99527,3.25,0.619,10.2,6
5.62,0.312,0.335,1.98,0.0358,17.9,33.8,0.9969,3.49,0.873,10.82,7
7.18,0.706,0.0,3.08,0.1204,1.0,42.7,0.999,3.59,0.3,10.85,5
6.33,0.544,0.174,3.95,0.1238,1.0,50.5,0.99443,3.53,0.859,10.55,6
6.66,0.375,0.0,3.91,0.1297,4.7,117.0,0.99622,2.99,0.505,8.97,5
8.39,0.676,0.318,1.71,0.0596,19.4,46.3,0.99739,3.24,0.705,8.0,3
4.76,0.429,0.17,3.92,0.1401,15.9,81.0,0.99458,3.31,0.545,9.47,4
9.34,0.277,0.0,2.45,0.0648,26.4,26.9,0.99688,3.38,0.999,12.4,6
9.58,0.714,0.487,2.16,0.1164,6.7,37.7,0.9962,3.05,0.681,12.44,7
7.87,0.433,0.008,1.82,0.064,21.6,46.4,0.99646,3.05,0.54,10.11,4
4.08,0.456,0.429,1.94,0.0769,14.8,21.2,0.99451,3.51,0.609,9.35,5
6.61,0.537,0.13,5.48,0.03,6.5,39.5,0.99418,3.23,0.675,10.71,6
10.4,0.736,0.59,2.87,0.0734,19.8,74.4,0.99765,3.09,0.69,10.88,6
4.0,0.534,0.42,2.7,0.0911,15.2,20.4,0.99652,3.14,0.735,11.06,7
7.71,0.314,0.068,2.22,0.0685,9.6,46.0,0.99846,3.37,0.66,8.0,3
6.29,0.628,0.087,7.52,0.166,16.3,68.7,0.99346,3.19,0.426,13.87,6
9.67,0.443,0.391,4.5,0.0347,14.6,19.6,0.99491,3.35,0.602,11.65,8
7.15,0.87,0.218,1.81,0.0616,14.4,81.1,0.99606,3.16,0.763,10.18,5
8.99,0.53,0.236,2.21,0.0463,11.8,48.3,0.9961,3.05,0.546,9.61,5
9.26,0.128,0.524,2.27,0.0616,2.9,40.7,0.99458,3.52,0.774,11.49,6
11.42,0.594,0.12,2.67,0.1334,16.6,6.0,0.99606,3.37,0.665,10.94,5
7.95,0.88,0.288,1.82,0.1535,7.9,34.0,0.99722,3.26,0.623,10.5,4
8.94,0.814,0.461,3.05,0.0555,5.7,57.9,0.99874,3.23,0.863,10.9,5
5.78,0.86,0.432,4.81,0.0545,13.5,101.9,0.99555,3.53,0.365,10.28,5
10.32,0.346,0.238,1.38,0.0349,23.2,64.2,0.9957,3.4,0.545,10.84,5
7.01,0.694,0.212,1.5,0.1458,17.8,82.0,0.99484,3.48,0.87,11.2,5
7.35,0.4,0.0,2.01,0.1374,10.6,7.3,0.99668,3.22,0.971,10.78,7
8.26,0.57,0.059,2.05,0.0822,10.2,41.9,0.99817,3.32,1.049,10.72,5
5.64,0.301,0.334,6.14,0.03,22.3,85.1,0.99335,3.37,0.669,11.93,7
8.69,0.414,0.242,3.92,0.03,1.0,17.6,0.99627,3.23,0.738,8.64,4
9.94,0.408,0.285,3.82,0.0947,23.9,76.9,0.99527,3.3,0.799,9.52,5
8.8,0.692,0.478,2.22,0.1117,1.0,69.5,0.9979,3.22,0.877,10.43,5
5.6,0.674,0.033,2.2,0.03,1.7,54.8,0.99445,3.37,0.713,9.6,5
8.09,0.58,0.223,1.3,0.0725,10.8,35.5,0.999,3.11,0.817,9.96,5
9.56,0.287,0.308,3.55,0.1598,37.6,14.4,0.99409,3.4,0.738,11.82,6
5.11,0.474,0.129,3.12,0.0772,32.7,102.8,0.9973,3.36,0.749,10.24,5
6.47,0.396,0.556,4.46,0.154,23.0,66.2,0.99462,3.28,0.504,8.39,4
9.79,0.687,0.452,2.27,0.1162,19.5,56.9,0.99661,3.38,0.604,9.93,5
8.76,0.742,0.328,2.35,0.0382,1.0,32.8,0.99636,3.26,0.571,10.46,5
9.0,0.72,0.629,2.7,0.0738,17.5,47.2,0.99682,3.21,0.458,10.44,6
11.46,0.394,0.0,3.73,0.0812,10.4,51.3,0.9963,3.39,0.379,11.01,6
9.1,0.12,0.268,1.29,0.0441,7.7,58.8,0.99859,3.4,0.588,10.92,6
9.42,0.212,0.343,3.48,0.0434,17.4,69.5,0.99793,3.23,0.615,10.25,5
12.91,0.786,0.087,2.48,0.1548,11.2,21.0,0.99712,3.22,0.678,9.09,3
7.94,0.458,0.33,1.55,0.043,24.6,6.0,0.999,3.28,0.754,9.91,6
6.94,0.395,0.049,0.98,0.1355,1.0,48.7,0.99714,3.23,0.692,9.71,5
9.03,0.826,0.408,2.35,0.0674,16.7,6.0,0.99834,3.54,0.616,10.09,4
9.05,0.758,0.482,4.8,0.0858,7.1,35.6,0.99541,3.36,0.504,11.16,6
7.4,0.534,0.324,5.31,0.1123,11.8,29.7,0.99353,3.31,0.809,10.84,6
6.54,0.477,0.0,2.93,0.0601,18.9,61.7,0.99653,3.17,0.643,11.31,6
12.23,0.506,0.077,6.04,0.1126,4.7,109.4,0.99452,3.42,0.586,9.98,5
8.86,0.571,0.383,2.45,0.03,17.5,6.0,0.99659,3.22,0.628,12.06,6
7.06,0.818,0.274,3.84,0.1068,13.8,118.8,0.99615,3.21,0.535,11.14,6
9.86,0.606,0.0,2.04,0.03,9.3,38.5,0.99827,3.43,0.57,10.52,5
8.11,0.661,0.519,1.98,0.0768,11.2,57.1,0.99696,3.37,0.564,11.06,6
7.87,0.74,0.297,1.84,0.1254,14.4,6.0,0.99258,2.93,0.611,9.66,4
9.26,0.319,0.106,0.99,0.115,8.2,77.9,0.999,3.29,0.771,8.08,5
6.1,0.666,0.469,4.46,0.03,16.0,47.3,0.99458,3.33,0.729,9.73,4
8.9,0.477,0.134,1.87,0.0344,13.1,44.0,0.99577,3.26,0.923,11.22,6
11.55,0.12,0.132,1.74,0.056,9.8,6.0,0.99531,3.33,0.866,10.49,6
9.09,0.147,0.342,1.47,0.0954,31.8,48.4,0.9965,3.04,0.993,10.25,6
7.66,0.347,0.626,2.28,0.03,20.1,73.1,0.99593,2.89,0.755,9.47,5
7.44,0.626,0.595,5.53,0.0864,12.1,38.4,0.99307,3.16,0.752,8.25,4
7.6,0.55,0.342,6.41,0.101,17.4,83.6,0.99245,3.35,0.577,11.97,6
7.87,0.563,0.362,1.18,0.0743,5.6,82.3,0.99779,2.83,0.8,10.17,5
7.66,0.881,0.428,2.13,0.1106,11.5,25.5,0.999,3.18,0.548,9.93,4
9.86,0.302,0.019,1.57,0.0971,12.7,97.0,0.99823,3.02,0.41,9.66,5
5.35,0.525,0.399,3.9,0.0626,3.4,47.4,0.99716,3.27,0.919,11.78,5
9.77,0.585,0.123,2.84,0.03,19.8,47.6,0.99576,3.6,0.448,11.37,5
7.65,0.397,0.334,1.88,0.093,10.8,49.2,0.99716,3.28,0.735,9.34,4
8.94,0.535,0.225,2.58,0.0441,12.3,48.2,0.99717,3.29,0.51,11.68,6
6.38,0.242,0.37,2.02,0.061,10.2,6.0,0.996,3.44,0.852,10.24,6
10.56,0.784,0.294,5.17,0.1086,45.5,40.1,0.99383,3.31,0.875,9.73,5
10.42,0.407,0.0,3.2,0.1508,9.3,6.0,0.99732,3.28,0.75,10.08,6
9.93,0.896,0.306,3.38,0.0853,1.0,98.0,0.99753,3.45,0.872,9.54,4
5.72,0.524,0.398,0.8,0.1119,1.0,96.8,0.9971,3.38,0.661,8.95,5
9.71,0.715,0.359,2.43,0.03,23.5,73.3,0.99487,3.35,1.04,11.25,6
8.99,0.52,0.249,6.38,0.098,29.3,38.4,0.99305,3.29,0.787,10.16,5
5.57,0.524,0.598,4.54,0.0843,9.1,13.7,0.99281,3.26,0.507,11.08,7
8.26,0.425,0.332,1.09,0.1423,28.7,25.0,0.99711,3.45,0.672,10.72,7
8.92,0.551,0.358,2.17,0.0627,23.3,108.2,0.99725,3.26,0.634,11.0,5
9.25,0.587,0.479,1.46,0.0761,14.0,23.8,0.99659,3.49,0.617,8.15,4
8.6,0.389,0.343,5.4,0.1346,13.3,6.0,0.99464,3.15,0.378,9.45,5
8.8,0.507,0.09,2.79,0.0829,17.7,79.0,0.99699,3.53,0.726,11.03,6
10.81,0.42,0.0,1.77,0.0371,24.7,94.0,0.99739,3.38,0.424,9.0,4
10.38,0.944,0.175,2.54,0.2018,19.9,99.1,0.99477,3.16,0.3,10.81,5
4.0,0.514,0.422,0.8,0.0385,9.1,79.2,0.99662,3.39,0.602,8.87,3
7.76,0.808,0.199,1.53,0.0841,14.2,84.4,0.99761,3.21,0.531,10.42,6
8.02,0.495,0.43,2.54,0.1026,35.7,47.7,0.99893,3.32,0.514,12.17,6
5.32,0.577,0.3,3.66,0.099,18.4,6.0,0.99527,3.24,0.3,11.25,5
8.46,0.292,0.528,1.04,0.0785,24.6,46.9,0.99783,3.29,0.515,8.36,4
10.42,0.45,0.211,2.11,0.0787,21.3,65.9,0.99823,3.45,0.63,11.33,5
6.45,0.568,0.364,3.94,0.0764,18.6,41.7,0.99515,3.39,0.552,12.4,7
8.87,0.815,0.371,1.3,0.0368,17.0,40.2,0.99872,3.14,0.726,13.48,7
6.74,0.57,0.57,2.77,0.1838,24.9,15.1,0.99819,3.15,0.897,10.92,5
7.16,0.779,0.0,2.58,0.0771,23.1,13.9,0.99861,3.35,0.748,8.9,4
10.81,0.645,0.178,5.41,0.1139,18.5,104.8,0.99496,3.36,0.834,10.88,5
7.38,0.823,0.44,2.25,0.0719,9.0,106.0,0.999,3.21,0.849,12.16,7
9.09,0.519,0.579,2.31,0.071,19.8,45.9,0.99583,3.55,0.487,10.19,4
5.12,0.96,0.318,3.67,0.0665,15.2,55.0,0.99885,3.43,0.735,11.55,5
11.47,0.443,0.211,1.38,0.03,12.8,14.6,0.99815,3.22,0.829,9.48,5
9.32,0.392,0.421,2.26,0.0798,42.7,66.6,0.9988,3.2,0.586,10.81,5
7.99,0.312,0.444,2.04,0.0687,1.0,102.3,0.99649,3.28,0.526,8.0,3
9.28,0.95,0.198,2.35,0.1397,25.5,6.0,0.99799,3.26,0.75,9.35,4
5.9,0.678,0.336,3.66,0.0331,7.3,60.8,0.99781,3.5,0.408,10.39,5
10.31,0.47,0.506,3.21,0.061,17.2,63.2,0.9944,3.46,0.475,10.0,5
7.75,0.755,0.648,1.78,0.0466,41.6,62.9,0.99676,3.32,0.547,8.97,4
7.95,0.654,0.419,2.66,0.1519,6.3,98.6,0.99326,3.41,0.737,9.85,4
7.46,0.884,0.279,4.89,0.0479,8.7,111.2,0.99442,3.43,0.697,10.76,6
7.31,0.251,0.259,1.72,0.1123,15.7,38.5,0.99578,3.32,0.836,10.31,6
9.48,0.482,0.381,2.67,0.1307,7.4,67.5,0.99614,3.37,0.503,10.47,4
8.74,0.447,0.247,2.29,0.0804,24.7,48.7,0.999,3.4,0.494,11.21,5
9.41,0.175,0.308,2.43,0.03,10.6,25.8,0.999,3.38,0.749,10.02,6
8.29,0.721,0.058,1.2,0.03,22.4,54.7,0.99484,3.19,0.524,11.9,7
9.17,0.481,0.529,4.72,0.1257,2.6,67.5,0.99566,3.21,0.557,9.31,3
7.59,0.663,0.042,1.76,0.0303,1.0,52.9,0.9982,3.27,0.344,12.52,7
12.09,0.955,0.184,3.97,0.1046,13.6,17.8,0.99492,3.2,0.709,11.62,7
5.63,0.466,0.29,1.89,0.0921,1.0,31.2,0.99727,3.09,0.922,10.01,5
10.44,0.454,0.668,1.89,0.104,31.1,31.4,0.99741,3.41,0.485,10.08,6
10.63,0.551,0.185,4.32,0.1082,1.0,19.0,0.99313,3.36,0.834,10.63,5
6.85,0.708,0.137,3.91,0.045,5.5,56.0,0.99393,3.11,0.65,11.06,6
12.09,0.428,0.16,2.75,0.0431,20.0,59.4,0.99666,3.27,0.36,11.6,5
9.99,0.416,0.602,3.52,0.1192,10.0,77.3,0.99593,3.28,0.508,8.93,5
9.95,,0.0,2.2,0.0587,1.0,18.6,0.99578,3.34,0.497,10.88,6
8.35,0.598,0.069,2.49,0.03,36.3,27.5,0.99542,3.15,0.606,8.07,5
7.93,0.162,0.816,1.86,0.1162,5.9,95.7,0.99687,3.11,0.731,10.2,7
7.94,0.309,0.388,3.76,0.0404,13.9,40.7,0.99693,3.39,0.974,12.0,7
8.96,0.8,0.049,1.83,0.108,13.8,47.0,0.99689,3.08,0.417,8.84,6
10.68,0.602,0.262,4.88,0.1497,23.0,40.4,0.99713,3.28,0.578,8.64,5
8.61,0.393,0.283,2.17,0.0878,20.5,82.3,0.99582,3.26,0.508,10.64,6
6.75,0.499,0.439,2.52,0.1318,7.6,83.5,0.99687,3.29,0.444,11.93,5
9.7,0.532,0.638,3.52,0.0939,12.6,81.6,0.99525,3.35,0.676,10.76,5
9.87,0.662,0.348,2.53,0.1584,13.6,46.9,0.99746,3.55,0.66,8.3,3
9.41,0.286,0.162,2.19,0.0392,23.4,18.1,0.99568,3.07,0.352,8.55,3
9.57,0.379,0.427,2.47,0.0866,4.2,107.6,0.999,3.44,0.663,10.51,6
7.84,0.579,0.13,3.74,0.1173,36.1,73.4,0.99307,2.93,0.455,9.1,5
6.72,0.512,0.063,1.86,0.0784,8.3,31.4,0.999,3.52,0.662,10.55,5
6.82,0.633,0.0,2.36,0.1388,15.8,91.6,0.99685,3.0,0.876,10.62,5
5.52,0.309,0.0,2.51,0.0676,4.3,28.9,0.99742,3.68,0.739,9.86,5
8.7,0.594,0.091,3.69,0.1801,2.9,91.1,0.99765,3.25,0.69,12.4,7
8.16,0.726,0.034,2.39,0.1825,7.2,93.3,0.99797,3.5,0.57,11.05,5
7.55,0.618,0.333,5.64,0.0997,6.2,16.5,0.99299,3.47,0.671,11.73,6
4.0,0.555,0.03,2.33,0.1119,11.8,64.6,0.99764,3.24,0.756,11.41,6
6.18,0.513,0.0,2.25,0.1406,6.1,71.0,0.999,3.26,0.739,10.23,4
10.21,0.38,0.061,2.31,0.0336,22.9,129.7,0.99542,3.18,0.643,10.19,6
7.17,0.517,0.176,1.38,0.03,8.1,22.2,0.999,3.43,0.697,10.07,5
8.91,0.757,0.149,1.57,0.1435,7.0,91.8,0.99758,3.25,0.436,11.15,5
5.94,0.509,0.574,1.97,0.0993,12.0,46.6,0.99635,3.19,0.535,9.68,5
10.75,0.37,0.147,4.17,0.0768,25.8,6.3,0.99393,3.39,0.78,12.3,7
8.06,0.441,0.446,2.46,0.0875,18.0,42.2,0.99629,3.18,0.803,9.58,5
8.79,0.566,0.266,2.01,0.03,14.9,46.1,0.99406,3.26,0.676,10.64,5
12.25,0.463,0.262,4.34,0.0784,1.6,12.1,0.9945,3.33,0.911,10.15,6
10.88,0.617,0.103,5.02,0.0531,4.5,56.0,0.99419,3.21,0.746,9.9,6
7.78,0.624,0.258,4.4,0.1283,3.1,76.6,0.99347,3.24,0.62,12.79,6
7.29,0.69,0.117,1.7,0.1318,29.0,53.6,0.99812,3.54,0.453,9.92,5
7.75,0.786,0.304,2.0,0.113,21.2,28.7,0.99667,3.28,0.905,10.06,4
9.17,0.709,0.223,5.65,0.1048,7.3,41.2,0.99312,3.26,0.791,9.67,6
8.12,0.362,0.081,2.79,0.03,10.3,45.9,0.99588,3.28,0.966,10.45,6
7.63,0.367,0.468,2.22,0.1136,7.6,53.0,0.99736,3.38,1.028,10.29,6
10.79,0.516,0.355,3.45,0.1153,7.0,81.5,0.99595,3.15,0.441,9.17,4
8.11,0.449,0.18,3.93,0.143,20.5,54.7,0.9944,3.37,0.442,9.93,4
12.21,0.325,0.299,1.93,0.1823,13.0,6.0,0.99719,3.35,0.3,11.07,6
8.45,0.45,0.253,2.76,0.03,36.7,28.0,0.99632,3.04,0.816,11.53,5
11.34,0.445,0.096,3.79,0.0695,28.4,51.3,0.99386,3.58,0.772,10.43,4
8.91,0.409,0.284,1.48,0.0536,29.0,82.0,0.99657,3.53,0.677,10.46,5
9.94,0.473,0.146,2.51,0.0948,22.6,87.5,0.99746,3.19,0.452,10.0,5
7.07,0.742,0.081,1.51,0.0876,11.7,102.8,0.99786,3.14,0.645,9.85,5
6.85,0.566,0.0,1.61,0.0765,21.9,50.2,0.99666,3.34,0.691,9.39,4
9.08,0.975,0.198,1.94,0.1332,12.4,70.4,0.99802,3.1,0.793,8.69,4
9.98,0.561,0.383,3.1,0.0374,32.2,6.0,0.99465,3.51,0.706,9.63,4
8.37,0.478,0.131,2.16,0.0401,19.9,59.8,0.99545,3.24,0.773,11.39,6
6.11,0.531,0.774,1.87,0.0409,18.5,11.6,0.99662,3.55,0.639,9.93,5
5.99,0.576,0.447,2.56,0.0708,17.2,44.0,0.9988,3.19,0.861,10.02,5
5.87,0.608,0.531,1.49,0.0317,33.3,143.0,0.99724,3.29,0.767,10.0,6
5.3,0.904,0.429,3.03,0.0848,1.6,55.7,0.99576,3.5,0.458,11.77,5
8.49,0.378,0.641,4.16,0.0796,34.3,18.4,0.99759,3.26,0.896,9.38,5
10.21,0.685,0.113,2.41,0.0516,14.0,59.0,0.99624,3.35,0.868,10.7,4
8.28,0.567,0.0,2.28,0.1263,1.8,29.5,0.999,3.47,0.739,10.32,4
4.46,0.247,0.181,2.96,0.0843,8.4,15.3,0.99547,3.23,0.708,10.47,5
7.98,0.669,0.382,1.0,0.1348,1.0,113.3,0.99548,3.12,0.942,10.67,5
8.02,0.758,0.3,3.18,0.0782,22.4,80.1,0.9958,3.09,0.382,10.46,4
11.86,0.376,0.325,10.1,0.0859,5.5,57.1,0.99015,3.4,0.871,11.27,6
5.82,0.528,0.534,2.37,0.0617,17.6,33.5,0.9955,3.37,0.579,10.37,6
7.64,0.219,0.346,2.37,0.0867,27.2,36.1,0.999,3.47,0.846,12.32,7
11.2,0.303,0.43,3.49,0.1191,9.2,95.4,0.99628,3.27,0.68,10.45,5
9.06,0.719,0.082,5.24,0.0685,13.2,55.8,0.9951,3.1,0.449,8.53,3
9.26,0.446,0.051,3.88,0.1103,2.9,6.0,0.99481,2.96,0.576,11.1,6
8.49,0.33,0.593,0.95,0.0504,12.0,123.5,0.99613,3.74,0.834,10.83,6
8.86,0.571,0.29,3.22,0.1212,41.6,51.9,0.99756,3.39,0.624,10.44,5
9.62,0.436,0.145,7.95,0.0609,23.7,57.0,0.99,3.33,0.554,10.11,5
6.92,0.445,0.146,3.31,0.1253,13.3,80.8,0.99424,3.35,0.553,8.07,4
9.79,0.663,0.14,1.49,0.0897,9.8,60.9,0.99663,3.1,0.769,8.26,5
5.97,0.321,0.128,2.84,0.1554,15.5,69.9,0.99836,3.19,0.958,12.21,6
8.86,0.367,0.013,1.4,0.0351,17.2,32.4,0.99644,3.57,0.3,9.76,5
8.6,0.558,0.0,4.35,0.03,11.7,6.6,0.99574,3.41,1.136,11.46,6
7.25,0.704,0.231,1.63,0.0593,21.2,55.0,0.99704,3.2,0.695,8.64,3
8.26,0.753,0.151,2.58,0.03,6.4,91.8,0.99848,3.13,0.759,9.25,4
7.24,0.41,0.491,1.7,0.03,6.3,25.3,0.99462,3.23,0.586,11.15,5
6.48,0.699,0.329,1.95,0.115,19.6,22.7,0.9981,3.26,0.659,10.29,6
7.7,0.389,0.323,4.88,0.0868,4.2,85.1,0.9944,3.62,0.693,10.99,7
6.42,0.859,0.121,2.62,0.0654,23.2,31.4,0.99789,3.28,0.482,10.39,4
8.85,0.326,0.246,1.94,0.0696,15.8,32.9,0.99577,3.13,0.523,10.17,5
6.34,0.769,0.342,1.49,0.0601,1.0,34.1,0.99704,3.3,0.861,9.65,5
9.51,0.412,0.413,1.08,0.1613,17.0,43.9,0.99685,3.35,0.396,9.09,5
6.29,0.892,0.251,1.42,0.0539,1.0,6.0,0.9955,3.12,0.735,11.94,5
7.34,0.636,0.486,2.63,0.03,22.8,28.7,0.99458,3.37,0.597,12.12,6
7.24,0.347,0.272,3.89,0.1228,13.4,53.4,0.99462,3.49,0.497,9.26,5
10.55,0.436,0.429,1.94,0.0773,34.4,53.1,0.99719,3.33,0.995,9.19,4
8.86,0.671,0.172,5.07,0.1787,26.6,83.1,0.99341,3.19,0.498,10.02,5
7.94,0.719,0.0,1.81,0.0633,5.3,104.9,0.9965,3.23,0.468,10.77,5
9.15,0.517,0.324,2.25,0.1251,1.0,94.4,0.99397,3.06,0.628,10.2,5
4.72,0.538,0.415,1.54,0.1357,8.3,75.3,0.99644,3.29,0.529,10.95,5
8.23,0.667,0.385,3.9,0.0635,3.7,41.2,0.99701,3.36,0.661,10.35,4
11.7,0.554,0.354,6.42,0.0536,34.2,26.1,0.99452,3.18,0.686,10.27,4
8.52,0.297,0.2,1.13,0.1204,15.8,46.6,0.99687,3.6,0.7,13.05,8
8.42,0.384,0.109,2.14,0.1129,25.2,64.7,0.99725,3.43,0.639,9.82,4
9.23,0.572,0.38,4.42,0.03,13.0,72.3,0.99382,3.04,0.541,12.2,8
9.82,0.749,0.355,1.3,0.0362,14.1,65.9,0.999,3.04,0.769,11.99,7
4.9,0.821,0.158,3.23,0.03,15.6,42.1,0.999,3.16,0.641,10.95,5
5.44,0.67,0.492,4.33,0.1138,27.0,71.2,0.99538,3.55,0.576,8.28,5
8.66,0.582,0.093,2.59,0.0752,19.0,86.3,0.999,3.44,0.912,10.43,6
7.08,0.665,0.153,3.2,0.0797,5.3,74.2,0.99502,3.55,0.639,9.83,4
10.53,0.41,0.597,5.52,0.03,32.1,45.0,0.99231,3.31,0.846,10.42,4
7.76,0.502,0.444,6.01,0.0376,13.0,19.3,0.99273,3.28,0.869,9.23,5
5.01,0.382,0.198,2.43,0.0655,11.3,18.6,0.99633,3.12,0.879,11.23,6
6.14,0.305,0.327,1.97,0.0567,1.0,24.2,0.999,3.36,0.777,11.48,6
4.0,0.59,0.301,1.65,0.0923,22.2,54.2,0.99658,3.28,0.66,11.69,6
7.9,0.563,0.0,3.88,0.1133,16.9,62.6,0.99421,3.27,0.649,9.98,4
7.98,0.654,0.089,1.35,0.1891,16.9,6.0,0.99565,3.55,0.618,9.23,4
7.58,0.628,0.26,2.23,0.0861,11.9,29.9,0.99852,3.29,0.3,10.79,6
10.13,0.574,0.199,2.62,0.1372,10.1,53.8,0.998,3.51,0.782,12.33,6
10.34,0.63,0.319,1.99,0.0497,12.2,17.2,0.99627,3.07,0.702,10.48,5
8.01,0.522,0.496,2.84,0.03,20.5,59.9,0.99352,3.71,0.8,10.9,5
4.67,0.604,0.206,7.93,0.0711,22.3,36.2,0.99057,3.25,0.64,10.14,5
9.35,0.399,0.058,2.37,0.03,13.6,22.9,0.999,3.42,0.773,9.85,4
9.24,0.597,0.335,2.06,0.0877,25.4,47.7,0.99799,3.44,0.426,11.12,6
8.83,0.65,0.205,3.95,0.0519,15.1,58.6,0.99554,3.24,0.461,10.28,4
9.97,0.409,0.239,2.78,0.03,10.9,18.8,0.999,3.43,0.3,10.84,5
6.32,0.539,0.212,4.78,0.1651,17.9,38.2,0.99772,3.44,0.637,10.96,7
11.71,0.418,0.718,2.69,0.0628,2.3,61.0,0.99639,3.2,0.529,10.78,6
6.67,0.435,0.0,2.24,0.03,18.2,21.6,0.99679,3.2,0.506,11.01,5
9.57,0.328,0.192,1.12,0.1274,1.0,6.0,0.99613,3.32,0.717,9.46,5
5.43,0.758,0.269,1.21,0.0542,5.6,6.0,0.99657,3.29,0.588,9.39,3
6.72,0.722,0.114,1.09,0.1361,1.0,32.6,0.99477,3.52,0.416,10.35,6
10.88,0.627,0.45,2.97,0.054,14.1,6.0,0.99399,3.42,1.093,10.38,6
7.86,0.885,0.433,1.35,0.0627,32.0,34.9,0.99442,3.3,0.654,9.83,5
9.73,0.496,0.26,4.4,0.1025,14.7,99.3,0.99671,3.4,0.476,10.67,3
8.7,1.076,0.216,2.53,0.1137,22.3,6.0,0.99423,3.0,0.546,11.4,5
8.12,0.489,0.248,2.24,0.1216,39.4,37.0,0.999,3.22,0.631,11.71,5
10.62,0.576,0.249,1.71,0.083,19.9,114.2,0.9959,3.35,0.63,11.95,7
7.9,0.458,0.254,3.31,0.1108,8.2,59.1,0.99856,3.48,0.881,8.95,5
5.27,0.597,0.232,1.74,0.1206,9.6,34.2,0.99645,3.34,0.646,9.12,5
6.93,0.68,0.32,1.6,0.096,15.9,41.0,0.99465,3.53,0.975,10.08,4
9.24,0.509,0.421,4.27,0.0806,9.6,59.7,0.99711,3.44,0.586,10.49,6
8.97,0.85,0.024,2.93,0.03,10.3,100.3,0.99836,3.24,0.732,10.14,4
5.64,0.573,0.06,2.25,0.114,25.8,29.0,0.99544,3.29,0.834,9.79,6
7.07,0.579,0.0,3.34,0.0889,26.2,21.8,0.99543,3.37,0.863,10.07,5
7.31,0.366,0.443,2.51,0.0684,1.0,6.0,0.99523,3.24,0.883,10.93,6
7.68,0.605,0.32,2.97,0.1445,7.7,49.3,0.99604,3.54,0.614,8.94,4
5.96,0.506,0.371,1.73,0.03,11.3,6.0,0.99716,3.14,0.659,12.98,8
7.23,0.421,0.0,6.35,0.161,21.9,31.2,0.993,3.36,0.3,10.42,5
7.06,0.39,0.627,1.93,0.086,27.3,16.9,0.99427,3.42,0.627,11.56,7
9.61,1.011,0.148,5.04,0.1013,42.9,80.4,0.9937,3.26,0.846,9.76,5
9.68,0.483,0.304,2.3,0.0692,11.2,29.7,0.99782,3.23,0.812,11.03,6
8.05,0.268,0.441,3.59,0.03,11.7,58.7,0.99541,3.3,0.645,10.51,6
7.63,0.404,0.073,3.48,0.0807,21.8,6.0,0.99533,3.43,0.949,11.34,7
8.54,0.521,0.161,4.19,0.1021,9.1,50.2,0.99385,3.24,0.595,10.18,6
6.91,0.628,0.306,1.71,0.1174,14.5,7.5,0.99608,3.15,0.538,12.11,6
6.35,0.63,0.841,4.06,0.0781,11.7,32.4,0.99747,3.48,0.58,8.76,3
6.7,0.652,0.33,5.74,0.03,1.0,116.8,0.9923,3.37,0.469,11.44,6
7.22,0.414,0.591,2.23,0.03,17.1,75.8,0.9979,3.46,0.766,10.53,5
6.32,0.591,0.511,2.54,0.1793,14.1,41.9,0.99664,3.42,0.709,9.28,5
8.58,0.372,0.344,1.98,0.0378,28.6,148.4,0.99737,3.64,0.764,12.55,7
9.54,0.418,0.072,2.14,0.1512,16.0,16.7,0.99579,3.48,0.59,12.43,5
5.6,0.365,0.482,5.4,0.045,3.4,83.3,0.99375,3.2,0.65,8.12,4
8.34,0.316,0.0,1.59,0.0788,13.3,6.0,0.99699,3.38,0.3,10.59,7
7.93,0.722,0.59,1.64,0.1151,1.0,38.2,0.99622,3.23,0.724,11.18,6
8.88,0.654,0.31,5.16,0.0501,3.8,6.0,0.99497,3.24,0.677,10.89,6
8.28,0.706,0.0,3.31,0.1586,22.3,54.2,0.99664,3.1,0.473,12.07,7
5.83,0.537,0.202,6.49,0.0904,13.4,47.8,0.99667,3.27,0.642,11.84,7
6.15,0.67,0.401,2.04,0.1077,25.1,36.2,0.99738,3.39,0.616,10.69,5
8.35,0.213,0.223,2.65,0.075,1.0,80.9,0.99361,3.3,0.96,12.9,7
10.05,0.685,0.413,1.86,0.1166,13.5,27.9,0.99874,3.15,0.48,11.43,6
4.54,0.562,0.1,2.67,0.158,11.1,56.5,0.99616,3.08,0.716,10.01,6
8.89,0.643,0.009,1.13,0.0811,25.5,72.3,0.999,3.63,0.475,9.79,5
10.32,0.598,0.256,3.4,0.1648,22.6,6.0,0.99808,3.36,0.565,11.77,4
8.04,0.352,0.276,2.89,0.0595,22.3,22.1,0.99553,3.19,0.707,9.53,4
9.24,0.26,0.2,2.44,0.1214,31.3,47.7,0.99773,3.38,0.624,9.95,5
7.1,0.402,0.515,2.1,0.109,12.2,66.2,0.99603,3.64,0.659,10.14,5
8.1,0.632,0.1,1.67,0.0389,29.3,91.5,0.997,3.4,0.717,10.79,3
5.54,0.654,0.333,3.47,0.0966,5.5,39.1,0.99684,2.89,0.576,10.19,4
4.31,0.284,0.284,1.48,0.0873,5.1,35.9,0.99867,3.71,0.81,8.95,5
9.9,0.353,0.0,3.15,0.0486,23.4,18.1,0.99742,3.03,0.608,11.68,6
6.63,0.4,0.006,6.36,0.1031,1.0,56.6,0.99363,3.28,0.643,9.96,4
7.53,0.466,0.272,4.88,0.0936,21.6,36.5,0.99842,3.14,0.721,12.62,7
5.94,0.285,0.666,1.27,0.0837,16.9,37.2,0.99645,3.2,0.699,10.73,6
5.9,0.274,0.386,1.96,0.0839,26.6,43.0,0.99459,3.35,0.77,11.79,6
8.0,0.382,0.0,3.02,0.0829,15.3,63.7,0.99406,3.0,0.714,11.09,7
7.06,0.546,0.0,2.42,0.0705,16.5,28.0,0.99887,3.3,0.74,11.85,6
8.94,0.317,0.417,1.33,0.0933,21.0,21.3,0.99689,3.48,0.605,11.03,5
9.07,0.509,0.251,2.97,0.058,9.3,59.8,0.99646,3.18,0.478,10.66,5
8.85,0.721,0.498,2.49,0.2066,8.8,6.0,0.9958,3.1,0.417,11.6,6
8.71,0.296,0.094,5.92,0.03,20.6,26.7,0.99319,3.29,0.376,13.13,8
10.98,0.493,0.34,2.23,0.0607,15.6,9.2,0.99563,3.26,0.96,10.1,5
