numeric__Pclass,numeric__Age,numeric__SibSp,numeric__Parch,numeric__Fare,numeric__FamilySize,numeric__IsAlone,numeric__FarePerPerson,categorical__Sex_female,categorical__Sex_male,categorical__Embarked_C,categorical__Embarked_Q,categorical__Embarked_S,categorical__Title_Master,categorical__Title_Miss,categorical__Title_Mr,categorical__Title_Mrs,categorical__Title_Rare,Survived
0.8295675466232271,-0.08113533197997112,-0.46508427634374117,-0.46618317148792077,0.5138115038918489,-0.5563385795422586,0.800345547492897,0.9578263322470756,0.0,1.0,0.0,0.0,1.0,0.0,0.0,1.0,0.0,0.0,1
-0.3709448379209555,-0.08113533197997112,-0.46508427634374117,-0.46618317148792077,-0.6625632269369692,-0.5563385795422586,0.800345547492897,-0.5411891260264802,0.0,1.0,0.0,0.0,1.0,0.0,0.0,1.0,0.0,0.0,0
-1.571457222465138,-0.08113533197997112,-0.46508427634374117,-0.46618317148792077,3.9553985809041556,-0.5563385795422586,0.800345547492897,5.34332705258401,0.0,1.0,0.0,0.0,1.0,0.0,0.0,1.0,0.0,0.0,0
0.8295675466232271,-0.8878271899997933,-0.46508427634374117,0.7277823612437324,-0.4678743521312413,0.07341192703021858,-1.2494603151507815,-0.4171463251912168,1.0,0.0,0.0,0.0,1.0,0.0,0.0,0.0,1.0,0.0,1
-0.3709448379209555,0.11093415802474844,0.4783345406270387,0.7277823612437324,-0.11597681371233177,0.7031624336026958,-1.2494603151507815,-0.30902345601395514,1.0,0.0,0.0,0.0,1.0,0.0,0.0,0.0,1.0,0.0,1
0.8295675466232271,-0.6573438019941298,-0.46508427634374117,-0.46618317148792077,-0.48696219079802316,-0.5563385795422586,0.800345547492897,-0.3174265266074371,0.0,1.0,0.0,0.0,1.0,0.0,0.0,1.0,0.0,0.0,0
0.8295675466232271,-0.2732048219846907,-0.46508427634374117,-0.46618317148792077,0.5138115038918489,-0.5563385795422586,0.800345547492897,0.9578263322470756,0.0,1.0,0.0,0.0,1.0,0.0,0.0,1.0,0.0,0.0,1
-1.571457222465138,-0.08113533197997112,-0.46508427634374117,-0.46618317148792077,4.075039579498675,-0.5563385795422586,0.800345547492897,5.495781624784921,0.0,1.0,1.0,0.0,0.0,0.0,0.0,1.0,0.0,0.0,0
0.8295675466232271,-0.08113533197997112,-0.46508427634374117,-0.46618317148792077,-0.5011900954135049,-0.5563385795422586,0.800345547492897,-0.335556675443958,0.0,1.0,0.0,1.0,0.0,0.0,0.0,1.0,0.0,0.0,1
0.8295675466232271,0.11093415802474844,0.4783345406270387,-0.46618317148792077,-0.2877611150115036,0.07341192703021858,-1.2494603151507815,-0.3023901511564544,1.0,0.0,0.0,0.0,1.0,0.0,0.0,0.0,1.0,0.0,0
-1.571457222465138,2.0316290580719443,-0.46508427634374117,-0.46618317148792077,0.07662982713825477,-0.5563385795422586,0.800345547492897,0.40074016373862137,0.0,1.0,1.0,0.0,0.0,0.0,0.0,0.0,0.0,1.0,1
0.8295675466232271,-0.6573438019941298,0.4783345406270387,-0.46618317148792077,-0.45798374084431925,0.07341192703021858,-1.2494603151507815,-0.41084468557659115,1.0,0.0,0.0,0.0,1.0,0.0,1.0,0.0,0.0,0.0,0
0.8295675466232271,-0.08113533197997112,7.082266259422497,1.9217478939753856,0.7856304888639273,5.741166486182514,-1.2494603151507815,-0.3734268159031439,0.0,1.0,0.0,0.0,1.0,0.0,0.0,1.0,0.0,0.0,0
-1.571457222465138,2.0316290580719443,-0.46508427634374117,-0.46618317148792077,-0.10973011184690733,-0.5563385795422586,0.800345547492897,0.1632678498400958,0.0,1.0,0.0,0.0,1.0,0.0,0.0,1.0,0.0,0.0,0
0.8295675466232271,-0.6573438019941298,-0.46508427634374117,-0.46618317148792077,-0.5001489784359341,-0.5563385795422586,0.800345547492897,-0.3342300144724578,0.0,1.0,0.0,0.0,1.0,0.0,0.0,1.0,0.0,0.0,0
-1.571457222465138,0.2645897500285241,0.4783345406270387,-0.46618317148792077,1.2114473326903592,0.07341192703021858,-1.2494603151507815,0.6528057483236486,1.0,0.0,0.0,1.0,0.0,0.0,1.0,0.0,0.0,0.0,1
0.8295675466232271,-0.6573438019941298,-0.46508427634374117,-0.46618317148792077,-0.5015378284840135,-0.5563385795422586,0.800345547492897,-0.33599978020843907,0.0,1.0,0.0,1.0,0.0,0.0,0.0,1.0,0.0,0.0,0
0.8295675466232271,-0.08113533197997112,-0.46508427634374117,-0.46618317148792077,-0.5116012651892122,-0.5563385795422586,0.800345547492897,-0.34882328515895944,0.0,1.0,0.0,0.0,1.0,0.0,0.0,1.0,0.0,0.0,0
0.8295675466232271,1.0328677100474024,-0.46508427634374117,-0.46618317148792077,-0.5282591368303441,-0.5563385795422586,0.800345547492897,-0.37004986070296175,0.0,1.0,0.0,0.0,1.0,0.0,0.0,1.0,0.0,0.0,0
0.8295675466232271,-0.08113533197997112,2.3651721745685985,0.7277823612437324,-0.13228695228295498,1.9626634467476503,-1.2494603151507815,-0.4060464181748694,1.0,0.0,0.0,0.0,1.0,0.0,1.0,0.0,0.0,0.0,0
0.8295675466232271,0.03410636202286062,0.4783345406270387,-0.46618317148792077,-0.32732356015919156,0.07341192703021858,-1.2494603151507815,-0.3275967096149571,0.0,1.0,0.0,0.0,1.0,0.0,0.0,1.0,0.0,0.0,0
-1.571457222465138,0.18776195402663626,-0.46508427634374117,-0.46618317148792077,0.9260084554177004,-0.5563385795422586,0.800345547492897,1.4830752907614693,1.0,0.0,1.0,0.0,0.0,0.0,1.0,0.0,0.0,0.0,1
-1.571457222465138,-0.08113533197997112,-0.46508427634374117,-0.46618317148792077,0.9865660655350799,-0.5563385795422586,0.800345547492897,1.5602418528297466,1.0,0.0,1.0,0.0,0.0,0.0,0.0,0.0,1.0,0.0,1
-0.3709448379209555,-0.8109993939979054,-0.46508427634374117,-0.46618317148792077,-0.44392866164711425,-0.5563385795422586,0.800345547492897,-0.26259032201145016,0.0,1.0,0.0,0.0,1.0,0.0,0.0,1.0,0.0,0.0,1
0.8295675466232271,-0.42686041398846636,-0.46508427634374117,-0.46618317148792077,-0.49815419830690855,-0.5563385795422586,0.800345547492897,-0.33168813205106357,0.0,1.0,0.0,0.0,1.0,0.0,0.0,1.0,0.0,0.0,0
-0.3709448379209555,1.186523302051178,-0.46508427634374117,-0.46618317148792077,-0.38146164299287,-0.5563385795422586,0.800345547492897,-0.18299066372144154,1.0,0.0,0.0,0.0,1.0,0.0,0.0,0.0,1.0,0.0,1
0.8295675466232271,-0.5036882099903541,-0.46508427634374117,-0.46618317148792077,-0.49815419830690855,-0.5563385795422586,0.800345547492897,-0.33168813205106357,0.0,1.0,0.0,0.0,1.0,0.0,0.0,1.0,0.0,0.0,0
0.8295675466232271,0.9560399140455145,-0.46508427634374117,0.7277823612437324,-0.48756812087896934,0.07341192703021858,-1.2494603151507815,-0.4296938846596651,0.0,1.0,0.0,0.0,1.0,0.0,0.0,1.0,0.0,0.0,0
-1.571457222465138,0.7255565260398511,0.4783345406270387,0.7277823612437324,1.0689871321814448,0.7031624336026958,-1.2494603151507815,0.19429668108218873,1.0,0.0,1.0,0.0,0.0,0.0,1.0,0.0,0.0,0.0,1
0.8295675466232271,-1.041482782003569,-0.46508427634374117,-0.46618317148792077,-0.4949433935480804,-0.5563385795422586,0.800345547492897,-0.3275967096149571,0.0,1.0,0.0,0.0,1.0,0.0,0.0,1.0,0.0,0.0,1
0.8295675466232271,-0.08113533197997112,-0.46508427634374117,-0.46618317148792077,-0.49815419830690855,-0.5563385795422586,0.800345547492897,-0.33168813205106357,0.0,1.0,0.0,0.0,1.0,0.0,0.0,1.0,0.0,0.0,0
-0.3709448379209555,2.799907018090822,-0.46508427634374117,-0.46618317148792077,-0.44392866164711425,-0.5563385795422586,0.800345547492897,-0.26259032201145016,0.0,1.0,0.0,0.0,1.0,0.0,0.0,1.0,0.0,0.0,0
-1.571457222465138,-0.11954922998091504,-0.46508427634374117,-0.46618317148792077,-0.10973011184690733,-0.5563385795422586,0.800345547492897,0.1632678498400958,0.0,1.0,0.0,0.0,1.0,0.0,0.0,1.0,0.0,0.0,1
-0.3709448379209555,1.647490078062505,-0.46508427634374117,-0.46618317148792077,-0.40176342405549936,-0.5563385795422586,0.800345547492897,-0.20886055266569434,0.0,1.0,0.0,0.0,1.0,0.0,0.0,0.0,0.0,1.0,0
-0.3709448379209555,1.3401788940549537,-0.46508427634374117,-0.46618317148792077,-0.35022813366574784,-0.5563385795422586,0.800345547492897,-0.14319083457643725,0.0,1.0,0.0,0.0,1.0,0.0,0.0,1.0,0.0,0.0,0
0.8295675466232271,-0.8878271899997933,-0.46508427634374117,-0.46618317148792077,-0.4949433935480804,-0.5563385795422586,0.800345547492897,-0.3275967096149571,0.0,1.0,0.0,0.0,1.0,0.0,0.0,1.0,0.0,0.0,1
-0.3709448379209555,0.49507313803418757,-0.46508427634374117,-0.46618317148792077,-0.3918728127685774,-0.5563385795422586,0.800345547492897,-0.19625727343644297,0.0,1.0,0.0,0.0,1.0,0.0,0.0,1.0,0.0,0.0,0
-0.3709448379209555,0.03410636202286062,-0.46508427634374117,-0.46618317148792077,-0.3918728127685774,-0.5563385795422586,0.800345547492897,-0.19625727343644297,1.0,0.0,0.0,0.0,1.0,0.0,1.0,0.0,0.0,0.0,1
-0.3709448379209555,-0.580516005992242,0.4783345406270387,0.7277823612437324,-0.058715379945941185,0.7031624336026958,-1.2494603151507815,-0.2847013382031192,1.0,0.0,0.0,0.0,1.0,0.0,0.0,0.0,1.0,0.0,1
0.8295675466232271,-0.08113533197997112,-0.46508427634374117,-0.46618317148792077,-0.5011900954135049,-0.5563385795422586,0.800345547492897,-0.335556675443958,1.0,0.0,0.0,1.0,0.0,0.0,1.0,0.0,0.0,0.0,0
-0.3709448379209555,-0.35003261798657853,-0.46508427634374117,-0.46618317148792077,-0.3918728127685774,-0.5563385795422586,0.800345547492897,-0.19625727343644297,0.0,1.0,0.0,0.0,1.0,0.0,0.0,1.0,0.0,0.0,0
0.8295675466232271,-0.08113533197997112,-0.46508427634374117,-0.46618317148792077,-0.5120343698518817,-0.5563385795422586,0.800345547492897,-0.34937517612310354,0.0,1.0,1.0,0.0,0.0,0.0,0.0,1.0,0.0,0.0,0
-0.3709448379209555,0.18776195402663626,-0.46508427634374117,-0.46618317148792077,-0.3918728127685774,-0.5563385795422586,0.800345547492897,-0.19625727343644297,1.0,0.0,0.0,0.0,1.0,0.0,0.0,0.0,1.0,0.0,1
0.8295675466232271,-0.08113533197997112,-0.46508427634374117,-0.46618317148792077,-0.5006695369247195,-0.5563385795422586,0.800345547492897,-0.33489334495820794,0.0,1.0,0.0,0.0,1.0,0.0,0.0,1.0,0.0,0.0,1
0.8295675466232271,-0.8109993939979054,0.4783345406270387,-0.46618317148792077,-0.4990204076322475,0.07341192703021858,-1.2494603151507815,-0.43699052000291594,1.0,0.0,0.0,0.0,1.0,0.0,1.0,0.0,0.0,0.0,1
-1.571457222465138,1.7243178740643927,-0.46508427634374117,-0.46618317148792077,-0.02748187061881904,-0.5563385795422586,0.800345547492897,0.2680740665886071,0.0,1.0,0.0,0.0,1.0,0.0,0.0,0.0,0.0,1.0,1
-1.571457222465138,3.1840459981002613,-0.46508427634374117,-0.46618317148792077,0.05901829234566822,-0.5563385795422586,0.800345547492897,0.37829836674472506,0.0,1.0,1.0,0.0,0.0,0.0,0.0,1.0,0.0,0.0,0
0.8295675466232271,0.18776195402663626,-0.46508427634374117,-0.46618317148792077,-0.4975461859920073,-0.5563385795422586,0.800345547492897,-0.33091336204370747,0.0,1.0,0.0,0.0,1.0,0.0,0.0,1.0,0.0,0.0,0
0.8295675466232271,-0.8109993939979054,-0.46508427634374117,-0.46618317148792077,-0.5032723293686463,-0.5563385795422586,0.800345547492897,-0.3382099973869583,0.0,1.0,0.0,0.0,1.0,0.0,0.0,1.0,0.0,0.0,0
0.8295675466232271,-0.08113533197997112,0.4783345406270387,-0.46618317148792077,-0.33981696389004046,0.07341192703021858,-1.2494603151507815,-0.335556675443958,0.0,1.0,0.0,1.0,0.0,0.0,0.0,1.0,0.0,0.0,0
0.8295675466232271,-0.580516005992242,-0.46508427634374117,-0.46618317148792077,-0.4577234615999265,-0.5563385795422586,0.800345547492897,-0.28016857988382704,1.0,0.0,0.0,0.0,1.0,0.0,1.0,0.0,0.0,0.0,0
-1.571457222465138,1.570662282060617,0.4783345406270387,-0.46618317148792077,0.5014055539871158,0.07341192703021858,-1.2494603151507815,0.20041435704209978,0.0,1.0,0.0,0.0,1.0,0.0,0.0,1.0,0.0,0.0,0
0.8295675466232271,-1.963416334026223,2.3651721745685985,1.9217478939753856,-0.08161995345249745,2.592413953320128,-1.2494603151507815,-0.41780965567696693,0.0,1.0,0.0,0.0,1.0,1.0,0.0,0.0,0.0,0.0,0
-1.571457222465138,0.49507313803418757,0.4783345406270387,1.9217478939753856,1.836117519232802,1.3329129401751731,-1.2494603151507815,0.2548074568736057,1.0,0.0,0.0,0.0,1.0,0.0,0.0,0.0,1.0,0.0,1
-1.571457222465138,-0.8109993939979054,0.4783345406270387,-0.46618317148792077,0.4431030032431546,0.07341192703021858,-1.2494603151507815,0.1632678498400958,0.0,1.0,0.0,0.0,1.0,0.0,0.0,1.0,0.0,0.0,0
-1.571457222465138,0.03410636202286062,-0.46508427634374117,-0.46618317148792077,-0.017070700843111658,-0.5563385795422586,0.800345547492897,0.28134067630360854,1.0,0.0,1.0,0.0,0.0,0.0,1.0,0.0,0.0,0.0,1
0.8295675466232271,-0.08113533197997112,-0.46508427634374117,-0.46618317148792077,0.5138115038918489,-0.5563385795422586,0.800345547492897,0.9578263322470756,0.0,1.0,0.0,0.0,1.0,0.0,0.0,1.0,0.0,0.0,1
0.8295675466232271,0.03410636202286062,-0.46508427634374117,-0.46618317148792077,-0.5116012651892122,-0.5563385795422586,0.800345547492897,-0.34882328515895944,0.0,1.0,0.0,0.0,1.0,0.0,0.0,1.0,0.0,0.0,0
0.8295675466232271,-0.6573438019941298,-0.46508427634374117,-0.46618317148792077,-0.4949433935480804,-0.5563385795422586,0.800345547492897,-0.3275967096149571,0.0,1.0,0.0,0.0,1.0,0.0,0.0,1.0,0.0,0.0,0
-0.3709448379209555,0.03410636202286062,0.4783345406270387,-0.46618317148792077,-0.162827077703015,0.07341192703021858,-1.2494603151507815,-0.22279049286644584,0.0,1.0,1.0,0.0,0.0,0.0,0.0,1.0,0.0,0.0,0
-0.3709448379209555,-0.8878271899997933,-0.46508427634374117,0.7277823612437324,-0.18364941725442976,0.07341192703021858,-1.2494603151507815,-0.23605710258144727,1.0,0.0,0.0,0.0,1.0,0.0,1.0,0.0,0.0,0.0,1
0.8295675466232271,-0.8109993939979054,-0.46508427634374117,-0.46618317148792077,-0.6625632269369692,-0.5563385795422586,0.800345547492897,-0.5411891260264802,0.0,1.0,0.0,0.0,1.0,0.0,0.0,1.0,0.0,0.0,0
-1.571457222465138,0.6487287300379633,-0.46508427634374117,-0.46618317148792077,4.075039579498675,-0.5563385795422586,0.800345547492897,5.495781624784921,1.0,0.0,1.0,0.0,0.0,0.0,1.0,0.0,0.0,0.0,1
0.8295675466232271,-1.502449558014896,2.3651721745685985,1.9217478939753856,-0.08161995345249745,2.592413953320128,-1.2494603151507815,-0.41780965567696693,0.0,1.0,0.0,0.0,1.0,1.0,0.0,0.0,0.0,0.0,0
-0.3709448379209555,-0.08113533197997112,-0.46508427634374117,-0.46618317148792077,-0.6625632269369692,-0.5563385795422586,0.800345547492897,-0.5411891260264802,0.0,1.0,0.0,0.0,1.0,0.0,0.0,1.0,0.0,0.0,0
0.8295675466232271,-0.0427214339790272,0.4783345406270387,0.7277823612437324,-0.4447094993802923,0.7031624336026958,-1.2494603151507815,-0.4486545232643452,1.0,0.0,0.0,0.0,1.0,0.0,0.0,0.0,1.0,0.0,0
0.8295675466232271,-0.08113533197997112,-0.46508427634374117,-0.46618317148792077,-0.5102998689672489,-0.5563385795422586,0.800345547492897,-0.34716495894458427,0.0,1.0,0.0,0.0,1.0,0.0,0.0,1.0,0.0,0.0,0
0.8295675466232271,-0.11954922998091504,0.4783345406270387,-0.46618317148792077,-0.3325291450470453,0.07341192703021858,-1.2494603151507815,-0.33091336204370747,0.0,1.0,0.0,0.0,1.0,0.0,0.0,1.0,0.0,0.0,0
0.8295675466232271,0.7255565260398511,0.4783345406270387,5.503644492170345,-0.01134455746647263,3.222164459892605,-1.2494603151507815,-0.42264249207314597,1.0,0.0,0.0,0.0,1.0,0.0,0.0,0.0,1.0,0.0,0
0.8295675466232271,-2.1170719260299986,-0.46508427634374117,0.7277823612437324,-0.4447094993802923,0.07341192703021858,-1.2494603151507815,-0.40238722188327775,1.0,0.0,0.0,0.0,1.0,0.0,1.0,0.0,0.0,0.0,0
-0.3709448379209555,0.03410636202286062,-0.46508427634374117,-0.46618317148792077,-0.44392866164711425,-0.5563385795422586,0.800345547492897,-0.26259032201145016,0.0,1.0,0.0,0.0,1.0,0.0,0.0,1.0,0.0,0.0,0
0.8295675466232271,-0.35003261798657853,-0.46508427634374117,-0.46618317148792077,-0.5121218236779976,-0.5563385795422586,0.800345547492897,-0.3494866156447095,0.0,1.0,1.0,0.0,0.0,0.0,0.0,1.0,0.0,0.0,0
0.8295675466232271,-1.1951383740073447,3.3085909915393783,0.7277823612437324,0.1638233740098041,2.592413953320128,-1.2494603151507815,-0.3656829350051071,0.0,1.0,0.0,0.0,1.0,0.0,0.0,1.0,0.0,0.0,0
-1.571457222465138,0.41824534203229974,0.4783345406270387,-0.46618317148792077,0.4201984297365983,0.07341192703021858,-1.2494603151507815,0.14867457915359422,1.0,0.0,0.0,0.0,1.0,0.0,0.0,0.0,1.0,0.0,1
-1.571457222465138,-0.9646549860016811,-0.46508427634374117,1.9217478939753856,1.6462864962444193,0.7031624336026958,-1.2494603151507815,0.4395078506477986,0.0,1.0,1.0,0.0,0.0,0.0,0.0,1.0,0.0,0.0,1
0.8295675466232271,-0.08113533197997112,-0.46508427634374117,-0.46618317148792077,-0.5017106539022903,-0.5563385795422586,0.800345547492897,-0.3362200059297081,0.0,1.0,0.0,1.0,0.0,0.0,0.0,1.0,0.0,0.0,0
0.8295675466232271,-0.8878271899997933,-0.46508427634374117,-0.46618317148792077,-0.5220124349649197,-0.5563385795422586,0.800345547492897,-0.36208989487396087,1.0,0.0,0.0,1.0,0.0,0.0,1.0,0.0,0.0,0.0,0
0.8295675466232271,-0.5036882099903541,-0.46508427634374117,-0.46618317148792077,-0.5053545633237878,-0.5563385795422586,0.800345547492897,-0.34086331932995856,1.0,0.0,0.0,0.0,1.0,0.0,1.0,0.0,0.0,0.0,1
0.8295675466232271,1.570662282060617,-0.46508427634374117,-0.46618317148792077,-0.4949433935480804,-0.5563385795422586,0.800345547492897,-0.3275967096149571,0.0,1.0,0.0,0.0,1.0,0.0,0.0,1.0,0.0,0.0,0
-1.571457222465138,-0.6573438019941298,1.4217533575978185,1.9217478939753856,4.800698112865479,1.9626634467476503,-1.2494603151507815,0.85114156356292,1.0,0.0,1.0,0.0,0.0,0.0,1.0,0.0,0.0,0.0,1
-1.571457222465138,2.1852846500757197,-0.46508427634374117,-0.46618317148792077,2.3883426220079627,-0.5563385795422586,0.800345547492897,3.346479411433083,1.0,0.0,1.0,0.0,0.0,0.0,1.0,0.0,0.0,0.0,1
-0.3709448379209555,-2.0402441300281104,0.4783345406270387,1.9217478939753856,0.2032129937392154,1.3329129401751731,-1.2494603151507815,-0.26538161669548643,1.0,0.0,1.0,0.0,0.0,0.0,1.0,0.0,0.0,0.0,1
-0.3709448379209555,-1.2719661700092324,-0.46508427634374117,0.7277823612437324,-0.25652760568438143,0.07341192703021858,-1.2494603151507815,-0.2824902365839523,1.0,0.0,0.0,0.0,1.0,0.0,1.0,0.0,0.0,0.0,1
-0.3709448379209555,2.108456854073832,-0.46508427634374117,-0.46618317148792077,-0.40540733347699703,-0.5563385795422586,0.800345547492897,-0.21350386606594485,0.0,1.0,0.0,1.0,0.0,0.0,0.0,0.0,0.0,1.0,0
-0.3709448379209555,-1.041482782003569,-0.46508427634374117,-0.46618317148792077,-0.12118239860018547,-0.5563385795422586,0.800345547492897,0.14867457915359422,0.0,1.0,0.0,0.0,1.0,0.0,0.0,1.0,0.0,0.0,0
0.8295675466232271,-0.08113533197997112,-0.46508427634374117,-0.46618317148792077,-0.5011900954135049,-0.5563385795422586,0.800345547492897,-0.335556675443958,1.0,0.0,0.0,1.0,0.0,0.0,1.0,0.0,0.0,0.0,1
-0.3709448379209555,2.3389402420794956,0.4783345406270387,0.7277823612437324,0.14950801556820642,0.7031624336026958,-1.2494603151507815,-0.19625727343644297,0.0,1.0,0.0,0.0,1.0,0.0,0.0,1.0,0.0,0.0,0
-1.571457222465138,-0.580516005992242,-0.46508427634374117,-0.46618317148792077,2.1616394001419343,-0.5563385795422586,0.800345547492897,3.0575989848889265,0.0,1.0,1.0,0.0,0.0,0.0,0.0,1.0,0.0,0.0,0
-0.3709448379209555,0.03410636202286062,-0.46508427634374117,-0.46618317148792077,-0.3918728127685774,-0.5563385795422586,0.800345547492897,-0.19625727343644297,0.0,1.0,0.0,0.0,1.0,0.0,0.0,1.0,0.0,0.0,0
0.8295675466232271,-0.9646549860016811,-0.46508427634374117,-0.46618317148792077,-0.48218971057283894,-0.5563385795422586,0.800345547492897,-0.3113451127140804,0.0,1.0,0.0,0.0,1.0,0.0,0.0,1.0,0.0,0.0,0
0.8295675466232271,-0.35003261798657853,-0.46508427634374117,-0.46618317148792077,-0.49815419830690855,-0.5563385795422586,0.800345547492897,-0.33168813205106357,0.0,1.0,0.0,0.0,1.0,0.0,0.0,1.0,0.0,0.0,0
0.8295675466232271,-0.19637702598280285,-0.46508427634374117,-0.46618317148792077,-0.48218971057283894,-0.5563385795422586,0.800345547492897,-0.3113451127140804,0.0,1.0,0.0,0.0,1.0,0.0,0.0,1.0,0.0,0.0,1
0.8295675466232271,0.49507313803418757,-0.46508427634374117,-0.46618317148792077,-0.6625632269369692,-0.5563385795422586,0.800345547492897,-0.5411891260264802,0.0,1.0,0.0,0.0,1.0,0.0,0.0,1.0,0.0,0.0,0
0.8295675466232271,-0.08113533197997112,-0.46508427634374117,-0.46618317148792077,-0.4949433935480804,-0.5563385795422586,0.800345547492897,-0.3275967096149571,1.0,0.0,0.0,0.0,1.0,0.0,0.0,0.0,1.0,0.0,0
0.8295675466232271,-0.08113533197997112,-0.46508427634374117,-0.46618317148792077,-0.5120343698518817,-0.5563385795422586,0.800345547492897,-0.34937517612310354,1.0,0.0,1.0,0.0,0.0,0.0,0.0,0.0,1.0,0.0,1
0.8295675466232271,-0.0427214339790272,-0.46508427634374117,-0.46618317148792077,-0.46509873426903764,-0.5563385795422586,0.800345547492897,-0.28956664620593403,0.0,1.0,0.0,0.0,1.0,0.0,0.0,1.0,0.0,0.0,0
-1.571457222465138,0.03410636202286062,-0.46508427634374117,-0.46618317148792077,1.5534542598223466,-0.5563385795422586,0.800345547492897,2.2826087518115745,1.0,0.0,1.0,0.0,0.0,0.0,1.0,0.0,0.0,0.0,1
0.8295675466232271,-0.08113533197997112,-0.46508427634374117,-0.46618317148792077,-0.4949433935480804,-0.5563385795422586,0.800345547492897,-0.3275967096149571,0.0,1.0,0.0,0.0,1.0,0.0,0.0,1.0,0.0,0.0,0
-1.571457222465138,1.647490078062505,-0.46508427634374117,0.7277823612437324,0.6154953168572276,0.07341192703021858,-1.2494603151507815,0.2731047649925356,0.0,1.0,1.0,0.0,0.0,0.0,0.0,1.0,0.0,0.0,0
0.8295675466232271,-1.041482782003569,-0.46508427634374117,-0.46618317148792077,-0.5015378284840135,-0.5563385795422586,0.800345547492897,-0.33599978020843907,1.0,0.0,0.0,1.0,0.0,0.0,1.0,0.0,0.0,0.0,1
0.8295675466232271,-0.08113533197997112,-0.46508427634374117,-0.46618317148792077,-0.5011900954135049,-0.5563385795422586,0.800345547492897,-0.335556675443958,1.0,0.0,0.0,1.0,0.0,0.0,1.0,0.0,0.0,0.0,1
0.8295675466232271,-2.1938997220318863,-0.46508427634374117,1.9217478939753856,-0.3347842044204636,0.7031624336026958,-1.2494603151507815,-0.4019631325927215,1.0,0.0,1.0,0.0,0.0,0.0,1.0,0.0,0.0,0.0,1
0.8295675466232271,-0.580516005992242,-0.46508427634374117,-0.46618317148792077,-0.5002364322620501,-0.5563385795422586,0.800345547492897,-0.3343414539940639,0.0,1.0,0.0,0.0,1.0,0.0,0.0,1.0,0.0,0.0,0
0.8295675466232271,-0.08113533197997112,0.4783345406270387,0.7277823612437324,-0.1970111125445726,0.7031624336026958,-1.2494603151507815,-0.34344323269920257,1.0,0.0,1.0,0.0,0.0,0.0,1.0,0.0,0.0,0.0,1
0.8295675466232271,-1.7329329460205594,3.3085909915393783,0.7277823612437324,-0.05611258750201434,2.592413953320128,-1.2494603151507815,-0.4123924567100079,0.0,1.0,0.0,1.0,0.0,1.0,0.0,0.0,0.0,0.0,0
-1.571457222465138,-0.08113533197997112,-0.46508427634374117,-0.46618317148792077,-0.02748187061881904,-0.5563385795422586,0.800345547492897,0.2680740665886071,0.0,1.0,0.0,0.0,1.0,0.0,0.0,1.0,0.0,0.0,1
0.8295675466232271,-0.08113533197997112,0.4783345406270387,-0.46618317148792077,-0.5011900954135049,0.07341192703021858,-1.2494603151507815,-0.43837290073521906,0.0,1.0,0.0,1.0,0.0,0.0,0.0,1.0,0.0,0.0,0
-1.571457222465138,0.2645897500285241,0.4783345406270387,-0.46618317148792077,0.4431030032431546,0.07341192703021858,-1.2494603151507815,0.1632678498400958,1.0,0.0,0.0,0.0,1.0,0.0,0.0,0.0,1.0,0.0,1
0.8295675466232271,-1.7329329460205594,3.3085909915393783,0.7277823612437324,0.1638233740098041,2.592413953320128,-1.2494603151507815,-0.3656829350051071,0.0,1.0,0.0,0.0,1.0,1.0,0.0,0.0,0.0,0.0,0
0.8295675466232271,0.18776195402663626,-0.46508427634374117,-0.46618317148792077,-0.5011900954135049,-0.5563385795422586,0.800345547492897,-0.335556675443958,0.0,1.0,0.0,1.0,0.0,0.0,0.0,1.0,0.0,0.0,0
-0.3709448379209555,1.570662282060617,-0.46508427634374117,-0.46618317148792077,-0.3918728127685774,-0.5563385795422586,0.800345547492897,-0.19625727343644297,0.0,1.0,0.0,0.0,1.0,0.0,0.0,1.0,0.0,0.0,0
-0.3709448379209555,2.2621124460776074,-0.46508427634374117,-0.46618317148792077,-0.38146164299287,-0.5563385795422586,0.800345547492897,-0.18299066372144154,0.0,1.0,0.0,0.0,1.0,0.0,0.0,1.0,0.0,0.0,0
-1.571457222465138,-0.11954922998091504,0.4783345406270387,-0.46618317148792077,1.0484250718744228,0.07341192703021858,-1.2494603151507815,0.5489388075429593,0.0,1.0,1.0,0.0,0.0,0.0,0.0,1.0,0.0,0.0,0
0.8295675466232271,-0.08113533197997112,-0.46508427634374117,-0.46618317148792077,-0.4949433935480804,-0.5563385795422586,0.800345547492897,-0.3275967096149571,0.0,1.0,0.0,0.0,1.0,0.0,0.0,1.0,0.0,0.0,0
-1.571457222465138,2.3389402420794956,-0.46508427634374117,-0.46618317148792077,-0.10973011184690733,-0.5563385795422586,0.800345547492897,0.1632678498400958,0.0,1.0,0.0,0.0,1.0,0.0,0.0,0.0,0.0,1.0,0
0.8295675466232271,-0.9646549860016811,-0.46508427634374117,-0.46618317148792077,-0.36150759500074925,-0.5563385795422586,0.800345547492897,-0.1575638795416698,1.0,0.0,1.0,0.0,0.0,0.0,1.0,0.0,0.0,0.0,0
-0.3709448379209555,0.22617585202758017,0.4783345406270387,-0.46618317148792077,-0.03641881875428629,0.07341192703021858,-1.2494603151507815,-0.1422515586086152,0.0,1.0,1.0,0.0,0.0,0.0,0.0,1.0,0.0,0.0,0
-1.571457222465138,-0.6573438019941298,-0.46508427634374117,-0.46618317148792077,0.9607109665140879,-0.5563385795422586,0.800345547492897,1.5272955542635118,1.0,0.0,0.0,0.0,1.0,0.0,1.0,0.0,0.0,0.0,1
0.8295675466232271,-2.0402441300281104,3.3085909915393783,1.9217478939753856,-0.009002044266938455,3.222164459892605,-1.2494603151507815,-0.42221606533230666,0.0,1.0,0.0,0.0,1.0,1.0,0.0,0.0,0.0,0.0,1
-0.3709448379209555,-0.8109993939979054,-0.46508427634374117,-0.46618317148792077,-0.44392866164711425,-0.5563385795422586,0.800345547492897,-0.26259032201145016,0.0,1.0,0.0,0.0,1.0,0.0,0.0,1.0,0.0,0.0,0
-0.3709448379209555,-0.42686041398846636,1.4217533575978185,3.1157134267070385,-0.2721443603479425,2.592413953320128,-1.2494603151507815,-0.45827281530772124,1.0,0.0,0.0,0.0,1.0,0.0,0.0,0.0,1.0,0.0,1
-1.571457222465138,-0.8878271899997933,-0.46508427634374117,1.9217478939753856,0.9959361183332165,0.7031624336026958,-1.2494603151507815,0.1632678498400958,1.0,0.0,0.0,0.0,1.0,0.0,1.0,0.0,0.0,0.0,1
-1.571457222465138,1.4938344860587294,-0.46508427634374117,-0.46618317148792077,-0.1226566202404256,-0.5563385795422586,0.800345547492897,0.14679602721795004,1.0,0.0,0.0,0.0,1.0,0.0,0.0,0.0,0.0,1.0,1
0.8295675466232271,0.8792121180436268,-0.46508427634374117,1.9217478939753856,-0.24169168875399843,0.7031624336026958,-1.2494603151507815,-0.3624215601168359,1.0,0.0,0.0,0.0,1.0,0.0,0.0,0.0,1.0,0.0,0
0.8295675466232271,0.03410636202286062,-0.46508427634374117,-0.46618317148792077,-0.464751001198529,-0.5563385795422586,0.800345547492897,-0.28912354144145297,0.0,1.0,0.0,0.0,1.0,0.0,0.0,1.0,0.0,0.0,1
0.8295675466232271,2.2621124460776074,-0.46508427634374117,-0.46618317148792077,-0.5116012651892122,-0.5563385795422586,0.800345547492897,-0.34882328515895944,0.0,1.0,0.0,0.0,1.0,0.0,0.0,1.0,0.0,0.0,0
0.8295675466232271,-1.963416334026223,-0.46508427634374117,0.7277823612437324,-0.3831961438775028,0.07341192703021858,-1.2494603151507815,-0.3631950034632205,1.0,0.0,1.0,0.0,0.0,0.0,1.0,0.0,0.0,0.0,1
0.8295675466232271,-0.08113533197997112,-0.46508427634374117,1.9217478939753856,-0.3451100026040101,0.7031624336026958,-1.2494603151507815,-0.406349073764501,1.0,0.0,1.0,0.0,0.0,0.0,0.0,0.0,1.0,0.0,0
0.8295675466232271,1.647490078062505,-0.46508427634374117,-0.46618317148792077,-0.5011900954135049,-0.5563385795422586,0.800345547492897,-0.335556675443958,0.0,1.0,0.0,0.0,1.0,0.0,0.0,1.0,0.0,0.0,0
-0.3709448379209555,1.186523302051178,0.4783345406270387,0.7277823612437324,-0.11597681371233177,0.7031624336026958,-1.2494603151507815,-0.30902345601395514,1.0,0.0,0.0,0.0,1.0,0.0,0.0,0.0,1.0,0.0,1
0.8295675466232271,-0.8878271899997933,0.4783345406270387,0.7277823612437324,-0.24169168875399843,0.7031624336026958,-1.2494603151507815,-0.3624215601168359,0.0,1.0,0.0,0.0,1.0,0.0,0.0,1.0,0.0,0.0,0
0.8295675466232271,-0.08113533197997112,7.082266259422497,1.9217478939753856,0.7856304888639273,5.741166486182514,-1.2494603151507815,-0.3734268159031439,1.0,0.0,0.0,0.0,1.0,0.0,1.0,0.0,0.0,0.0,0
0.8295675466232271,-0.08113533197997112,0.4783345406270387,-0.46618317148792077,-0.33981696389004046,0.07341192703021858,-1.2494603151507815,-0.335556675443958,1.0,0.0,0.0,1.0,0.0,0.0,1.0,0.0,0.0,0.0,1
-0.3709448379209555,-0.11954922998091504,-0.46508427634374117,0.7277823612437324,0.024573978259717865,0.07341192703021858,-1.2494603151507815,-0.10339100543143297,0.0,1.0,0.0,0.0,1.0,0.0,0.0,0.0,0.0,1.0,0
0.8295675466232271,1.9932151600710002,-0.46508427634374117,-0.46618317148792077,-0.4949433935480804,-0.5563385795422586,0.800345547492897,-0.3275967096149571,0.0,1.0,0.0,0.0,1.0,0.0,0.0,1.0,0.0,0.0,0
-1.571457222465138,-0.42686041398846636,-0.46508427634374117,0.7277823612437324,4.491398916700854,0.07341192703021858,-1.2494603151507815,2.7425727239184456,0.0,1.0,1.0,0.0,0.0,0.0,0.0,1.0,0.0,0.0,0
-1.571457222465138,-0.08113533197997112,-0.46508427634374117,-0.46618317148792077,-0.6625632269369692,-0.5563385795422586,0.800345547492897,-0.5411891260264802,0.0,1.0,0.0,0.0,1.0,0.0,0.0,1.0,0.0,0.0,0
0.8295675466232271,-0.08113533197997112,0.4783345406270387,-0.46618317148792077,-0.32732356015919156,0.07341192703021858,-1.2494603151507815,-0.3275967096149571,1.0,0.0,0.0,0.0,1.0,0.0,0.0,0.0,1.0,0.0,1
0.8295675466232271,-0.08113533197997112,0.4783345406270387,1.9217478939753856,-0.17427936445629313,1.3329129401751731,-1.2494603151507815,-0.38563812711808837,0.0,1.0,0.0,0.0,1.0,0.0,0.0,1.0,0.0,0.0,0
0.8295675466232271,-0.08113533197997112,7.082266259422497,1.9217478939753856,0.7856304888639273,5.741166486182514,-1.2494603151507815,-0.3734268159031439,0.0,1.0,0.0,0.0,1.0,1.0,0.0,0.0,0.0,0.0,0
-0.3709448379209555,-0.0427214339790272,0.4783345406270387,-0.46618317148792077,-0.12118239860018547,0.07341192703021858,-1.2494603151507815,-0.19625727343644297,1.0,0.0,0.0,0.0,1.0,0.0,0.0,0.0,1.0,0.0,1
-1.571457222465138,2.1852846500757197,-0.46508427634374117,0.7277823612437324,2.5328850564720184,0.07341192703021858,-1.2494603151507815,1.494737967361927,1.0,0.0,0.0,0.0,1.0,0.0,0.0,0.0,1.0,0.0,1
0.8295675466232271,-0.2732048219846907,-0.46508427634374117,-0.46618317148792077,-0.4975461859920073,-0.5563385795422586,0.800345547492897,-0.33091336204370747,1.0,0.0,0.0,0.0,1.0,0.0,1.0,0.0,0.0,0.0,1
-1.571457222465138,1.1096955060492901,-0.46508427634374117,0.7277823612437324,0.5446993623824175,0.07341192703021858,-1.2494603151507815,0.22799829196153074,1.0,0.0,1.0,0.0,0.0,0.0,0.0,0.0,1.0,0.0,1
0.8295675466232271,-0.08113533197997112,-0.46508427634374117,-0.46618317148792077,-0.5121218236779976,-0.5563385795422586,0.800345547492897,-0.3494866156447095,0.0,1.0,1.0,0.0,0.0,0.0,0.0,1.0,0.0,0.0,0
0.8295675466232271,0.18776195402663626,-0.46508427634374117,-0.46618317148792077,-0.4884364124382633,-0.5563385795422586,0.800345547492897,-0.3193050785430812,0.0,1.0,0.0,0.0,1.0,0.0,0.0,1.0,0.0,0.0,0
-0.3709448379209555,-0.2732048219846907,-0.46508427634374117,-0.46618317148792077,-0.44392866164711425,-0.5563385795422586,0.800345547492897,-0.26259032201145016,0.0,1.0,0.0,0.0,1.0,0.0,0.0,1.0,0.0,0.0,0
0.8295675466232271,-1.041482782003569,-0.46508427634374117,-0.46618317148792077,-0.4949433935480804,-0.5563385795422586,0.800345547492897,-0.3275967096149571,0.0,1.0,0.0,0.0,1.0,0.0,0.0,1.0,0.0,0.0,0
0.8295675466232271,-0.8109993939979054,-0.46508427634374117,-0.46618317148792077,-0.5006695369247195,-0.5563385795422586,0.800345547492897,-0.33489334495820794,0.0,1.0,0.0,0.0,1.0,0.0,0.0,1.0,0.0,0.0,0
0.8295675466232271,-0.08113533197997112,-0.46508427634374117,-0.46618317148792077,-0.49815419830690855,-0.5563385795422586,0.800345547492897,-0.33168813205106357,0.0,1.0,0.0,0.0,1.0,0.0,0.0,1.0,0.0,0.0,0
0.8295675466232271,1.4170066900568414,-0.46508427634374117,-0.46618317148792077,-0.4990204076322475,-0.5563385795422586,0.800345547492897,-0.33279191397935176,0.0,1.0,0.0,0.0,1.0,0.0,0.0,1.0,0.0,0.0,0
0.8295675466232271,-0.08113533197997112,-0.46508427634374117,-0.46618317148792077,-0.5011900954135049,-0.5563385795422586,0.800345547492897,-0.335556675443958,0.0,1.0,0.0,1.0,0.0,0.0,0.0,1.0,0.0,0.0,0
0.8295675466232271,-1.5792773540167837,4.252009808510158,1.9217478939753856,0.314004498024383,3.851914966465082,-1.2494603151507815,-0.38563812711808837,0.0,1.0,0.0,0.0,1.0,1.0,0.0,0.0,0.0,0.0,0
-1.571457222465138,0.41824534203229974,0.4783345406270387,-0.46618317148792077,1.0755815671173778,0.07341192703021858,-1.2494603151507815,0.5662411199332642,1.0,0.0,0.0,0.0,1.0,0.0,0.0,0.0,1.0,0.0,1
0.8295675466232271,-1.3487939660111203,0.4783345406270387,-0.46618317148792077,-0.42848473240183,0.07341192703021858,-1.2494603151507815,-0.3920498795933486,0.0,1.0,1.0,0.0,0.0,1.0,0.0,0.0,0.0,0.0,1
0.8295675466232271,0.11093415802474844,-0.46508427634374117,-0.46618317148792077,-0.4990204076322475,-0.5563385795422586,0.800345547492897,-0.33279191397935176,1.0,0.0,0.0,0.0,1.0,0.0,1.0,0.0,0.0,0.0,0
-0.3709448379209555,-0.19637702598280285,0.4783345406270387,-0.46618317148792077,-0.3740009987315981,0.07341192703021858,-1.2494603151507815,-0.35733646861307583,1.0,0.0,1.0,0.0,0.0,0.0,1.0,0.0,0.0,0.0,1
-1.571457222465138,1.0328677100474024,-0.46508427634374117,0.7277823612437324,3.7379779580101484,0.07341192703021858,-1.2494603151507815,2.262543004617635,1.0,0.0,0.0,0.0,1.0,0.0,0.0,0.0,1.0,0.0,1
0.8295675466232271,0.07252026002380453,-0.46508427634374117,-0.46618317148792077,-0.5011900954135049,-0.5563385795422586,0.800345547492897,-0.335556675443958,1.0,0.0,0.0,1.0,0.0,0.0,1.0,0.0,0.0,0.0,0
0.8295675466232271,0.3414175460304119,-0.46508427634374117,-0.46618317148792077,-0.4949433935480804,-0.5563385795422586,0.800345547492897,-0.3275967096149571,0.0,1.0,0.0,0.0,1.0,0.0,0.0,1.0,0.0,0.0,0
-0.3709448379209555,-0.08113533197997112,-0.46508427634374117,-0.46618317148792077,-0.6625632269369692,-0.5563385795422586,0.800345547492897,-0.5411891260264802,0.0,1.0,0.0,0.0,1.0,0.0,0.0,1.0,0.0,0.0,0
-0.3709448379209555,-0.5036882099903541,-0.46508427634374117,-0.46618317148792077,-0.3918728127685774,-0.5563385795422586,0.800345547492897,-0.19625727343644297,0.0,1.0,0.0,0.0,1.0,0.0,0.0,1.0,0.0,0.0,0
0.8295675466232271,-0.42686041398846636,-0.46508427634374117,1.9217478939753856,-0.3148301564283428,0.7031624336026958,-1.2494603151507815,-0.39348753786613094,1.0,0.0,0.0,0.0,1.0,0.0,0.0,0.0,1.0,0.0,1
-0.3709448379209555,0.7255565260398511,-0.46508427634374117,-0.46618317148792077,-0.12118239860018547,-0.5563385795422586,0.800345547492897,0.14867457915359422,0.0,1.0,0.0,0.0,1.0,0.0,0.0,1.0,0.0,0.0,0
-0.3709448379209555,-0.42686041398846636,-0.46508427634374117,-0.46618317148792077,-0.3918728127685774,-0.5563385795422586,0.800345547492897,-0.19625727343644297,1.0,0.0,0.0,0.0,1.0,0.0,1.0,0.0,0.0,0.0,1
0.8295675466232271,-0.08113533197997112,-0.46508427634374117,-0.46618317148792077,-0.4995409661210328,-0.5563385795422586,0.800345547492897,-0.3334552444651018,0.0,1.0,0.0,1.0,0.0,0.0,0.0,1.0,0.0,0.0,0
0.8295675466232271,-2.2131066710323584,1.4217533575978185,0.7277823612437324,-0.2615603651539584,1.3329129401751731,-1.2494603151507815,-0.41344295108927415,1.0,0.0,1.0,0.0,0.0,0.0,1.0,0.0,0.0,0.0,1
-0.3709448379209555,0.3414175460304119,-0.46508427634374117,-0.46618317148792077,-0.3918728127685774,-0.5563385795422586,0.800345547492897,-0.19625727343644297,0.0,1.0,0.0,0.0,1.0,0.0,0.0,1.0,0.0,0.0,0
0.8295675466232271,-0.5036882099903541,-0.46508427634374117,-0.46618317148792077,-0.47047714457516815,-0.5563385795422586,0.800345547492897,-0.2964201767847038,0.0,1.0,0.0,0.0,1.0,0.0,0.0,1.0,0.0,0.0,0
-0.3709448379209555,0.9560399140455145,0.4783345406270387,-0.46618317148792077,-0.12118239860018547,0.07341192703021858,-1.2494603151507815,-0.19625727343644297,1.0,0.0,0.0,0.0,1.0,0.0,0.0,0.0,1.0,0.0,1
0.8295675466232271,-0.08113533197997112,-0.46508427634374117,-0.46618317148792077,-0.4864416323092378,-0.5563385795422586,0.800345547492897,-0.31676319612168696,0.0,1.0,0.0,1.0,0.0,0.0,0.0,1.0,0.0,0.0,0
0.8295675466232271,-0.580516005992242,-0.46508427634374117,-0.46618317148792077,-0.4949433935480804,-0.5563385795422586,0.800345547492897,-0.3275967096149571,0.0,1.0,0.0,0.0,1.0,0.0,0.0,1.0,0.0,0.0,0
-0.3709448379209555,-2.2069604473522073,-0.46508427634374117,1.9217478939753856,-0.058715379945941185,0.7031624336026958,-1.2494603151507815,-0.2847013382031192,0.0,1.0,0.0,0.0,1.0,1.0,0.0,0.0,0.0,0.0,1
0.8295675466232271,-0.08113533197997112,-0.46508427634374117,-0.46618317148792077,-0.5053545633237878,-0.5563385795422586,0.800345547492897,-0.34086331932995856,1.0,0.0,0.0,0.0,1.0,0.0,1.0,0.0,0.0,0.0,0
-0.3709448379209555,1.7243178740643927,-0.46508427634374117,-0.46618317148792077,-0.38146164299287,-0.5563385795422586,0.800345547492897,-0.18299066372144154,0.0,1.0,0.0,0.0,1.0,0.0,0.0,1.0,0.0,0.0,0
0.8295675466232271,-0.9646549860016811,0.4783345406270387,-0.46618317148792077,-0.5156782792733793,0.07341192703021858,-1.2494603151507815,-0.44760380777491704,0.0,1.0,0.0,0.0,1.0,0.0,0.0,1.0,0.0,0.0,0
-1.571457222465138,1.4938344860587294,0.4783345406270387,-0.46618317148792077,1.192794680920202,0.07341192703021858,-1.2494603151507815,0.6409215193409503,0.0,1.0,1.0,0.0,0.0,0.0,0.0,1.0,0.0,0.0,1
0.8295675466232271,1.1096955060492901,-0.46508427634374117,-0.46618317148792077,-0.4975461859920073,-0.5563385795422586,0.800345547492897,-0.33091336204370747,0.0,1.0,0.0,0.0,1.0,0.0,0.0,1.0,0.0,0.0,1
0.8295675466232271,-1.8097607420224473,-0.46508427634374117,0.7277823612437324,-0.4028045410330702,0.07341192703021858,-1.2494603151507815,-0.37568816983183734,0.0,1.0,0.0,0.0,1.0,1.0,0.0,0.0,0.0,0.0,1
-1.571457222465138,2.6462514260870464,-0.46508427634374117,-0.46618317148792077,-0.12118239860018547,-0.5563385795422586,0.800345547492897,0.14867457915359422,0.0,1.0,0.0,0.0,1.0,0.0,0.0,1.0,0.0,0.0,0
0.8295675466232271,-0.8878271899997933,-0.46508427634374117,-0.46618317148792077,-0.5006695369247195,-0.5563385795422586,0.800345547492897,-0.33489334495820794,1.0,0.0,0.0,0.0,1.0,0.0,1.0,0.0,0.0,0.0,0
0.8295675466232271,-0.8109993939979054,-0.46508427634374117,-0.46618317148792077,-0.36063930344145523,-0.5563385795422586,0.800345547492897,-0.15645744429143868,0.0,1.0,0.0,0.0,1.0,0.0,0.0,1.0,0.0,0.0,0
0.8295675466232271,-0.2732048219846907,0.4783345406270387,1.9217478939753856,-0.23414359066661056,1.3329129401751731,-1.2494603151507815,-0.40470887858340293,0.0,1.0,0.0,0.0,1.0,0.0,0.0,1.0,0.0,0.0,0
-0.3709448379209555,1.0328677100474024,0.4783345406270387,0.7277823612437324,-0.11597681371233177,0.7031624336026958,-1.2494603151507815,-0.30902345601395514,0.0,1.0,0.0,0.0,1.0,0.0,0.0,1.0,0.0,0.0,0
0.8295675466232271,-0.08113533197997112,-0.46508427634374117,-0.46618317148792077,-0.1597037267703028,-0.5563385795422586,0.800345547492897,0.09958812320808888,0.0,1.0,0.0,1.0,0.0,0.0,0.0,1.0,0.0,0.0,0
0.8295675466232271,-0.5036882099903541,-0.46508427634374117,-0.46618317148792077,-0.4975461859920073,-0.5563385795422586,0.800345547492897,-0.33091336204370747,1.0,0.0,0.0,0.0,1.0,0.0,1.0,0.0,0.0,0.0,0
0.8295675466232271,-1.041482782003569,3.3085909915393783,0.7277823612437324,0.1638233740098041,2.592413953320128,-1.2494603151507815,-0.3656829350051071,0.0,1.0,0.0,0.0,1.0,0.0,0.0,1.0,0.0,0.0,0
-1.571457222465138,0.49507313803418757,-0.46508427634374117,1.9217478939753856,0.8158228812134788,0.7031624336026958,-1.2494603151507815,0.0867637338169209,1.0,0.0,0.0,0.0,1.0,0.0,1.0,0.0,0.0,0.0,1
-1.571457222465138,-0.580516005992242,-0.46508427634374117,0.7277823612437324,0.48266544839084263,0.07341192703021858,-1.2494603151507815,0.18847440829859852,1.0,0.0,0.0,0.0,1.0,0.0,1.0,0.0,0.0,0.0,1
0.8295675466232271,-0.8109993939979054,-0.46508427634374117,-0.46618317148792077,-0.49815419830690855,-0.5563385795422586,0.800345547492897,-0.33168813205106357,0.0,1.0,0.0,0.0,1.0,0.0,0.0,1.0,0.0,0.0,0
0.8295675466232271,-0.08113533197997112,-0.46508427634374117,-0.46618317148792077,-0.49849984914346207,-0.5563385795422586,0.800345547492897,-0.33212858349360164,1.0,0.0,0.0,1.0,0.0,0.0,1.0,0.0,0.0,0.0,1
0.8295675466232271,1.3401788940549537,-0.46508427634374117,-0.46618317148792077,-0.4751621709742364,-0.5563385795422586,0.800345547492897,-0.3023901511564544,0.0,1.0,0.0,0.0,1.0,0.0,0.0,1.0,0.0,0.0,0
-0.3709448379209555,0.8023843220417389,-0.46508427634374117,-0.46618317148792077,-0.3346113790021868,-0.5563385795422586,0.800345547492897,-0.12329092000393511,1.0,0.0,0.0,0.0,1.0,0.0,0.0,0.0,1.0,0.0,1
0.8295675466232271,-0.7341715979960176,0.4783345406270387,-0.46618317148792077,-0.45798374084431925,0.07341192703021858,-1.2494603151507815,-0.41084468557659115,1.0,0.0,0.0,0.0,1.0,0.0,1.0,0.0,0.0,0.0,0
-0.3709448379209555,0.49507313803418757,0.4783345406270387,-0.46618317148792077,-0.12118239860018547,0.07341192703021858,-1.2494603151507815,-0.19625727343644297,1.0,0.0,0.0,0.0,1.0,0.0,0.0,0.0,1.0,0.0,1
0.8295675466232271,-0.8878271899997933,0.4783345406270387,0.7277823612437324,-0.4990204076322475,0.7031624336026958,-1.2494603151507815,-0.47172338867743735,0.0,1.0,0.0,0.0,1.0,0.0,0.0,1.0,0.0,0.0,0
-0.3709448379209555,-0.8878271899997933,-0.46508427634374117,-0.46618317148792077,-0.42310632209569954,-0.5563385795422586,0.800345547492897,-0.23605710258144727,0.0,1.0,0.0,0.0,1.0,0.0,0.0,1.0,0.0,0.0,0
0.8295675466232271,0.18776195402663626,-0.46508427634374117,-0.46618317148792077,0.5138115038918489,-0.5563385795422586,0.800345547492897,0.9578263322470756,0.0,1.0,0.0,0.0,1.0,0.0,0.0,1.0,0.0,0.0,1
0.8295675466232271,0.2645897500285241,-0.46508427634374117,-0.46618317148792077,-0.49815419830690855,-0.5563385795422586,0.800345547492897,-0.33168813205106357,0.0,1.0,1.0,0.0,0.0,0.0,0.0,1.0,0.0,0.0,0
-1.571457222465138,0.41824534203229974,-0.46508427634374117,-0.46618317148792077,-0.10973011184690733,-0.5563385795422586,0.800345547492897,0.1632678498400958,0.0,1.0,1.0,0.0,0.0,0.0,0.0,1.0,0.0,0.0,1
-1.571457222465138,2.6462514260870464,0.4783345406270387,4.309678959438692,4.813712075085113,2.592413953320128,-1.2494603151507815,0.621850325655312,0.0,1.0,0.0,0.0,1.0,0.0,0.0,1.0,0.0,0.0,0
-1.571457222465138,1.7243178740643927,0.4783345406270387,0.7277823612437324,0.9959361183332165,0.7031624336026958,-1.2494603151507815,0.1632678498400958,0.0,1.0,0.0,0.0,1.0,0.0,0.0,1.0,0.0,0.0,0
0.8295675466232271,-0.42686041398846636,-0.46508427634374117,3.1157134267070385,-0.2615603651539584,1.3329129401751731,-1.2494603151507815,-0.41344295108927415,1.0,0.0,1.0,0.0,0.0,0.0,0.0,0.0,1.0,0.0,1
0.8295675466232271,2.4157680380813833,-0.46508427634374117,-0.46618317148792077,-0.5326838839850196,-0.5563385795422586,0.800345547492897,-0.37568816983183734,0.0,1.0,0.0,0.0,1.0,0.0,0.0,1.0,0.0,0.0,0
-0.3709448379209555,-0.42686041398846636,-0.46508427634374117,-0.46618317148792077,-0.44392866164711425,-0.5563385795422586,0.800345547492897,-0.26259032201145016,0.0,1.0,0.0,0.0,1.0,0.0,0.0,1.0,0.0,0.0,0
0.8295675466232271,1.0328677100474024,-0.46508427634374117,-0.46618317148792077,-0.4949433935480804,-0.5563385795422586,0.800345547492897,-0.3275967096149571,0.0,1.0,0.0,0.0,1.0,0.0,0.0,1.0,0.0,0.0,0
-0.3709448379209555,0.3414175460304119,-0.46508427634374117,-0.46618317148792077,-0.44392866164711425,-0.5563385795422586,0.800345547492897,-0.26259032201145016,1.0,0.0,0.0,0.0,1.0,0.0,0.0,0.0,1.0,0.0,1
0.8295675466232271,2.5694236300851587,-0.46508427634374117,-0.46618317148792077,-0.4629290464877802,-0.5563385795422586,0.800345547492897,-0.28680188474132773,1.0,0.0,0.0,0.0,1.0,0.0,0.0,0.0,1.0,0.0,1
-1.571457222465138,-0.42686041398846636,-0.46508427634374117,-0.46618317148792077,0.7804249039760736,-0.5563385795422586,0.800345547492897,1.297562980472718,1.0,0.0,1.0,0.0,0.0,0.0,0.0,0.0,0.0,1.0,1
-1.571457222465138,0.6487287300379633,0.4783345406270387,-0.46618317148792077,0.8217218500083945,0.07341192703021858,-1.2494603151507815,0.40449859427088125,1.0,0.0,1.0,0.0,0.0,0.0,0.0,0.0,1.0,0.0,1
0.8295675466232271,-0.6573438019941298,-0.46508427634374117,-0.46618317148792077,-0.5116012651892122,-0.5563385795422586,0.800345547492897,-0.34882328515895944,0.0,1.0,0.0,0.0,1.0,0.0,0.0,1.0,0.0,0.0,0
-1.571457222465138,1.186523302051178,0.4783345406270387,0.7277823612437324,2.7703471811842633,0.7031624336026958,-1.2494603151507815,0.9169589832403374,1.0,0.0,0.0,0.0,1.0,0.0,0.0,0.0,1.0,0.0,1
0.8295675466232271,-1.041482782003569,0.4783345406270387,3.1157134267070385,0.053204695142913164,1.9626634467476503,-1.2494603151507815,-0.3587732424452105,0.0,1.0,0.0,0.0,1.0,0.0,0.0,1.0,0.0,0.0,0
0.8295675466232271,-0.7341715979960176,0.4783345406270387,-0.46618317148792077,-0.4975461859920073,0.07341192703021858,-1.2494603151507815,-0.4360512440350939,0.0,1.0,0.0,0.0,1.0,0.0,0.0,1.0,0.0,0.0,1
-0.3709448379209555,-0.08113533197997112,-0.46508427634374117,-0.46618317148792077,-0.3491870166881771,-0.5563385795422586,0.800345547492897,-0.1418641736049371,0.0,1.0,1.0,0.0,0.0,0.0,0.0,1.0,0.0,0.0,0
0.8295675466232271,0.8792121180436268,-0.46508427634374117,5.503644492170345,0.1638233740098041,2.592413953320128,-1.2494603151507815,-0.3656829350051071,1.0,0.0,0.0,0.0,1.0,0.0,0.0,0.0,1.0,0.0,0
-0.3709448379209555,0.03410636202286062,-0.46508427634374117,-0.46618317148792077,-0.3918728127685774,-0.5563385795422586,0.800345547492897,-0.19625727343644297,0.0,1.0,0.0,0.0,1.0,0.0,0.0,1.0,0.0,0.0,0
0.8295675466232271,-0.0427214339790272,-0.46508427634374117,-0.46618317148792077,-0.4949433935480804,-0.5563385795422586,0.800345547492897,-0.3275967096149571,0.0,1.0,0.0,0.0,1.0,0.0,0.0,1.0,0.0,0.0,0
0.8295675466232271,-2.0402441300281104,2.3651721745685985,0.7277823612437324,-0.22373242089090317,1.9626634467476503,-1.2494603151507815,-0.4293516061290181,1.0,0.0,0.0,0.0,1.0,0.0,1.0,0.0,0.0,0.0,0
-0.3709448379209555,-2.0402441300281104,0.4783345406270387,0.7277823612437324,-0.12118239860018547,0.7031624336026958,-1.2494603151507815,-0.3112345576331221,0.0,1.0,0.0,0.0,1.0,1.0,0.0,0.0,0.0,0.0,1
-0.3709448379209555,1.8779734660681684,0.4783345406270387,-0.46618317148792077,-0.12118239860018547,0.07341192703021858,-1.2494603151507815,-0.19625727343644297,0.0,1.0,0.0,0.0,1.0,0.0,0.0,0.0,0.0,1.0,0
0.8295675466232271,-0.11954922998091504,1.4217533575978185,-0.46618317148792077,-0.4975461859920073,0.7031624336026958,-1.2494603151507815,-0.4710972046988893,0.0,1.0,0.0,0.0,1.0,0.0,0.0,1.0,0.0,0.0,0
0.8295675466232271,0.49507313803418757,-0.46508427634374117,-0.46618317148792077,-0.5064831341274745,-0.5563385795422586,0.800345547492897,-0.3423014198230648,0.0,1.0,0.0,0.0,1.0,0.0,0.0,1.0,0.0,0.0,0
-1.571457222465138,1.4170066900568414,-0.46508427634374117,-0.46618317148792077,-0.10973011184690733,-0.5563385795422586,0.800345547492897,0.1632678498400958,0.0,1.0,0.0,0.0,1.0,0.0,0.0,1.0,0.0,0.0,1
0.8295675466232271,0.11093415802474844,-0.46508427634374117,-0.46618317148792077,-0.4817566059101695,-0.5563385795422586,0.800345547492897,-0.31079322174993634,1.0,0.0,0.0,0.0,1.0,0.0,0.0,0.0,1.0,0.0,1
0.8295675466232271,-0.2732048219846907,-0.46508427634374117,-0.46618317148792077,-0.49815419830690855,-0.5563385795422586,0.800345547492897,-0.33168813205106357,0.0,1.0,0.0,0.0,1.0,0.0,0.0,1.0,0.0,0.0,0
0.8295675466232271,-0.08113533197997112,2.3651721745685985,0.7277823612437324,-0.13228695228295498,1.9626634467476503,-1.2494603151507815,-0.4060464181748694,0.0,1.0,0.0,0.0,1.0,1.0,0.0,0.0,0.0,0.0,0
0.8295675466232271,-2.238459843712981,-0.46508427634374117,0.7277823612437324,-0.4852256076794352,0.07341192703021858,-1.2494603151507815,-0.4282013910667275,0.0,1.0,1.0,0.0,0.0,1.0,0.0,0.0,0.0,0.0,1
0.8295675466232271,-0.35003261798657853,-0.46508427634374117,-0.46618317148792077,-0.5006695369247195,-0.5563385795422586,0.800345547492897,-0.33489334495820794,1.0,0.0,0.0,0.0,1.0,0.0,1.0,0.0,0.0,0.0,0
-1.571457222465138,-0.08113533197997112,-0.46508427634374117,-0.46618317148792077,0.4201984297365983,-0.5563385795422586,0.800345547492897,0.8385382843336686,0.0,1.0,0.0,0.0,1.0,0.0,0.0,1.0,0.0,0.0,0
0.8295675466232271,0.6487287300379633,-0.46508427634374117,-0.46618317148792077,-0.48218971057283894,-0.5563385795422586,0.800345547492897,-0.3113451127140804,0.0,1.0,0.0,0.0,1.0,0.0,0.0,1.0,0.0,0.0,0
0.8295675466232271,-0.08113533197997112,-0.46508427634374117,-0.46618317148792077,-0.4949433935480804,-0.5563385795422586,0.800345547492897,-0.3275967096149571,0.0,1.0,0.0,0.0,1.0,0.0,0.0,1.0,0.0,0.0,0
0.8295675466232271,-0.08113533197997112,0.4783345406270387,0.7277823612437324,-0.3451100026040101,0.7031624336026958,-1.2494603151507815,-0.406349073764501,0.0,1.0,1.0,0.0,0.0,1.0,0.0,0.0,0.0,0.0,1
0.8295675466232271,-1.1183105780054567,0.4783345406270387,0.7277823612437324,-0.5120343698518817,0.7031624336026958,-1.2494603151507815,-0.4772511427253547,0.0,1.0,1.0,0.0,0.0,0.0,0.0,1.0,0.0,0.0,0
-0.3709448379209555,0.41824534203229974,-0.46508427634374117,-0.46618317148792077,-0.12118239860018547,-0.5563385795422586,0.800345547492897,0.14867457915359422,0.0,1.0,0.0,0.0,1.0,0.0,0.0,1.0,0.0,0.0,0
0.8295675466232271,-0.08113533197997112,-0.46508427634374117,-0.46618317148792077,-0.5006695369247195,-0.5563385795422586,0.800345547492897,-0.33489334495820794,0.0,1.0,0.0,0.0,1.0,0.0,0.0,1.0,0.0,0.0,0
-1.571457222465138,-0.42686041398846636,-0.46508427634374117,-0.46618317148792077,0.9865660655350799,-0.5563385795422586,0.800345547492897,1.5602418528297466,0.0,1.0,1.0,0.0,0.0,0.0,0.0,1.0,0.0,0.0,0
-1.571457222465138,0.49507313803418757,-0.46508427634374117,-0.46618317148792077,0.17293314756354805,-0.5563385795422586,0.800345547492897,0.5234563036023846,0.0,1.0,1.0,0.0,0.0,0.0,0.0,1.0,0.0,0.0,0
0.8295675466232271,-0.580516005992242,-0.46508427634374117,-0.46618317148792077,-0.5006695369247195,-0.5563385795422586,0.800345547492897,-0.33489334495820794,1.0,0.0,0.0,0.0,1.0,0.0,1.0,0.0,0.0,0.0,1
-1.571457222465138,1.570662282060617,1.4217533575978185,-0.46618317148792077,2.120342454109614,0.7031624336026958,-1.2494603151507815,0.6408657995801474,0.0,1.0,0.0,0.0,1.0,0.0,0.0,0.0,0.0,1.0,1
0.8295675466232271,-0.08113533197997112,-0.46508427634374117,-0.46618317148792077,-0.5011900954135049,-0.5563385795422586,0.800345547492897,-0.335556675443958,0.0,1.0,0.0,1.0,0.0,0.0,0.0,1.0,0.0,0.0,0
0.8295675466232271,1.224937200052122,-0.46508427634374117,-0.46618317148792077,-0.5121218236779976,-0.5563385795422586,0.800345547492897,-0.3494866156447095,0.0,1.0,1.0,0.0,0.0,0.0,0.0,1.0,0.0,0.0,0
0.8295675466232271,0.2645897500285241,-0.46508427634374117,-0.46618317148792077,-0.5006695369247195,-0.5563385795422586,0.800345547492897,-0.33489334495820794,0.0,1.0,0.0,0.0,1.0,0.0,0.0,1.0,0.0,0.0,0
0.8295675466232271,-0.8109993939979054,-0.46508427634374117,-0.46618317148792077,-0.49815419830690855,-0.5563385795422586,0.800345547492897,-0.33168813205106357,0.0,1.0,0.0,0.0,1.0,0.0,0.0,1.0,0.0,0.0,0
-0.3709448379209555,-0.8878271899997933,-0.46508427634374117,-0.46618317148792077,-0.3918728127685774,-0.5563385795422586,0.800345547492897,-0.19625727343644297,0.0,1.0,0.0,0.0,1.0,0.0,0.0,1.0,0.0,0.0,0
0.8295675466232271,-1.041482782003569,-0.46508427634374117,-0.46618317148792077,-0.5011900954135049,-0.5563385795422586,0.800345547492897,-0.335556675443958,1.0,0.0,0.0,1.0,0.0,0.0,1.0,0.0,0.0,0.0,1
-1.571457222465138,-0.08113533197997112,-0.46508427634374117,-0.46618317148792077,-0.03789304039452642,-0.5563385795422586,0.800345547492897,0.2548074568736057,0.0,1.0,0.0,0.0,1.0,0.0,0.0,1.0,0.0,0.0,1
-1.571457222465138,-0.08113533197997112,-0.46508427634374117,-0.46618317148792077,-0.04413974225995086,-0.5563385795422586,0.800345547492897,0.24684749104460477,0.0,1.0,1.0,0.0,0.0,0.0,0.0,1.0,0.0,0.0,1
-1.571457222465138,1.4170066900568414,0.4783345406270387,-0.46618317148792077,0.9351182289714443,0.07341192703021858,-1.2494603151507815,0.4767472241178077,0.0,1.0,1.0,0.0,0.0,0.0,0.0,1.0,0.0,0.0,1
0.8295675466232271,-0.580516005992242,-0.46508427634374117,-0.46618317148792077,-0.49815419830690855,-0.5563385795422586,0.800345547492897,-0.33168813205106357,0.0,1.0,0.0,0.0,1.0,0.0,0.0,1.0,0.0,0.0,0
-1.571457222465138,-0.0427214339790272,-0.46508427634374117,-0.46618317148792077,-0.03789304039452642,-0.5563385795422586,0.800345547492897,0.2548074568736057,0.0,1.0,0.0,0.0,1.0,0.0,0.0,1.0,0.0,0.0,0
-1.571457222465138,-0.08113533197997112,-0.46508427634374117,-0.46618317148792077,-0.12274407406654156,-0.5563385795422586,0.800345547492897,0.14668458769634402,0.0,1.0,0.0,0.0,1.0,0.0,0.0,1.0,0.0,0.0,0
-1.571457222465138,0.6487287300379633,-0.46508427634374117,0.7277823612437324,2.5328850564720184,0.07341192703021858,-1.2494603151507815,1.494737967361927,0.0,1.0,0.0,0.0,1.0,0.0,0.0,1.0,0.0,0.0,0
0.8295675466232271,1.1096955060492901,-0.46508427634374117,-0.46618317148792077,-0.4949433935480804,-0.5563385795422586,0.800345547492897,-0.3275967096149571,0.0,1.0,0.0,0.0,1.0,0.0,0.0,1.0,0.0,0.0,0
-0.3709448379209555,-2.0402441300281104,0.4783345406270387,0.7277823612437324,-0.2721443603479425,0.7031624336026958,-1.2494603151507815,-0.3753565045889623,0.0,1.0,0.0,0.0,1.0,1.0,0.0,0.0,0.0,0.0,1
-1.571457222465138,-0.8878271899997933,0.4783345406270387,-0.46618317148792077,4.075039579498675,0.07341192703021858,-1.2494603151507815,2.4772962493792208,1.0,0.0,1.0,0.0,0.0,0.0,0.0,0.0,1.0,0.0,1
-1.571457222465138,-0.8878271899997933,0.4783345406270387,-0.46618317148792077,1.6049895502120983,0.07341192703021858,-1.2494603151507815,0.9035446719371757,0.0,1.0,1.0,0.0,0.0,0.0,0.0,1.0,0.0,0.0,0
0.8295675466232271,-0.08113533197997112,0.4783345406270387,-0.46618317148792077,-0.1597037267703028,0.07341192703021858,-1.2494603151507815,-0.22080050140919566,0.0,1.0,0.0,1.0,0.0,0.0,0.0,1.0,0.0,0.0,0
0.8295675466232271,-2.1170719260299986,2.3651721745685985,0.7277823612437324,-0.22373242089090317,1.9626634467476503,-1.2494603151507815,-0.4293516061290181,0.0,1.0,0.0,0.0,1.0,1.0,0.0,0.0,0.0,0.0,0
-1.571457222465138,0.41824534203229974,-0.46508427634374117,-0.46618317148792077,10.005329337567716,-0.5563385795422586,0.800345547492897,13.052553957971343,0.0,1.0,1.0,0.0,0.0,0.0,0.0,1.0,0.0,0.0,1
0.8295675466232271,3.4145293861059245,-0.46508427634374117,-0.46618317148792077,-0.5006695369247195,-0.5563385795422586,0.800345547492897,-0.33489334495820794,0.0,1.0,0.0,0.0,1.0,0.0,0.0,1.0,0.0,0.0,0
-0.3709448379209555,0.11093415802474844,-0.46508427634374117,-0.46618317148792077,-0.3918728127685774,-0.5563385795422586,0.800345547492897,-0.19625727343644297,0.0,1.0,0.0,0.0,1.0,0.0,0.0,1.0,0.0,0.0,1
0.8295675466232271,-0.08113533197997112,-0.46508427634374117,-0.46618317148792077,-0.32732356015919156,-0.5563385795422586,0.800345547492897,-0.11400429320343407,0.0,1.0,0.0,0.0,1.0,0.0,0.0,1.0,0.0,0.0,0
-1.571457222465138,2.0316290580719443,-0.46508427634374117,-0.46618317148792077,-0.023404856534652064,-0.5563385795422586,0.800345547492897,0.27326927095300163,0.0,1.0,1.0,0.0,0.0,0.0,0.0,1.0,0.0,0.0,0
0.8295675466232271,-0.2732048219846907,0.4783345406270387,-0.46618317148792077,-0.4990204076322475,0.07341192703021858,-1.2494603151507815,-0.43699052000291594,0.0,1.0,0.0,0.0,1.0,0.0,0.0,1.0,0.0,0.0,0
0.8295675466232271,0.18776195402663626,-0.46508427634374117,-0.46618317148792077,-0.4990204076322475,-0.5563385795422586,0.800345547492897,-0.33279191397935176,0.0,1.0,0.0,0.0,1.0,0.0,0.0,1.0,0.0,0.0,1
0.8295675466232271,-0.08113533197997112,-0.46508427634374117,-0.46618317148792077,-0.5120343698518817,-0.5563385795422586,0.800345547492897,-0.34937517612310354,0.0,1.0,1.0,0.0,0.0,0.0,0.0,1.0,0.0,0.0,1
-1.571457222465138,0.8023843220417389,-0.46508427634374117,-0.46618317148792077,-0.017070700843111658,-0.5563385795422586,0.800345547492897,0.28134067630360854,0.0,1.0,1.0,0.0,0.0,0.0,0.0,1.0,0.0,0.0,1
-1.571457222465138,-0.19637702598280285,-0.46508427634374117,-0.46618317148792077,0.9351182289714443,-0.5563385795422586,0.800345547492897,1.4946835742620954,0.0,1.0,1.0,0.0,0.0,0.0,0.0,1.0,0.0,0.0,1
0.8295675466232271,-0.08113533197997112,-0.46508427634374117,-0.46618317148792077,-0.33981696389004046,-0.5563385795422586,0.800345547492897,-0.12992422486143582,0.0,1.0,0.0,1.0,0.0,0.0,0.0,1.0,0.0,0.0,0
0.8295675466232271,0.6487287300379633,-0.46508427634374117,-0.46618317148792077,-0.49815419830690855,-0.5563385795422586,0.800345547492897,-0.33168813205106357,0.0,1.0,0.0,0.0,1.0,0.0,0.0,1.0,0.0,0.0,0
0.8295675466232271,-2.1938997220318863,3.3085909915393783,0.7277823612437324,0.1638233740098041,2.592413953320128,-1.2494603151507815,-0.3656829350051071,0.0,1.0,0.0,0.0,1.0,1.0,0.0,0.0,0.0,0.0,0
-0.3709448379209555,-0.08113533197997112,-0.46508427634374117,-0.46618317148792077,-0.6625632269369692,-0.5563385795422586,0.800345547492897,-0.5411891260264802,0.0,1.0,0.0,0.0,1.0,0.0,0.0,1.0,0.0,0.0,0
0.8295675466232271,-0.08113533197997112,-0.46508427634374117,-0.46618317148792077,-0.5016232000761743,-0.5563385795422586,0.800345547492897,-0.3361085664081021,0.0,1.0,0.0,1.0,0.0,0.0,0.0,1.0,0.0,0.0,0
-0.3709448379209555,-2.219252894712509,0.4783345406270387,0.7277823612437324,-0.36063930344145523,0.7031624336026958,-1.2494603151507815,-0.4129452321147997,0.0,1.0,0.0,0.0,1.0,1.0,0.0,0.0,0.0,0.0,1
0.8295675466232271,-0.08113533197997112,0.4783345406270387,-0.46618317148792077,-0.33981696389004046,0.07341192703021858,-1.2494603151507815,-0.335556675443958,0.0,1.0,0.0,1.0,0.0,0.0,0.0,1.0,0.0,0.0,0
0.8295675466232271,-2.1170719260299986,-0.46508427634374117,0.7277823612437324,-0.40670872969896044,0.07341192703021858,-1.2494603151507815,-0.37817565915340007,1.0,0.0,0.0,0.0,1.0,0.0,1.0,0.0,0.0,0.0,1
0.8295675466232271,-0.8878271899997933,-0.46508427634374117,-0.46618317148792077,-0.45763600777381064,-0.5563385795422586,0.800345547492897,-0.280057140362221,1.0,0.0,0.0,0.0,1.0,0.0,1.0,0.0,0.0,0.0,1
-1.571457222465138,1.647490078062505,0.4783345406270387,-0.46618317148792077,0.9607109665140879,0.07341192703021858,-1.2494603151507815,0.49305321411851577,1.0,0.0,0.0,0.0,1.0,0.0,0.0,0.0,1.0,0.0,1
-0.3709448379209555,-0.0427214339790272,0.4783345406270387,-0.46618317148792077,-0.08535131670011094,0.07341192703021858,-1.2494603151507815,-0.1734280914388685,0.0,1.0,1.0,0.0,0.0,0.0,0.0,1.0,0.0,0.0,0
0.8295675466232271,1.4938344860587294,-0.46508427634374117,-0.46618317148792077,-0.6625632269369692,-0.5563385795422586,0.800345547492897,-0.5411891260264802,0.0,1.0,0.0,0.0,1.0,0.0,0.0,1.0,0.0,0.0,0
0.8295675466232271,-0.42686041398846636,-0.46508427634374117,-0.46618317148792077,-0.464751001198529,-0.5563385795422586,0.800345547492897,-0.28912354144145297,0.0,1.0,0.0,0.0,1.0,0.0,0.0,1.0,0.0,0.0,0
0.8295675466232271,0.11093415802474844,0.4783345406270387,0.7277823612437324,-0.2351847076441813,0.7031624336026958,-1.2494603151507815,-0.3596576830928773,1.0,0.0,0.0,0.0,1.0,0.0,0.0,0.0,1.0,0.0,1
0.8295675466232271,1.186523302051178,-0.46508427634374117,-0.46618317148792077,-0.5011900954135049,-0.5563385795422586,0.800345547492897,-0.335556675443958,1.0,0.0,0.0,0.0,1.0,0.0,1.0,0.0,0.0,0.0,0
0.8295675466232271,0.18776195402663626,-0.46508427634374117,-0.46618317148792077,-0.4975461859920073,-0.5563385795422586,0.800345547492897,-0.33091336204370747,0.0,1.0,0.0,0.0,1.0,0.0,0.0,1.0,0.0,0.0,0
0.8295675466232271,-0.8878271899997933,-0.46508427634374117,0.7277823612437324,-0.36159296659291,0.07341192703021858,-1.2494603151507815,-0.3494308958839065,1.0,0.0,1.0,0.0,0.0,0.0,1.0,0.0,0.0,0.0,0
-0.3709448379209555,1.1096955060492901,0.4783345406270387,-0.46618317148792077,-0.12118239860018547,0.07341192703021858,-1.2494603151507815,-0.19625727343644297,1.0,0.0,0.0,0.0,1.0,0.0,0.0,0.0,1.0,0.0,0
-1.571457222465138,1.3401788940549537,0.4783345406270387,0.7277823612437324,0.43173817031599243,0.7031624336026958,-1.2494603151507815,-0.07637841917039474,1.0,0.0,0.0,0.0,1.0,0.0,0.0,0.0,1.0,0.0,1
-0.3709448379209555,0.5334870360351315,-0.46508427634374117,1.9217478939753856,-0.12118239860018547,0.7031624336026958,-1.2494603151507815,-0.3112345576331221,0.0,1.0,0.0,0.0,1.0,0.0,0.0,1.0,0.0,0.0,0
-0.3709448379209555,0.03410636202286062,-0.46508427634374117,-0.46618317148792077,-0.3918728127685774,-0.5563385795422586,0.800345547492897,-0.19625727343644297,0.0,1.0,0.0,0.0,1.0,0.0,0.0,1.0,0.0,0.0,0
-0.3709448379209555,-0.19637702598280285,-0.46508427634374117,-0.46618317148792077,-0.44392866164711425,-0.5563385795422586,0.800345547492897,-0.26259032201145016,1.0,0.0,0.0,0.0,1.0,0.0,1.0,0.0,0.0,0.0,1
0.8295675466232271,-0.0427214339790272,-0.46508427634374117,-0.46618317148792077,-0.464751001198529,-0.5563385795422586,0.800345547492897,-0.28912354144145297,0.0,1.0,0.0,0.0,1.0,0.0,0.0,1.0,0.0,0.0,1
-1.571457222465138,3.1840459981002613,-0.46508427634374117,-0.46618317148792077,0.3682300346841773,-0.5563385795422586,0.800345547492897,0.7723166752802674,0.0,1.0,1.0,0.0,0.0,0.0,0.0,1.0,0.0,0.0,0
-1.571457222465138,1.7243178740643927,0.4783345406270387,0.7277823612437324,1.2843255211203108,0.7031624336026958,-1.2494603151507815,0.28576287954194235,1.0,0.0,0.0,0.0,1.0,0.0,0.0,0.0,1.0,0.0,1
0.8295675466232271,1.0328677100474024,0.4783345406270387,6.697610024901998,0.314004498024383,3.851914966465082,-1.2494603151507815,-0.38563812711808837,1.0,0.0,0.0,0.0,1.0,0.0,0.0,0.0,1.0,0.0,0
0.8295675466232271,-0.580516005992242,-0.46508427634374117,-0.46618317148792077,-0.49815419830690855,-0.5563385795422586,0.800345547492897,-0.33168813205106357,0.0,1.0,0.0,0.0,1.0,0.0,0.0,1.0,0.0,0.0,0
0.8295675466232271,-0.08113533197997112,1.4217533575978185,-0.46618317148792077,-0.17844383236657607,0.7031624336026958,-1.2494603151507815,-0.335556675443958,1.0,0.0,0.0,1.0,0.0,0.0,1.0,0.0,0.0,0.0,1
-1.571457222465138,-0.08113533197997112,-0.46508427634374117,0.7277823612437324,0.48266544839084263,0.07341192703021858,-1.2494603151507815,0.18847440829859852,1.0,0.0,0.0,0.0,1.0,0.0,0.0,0.0,1.0,0.0,1
0.8295675466232271,-0.2732048219846907,-0.46508427634374117,-0.46618317148792077,-0.49815419830690855,-0.5563385795422586,0.800345547492897,-0.33168813205106357,0.0,1.0,0.0,0.0,1.0,0.0,0.0,1.0,0.0,0.0,0
0.8295675466232271,-0.35003261798657853,0.4783345406270387,-0.46618317148792077,-0.4975461859920073,0.07341192703021858,-1.2494603151507815,-0.4360512440350939,1.0,0.0,0.0,0.0,1.0,0.0,1.0,0.0,0.0,0.0,0
-1.571457222465138,-0.08113533197997112,-0.46508427634374117,-0.46618317148792077,-0.6625632269369692,-0.5563385795422586,0.800345547492897,-0.5411891260264802,0.0,1.0,0.0,0.0,1.0,0.0,0.0,1.0,0.0,0.0,0
-1.571457222465138,0.11093415802474844,-0.46508427634374117,1.9217478939753856,2.7703471811842633,0.7031624336026958,-1.2494603151507815,0.9169589832403374,1.0,0.0,0.0,0.0,1.0,0.0,1.0,0.0,0.0,0.0,1
0.8295675466232271,1.186523302051178,-0.46508427634374117,-0.46618317148792077,-0.4949433935480804,-0.5563385795422586,0.800345547492897,-0.3275967096149571,0.0,1.0,0.0,0.0,1.0,0.0,0.0,1.0,0.0,0.0,1
0.8295675466232271,-0.580516005992242,-0.46508427634374117,-0.46618317148792077,-0.5116012651892122,-0.5563385795422586,0.800345547492897,-0.34882328515895944,0.0,1.0,0.0,0.0,1.0,0.0,0.0,1.0,0.0,0.0,0
-1.571457222465138,1.4938344860587294,0.4783345406270387,-0.46618317148792077,0.9351182289714443,0.07341192703021858,-1.2494603151507815,0.4767472241178077,1.0,0.0,1.0,0.0,0.0,0.0,0.0,0.0,1.0,0.0,1
-0.3709448379209555,-0.580516005992242,0.4783345406270387,1.9217478939753856,0.2032129937392154,1.3329129401751731,-1.2494603151507815,-0.26538161669548643,1.0,0.0,1.0,0.0,0.0,0.0,0.0,0.0,1.0,0.0,1
0.8295675466232271,-1.963416334026223,-0.46508427634374117,1.9217478939753856,-0.20395119831705918,0.7031624336026958,-1.2494603151507815,-0.3463910733778759,1.0,0.0,0.0,0.0,1.0,0.0,1.0,0.0,0.0,0.0,1
0.8295675466232271,-0.0427214339790272,-0.46508427634374117,1.9217478939753856,-0.3451100026040101,0.7031624336026958,-1.2494603151507815,-0.406349073764501,1.0,0.0,1.0,0.0,0.0,0.0,0.0,0.0,1.0,0.0,1
-0.3709448379209555,0.3414175460304119,-0.46508427634374117,-0.46618317148792077,-0.3918728127685774,-0.5563385795422586,0.800345547492897,-0.19625727343644297,0.0,1.0,0.0,0.0,1.0,0.0,0.0,1.0,0.0,0.0,0
-1.571457222465138,1.4170066900568414,-0.46508427634374117,-0.46618317148792077,-0.1226566202404256,-0.5563385795422586,0.800345547492897,0.14679602721795004,1.0,0.0,0.0,0.0,1.0,0.0,0.0,0.0,1.0,0.0,1
-0.3709448379209555,-0.19637702598280285,0.4783345406270387,-0.46618317148792077,-0.22529409635725928,0.07341192703021858,-1.2494603151507815,-0.26259032201145016,1.0,0.0,0.0,0.0,1.0,0.0,0.0,0.0,1.0,0.0,0
-1.571457222465138,1.8779734660681684,0.4783345406270387,-0.46618317148792077,0.5742837424170676,0.07341192703021858,-1.2494603151507815,0.24684749104460477,1.0,0.0,1.0,0.0,0.0,0.0,0.0,0.0,1.0,0.0,1
-0.3709448379209555,-0.08113533197997112,-0.46508427634374117,-0.46618317148792077,-0.3739135449054821,-0.5563385795422586,0.800345547492897,-0.1733723716780655,0.0,1.0,1.0,0.0,0.0,0.0,0.0,1.0,0.0,0.0,1
-0.3709448379209555,-0.8109993939979054,0.4783345406270387,-0.46618317148792077,-0.12118239860018547,0.07341192703021858,-1.2494603151507815,-0.19625727343644297,1.0,0.0,0.0,0.0,1.0,0.0,0.0,0.0,1.0,0.0,1
-1.571457222465138,-0.580516005992242,0.4783345406270387,-0.46618317148792077,0.7242045871872537,0.07341192703021858,-1.2494603151507815,0.34236708099261504,1.0,0.0,0.0,0.0,1.0,0.0,0.0,0.0,1.0,0.0,1
-1.571457222465138,1.224937200052122,-0.46508427634374117,-0.46618317148792077,-0.06912654972164857,-0.5563385795422586,0.800345547492897,0.21500762772860135,0.0,1.0,0.0,0.0,1.0,0.0,0.0,1.0,0.0,0.0,0
-1.571457222465138,-0.08113533197997112,-0.46508427634374117,-0.46618317148792077,-0.08535131670011094,-0.5563385795422586,0.800345547492897,0.19433294314874314,0.0,1.0,1.0,0.0,0.0,0.0,0.0,1.0,0.0,0.0,0
0.8295675466232271,-0.5036882099903541,-0.46508427634374117,-0.46618317148792077,-0.4990204076322475,-0.5563385795422586,0.800345547492897,-0.33279191397935176,0.0,1.0,0.0,0.0,1.0,0.0,0.0,1.0,0.0,0.0,0
0.8295675466232271,0.03410636202286062,-0.46508427634374117,-0.46618317148792077,-0.4949433935480804,-0.5563385795422586,0.800345547492897,-0.3275967096149571,0.0,1.0,0.0,0.0,1.0,0.0,0.0,1.0,0.0,0.0,0
0.8295675466232271,-0.08113533197997112,-0.46508427634374117,-0.46618317148792077,-0.5120343698518817,-0.5563385795422586,0.800345547492897,-0.34937517612310354,0.0,1.0,1.0,0.0,0.0,0.0,0.0,1.0,0.0,0.0,0
-0.3709448379209555,0.3414175460304119,0.4783345406270387,-0.46618317148792077,-0.22529409635725928,0.07341192703021858,-1.2494603151507815,-0.26259032201145016,0.0,1.0,0.0,0.0,1.0,0.0,0.0,1.0,0.0,0.0,0
0.8295675466232271,0.11093415802474844,-0.46508427634374117,-0.46618317148792077,-0.4975461859920073,-0.5563385795422586,0.800345547492897,-0.33091336204370747,0.0,1.0,0.0,0.0,1.0,0.0,0.0,1.0,0.0,0.0,1
0.8295675466232271,-0.08113533197997112,7.082266259422497,1.9217478939753856,0.7856304888639273,5.741166486182514,-1.2494603151507815,-0.3734268159031439,0.0,1.0,0.0,0.0,1.0,0.0,0.0,1.0,0.0,0.0,0
0.8295675466232271,0.8023843220417389,0.4783345406270387,4.309678959438692,-0.08161995345249745,2.592413953320128,-1.2494603151507815,-0.41780965567696693,0.0,1.0,0.0,0.0,1.0,0.0,0.0,1.0,0.0,0.0,0
0.8295675466232271,-0.08113533197997112,-0.46508427634374117,-0.46618317148792077,-0.5011900954135049,-0.5563385795422586,0.800345547492897,-0.335556675443958,1.0,0.0,0.0,1.0,0.0,0.0,1.0,0.0,0.0,0.0,1
-0.3709448379209555,0.18776195402663626,-0.46508427634374117,-0.46618317148792077,-0.44392866164711425,-0.5563385795422586,0.800345547492897,-0.26259032201145016,0.0,1.0,0.0,0.0,1.0,0.0,0.0,1.0,0.0,0.0,0
0.8295675466232271,-0.7341715979960176,-0.46508427634374117,-0.46618317148792077,-0.47047714457516815,-0.5563385795422586,0.800345547492897,-0.2964201767847038,0.0,1.0,0.0,0.0,1.0,0.0,0.0,1.0,0.0,0.0,0
-1.571457222465138,-0.19637702598280285,-0.46508427634374117,1.9217478939753856,3.741361588187253,0.7031624336026958,-1.2494603151507815,1.3294028437887215,0.0,1.0,1.0,0.0,0.0,0.0,0.0,1.0,0.0,0.0,0
-0.3709448379209555,0.22617585202758017,-0.46508427634374117,-0.46618317148792077,-0.3918728127685774,-0.5563385795422586,0.800345547492897,-0.19625727343644297,1.0,0.0,0.0,0.0,1.0,0.0,1.0,0.0,0.0,0.0,1
-1.571457222465138,1.1096955060492901,-0.46508427634374117,-0.46618317148792077,-0.08535131670011094,-0.5563385795422586,0.800345547492897,0.19433294314874314,1.0,0.0,1.0,0.0,0.0,0.0,0.0,0.0,1.0,0.0,1
-0.3709448379209555,-0.5036882099903541,-0.46508427634374117,-0.46618317148792077,-0.34927447051429306,-0.5563385795422586,0.800345547492897,-0.14197561312654314,0.0,1.0,1.0,0.0,0.0,0.0,0.0,1.0,0.0,0.0,0
0.8295675466232271,0.3414175460304119,0.4783345406270387,0.7277823612437324,-0.3627215373965967,0.7031624336026958,-1.2494603151507815,-0.4138296727624664,0.0,1.0,0.0,0.0,1.0,0.0,0.0,1.0,0.0,0.0,0
-0.3709448379209555,0.18776195402663626,0.4783345406270387,-0.46618317148792077,-0.12118239860018547,0.07341192703021858,-1.2494603151507815,-0.19625727343644297,0.0,1.0,0.0,0.0,1.0,0.0,0.0,1.0,0.0,0.0,1
-1.571457222465138,-1.963416334026223,-0.46508427634374117,1.9217478939753856,1.0419180907646057,0.7031624336026958,-1.2494603151507815,0.1827989526625209,0.0,1.0,0.0,0.0,1.0,1.0,0.0,0.0,0.0,0.0,1
0.8295675466232271,-2.1170719260299986,3.3085909915393783,1.9217478939753856,-0.01134455746647263,3.222164459892605,-1.2494603151507815,-0.42264249207314597,1.0,0.0,0.0,0.0,1.0,0.0,1.0,0.0,0.0,0.0,0
-0.3709448379209555,-0.08113533197997112,-0.46508427634374117,-0.46618317148792077,-0.6625632269369692,-0.5563385795422586,0.800345547492897,-0.5411891260264802,0.0,1.0,0.0,0.0,1.0,0.0,0.0,1.0,0.0,0.0,0
-0.3709448379209555,-0.35003261798657853,-0.46508427634374117,-0.46618317148792077,-0.3918728127685774,-0.5563385795422586,0.800345547492897,-0.19625727343644297,0.0,1.0,0.0,0.0,1.0,0.0,0.0,1.0,0.0,0.0,0
0.8295675466232271,-0.42686041398846636,-0.46508427634374117,-0.46618317148792077,-0.4949433935480804,-0.5563385795422586,0.800345547492897,-0.3275967096149571,0.0,1.0,0.0,0.0,1.0,0.0,0.0,1.0,0.0,0.0,0
0.8295675466232271,-0.6573438019941298,-0.46508427634374117,-0.46618317148792077,-0.48218971057283894,-0.5563385795422586,0.800345547492897,-0.3113451127140804,0.0,1.0,0.0,0.0,1.0,0.0,0.0,1.0,0.0,0.0,0
-0.3709448379209555,0.11093415802474844,-0.46508427634374117,-0.46618317148792077,-0.44392866164711425,-0.5563385795422586,0.800345547492897,-0.26259032201145016,0.0,1.0,0.0,0.0,1.0,0.0,0.0,1.0,0.0,0.0,0
-0.3709448379209555,1.8779734660681684,-0.46508427634374117,-0.46618317148792077,-0.3710504732171626,-0.5563385795422586,0.800345547492897,-0.1697240540064401,0.0,1.0,0.0,0.0,1.0,0.0,0.0,0.0,0.0,1.0,0
0.8295675466232271,0.2645897500285241,2.3651721745685985,-0.46618317148792077,-0.3325291450470453,1.3329129401751731,-1.2494603151507815,-0.4360512440350939,1.0,0.0,0.0,0.0,1.0,0.0,0.0,0.0,1.0,0.0,1
-0.3709448379209555,-0.5036882099903541,-0.46508427634374117,-0.46618317148792077,-0.3918728127685774,-0.5563385795422586,0.800345547492897,-0.19625727343644297,0.0,1.0,0.0,0.0,1.0,0.0,0.0,1.0,0.0,0.0,0
-0.3709448379209555,-0.8109993939979054,0.4783345406270387,0.7277823612437324,0.10265775157752322,0.7031624336026958,-1.2494603151507815,-0.21615718800894512,0.0,1.0,0.0,0.0,1.0,0.0,0.0,1.0,0.0,0.0,0
0.8295675466232271,2.723079222088934,-0.46508427634374117,-0.46618317148792077,-0.5011900954135049,-0.5563385795422586,0.800345547492897,-0.335556675443958,0.0,1.0,0.0,1.0,0.0,0.0,0.0,1.0,0.0,0.0,0
0.8295675466232271,-0.08113533197997112,0.4783345406270387,-0.46618317148792077,-0.24680981981573616,0.07341192703021858,-1.2494603151507815,-0.27629870982996113,0.0,1.0,0.0,0.0,1.0,0.0,0.0,1.0,0.0,0.0,0
-0.3709448379209555,0.9560399140455145,-0.46508427634374117,-0.46618317148792077,-0.3918728127685774,-0.5563385795422586,0.800345547492897,-0.19625727343644297,1.0,0.0,0.0,0.0,1.0,0.0,0.0,0.0,1.0,0.0,1
-0.3709448379209555,-0.8878271899997933,-0.46508427634374117,-0.46618317148792077,-0.42310632209569954,-0.5563385795422586,0.800345547492897,-0.23605710258144727,0.0,1.0,0.0,0.0,1.0,0.0,0.0,1.0,0.0,0.0,0
-0.3709448379209555,-0.19637702598280285,-0.46508427634374117,-0.46618317148792077,-0.3918728127685774,-0.5563385795422586,0.800345547492897,-0.19625727343644297,0.0,1.0,0.0,0.0,1.0,0.0,0.0,1.0,0.0,0.0,0
-1.571457222465138,1.8779734660681684,-0.46508427634374117,0.7277823612437324,0.946743341142999,0.07341192703021858,-1.2494603151507815,0.4841539723216928,0.0,1.0,0.0,0.0,1.0,0.0,0.0,1.0,0.0,0.0,0
0.8295675466232271,-0.08113533197997112,-0.46508427634374117,-0.46618317148792077,-0.5120343698518817,-0.5563385795422586,0.800345547492897,-0.34937517612310354,0.0,1.0,1.0,0.0,0.0,0.0,0.0,1.0,0.0,0.0,0
-1.571457222465138,1.3401788940549537,-0.46508427634374117,-0.46618317148792077,0.4201984297365983,-0.5563385795422586,0.800345547492897,0.8385382843336686,0.0,1.0,0.0,0.0,1.0,0.0,0.0,1.0,0.0,0.0,0
0.8295675466232271,-1.425621762013008,4.252009808510158,1.9217478939753856,0.314004498024383,3.851914966465082,-1.2494603151507815,-0.38563812711808837,0.0,1.0,0.0,0.0,1.0,1.0,0.0,0.0,0.0,0.0,0
-0.3709448379209555,-0.6573438019941298,1.4217533575978185,-0.46618317148792077,0.8678787300920157,0.7031624336026958,-1.2494603151507815,0.10887475000858993,0.0,1.0,0.0,0.0,1.0,0.0,0.0,1.0,0.0,0.0,0
-0.3709448379209555,-0.0427214339790272,-0.46508427634374117,-0.46618317148792077,-0.44392866164711425,-0.5563385795422586,0.800345547492897,-0.26259032201145016,0.0,1.0,0.0,0.0,1.0,0.0,0.0,1.0,0.0,0.0,0
0.8295675466232271,0.7255565260398511,-0.46508427634374117,-0.46618317148792077,-0.1597037267703028,-0.5563385795422586,0.800345547492897,0.09958812320808888,0.0,1.0,0.0,0.0,1.0,0.0,0.0,1.0,0.0,0.0,0
0.8295675466232271,0.7255565260398511,-0.46508427634374117,5.503644492170345,-0.05611258750201434,2.592413953320128,-1.2494603151507815,-0.4123924567100079,1.0,0.0,0.0,1.0,0.0,0.0,0.0,0.0,1.0,0.0,0
0.8295675466232271,0.49507313803418757,0.4783345406270387,-0.46618317148792077,-0.3387758469124697,0.07341192703021858,-1.2494603151507815,-0.33489334495820794,0.0,1.0,0.0,0.0,1.0,0.0,0.0,1.0,0.0,0.0,0
-1.571457222465138,-0.9646549860016811,0.4783345406270387,-0.46618317148792077,1.6049895502120983,0.07341192703021858,-1.2494603151507815,0.9035446719371757,1.0,0.0,1.0,0.0,0.0,0.0,0.0,0.0,1.0,0.0,1
0.8295675466232271,-0.08113533197997112,-0.46508427634374117,-0.46618317148792077,-0.48218971057283894,-0.5563385795422586,0.800345547492897,-0.3113451127140804,0.0,1.0,0.0,0.0,1.0,0.0,0.0,1.0,0.0,0.0,0
0.8295675466232271,-1.425621762013008,3.3085909915393783,1.9217478939753856,-0.01134455746647263,3.222164459892605,-1.2494603151507815,-0.42264249207314597,1.0,0.0,0.0,0.0,1.0,0.0,1.0,0.0,0.0,0.0,0
0.8295675466232271,1.3401788940549537,0.4783345406270387,-0.46618317148792077,-0.36063930344145523,0.07341192703021858,-1.2494603151507815,-0.34882328515895944,1.0,0.0,0.0,0.0,1.0,0.0,0.0,0.0,1.0,0.0,0
-1.571457222465138,-0.08113533197997112,-0.46508427634374117,-0.46618317148792077,-0.12118239860018547,-0.5563385795422586,0.800345547492897,0.14867457915359422,0.0,1.0,0.0,0.0,1.0,0.0,0.0,1.0,0.0,0.0,0
0.8295675466232271,0.6487287300379633,0.4783345406270387,5.503644492170345,-0.009002044266938455,3.222164459892605,-1.2494603151507815,-0.42221606533230666,1.0,0.0,0.0,0.0,1.0,0.0,0.0,0.0,1.0,0.0,1
-0.3709448379209555,-0.08113533197997112,-0.46508427634374117,-0.46618317148792077,-0.40540733347699703,-0.5563385795422586,0.800345547492897,-0.21350386606594485,1.0,0.0,0.0,1.0,0.0,0.0,1.0,0.0,0.0,0.0,1
-1.571457222465138,-0.8109993939979054,-0.46508427634374117,-0.46618317148792077,-0.03789304039452642,-0.5563385795422586,0.800345547492897,0.2548074568736057,1.0,0.0,0.0,0.0,1.0,0.0,1.0,0.0,0.0,0.0,1
-1.571457222465138,1.4170066900568414,0.4783345406270387,-0.46618317148792077,0.16200141929905532,0.07341192703021858,-1.2494603151507815,-0.015831381312423506,1.0,0.0,1.0,0.0,0.0,0.0,0.0,0.0,0.0,1.0,1
0.8295675466232271,-0.08113533197997112,-0.46508427634374117,-0.46618317148792077,-0.5014503746578975,-0.5563385795422586,0.800345547492897,-0.33588834068683304,0.0,1.0,0.0,1.0,0.0,0.0,0.0,1.0,0.0,0.0,0
-1.571457222465138,-0.08113533197997112,0.4783345406270387,-0.46618317148792077,2.3883426220079627,0.07341192703021858,-1.2494603151507815,1.4026451427033015,1.0,0.0,1.0,0.0,0.0,0.0,0.0,0.0,1.0,0.0,1
-1.571457222465138,0.8023843220417389,-0.46508427634374117,-0.46618317148792077,-0.6625632269369692,-0.5563385795422586,0.800345547492897,-0.5411891260264802,0.0,1.0,0.0,0.0,1.0,0.0,0.0,1.0,0.0,0.0,0
0.8295675466232271,0.11093415802474844,-0.46508427634374117,-0.46618317148792077,-0.5006695369247195,-0.5563385795422586,0.800345547492897,-0.33489334495820794,0.0,1.0,0.0,0.0,1.0,0.0,0.0,1.0,0.0,0.0,0
0.8295675466232271,-1.6561051500186716,2.3651721745685985,0.7277823612437324,-0.22373242089090317,1.9626634467476503,-1.2494603151507815,-0.4293516061290181,1.0,0.0,0.0,0.0,1.0,0.0,1.0,0.0,0.0,0.0,0
0.8295675466232271,-0.2732048219846907,-0.46508427634374117,-0.46618317148792077,-0.27136352261476443,-0.5563385795422586,0.800345547492897,-0.042696265985301386,0.0,1.0,1.0,0.0,0.0,0.0,0.0,1.0,0.0,0.0,1
-0.3709448379209555,-0.42686041398846636,1.4217533575978185,-0.46618317148792077,0.8678787300920157,0.7031624336026958,-1.2494603151507815,0.10887475000858993,0.0,1.0,0.0,0.0,1.0,0.0,0.0,1.0,0.0,0.0,0
0.8295675466232271,-0.580516005992242,-0.46508427634374117,-0.46618317148792077,-0.5120343698518817,-0.5563385795422586,0.800345547492897,-0.34937517612310354,0.0,1.0,1.0,0.0,0.0,0.0,0.0,1.0,0.0,0.0,0
-0.3709448379209555,-1.963416334026223,0.4783345406270387,0.7277823612437324,-0.18364941725442976,0.7031624336026958,-1.2494603151507815,-0.3377677770631249,1.0,0.0,0.0,0.0,1.0,0.0,1.0,0.0,0.0,0.0,1
-1.571457222465138,1.186523302051178,-0.46508427634374117,-0.46618317148792077,-0.10973011184690733,-0.5563385795422586,0.800345547492897,0.1632678498400958,0.0,1.0,0.0,0.0,1.0,0.0,0.0,1.0,0.0,0.0,1
-1.571457222465138,0.9560399140455145,-0.46508427634374117,-0.46618317148792077,4.075039579498675,-0.5563385795422586,0.800345547492897,5.495781624784921,1.0,0.0,1.0,0.0,0.0,0.0,1.0,0.0,0.0,0.0,1
-1.571457222465138,0.18776195402663626,-0.46508427634374117,-0.46618317148792077,-0.02748187061881904,-0.5563385795422586,0.800345547492897,0.2680740665886071,0.0,1.0,1.0,0.0,0.0,0.0,0.0,0.0,0.0,1.0,1
0.8295675466232271,1.647490078062505,-0.46508427634374117,-0.46618317148792077,-0.4949433935480804,-0.5563385795422586,0.800345547492897,-0.3275967096149571,0.0,1.0,0.0,0.0,1.0,0.0,0.0,1.0,0.0,0.0,0
0.8295675466232271,-1.1567244760064006,0.4783345406270387,-0.46618317148792077,-0.36159296659291,0.07341192703021858,-1.2494603151507815,-0.3494308958839065,1.0,0.0,1.0,0.0,0.0,0.0,1.0,0.0,0.0,0.0,0
0.8295675466232271,-0.08113533197997112,-0.46508427634374117,-0.46618317148792077,-0.5157657330994951,-0.5563385795422586,0.800345547492897,-0.35412992904496,0.0,1.0,0.0,0.0,1.0,0.0,0.0,1.0,0.0,0.0,0
0.8295675466232271,-0.19637702598280285,0.4783345406270387,-0.46618317148792077,-0.36159296659291,0.07341192703021858,-1.2494603151507815,-0.3494308958839065,0.0,1.0,1.0,0.0,0.0,0.0,0.0,1.0,0.0,0.0,0
-1.571457222465138,-0.08113533197997112,-0.46508427634374117,-0.46618317148792077,-0.10973011184690733,-0.5563385795422586,0.800345547492897,0.1632678498400958,0.0,1.0,0.0,0.0,1.0,0.0,0.0,1.0,0.0,0.0,0
0.8295675466232271,-1.6561051500186716,3.3085909915393783,0.7277823612437324,-0.05611258750201434,2.592413953320128,-1.2494603151507815,-0.4123924567100079,0.0,1.0,0.0,1.0,0.0,1.0,0.0,0.0,0.0,0.0,0
-0.3709448379209555,0.9560399140455145,0.4783345406270387,-0.46618317148792077,-0.10036005904877071,0.07341192703021858,-1.2494603151507815,-0.18299066372144154,0.0,1.0,0.0,0.0,1.0,0.0,0.0,1.0,0.0,0.0,0
-1.571457222465138,0.8023843220417389,0.4783345406270387,0.7277823612437324,2.138041442728316,0.7031624336026958,-1.2494603151507815,0.6483835450853148,1.0,0.0,1.0,0.0,0.0,0.0,0.0,0.0,1.0,0.0,1
0.8295675466232271,-1.886588538024335,3.3085909915393783,1.9217478939753856,-0.009002044266938455,3.222164459892605,-1.2494603151507815,-0.42221606533230666,1.0,0.0,0.0,0.0,1.0,0.0,1.0,0.0,0.0,0.0,1
0.8295675466232271,0.03410636202286062,-0.46508427634374117,-0.46618317148792077,-0.49815419830690855,-0.5563385795422586,0.800345547492897,-0.33168813205106357,0.0,1.0,0.0,0.0,1.0,0.0,0.0,1.0,0.0,0.0,0
0.8295675466232271,-0.08113533197997112,-0.46508427634374117,-0.46618317148792077,-0.5011900954135049,-0.5563385795422586,0.800345547492897,-0.335556675443958,1.0,0.0,0.0,1.0,0.0,0.0,1.0,0.0,0.0,0.0,1
0.8295675466232271,-1.963416334026223,3.3085909915393783,0.7277823612437324,-0.05611258750201434,2.592413953320128,-1.2494603151507815,-0.4123924567100079,0.0,1.0,0.0,1.0,0.0,1.0,0.0,0.0,0.0,0.0,0
-0.3709448379209555,-2.2069604473522073,0.4783345406270387,0.7277823612437324,-0.2721443603479425,0.7031624336026958,-1.2494603151507815,-0.3753565045889623,0.0,1.0,0.0,0.0,1.0,1.0,0.0,0.0,0.0,0.0,1
-0.3709448379209555,-0.11954922998091504,0.4783345406270387,-0.46618317148792077,-0.12118239860018547,0.07341192703021858,-1.2494603151507815,-0.19625727343644297,1.0,0.0,0.0,0.0,1.0,0.0,0.0,0.0,1.0,0.0,1
0.8295675466232271,-0.7341715979960176,-0.46508427634374117,-0.46618317148792077,-0.5790135894869175,-0.5563385795422586,0.800345547492897,-0.43472458306359374,0.0,1.0,1.0,0.0,0.0,0.0,0.0,1.0,0.0,0.0,0
0.8295675466232271,-0.08113533197997112,-0.46508427634374117,-0.46618317148792077,-0.5121218236779976,-0.5563385795422586,0.800345547492897,-0.3494866156447095,0.0,1.0,1.0,0.0,0.0,0.0,0.0,1.0,0.0,0.0,0
-1.571457222465138,-0.08113533197997112,-0.46508427634374117,-0.46618317148792077,-0.023404856534652064,-0.5563385795422586,0.800345547492897,0.27326927095300163,0.0,1.0,1.0,0.0,0.0,0.0,0.0,1.0,0.0,0.0,0
0.8295675466232271,-0.9646549860016811,-0.46508427634374117,-0.46618317148792077,-0.48218971057283894,-0.5563385795422586,0.800345547492897,-0.3113451127140804,0.0,1.0,0.0,0.0,1.0,0.0,0.0,1.0,0.0,0.0,0
0.8295675466232271,-0.08113533197997112,-0.46508427634374117,-0.46618317148792077,-0.4811485935952681,-0.5563385795422586,0.800345547492897,-0.31001845174258025,0.0,1.0,1.0,0.0,0.0,0.0,0.0,1.0,0.0,0.0,0
0.8295675466232271,-0.0427214339790272,-0.46508427634374117,-0.46618317148792077,-0.5006695369247195,-0.5563385795422586,0.800345547492897,-0.33489334495820794,0.0,1.0,0.0,0.0,1.0,0.0,0.0,1.0,0.0,0.0,0
0.8295675466232271,0.41824534203229974,-0.46508427634374117,-0.46618317148792077,-0.5142040576331391,-0.5563385795422586,0.800345547492897,-0.3521399375877098,0.0,1.0,0.0,0.0,1.0,0.0,0.0,1.0,0.0,0.0,0
0.8295675466232271,-1.8097607420224473,3.3085909915393783,1.9217478939753856,-0.01134455746647263,3.222164459892605,-1.2494603151507815,-0.42264249207314597,1.0,0.0,0.0,0.0,1.0,0.0,1.0,0.0,0.0,0.0,0
0.8295675466232271,-0.8109993939979054,-0.46508427634374117,-0.46618317148792077,-0.49849984914346207,-0.5563385795422586,0.800345547492897,-0.33212858349360164,1.0,0.0,0.0,1.0,0.0,0.0,1.0,0.0,0.0,0.0,1
0.8295675466232271,-0.6573438019941298,-0.46508427634374117,-0.46618317148792077,-0.4990204076322475,-0.5563385795422586,0.800345547492897,-0.33279191397935176,0.0,1.0,0.0,0.0,1.0,0.0,0.0,1.0,0.0,0.0,0
0.8295675466232271,-0.7341715979960176,-0.46508427634374117,-0.46618317148792077,-0.4575506361816498,-0.5563385795422586,0.800345547492897,-0.279948354162558,0.0,1.0,0.0,0.0,1.0,0.0,0.0,1.0,0.0,0.0,0
-0.3709448379209555,-1.7329329460205594,-0.46508427634374117,1.9217478939753856,-0.11597681371233177,0.7031624336026958,-1.2494603151507815,-0.30902345601395514,1.0,0.0,0.0,0.0,1.0,0.0,1.0,0.0,0.0,0.0,1
0.8295675466232271,0.7255565260398511,-0.46508427634374117,-0.46618317148792077,-0.4975461859920073,-0.5563385795422586,0.800345547492897,-0.33091336204370747,0.0,1.0,0.0,0.0,1.0,0.0,0.0,1.0,0.0,0.0,1
0.8295675466232271,-0.2732048219846907,0.4783345406270387,-0.46618317148792077,-0.36159296659291,0.07341192703021858,-1.2494603151507815,-0.3494308958839065,0.0,1.0,1.0,0.0,0.0,0.0,0.0,1.0,0.0,0.0,0
0.8295675466232271,1.186523302051178,-0.46508427634374117,0.7277823612437324,-0.36159296659291,0.07341192703021858,-1.2494603151507815,-0.3494308958839065,1.0,0.0,1.0,0.0,0.0,0.0,0.0,0.0,1.0,0.0,0
0.8295675466232271,0.2645897500285241,0.4783345406270387,0.7277823612437324,-0.2351847076441813,0.7031624336026958,-1.2494603151507815,-0.3596576830928773,0.0,1.0,0.0,0.0,1.0,0.0,0.0,1.0,0.0,0.0,0
-0.3709448379209555,-2.1170719260299986,0.4783345406270387,0.7277823612437324,-0.12118239860018547,0.7031624336026958,-1.2494603151507815,-0.3112345576331221,0.0,1.0,0.0,0.0,1.0,1.0,0.0,0.0,0.0,0.0,1
-1.571457222465138,-0.08113533197997112,0.4783345406270387,-0.46618317148792077,1.192794680920202,0.07341192703021858,-1.2494603151507815,0.6409215193409503,1.0,0.0,1.0,0.0,0.0,0.0,0.0,0.0,1.0,0.0,1
0.8295675466232271,-0.2732048219846907,0.4783345406270387,-0.46618317148792077,-0.32732356015919156,0.07341192703021858,-1.2494603151507815,-0.3275967096149571,1.0,0.0,0.0,0.0,1.0,0.0,0.0,0.0,1.0,0.0,0
0.8295675466232271,0.18776195402663626,-0.46508427634374117,-0.46618317148792077,0.5138115038918489,-0.5563385795422586,0.800345547492897,0.9578263322470756,0.0,1.0,0.0,0.0,1.0,0.0,0.0,1.0,0.0,0.0,1
-1.571457222465138,0.41824534203229974,-0.46508427634374117,-0.46618317148792077,2.1616394001419343,-0.5563385795422586,0.800345547492897,3.0575989848889265,1.0,0.0,0.0,0.0,1.0,0.0,1.0,0.0,0.0,0.0,1
0.8295675466232271,-0.11954922998091504,0.4783345406270387,0.7277823612437324,-0.3627215373965967,0.7031624336026958,-1.2494603151507815,-0.4138296727624664,1.0,0.0,0.0,0.0,1.0,0.0,0.0,0.0,1.0,0.0,0
0.8295675466232271,0.7255565260398511,0.4783345406270387,5.503644492170345,-0.01134455746647263,3.222164459892605,-1.2494603151507815,-0.42264249207314597,0.0,1.0,0.0,0.0,1.0,0.0,0.0,1.0,0.0,0.0,0
0.8295675466232271,-0.11954922998091504,-0.46508427634374117,-0.46618317148792077,-0.464751001198529,-0.5563385795422586,0.800345547492897,-0.28912354144145297,0.0,1.0,0.0,0.0,1.0,0.0,0.0,1.0,0.0,0.0,0
-1.571457222465138,0.5719009340360754,-0.46508427634374117,0.7277823612437324,-0.04413974225995086,0.07341192703021858,-1.2494603151507815,-0.1471708174909377,0.0,1.0,1.0,0.0,0.0,0.0,0.0,1.0,0.0,0.0,0
0.8295675466232271,-0.08113533197997112,-0.46508427634374117,-0.46618317148792077,-0.5116012651892122,-0.5563385795422586,0.800345547492897,-0.34882328515895944,0.0,1.0,0.0,0.0,1.0,0.0,0.0,1.0,0.0,0.0,0
0.8295675466232271,-1.963416334026223,3.3085909915393783,1.9217478939753856,-0.01134455746647263,3.222164459892605,-1.2494603151507815,-0.42264249207314597,0.0,1.0,0.0,0.0,1.0,1.0,0.0,0.0,0.0,0.0,0
-1.571457222465138,-0.5036882099903541,-0.46508427634374117,0.7277823612437324,0.6567048090634326,0.07341192703021858,-1.2494603151507815,0.29936071227949496,0.0,1.0,1.0,0.0,0.0,0.0,0.0,1.0,0.0,0.0,1
0.8295675466232271,0.6487287300379633,-0.46508427634374117,-0.46618317148792077,-0.5157657330994951,-0.5563385795422586,0.800345547492897,-0.35412992904496,0.0,1.0,0.0,0.0,1.0,0.0,0.0,1.0,0.0,0.0,0
0.8295675466232271,-0.35003261798657853,-0.46508427634374117,-0.46618317148792077,-0.5157657330994951,-0.5563385795422586,0.800345547492897,-0.35412992904496,0.0,1.0,0.0,0.0,1.0,0.0,0.0,1.0,0.0,0.0,0
-0.3709448379209555,-0.0427214339790272,-0.46508427634374117,-0.46618317148792077,-0.44392866164711425,-0.5563385795422586,0.800345547492897,-0.26259032201145016,1.0,0.0,0.0,0.0,1.0,0.0,0.0,0.0,1.0,0.0,1
-1.571457222465138,1.8779734660681684,-0.46508427634374117,-0.46618317148792077,0.41733535804827876,-0.5563385795422586,0.800345547492897,0.8348899666620432,0.0,1.0,0.0,0.0,1.0,0.0,0.0,1.0,0.0,0.0,0
-0.3709448379209555,-0.42686041398846636,-0.46508427634374117,1.9217478939753856,-0.36063930344145523,0.7031624336026958,-1.2494603151507815,-0.4129452321147997,1.0,0.0,0.0,0.0,1.0,0.0,0.0,0.0,1.0,0.0,1
0.8295675466232271,-0.11954922998091504,-0.46508427634374117,-0.46618317148792077,-0.49815419830690855,-0.5563385795422586,0.800345547492897,-0.33168813205106357,0.0,1.0,0.0,0.0,1.0,0.0,0.0,1.0,0.0,0.0,0
0.8295675466232271,-0.08113533197997112,-0.46508427634374117,1.9217478939753856,-0.1970111125445726,0.7031624336026958,-1.2494603151507815,-0.34344323269920257,1.0,0.0,1.0,0.0,0.0,0.0,0.0,0.0,1.0,0.0,1
0.8295675466232271,-1.1951383740073447,-0.46508427634374117,-0.46618317148792077,-0.4990204076322475,-0.5563385795422586,0.800345547492897,-0.33279191397935176,1.0,0.0,0.0,0.0,1.0,0.0,1.0,0.0,0.0,0.0,0
-0.3709448379209555,0.8792121180436268,-0.46508427634374117,0.7277823612437324,-0.25652760568438143,0.07341192703021858,-1.2494603151507815,-0.2824902365839523,1.0,0.0,0.0,0.0,1.0,0.0,0.0,0.0,1.0,0.0,1
0.8295675466232271,-0.08113533197997112,-0.46508427634374117,-0.46618317148792077,-0.36063930344145523,-0.5563385795422586,0.800345547492897,-0.15645744429143868,0.0,1.0,0.0,0.0,1.0,0.0,0.0,1.0,0.0,0.0,0
-0.3709448379209555,1.570662282060617,-0.46508427634374117,-0.46618317148792077,-0.44392866164711425,-0.5563385795422586,0.800345547492897,-0.26259032201145016,1.0,0.0,0.0,0.0,1.0,0.0,1.0,0.0,0.0,0.0,1
0.8295675466232271,-0.08113533197997112,-0.46508427634374117,-0.46618317148792077,-0.5120343698518817,-0.5563385795422586,0.800345547492897,-0.34937517612310354,0.0,1.0,1.0,0.0,0.0,0.0,0.0,1.0,0.0,0.0,0
0.8295675466232271,-0.6573438019941298,-0.46508427634374117,-0.46618317148792077,-0.5006695369247195,-0.5563385795422586,0.800345547492897,-0.33489334495820794,0.0,1.0,0.0,0.0,1.0,0.0,0.0,1.0,0.0,0.0,0
-1.571457222465138,-0.580516005992242,-0.46508427634374117,1.9217478939753856,0.36814258085806145,0.7031624336026958,-1.2494603151507815,-0.10339100543143297,1.0,0.0,1.0,0.0,0.0,0.0,1.0,0.0,0.0,0.0,1
0.8295675466232271,-0.42686041398846636,-0.46508427634374117,-0.46618317148792077,-0.5064831341274745,-0.5563385795422586,0.800345547492897,-0.3423014198230648,0.0,1.0,0.0,0.0,1.0,0.0,0.0,1.0,0.0,0.0,0
-0.3709448379209555,-0.6573438019941298,-0.46508427634374117,-0.46618317148792077,-0.44392866164711425,-0.5563385795422586,0.800345547492897,-0.26259032201145016,1.0,0.0,0.0,0.0,1.0,0.0,1.0,0.0,0.0,0.0,1
0.8295675466232271,1.647490078062505,-0.46508427634374117,-0.46618317148792077,-0.5156782792733793,-0.5563385795422586,0.800345547492897,-0.354018489523354,0.0,1.0,0.0,0.0,1.0,0.0,0.0,1.0,0.0,0.0,0
-0.3709448379209555,-0.42686041398846636,1.4217533575978185,0.7277823612437324,-0.10036005904877071,1.3329129401751731,-1.2494603151507815,-0.36208989487396087,1.0,0.0,0.0,0.0,1.0,0.0,0.0,0.0,1.0,0.0,1
-0.3709448379209555,-0.8109993939979054,-0.46508427634374117,-0.46618317148792077,-0.3918728127685774,-0.5563385795422586,0.800345547492897,-0.19625727343644297,0.0,1.0,0.0,0.0,1.0,0.0,0.0,1.0,0.0,0.0,0
0.8295675466232271,-0.580516005992242,-0.46508427634374117,-0.46618317148792077,-0.4949433935480804,-0.5563385795422586,0.800345547492897,-0.3275967096149571,0.0,1.0,0.0,0.0,1.0,0.0,0.0,1.0,0.0,0.0,0
-1.571457222465138,2.4157680380813833,-0.46508427634374117,-0.46618317148792077,0.03498514803542525,-0.5563385795422586,0.800345547492897,0.3476737248786157,0.0,1.0,0.0,0.0,1.0,0.0,0.0,1.0,0.0,0.0,0
0.8295675466232271,-0.08113533197997112,-0.46508427634374117,-0.46618317148792077,-0.4949433935480804,-0.5563385795422586,0.800345547492897,-0.3275967096149571,0.0,1.0,0.0,0.0,1.0,0.0,0.0,1.0,0.0,0.0,0
0.8295675466232271,-0.8109993939979054,-0.46508427634374117,-0.46618317148792077,-0.45078337582744,-0.5563385795422586,0.800345547492897,-0.2713250578478071,0.0,1.0,0.0,0.0,1.0,0.0,0.0,1.0,0.0,0.0,0
0.8295675466232271,-0.08113533197997112,-0.46508427634374117,-0.46618317148792077,-0.4949433935480804,-0.5563385795422586,0.800345547492897,-0.3275967096149571,0.0,1.0,0.0,0.0,1.0,0.0,0.0,1.0,0.0,0.0,0
0.8295675466232271,-0.580516005992242,-0.46508427634374117,-0.46618317148792077,-0.5011900954135049,-0.5563385795422586,0.800345547492897,-0.335556675443958,1.0,0.0,0.0,1.0,0.0,0.0,1.0,0.0,0.0,0.0,1
0.8295675466232271,-0.11954922998091504,-0.46508427634374117,-0.46618317148792077,-0.1935400285413518,-0.5563385795422586,0.800345547492897,0.056471641634334234,0.0,1.0,0.0,0.0,1.0,0.0,0.0,1.0,0.0,0.0,0
-0.3709448379209555,1.8779734660681684,0.4783345406270387,3.1157134267070385,-0.18364941725442976,1.9626634467476503,-1.2494603151507815,-0.419136316648467,1.0,0.0,0.0,0.0,1.0,0.0,0.0,0.0,1.0,0.0,1
0.8295675466232271,0.8792121180436268,-0.46508427634374117,-0.46618317148792077,-0.5142040576331391,-0.5563385795422586,0.800345547492897,-0.3521399375877098,0.0,1.0,0.0,0.0,1.0,0.0,0.0,1.0,0.0,0.0,0
0.8295675466232271,-0.08113533197997112,-0.46508427634374117,-0.46618317148792077,-0.5120343698518817,-0.5563385795422586,0.800345547492897,-0.34937517612310354,0.0,1.0,1.0,0.0,0.0,0.0,0.0,1.0,0.0,0.0,0
0.8295675466232271,-0.08113533197997112,-0.46508427634374117,-0.46618317148792077,-0.49815419830690855,-0.5563385795422586,0.800345547492897,-0.33168813205106357,0.0,1.0,1.0,0.0,0.0,0.0,0.0,1.0,0.0,0.0,0
-0.3709448379209555,-0.6573438019941298,0.4783345406270387,-0.46618317148792077,-0.42310632209569954,0.07341192703021858,-1.2494603151507815,-0.38862311430396373,0.0,1.0,0.0,0.0,1.0,0.0,0.0,1.0,0.0,0.0,0
-0.3709448379209555,0.8023843220417389,0.4783345406270387,0.7277823612437324,0.14950801556820642,0.7031624336026958,-1.2494603151507815,-0.19625727343644297,1.0,0.0,0.0,0.0,1.0,0.0,0.0,0.0,1.0,0.0,1
-0.3709448379209555,0.49507313803418757,-0.46508427634374117,-0.46618317148792077,-0.44392866164711425,-0.5563385795422586,0.800345547492897,-0.26259032201145016,0.0,1.0,0.0,0.0,1.0,0.0,0.0,1.0,0.0,0.0,0
-0.3709448379209555,-0.0427214339790272,0.4783345406270387,-0.46618317148792077,-0.12118239860018547,0.07341192703021858,-1.2494603151507815,-0.19625727343644297,1.0,0.0,0.0,0.0,1.0,0.0,0.0,0.0,1.0,0.0,1
0.8295675466232271,-1.1183105780054567,0.4783345406270387,-0.46618317148792077,-0.36159296659291,0.07341192703021858,-1.2494603151507815,-0.3494308958839065,1.0,0.0,1.0,0.0,0.0,0.0,0.0,0.0,1.0,0.0,1
0.8295675466232271,0.8407982200426828,-0.46508427634374117,-0.46618317148792077,-0.5011900954135049,-0.5563385795422586,0.800345547492897,-0.335556675443958,0.0,1.0,0.0,1.0,0.0,0.0,0.0,1.0,0.0,0.0,0
0.8295675466232271,-0.0427214339790272,-0.46508427634374117,-0.46618317148792077,-0.5011900954135049,-0.5563385795422586,0.800345547492897,-0.335556675443958,0.0,1.0,0.0,1.0,0.0,0.0,0.0,1.0,0.0,0.0,1
-0.3709448379209555,0.2645897500285241,-0.46508427634374117,1.9217478939753856,-0.12118239860018547,0.7031624336026958,-1.2494603151507815,-0.3112345576331221,1.0,0.0,0.0,0.0,1.0,0.0,0.0,0.0,1.0,0.0,1
0.8295675466232271,-0.8109993939979054,-0.46508427634374117,-0.46618317148792077,-0.4949433935480804,-0.5563385795422586,0.800345547492897,-0.3275967096149571,0.0,1.0,0.0,0.0,1.0,0.0,0.0,1.0,0.0,0.0,0
-0.3709448379209555,0.41824534203229974,-0.46508427634374117,-0.46618317148792077,-0.44392866164711425,-0.5563385795422586,0.800345547492897,-0.26259032201145016,0.0,1.0,0.0,0.0,1.0,0.0,0.0,1.0,0.0,0.0,0
-1.571457222465138,-0.8878271899997933,1.4217533575978185,1.9217478939753856,4.800698112865479,1.9626634467476503,-1.2494603151507815,0.85114156356292,1.0,0.0,1.0,0.0,0.0,0.0,1.0,0.0,0.0,0.0,1
0.8295675466232271,-0.8878271899997933,0.4783345406270387,-0.46618317148792077,-0.2919255829217865,0.07341192703021858,-1.2494603151507815,-0.3050434730994547,1.0,0.0,0.0,0.0,1.0,0.0,0.0,0.0,1.0,0.0,0
-1.571457222465138,-0.08113533197997112,-0.46508427634374117,-0.46618317148792077,0.2203039700430166,-0.5563385795422586,0.800345547492897,0.5838193778056411,0.0,1.0,0.0,0.0,1.0,0.0,0.0,1.0,0.0,0.0,0
0.8295675466232271,-0.08113533197997112,-0.46508427634374117,-0.46618317148792077,-0.5015378284840135,-0.5563385795422586,0.800345547492897,-0.33599978020843907,0.0,1.0,0.0,1.0,0.0,0.0,0.0,1.0,0.0,0.0,0
0.8295675466232271,-0.08113533197997112,-0.46508427634374117,-0.46618317148792077,-0.4949433935480804,-0.5563385795422586,0.800345547492897,-0.3275967096149571,0.0,1.0,0.0,0.0,1.0,0.0,0.0,1.0,0.0,0.0,0
-1.571457222465138,-0.6573438019941298,-0.46508427634374117,0.7277823612437324,0.946743341142999,0.07341192703021858,-1.2494603151507815,0.4841539723216928,0.0,1.0,0.0,0.0,1.0,0.0,0.0,1.0,0.0,0.0,0
0.8295675466232271,-0.08113533197997112,-0.46508427634374117,-0.46618317148792077,-0.4995409661210328,-0.5563385795422586,0.800345547492897,-0.3334552444651018,1.0,0.0,0.0,1.0,0.0,0.0,1.0,0.0,0.0,0.0,1
-1.571457222465138,0.7255565260398511,0.4783345406270387,0.7277823612437324,1.6462864962444193,0.7031624336026958,-1.2494603151507815,0.4395078506477986,1.0,0.0,1.0,0.0,0.0,0.0,0.0,0.0,1.0,0.0,1
0.8295675466232271,-0.7341715979960176,-0.46508427634374117,-0.46618317148792077,-0.4990204076322475,-0.5563385795422586,0.800345547492897,-0.33279191397935176,0.0,1.0,0.0,0.0,1.0,0.0,0.0,1.0,0.0,0.0,0
-1.571457222465138,2.1852846500757197,-0.46508427634374117,-0.46618317148792077,-0.04413974225995086,-0.5563385795422586,0.800345547492897,0.24684749104460477,0.0,1.0,1.0,0.0,0.0,0.0,0.0,1.0,0.0,0.0,0
-1.571457222465138,1.4938344860587294,0.4783345406270387,-0.46618317148792077,0.522835905853432,0.07341192703021858,-1.2494603151507815,0.2140683517607793,0.0,1.0,1.0,0.0,0.0,0.0,0.0,0.0,0.0,1.0,1
0.8295675466232271,-1.886588538024335,1.4217533575978185,0.7277823612437324,-0.2615603651539584,1.3329129401751731,-1.2494603151507815,-0.41344295108927415,1.0,0.0,1.0,0.0,0.0,0.0,1.0,0.0,0.0,0.0,1
-1.571457222465138,0.7255565260398511,0.4783345406270387,0.7277823612437324,0.9959361183332165,0.7031624336026958,-1.2494603151507815,0.1632678498400958,1.0,0.0,0.0,0.0,1.0,0.0,0.0,0.0,1.0,0.0,1
0.8295675466232271,-0.9646549860016811,-0.46508427634374117,-0.46618317148792077,-0.48218971057283894,-0.5563385795422586,0.800345547492897,-0.3113451127140804,0.0,1.0,0.0,0.0,1.0,0.0,0.0,1.0,0.0,0.0,0
-1.571457222465138,2.723079222088934,-0.46508427634374117,0.7277823612437324,0.6279887205880765,0.07341192703021858,-1.2494603151507815,0.2810647308215365,0.0,1.0,1.0,0.0,0.0,0.0,0.0,1.0,0.0,0.0,0
-1.571457222465138,-0.08113533197997112,0.4783345406270387,-0.46618317148792077,2.120342454109614,0.07341192703021858,-1.2494603151507815,1.231893262383461,1.0,0.0,0.0,0.0,1.0,0.0,0.0,0.0,1.0,0.0,1
-1.571457222465138,-0.08113533197997112,-0.46508427634374117,-0.46618317148792077,1.6462864962444193,-0.5563385795422586,0.800345547492897,2.4009018039963563,1.0,0.0,1.0,0.0,0.0,0.0,1.0,0.0,0.0,0.0,1
0.8295675466232271,-0.6573438019941298,-0.46508427634374117,-0.46618317148792077,-0.4949433935480804,-0.5563385795422586,0.800345547492897,-0.3275967096149571,0.0,1.0,0.0,0.0,1.0,0.0,0.0,1.0,0.0,0.0,0
-1.571457222465138,0.11093415802474844,-0.46508427634374117,-0.46618317148792077,0.3888774665833603,-0.5563385795422586,0.800345547492897,0.7986270156670584,0.0,1.0,0.0,0.0,1.0,0.0,0.0,1.0,0.0,0.0,0
0.8295675466232271,0.18776195402663626,-0.46508427634374117,-0.46618317148792077,-0.4975461859920073,-0.5563385795422586,0.800345547492897,-0.33091336204370747,0.0,1.0,0.0,0.0,1.0,0.0,0.0,1.0,0.0,0.0,1
-0.3709448379209555,0.7255565260398511,-0.46508427634374117,-0.46618317148792077,-0.3918728127685774,-0.5563385795422586,0.800345547492897,-0.19625727343644297,0.0,1.0,0.0,0.0,1.0,0.0,0.0,1.0,0.0,0.0,0
0.8295675466232271,-0.7341715979960176,-0.46508427634374117,-0.46618317148792077,-0.4949433935480804,-0.5563385795422586,0.800345547492897,-0.3275967096149571,0.0,1.0,0.0,0.0,1.0,0.0,0.0,1.0,0.0,0.0,0
-0.3709448379209555,0.3414175460304119,-0.46508427634374117,-0.46618317148792077,-0.3918728127685774,-0.5563385795422586,0.800345547492897,-0.19625727343644297,0.0,1.0,0.0,0.0,1.0,0.0,0.0,1.0,0.0,0.0,1
-1.571457222465138,1.3401788940549537,-0.46508427634374117,-0.46618317148792077,-0.1297716136651441,-0.5563385795422586,0.800345547492897,0.137729626138718,0.0,1.0,0.0,0.0,1.0,0.0,0.0,1.0,0.0,0.0,0
-1.571457222465138,0.49507313803418757,-0.46508427634374117,-0.46618317148792077,-0.1151959759791537,-0.5563385795422586,0.800345547492897,0.15630287973972007,0.0,1.0,0.0,0.0,1.0,0.0,0.0,1.0,0.0,0.0,1
0.8295675466232271,-0.6573438019941298,-0.46508427634374117,-0.46618317148792077,-0.32732356015919156,-0.5563385795422586,0.800345547492897,-0.11400429320343407,0.0,1.0,0.0,0.0,1.0,0.0,0.0,1.0,0.0,0.0,0
0.8295675466232271,-0.08113533197997112,-0.46508427634374117,-0.46618317148792077,-0.4949433935480804,-0.5563385795422586,0.800345547492897,-0.3275967096149571,0.0,1.0,0.0,0.0,1.0,0.0,0.0,1.0,0.0,0.0,0
0.8295675466232271,-0.08113533197997112,-0.46508427634374117,-0.46618317148792077,-0.49815419830690855,-0.5563385795422586,0.800345547492897,-0.33168813205106357,0.0,1.0,0.0,0.0,1.0,0.0,0.0,1.0,0.0,0.0,0
0.8295675466232271,0.03410636202286062,-0.46508427634374117,-0.46618317148792077,-0.48218971057283894,-0.5563385795422586,0.800345547492897,-0.3113451127140804,1.0,0.0,0.0,0.0,1.0,0.0,1.0,0.0,0.0,0.0,0
0.8295675466232271,-0.08113533197997112,-0.46508427634374117,-0.46618317148792077,-0.49815419830690855,-0.5563385795422586,0.800345547492897,-0.33168813205106357,0.0,1.0,0.0,0.0,1.0,0.0,0.0,1.0,0.0,0.0,0
0.8295675466232271,-0.08113533197997112,-0.46508427634374117,-0.46618317148792077,-0.5121218236779976,-0.5563385795422586,0.800345547492897,-0.3494866156447095,0.0,1.0,1.0,0.0,0.0,0.0,0.0,1.0,0.0,0.0,0
0.8295675466232271,0.2645897500285241,-0.46508427634374117,-0.46618317148792077,-0.48236253599111567,-0.5563385795422586,0.800345547492897,-0.31156533843534945,0.0,1.0,0.0,0.0,1.0,0.0,0.0,1.0,0.0,0.0,0
-1.571457222465138,0.03410636202286062,-0.46508427634374117,-0.46618317148792077,0.522835905853432,-0.5563385795422586,0.800345547492897,0.9693258295480387,1.0,0.0,1.0,0.0,0.0,0.0,1.0,0.0,0.0,0.0,1
-0.3709448379209555,-2.1938997220318863,1.4217533575978185,0.7277823612437324,0.14950801556820642,1.3329129401751731,-1.2494603151507815,-0.2824902365839523,0.0,1.0,0.0,0.0,1.0,1.0,0.0,0.0,0.0,0.0,1
0.8295675466232271,-0.7341715979960176,-0.46508427634374117,-0.46618317148792077,-0.48218971057283894,-0.5563385795422586,0.800345547492897,-0.3113451127140804,1.0,0.0,0.0,0.0,1.0,0.0,1.0,0.0,0.0,0.0,0
-0.3709448379209555,0.3414175460304119,0.4783345406270387,0.7277823612437324,0.014162808484010483,0.7031624336026958,-1.2494603151507815,-0.2537459155347825,1.0,0.0,0.0,0.0,1.0,0.0,0.0,0.0,1.0,0.0,1
-1.571457222465138,1.186523302051178,-0.46508427634374117,-0.46618317148792077,0.07662982713825477,-0.5563385795422586,0.800345547492897,0.40074016373862137,0.0,1.0,0.0,0.0,1.0,0.0,0.0,1.0,0.0,0.0,0
-0.3709448379209555,0.49507313803418757,-0.46508427634374117,-0.46618317148792077,-0.3918728127685774,-0.5563385795422586,0.800345547492897,-0.19625727343644297,1.0,0.0,0.0,0.0,1.0,0.0,0.0,0.0,1.0,0.0,1
0.8295675466232271,0.7255565260398511,-0.46508427634374117,-0.46618317148792077,-0.4975461859920073,-0.5563385795422586,0.800345547492897,-0.33091336204370747,0.0,1.0,0.0,0.0,1.0,0.0,0.0,1.0,0.0,0.0,0
0.8295675466232271,-0.7341715979960176,0.4783345406270387,0.7277823612437324,-0.3347842044204636,0.7031624336026958,-1.2494603151507815,-0.4019631325927215,0.0,1.0,1.0,0.0,0.0,0.0,0.0,1.0,0.0,0.0,1
0.8295675466232271,0.3798314440313558,-0.46508427634374117,-0.46618317148792077,-0.5285194160747367,-0.5563385795422586,0.800345547492897,-0.37038152594583673,0.0,1.0,1.0,0.0,0.0,0.0,0.0,1.0,0.0,0.0,0
0.8295675466232271,-0.11954922998091504,-0.46508427634374117,-0.46618317148792077,-0.464751001198529,-0.5563385795422586,0.800345547492897,-0.28912354144145297,0.0,1.0,0.0,0.0,1.0,0.0,0.0,1.0,0.0,0.0,0
0.8295675466232271,-0.08113533197997112,1.4217533575978185,-0.46618317148792077,-0.17844383236657607,0.7031624336026958,-1.2494603151507815,-0.335556675443958,0.0,1.0,0.0,1.0,0.0,0.0,0.0,1.0,0.0,0.0,1
0.8295675466232271,-0.08113533197997112,-0.46508427634374117,-0.46618317148792077,-0.4949433935480804,-0.5563385795422586,0.800345547492897,-0.3275967096149571,0.0,1.0,0.0,0.0,1.0,0.0,0.0,1.0,0.0,0.0,0
0.8295675466232271,-1.502449558014896,-0.46508427634374117,1.9217478939753856,-0.1597037267703028,0.7031624336026958,-1.2494603151507815,-0.3275967096149572,1.0,0.0,0.0,0.0,1.0,0.0,1.0,0.0,0.0,0.0,0
0.8295675466232271,-1.5792773540167837,0.4783345406270387,0.7277823612437324,-0.3451100026040101,0.7031624336026958,-1.2494603151507815,-0.406349073764501,1.0,0.0,1.0,0.0,0.0,0.0,1.0,0.0,0.0,0.0,0
0.8295675466232271,-0.08113533197997112,-0.46508427634374117,-0.46618317148792077,-0.49815419830690855,-0.5563385795422586,0.800345547492897,-0.33168813205106357,0.0,1.0,0.0,0.0,1.0,0.0,0.0,1.0,0.0,0.0,0
0.8295675466232271,-0.6957576999950738,-0.46508427634374117,-0.46618317148792077,-0.5116012651892122,-0.5563385795422586,0.800345547492897,-0.34882328515895944,0.0,1.0,0.0,0.0,1.0,0.0,0.0,1.0,0.0,0.0,0
-1.571457222465138,-0.08113533197997112,0.4783345406270387,-0.46618317148792077,0.4201984297365983,0.07341192703021858,-1.2494603151507815,0.14867457915359422,1.0,0.0,0.0,0.0,1.0,0.0,0.0,0.0,1.0,0.0,1
-1.571457222465138,0.49507313803418757,-0.46508427634374117,-0.46618317148792077,2.1616394001419343,-0.5563385795422586,0.800345547492897,3.0575989848889265,1.0,0.0,1.0,0.0,0.0,0.0,1.0,0.0,0.0,0.0,1
0.8295675466232271,-0.08113533197997112,-0.46508427634374117,-0.46618317148792077,-0.4949433935480804,-0.5563385795422586,0.800345547492897,-0.3275967096149571,0.0,1.0,0.0,0.0,1.0,0.0,0.0,1.0,0.0,0.0,0
0.8295675466232271,-0.08113533197997112,-0.46508427634374117,-0.46618317148792077,-0.5053545633237878,-0.5563385795422586,0.800345547492897,-0.34086331932995856,0.0,1.0,0.0,0.0,1.0,0.0,0.0,1.0,0.0,0.0,0
0.8295675466232271,-0.7341715979960176,-0.46508427634374117,-0.46618317148792077,-0.48218971057283894,-0.5563385795422586,0.800345547492897,-0.3113451127140804,0.0,1.0,0.0,0.0,1.0,0.0,0.0,1.0,0.0,0.0,0
0.8295675466232271,-0.580516005992242,-0.46508427634374117,-0.46618317148792077,-0.44358092857660564,-0.5563385795422586,0.800345547492897,-0.2621472172469691,1.0,0.0,0.0,0.0,1.0,0.0,1.0,0.0,0.0,0.0,0
-0.3709448379209555,0.7255565260398511,-0.46508427634374117,-0.46618317148792077,-0.3918728127685774,-0.5563385795422586,0.800345547492897,-0.19625727343644297,0.0,1.0,0.0,0.0,1.0,0.0,0.0,1.0,0.0,0.0,0
0.8295675466232271,0.5719009340360754,-0.46508427634374117,-0.46618317148792077,-0.4629290464877802,-0.5563385795422586,0.800345547492897,-0.28680188474132773,1.0,0.0,0.0,0.0,1.0,0.0,1.0,0.0,0.0,0.0,0
-0.3709448379209555,1.4170066900568414,0.4783345406270387,1.9217478939753856,0.6908888439049902,1.3329129401751731,-1.2494603151507815,-0.11002431028893368,1.0,0.0,0.0,0.0,1.0,0.0,0.0,0.0,1.0,0.0,1
-0.3709448379209555,-0.5036882099903541,-0.46508427634374117,-0.46618317148792077,-0.3918728127685774,-0.5563385795422586,0.800345547492897,-0.19625727343644297,0.0,1.0,0.0,0.0,1.0,0.0,0.0,1.0,0.0,0.0,0
0.8295675466232271,-0.08113533197997112,-0.46508427634374117,-0.46618317148792077,-0.5014503746578975,-0.5563385795422586,0.800345547492897,-0.33588834068683304,1.0,0.0,0.0,1.0,0.0,0.0,1.0,0.0,0.0,0.0,1
-0.3709448379209555,3.107218202098373,-0.46508427634374117,-0.46618317148792077,-0.44392866164711425,-0.5563385795422586,0.800345547492897,-0.26259032201145016,0.0,1.0,0.0,0.0,1.0,0.0,0.0,1.0,0.0,0.0,0
0.8295675466232271,0.18776195402663626,0.4783345406270387,0.7277823612437324,-0.33981696389004046,0.7031624336026958,-1.2494603151507815,-0.40410082563813204,1.0,0.0,0.0,1.0,0.0,0.0,0.0,0.0,1.0,0.0,0
0.8295675466232271,-1.041482782003569,0.4783345406270387,0.7277823612437324,-0.24091085102082035,0.7031624336026958,-1.2494603151507815,-0.36208989487396087,0.0,1.0,0.0,0.0,1.0,0.0,0.0,1.0,0.0,0.0,0
-0.3709448379209555,-0.6573438019941298,-0.46508427634374117,-0.46618317148792077,0.8678787300920157,-0.5563385795422586,0.800345547492897,1.40900250207873,0.0,1.0,0.0,0.0,1.0,0.0,0.0,1.0,0.0,0.0,0
0.8295675466232271,-0.08113533197997112,-0.46508427634374117,-0.46618317148792077,-0.5116012651892122,-0.5563385795422586,0.800345547492897,-0.34882328515895944,0.0,1.0,0.0,0.0,1.0,0.0,0.0,1.0,0.0,0.0,0
-0.3709448379209555,0.9560399140455145,-0.46508427634374117,-0.46618317148792077,-0.3918728127685774,-0.5563385795422586,0.800345547492897,-0.19625727343644297,0.0,1.0,0.0,0.0,1.0,0.0,0.0,0.0,0.0,1.0,0
0.8295675466232271,-0.42686041398846636,-0.46508427634374117,-0.46618317148792077,-0.5002364322620501,-0.5563385795422586,0.800345547492897,-0.3343414539940639,0.0,1.0,0.0,0.0,1.0,0.0,0.0,1.0,0.0,0.0,0
0.8295675466232271,-0.580516005992242,-0.46508427634374117,-0.46618317148792077,-0.5011900954135049,-0.5563385795422586,0.800345547492897,-0.335556675443958,1.0,0.0,0.0,0.0,1.0,0.0,1.0,0.0,0.0,0.0,1
0.8295675466232271,0.8023843220417389,-0.46508427634374117,-0.46618317148792077,-0.5121218236779976,-0.5563385795422586,0.800345547492897,-0.3494866156447095,0.0,1.0,1.0,0.0,0.0,0.0,0.0,1.0,0.0,0.0,0
-1.571457222465138,-2.2000459457120374,0.4783345406270387,1.9217478939753856,2.493062332079938,1.3329129401751731,-1.2494603151507815,0.4640882251277533,0.0,1.0,0.0,0.0,1.0,1.0,0.0,0.0,0.0,0.0,1
0.8295675466232271,0.2645897500285241,-0.46508427634374117,-0.46618317148792077,-0.48218971057283894,-0.5563385795422586,0.800345547492897,-0.3113451127140804,0.0,1.0,1.0,0.0,0.0,0.0,0.0,1.0,0.0,0.0,0
0.8295675466232271,-0.8878271899997933,-0.46508427634374117,-0.46618317148792077,-0.5006695369247195,-0.5563385795422586,0.800345547492897,-0.33489334495820794,0.0,1.0,0.0,0.0,1.0,0.0,0.0,1.0,0.0,0.0,0
0.8295675466232271,-0.11954922998091504,-0.46508427634374117,-0.46618317148792077,0.5138115038918489,-0.5563385795422586,0.800345547492897,0.9578263322470756,0.0,1.0,0.0,0.0,1.0,0.0,0.0,1.0,0.0,0.0,0
-0.3709448379209555,0.5719009340360754,0.4783345406270387,-0.46618317148792077,-0.12118239860018547,0.07341192703021858,-1.2494603151507815,-0.19625727343644297,0.0,1.0,0.0,0.0,1.0,0.0,0.0,1.0,0.0,0.0,0
0.8295675466232271,-1.886588538024335,-0.46508427634374117,-0.46618317148792077,-0.4028045410330702,-0.5563385795422586,0.800345547492897,-0.2101872136371945,1.0,0.0,0.0,0.0,1.0,0.0,1.0,0.0,0.0,0.0,1
0.8295675466232271,-1.2719661700092324,-0.46508427634374117,-0.46618317148792077,-0.5120343698518817,-0.5563385795422586,0.800345547492897,-0.34937517612310354,1.0,0.0,1.0,0.0,0.0,0.0,1.0,0.0,0.0,0.0,1
-0.3709448379209555,-0.19637702598280285,-0.46508427634374117,-0.46618317148792077,-0.12118239860018547,-0.5563385795422586,0.800345547492897,0.14867457915359422,0.0,1.0,0.0,0.0,1.0,0.0,0.0,1.0,0.0,0.0,0
-0.3709448379209555,0.6487287300379633,-0.46508427634374117,-0.46618317148792077,-0.3918728127685774,-0.5563385795422586,0.800345547492897,-0.19625727343644297,1.0,0.0,0.0,0.0,1.0,0.0,1.0,0.0,0.0,0.0,0
0.8295675466232271,0.9560399140455145,-0.46508427634374117,-0.46618317148792077,-0.5053545633237878,-0.5563385795422586,0.800345547492897,-0.34086331932995856,0.0,1.0,0.0,0.0,1.0,0.0,0.0,1.0,0.0,0.0,0
0.8295675466232271,-2.0402441300281104,0.4783345406270387,0.7277823612437324,-0.3314880280694745,0.7031624336026958,-1.2494603151507815,-0.400563063047465,0.0,1.0,0.0,0.0,1.0,1.0,0.0,0.0,0.0,0.0,1
-0.3709448379209555,-0.11954922998091504,-0.46508427634374117,-0.46618317148792077,-0.3991606316115725,-0.5563385795422586,0.800345547492897,-0.20554390023694397,1.0,0.0,0.0,0.0,1.0,0.0,0.0,0.0,1.0,0.0,1
-1.571457222465138,1.570662282060617,-0.46508427634374117,0.7277823612437324,4.491398916700854,0.07341192703021858,-1.2494603151507815,2.7425727239184456,1.0,0.0,1.0,0.0,0.0,0.0,0.0,0.0,1.0,0.0,1
-1.571457222465138,1.647490078062505,-0.46508427634374117,-0.46618317148792077,-0.10973011184690733,-0.5563385795422586,0.800345547492897,0.1632678498400958,0.0,1.0,0.0,0.0,1.0,0.0,0.0,1.0,0.0,0.0,1
0.8295675466232271,-0.08113533197997112,-0.46508427634374117,-0.46618317148792077,-0.5120343698518817,-0.5563385795422586,0.800345547492897,-0.34937517612310354,0.0,1.0,1.0,0.0,0.0,0.0,0.0,1.0,0.0,0.0,0
-1.571457222465138,-0.2732048219846907,-0.46508427634374117,-0.46618317148792077,0.9792782466920845,-0.5563385795422586,0.800345547492897,1.5509552260292452,1.0,0.0,0.0,0.0,1.0,0.0,1.0,0.0,0.0,0.0,1
0.8295675466232271,-0.08113533197997112,-0.46508427634374117,-0.46618317148792077,-0.49815419830690855,-0.5563385795422586,0.800345547492897,-0.33168813205106357,0.0,1.0,0.0,0.0,1.0,0.0,0.0,1.0,0.0,0.0,0
-1.571457222465138,-0.42686041398846636,-0.46508427634374117,-0.46618317148792077,0.3682300346841773,-0.5563385795422586,0.800345547492897,0.7723166752802674,1.0,0.0,1.0,0.0,0.0,0.0,0.0,0.0,0.0,1.0,1
-1.571457222465138,0.9560399140455145,0.4783345406270387,-0.46618317148792077,0.43173817031599243,0.07341192703021858,-1.2494603151507815,0.15602693425764802,0.0,1.0,0.0,0.0,1.0,0.0,0.0,1.0,0.0,0.0,1
-1.571457222465138,0.9560399140455145,-0.46508427634374117,-0.46618317148792077,-0.1151959759791537,-0.5563385795422586,0.800345547492897,0.15630287973972007,0.0,1.0,0.0,0.0,1.0,0.0,0.0,1.0,0.0,0.0,1
0.8295675466232271,-0.08113533197997112,-0.46508427634374117,-0.46618317148792077,-0.49815419830690855,-0.5563385795422586,0.800345547492897,-0.33168813205106357,0.0,1.0,0.0,0.0,1.0,0.0,0.0,1.0,0.0,0.0,0
-0.3709448379209555,0.49507313803418757,0.4783345406270387,1.9217478939753856,-0.08474330438520963,1.3329129401751731,-1.2494603151507815,-0.3571149162308353,0.0,1.0,0.0,0.0,1.0,0.0,0.0,1.0,0.0,0.0,0
-1.571457222465138,-0.8109993939979054,-0.46508427634374117,1.9217478939753856,-0.11528342980526965,0.7031624336026958,-1.2494603151507815,-0.3087289372782821,1.0,0.0,0.0,0.0,1.0,0.0,1.0,0.0,0.0,0.0,1
0.8295675466232271,-0.08113533197997112,7.082266259422497,1.9217478939753856,0.7856304888639273,5.741166486182514,-1.2494603151507815,-0.3734268159031439,1.0,0.0,0.0,0.0,1.0,0.0,1.0,0.0,0.0,0.0,0
-1.571457222465138,2.723079222088934,-0.46508427634374117,-0.46618317148792077,-0.10973011184690733,-0.5563385795422586,0.800345547492897,0.1632678498400958,0.0,1.0,0.0,0.0,1.0,0.0,0.0,1.0,0.0,0.0,0
0.8295675466232271,-1.1183105780054567,-0.46508427634374117,-0.46618317148792077,-0.49537649821074986,-0.5563385795422586,0.800345547492897,-0.3281486005791012,1.0,0.0,0.0,1.0,0.0,0.0,1.0,0.0,0.0,0.0,1
0.8295675466232271,-0.08113533197997112,-0.46508427634374117,-0.46618317148792077,-0.5121218236779976,-0.5563385795422586,0.800345547492897,-0.3494866156447095,1.0,0.0,1.0,0.0,0.0,0.0,0.0,0.0,1.0,0.0,1
-1.571457222465138,1.2633510980530658,-0.46508427634374117,-0.46618317148792077,0.9865660655350799,-0.5563385795422586,0.800345547492897,1.5602418528297466,0.0,1.0,1.0,0.0,0.0,0.0,0.0,1.0,0.0,0.0,0
-1.571457222465138,-0.11954922998091504,-0.46508427634374117,-0.46618317148792077,0.31816896593466604,-0.5563385795422586,0.800345547492897,0.7085255091266546,0.0,1.0,0.0,0.0,1.0,0.0,0.0,1.0,0.0,0.0,0
-0.3709448379209555,1.570662282060617,-0.46508427634374117,0.7277823612437324,-0.12118239860018547,0.07341192703021858,-1.2494603151507815,-0.19625727343644297,1.0,0.0,0.0,0.0,1.0,0.0,0.0,0.0,1.0,0.0,1
-1.571457222465138,-0.8109993939979054,0.4783345406270387,-0.46618317148792077,1.233918801534246,0.07341192703021858,-1.2494603151507815,0.6671230735280781,1.0,0.0,1.0,0.0,0.0,0.0,0.0,0.0,1.0,0.0,1
0.8295675466232271,-0.08113533197997112,0.4783345406270387,-0.46618317148792077,-0.1597037267703028,0.07341192703021858,-1.2494603151507815,-0.22080050140919566,1.0,0.0,0.0,1.0,0.0,0.0,1.0,0.0,0.0,0.0,1
-1.571457222465138,-0.35003261798657853,0.4783345406270387,-0.46618317148792077,0.4918626757707025,0.07341192703021858,-1.2494603151507815,0.1943342698097146,0.0,1.0,1.0,0.0,0.0,0.0,0.0,1.0,0.0,0.0,1
-1.571457222465138,2.4925958340832706,-0.46508427634374117,-0.46618317148792077,1.0032239371762115,-0.5563385795422586,0.800345547492897,1.5814684283737488,1.0,0.0,0.0,0.0,1.0,0.0,0.0,0.0,1.0,0.0,1
-1.571457222465138,-0.19637702598280285,0.4783345406270387,-0.46618317148792077,0.4431030032431546,0.07341192703021858,-1.2494603151507815,0.1632678498400958,0.0,1.0,0.0,0.0,1.0,0.0,0.0,1.0,0.0,0.0,1
-1.571457222465138,0.41824534203229974,0.4783345406270387,-0.46618317148792077,1.2114473326903592,0.07341192703021858,-1.2494603151507815,0.6528057483236486,1.0,0.0,0.0,0.0,1.0,0.0,0.0,0.0,1.0,0.0,1
0.8295675466232271,-0.08113533197997112,-0.46508427634374117,-0.46618317148792077,-0.3481458997106064,-0.5563385795422586,0.800345547492897,-0.14053751263343697,0.0,1.0,0.0,0.0,1.0,0.0,0.0,1.0,0.0,0.0,0
0.8295675466232271,0.9560399140455145,-0.46508427634374117,-0.46618317148792077,-0.5032723293686463,-0.5563385795422586,0.800345547492897,-0.3382099973869583,0.0,1.0,0.0,0.0,1.0,0.0,0.0,1.0,0.0,0.0,0
0.8295675466232271,-0.08113533197997112,-0.46508427634374117,-0.46618317148792077,-0.49815419830690855,-0.5563385795422586,0.800345547492897,-0.33168813205106357,0.0,1.0,1.0,0.0,0.0,0.0,0.0,1.0,0.0,0.0,0
-1.571457222465138,-0.08113533197997112,0.4783345406270387,-0.46618317148792077,0.41733535804827876,0.07341192703021858,-1.2494603151507815,0.14685042031778148,1.0,0.0,0.0,0.0,1.0,0.0,0.0,0.0,1.0,0.0,1
0.8295675466232271,-0.42686041398846636,-0.46508427634374117,-0.46618317148792077,-0.5157657330994951,-0.5563385795422586,0.800345547492897,-0.35412992904496,0.0,1.0,0.0,0.0,1.0,0.0,0.0,1.0,0.0,0.0,0
0.8295675466232271,-0.42686041398846636,-0.46508427634374117,-0.46618317148792077,-0.5138563245626304,-0.5563385795422586,0.800345547492897,-0.3516968328232287,0.0,1.0,0.0,0.0,1.0,0.0,0.0,1.0,0.0,0.0,1
-0.3709448379209555,-1.963416334026223,1.4217533575978185,0.7277823612437324,0.14950801556820642,1.3329129401751731,-1.2494603151507815,-0.2824902365839523,1.0,0.0,0.0,0.0,1.0,0.0,1.0,0.0,0.0,0.0,1
-0.3709448379209555,-0.11954922998091504,-0.46508427634374117,-0.46618317148792077,-0.3918728127685774,-0.5563385795422586,0.800345547492897,-0.19625727343644297,1.0,0.0,0.0,0.0,1.0,0.0,0.0,0.0,0.0,1.0,1
-0.3709448379209555,-0.8878271899997933,-0.46508427634374117,-0.46618317148792077,0.8678787300920157,-0.5563385795422586,0.800345547492897,1.40900250207873,0.0,1.0,0.0,0.0,1.0,0.0,0.0,1.0,0.0,0.0,0
0.8295675466232271,-0.19637702598280285,-0.46508427634374117,1.9217478939753856,-0.4307418740092033,0.7031624336026958,-1.2494603151507815,-0.4427216953997965,1.0,0.0,0.0,0.0,1.0,0.0,0.0,0.0,1.0,0.0,1
-1.571457222465138,-0.08113533197997112,-0.46508427634374117,-0.46618317148792077,0.16200141929905532,-0.5563385795422586,0.800345547492897,0.5095263634016332,0.0,1.0,1.0,0.0,0.0,0.0,0.0,0.0,0.0,1.0,0
0.8295675466232271,-1.1951383740073447,4.252009808510158,1.9217478939753856,0.314004498024383,3.851914966465082,-1.2494603151507815,-0.38563812711808837,0.0,1.0,0.0,0.0,1.0,0.0,0.0,1.0,0.0,0.0,0
-0.3709448379209555,-0.11954922998091504,0.4783345406270387,-0.46618317148792077,-0.162827077703015,0.07341192703021858,-1.2494603151507815,-0.22279049286644584,1.0,0.0,1.0,0.0,0.0,0.0,0.0,0.0,1.0,0.0,1
0.8295675466232271,-0.580516005992242,-0.46508427634374117,-0.46618317148792077,-0.4678743521312413,-0.5563385795422586,0.800345547492897,-0.29310352435595344,0.0,1.0,0.0,0.0,1.0,0.0,0.0,1.0,0.0,0.0,0
-1.571457222465138,0.5719009340360754,0.4783345406270387,0.7277823612437324,0.43173817031599243,0.7031624336026958,-1.2494603151507815,-0.07637841917039474,0.0,1.0,0.0,0.0,1.0,0.0,0.0,1.0,0.0,0.0,1
0.8295675466232271,1.3401788940549537,-0.46508427634374117,-0.46618317148792077,-0.5116012651892122,-0.5563385795422586,0.800345547492897,-0.34882328515895944,0.0,1.0,0.0,0.0,1.0,0.0,0.0,1.0,0.0,0.0,0
0.8295675466232271,-0.08113533197997112,-0.46508427634374117,-0.46618317148792077,-0.36063930344145523,-0.5563385795422586,0.800345547492897,-0.15645744429143868,0.0,1.0,0.0,0.0,1.0,0.0,0.0,1.0,0.0,0.0,0
-0.3709448379209555,-0.11954922998091504,-0.46508427634374117,-0.46618317148792077,-0.3918728127685774,-0.5563385795422586,0.800345547492897,-0.19625727343644297,0.0,1.0,0.0,0.0,1.0,0.0,0.0,1.0,0.0,0.0,0
0.8295675466232271,0.49507313803418757,0.4783345406270387,0.7277823612437324,-0.1597037267703028,0.7031624336026958,-1.2494603151507815,-0.3275967096149572,0.0,1.0,0.0,0.0,1.0,0.0,0.0,1.0,0.0,0.0,0
0.8295675466232271,-0.7341715979960176,-0.46508427634374117,-0.46618317148792077,-0.5120343698518817,-0.5563385795422586,0.800345547492897,-0.34937517612310354,0.0,1.0,1.0,0.0,0.0,0.0,0.0,1.0,0.0,0.0,1
-0.3709448379209555,1.9548012620700563,-0.46508427634374117,-0.46618317148792077,-0.3294057941143331,-0.5563385795422586,0.800345547492897,-0.1166576151464344,1.0,0.0,0.0,0.0,1.0,0.0,0.0,0.0,1.0,0.0,1
0.8295675466232271,-0.08113533197997112,2.3651721745685985,0.7277823612437324,-0.13228695228295498,1.9626634467476503,-1.2494603151507815,-0.4060464181748694,1.0,0.0,0.0,0.0,1.0,0.0,1.0,0.0,0.0,0.0,0
0.8295675466232271,-0.580516005992242,-0.46508427634374117,-0.46618317148792077,-0.5142040576331391,-0.5563385795422586,0.800345547492897,-0.3521399375877098,0.0,1.0,0.0,0.0,1.0,0.0,0.0,1.0,0.0,0.0,0
-0.3709448379209555,2.108456854073832,-0.46508427634374117,-0.46618317148792077,-0.44392866164711425,-0.5563385795422586,0.800345547492897,-0.26259032201145016,1.0,0.0,0.0,0.0,1.0,0.0,0.0,0.0,1.0,0.0,0
0.8295675466232271,-0.0427214339790272,0.4783345406270387,-0.46618317148792077,-0.5158531869256111,0.07341192703021858,-1.2494603151507815,-0.4477152472965231,0.0,1.0,0.0,0.0,1.0,0.0,0.0,1.0,0.0,0.0,0
0.8295675466232271,-0.2732048219846907,1.4217533575978185,-0.46618317148792077,-0.48218971057283894,0.7031624336026958,-1.2494603151507815,-0.46457445492234695,0.0,1.0,0.0,0.0,1.0,0.0,0.0,1.0,0.0,0.0,0
0.8295675466232271,-0.08113533197997112,-0.46508427634374117,-0.46618317148792077,-0.4949433935480804,-0.5563385795422586,0.800345547492897,-0.3275967096149571,0.0,1.0,0.0,0.0,1.0,0.0,0.0,1.0,0.0,0.0,0
-1.571457222465138,0.7255565260398511,0.4783345406270387,-0.46618317148792077,0.5014055539871158,0.07341192703021858,-1.2494603151507815,0.20041435704209978,1.0,0.0,0.0,0.0,1.0,0.0,0.0,0.0,1.0,0.0,1
0.8295675466232271,0.18776195402663626,-0.46508427634374117,-0.46618317148792077,-0.49815419830690855,-0.5563385795422586,0.800345547492897,-0.33168813205106357,0.0,1.0,0.0,0.0,1.0,0.0,0.0,1.0,0.0,0.0,0
0.8295675466232271,0.03410636202286062,-0.46508427634374117,-0.46618317148792077,-0.4028045410330702,-0.5563385795422586,0.800345547492897,-0.2101872136371945,1.0,0.0,0.0,0.0,1.0,0.0,1.0,0.0,0.0,0.0,1
-1.571457222465138,0.6487287300379633,-0.46508427634374117,-0.46618317148792077,1.0032239371762115,-0.5563385795422586,0.800345547492897,1.5814684283737488,1.0,0.0,0.0,0.0,1.0,0.0,1.0,0.0,0.0,0.0,1
0.8295675466232271,-0.08113533197997112,-0.46508427634374117,-0.46618317148792077,-0.49815419830690855,-0.5563385795422586,0.800345547492897,-0.33168813205106357,0.0,1.0,0.0,0.0,1.0,0.0,0.0,1.0,0.0,0.0,0
0.8295675466232271,-0.8878271899997933,-0.46508427634374117,-0.46618317148792077,-0.5064831341274745,-0.5563385795422586,0.800345547492897,-0.3423014198230648,1.0,0.0,0.0,0.0,1.0,0.0,1.0,0.0,0.0,0.0,1
-0.3709448379209555,-0.42686041398846636,0.4783345406270387,1.9217478939753856,0.6908888439049902,1.3329129401751731,-1.2494603151507815,-0.11002431028893368,1.0,0.0,0.0,0.0,1.0,0.0,1.0,0.0,0.0,0.0,1
0.8295675466232271,-1.963416334026223,0.4783345406270387,0.7277823612437324,-0.3148301564283428,0.7031624336026958,-1.2494603151507815,-0.39348753786613094,1.0,0.0,0.0,0.0,1.0,0.0,1.0,0.0,0.0,0.0,1
0.8295675466232271,-0.580516005992242,-0.46508427634374117,-0.46618317148792077,-0.5116012651892122,-0.5563385795422586,0.800345547492897,-0.34882328515895944,1.0,0.0,0.0,0.0,1.0,0.0,1.0,0.0,0.0,0.0,1
0.8295675466232271,-0.08113533197997112,-0.46508427634374117,-0.46618317148792077,-0.49849984914346207,-0.5563385795422586,0.800345547492897,-0.33212858349360164,1.0,0.0,0.0,1.0,0.0,0.0,1.0,0.0,0.0,0.0,1
-0.3709448379209555,-0.5036882099903541,-0.46508427634374117,-0.46618317148792077,-0.44392866164711425,-0.5563385795422586,0.800345547492897,-0.26259032201145016,0.0,1.0,0.0,0.0,1.0,0.0,0.0,0.0,0.0,1.0,0
0.8295675466232271,-0.8878271899997933,-0.46508427634374117,-0.46618317148792077,-0.5002364322620501,-0.5563385795422586,0.800345547492897,-0.3343414539940639,0.0,1.0,0.0,0.0,1.0,0.0,0.0,1.0,0.0,0.0,0
-1.571457222465138,-0.08113533197997112,-0.46508427634374117,-0.46618317148792077,-0.017070700843111658,-0.5563385795422586,0.800345547492897,0.28134067630360854,0.0,1.0,0.0,0.0,1.0,0.0,0.0,1.0,0.0,0.0,0
0.8295675466232271,0.2645897500285241,-0.46508427634374117,-0.46618317148792077,-0.49815419830690855,-0.5563385795422586,0.800345547492897,-0.33168813205106357,0.0,1.0,0.0,0.0,1.0,0.0,0.0,1.0,0.0,0.0,0
-0.3709448379209555,-1.6561051500186716,-0.46508427634374117,1.9217478939753856,-0.11597681371233177,0.7031624336026958,-1.2494603151507815,-0.30902345601395514,1.0,0.0,0.0,0.0,1.0,0.0,1.0,0.0,0.0,0.0,1
0.8295675466232271,-0.580516005992242,0.4783345406270387,-0.46618317148792077,-0.5116012651892122,0.07341192703021858,-1.2494603151507815,-0.4450062055927198,0.0,1.0,0.0,0.0,1.0,0.0,0.0,1.0,0.0,0.0,0
-1.571457222465138,0.49507313803418757,-0.46508427634374117,-0.46618317148792077,-0.11311374202401227,-0.5563385795422586,0.800345547492897,0.15895620168272032,0.0,1.0,0.0,0.0,1.0,0.0,0.0,1.0,0.0,0.0,1
-0.3709448379209555,-0.35003261798657853,-0.46508427634374117,-0.46618317148792077,-0.3918728127685774,-0.5563385795422586,0.800345547492897,-0.19625727343644297,0.0,1.0,0.0,0.0,1.0,0.0,0.0,1.0,0.0,0.0,0
0.8295675466232271,-0.8109993939979054,-0.46508427634374117,-0.46618317148792077,-0.4949433935480804,-0.5563385795422586,0.800345547492897,-0.3275967096149571,0.0,1.0,0.0,0.0,1.0,0.0,0.0,1.0,0.0,0.0,1
0.8295675466232271,-0.08113533197997112,0.4783345406270387,1.9217478939753856,-0.17427936445629313,1.3329129401751731,-1.2494603151507815,-0.38563812711808837,1.0,0.0,0.0,0.0,1.0,0.0,1.0,0.0,0.0,0.0,0
-1.571457222465138,0.49507313803418757,0.4783345406270387,1.9217478939753856,1.836117519232802,1.3329129401751731,-1.2494603151507815,0.2548074568736057,0.0,1.0,0.0,0.0,1.0,0.0,0.0,1.0,0.0,0.0,1
-0.3709448379209555,-0.5036882099903541,1.4217533575978185,0.7277823612437324,-0.42310632209569954,1.3329129401751731,-1.2494603151507815,-0.4649061201652219,0.0,1.0,0.0,0.0,1.0,0.0,0.0,1.0,0.0,0.0,0
0.8295675466232271,-0.0427214339790272,-0.46508427634374117,4.309678959438692,-0.22373242089090317,1.9626634467476503,-1.2494603151507815,-0.4293516061290181,1.0,0.0,0.0,0.0,1.0,0.0,0.0,0.0,1.0,0.0,0
0.8295675466232271,-2.1938997220318863,0.4783345406270387,0.7277823612437324,-0.4307418740092033,0.7031624336026958,-1.2494603151507815,-0.4427216953997965,1.0,0.0,0.0,0.0,1.0,0.0,1.0,0.0,0.0,0.0,1
0.8295675466232271,0.41824534203229974,-0.46508427634374117,-0.46618317148792077,-0.49815419830690855,-0.5563385795422586,0.800345547492897,-0.33168813205106357,0.0,1.0,1.0,0.0,0.0,0.0,0.0,1.0,0.0,0.0,0
-0.3709448379209555,-0.0427214339790272,0.4783345406270387,-0.46618317148792077,-0.22529409635725928,0.07341192703021858,-1.2494603151507815,-0.26259032201145016,0.0,1.0,0.0,0.0,1.0,0.0,0.0,1.0,0.0,0.0,0
-0.3709448379209555,1.1096955060492901,0.4783345406270387,-0.46618317148792077,-0.12118239860018547,0.07341192703021858,-1.2494603151507815,-0.19625727343644297,0.0,1.0,0.0,0.0,1.0,0.0,0.0,1.0,0.0,0.0,0
-1.571457222465138,0.49507313803418757,0.4783345406270387,-0.46618317148792077,0.9792782466920845,0.07341192703021858,-1.2494603151507815,0.5048830500013826,0.0,1.0,0.0,0.0,1.0,0.0,0.0,1.0,0.0,0.0,0
0.8295675466232271,-0.08113533197997112,-0.46508427634374117,-0.46618317148792077,-0.49815419830690855,-0.5563385795422586,0.800345547492897,-0.33168813205106357,0.0,1.0,0.0,0.0,1.0,0.0,0.0,1.0,0.0,0.0,0
0.8295675466232271,-0.08113533197997112,-0.46508427634374117,-0.46618317148792077,-0.5178479670546366,-0.5563385795422586,0.800345547492897,-0.3567832509879603,0.0,1.0,0.0,1.0,0.0,0.0,0.0,1.0,0.0,0.0,0
0.8295675466232271,-0.6573438019941298,-0.46508427634374117,-0.46618317148792077,-0.5002364322620501,-0.5563385795422586,0.800345547492897,-0.3343414539940639,0.0,1.0,0.0,0.0,1.0,0.0,0.0,1.0,0.0,0.0,1
0.8295675466232271,-1.041482782003569,-0.46508427634374117,-0.46618317148792077,-0.464751001198529,-0.5563385795422586,0.800345547492897,-0.28912354144145297,0.0,1.0,0.0,0.0,1.0,0.0,0.0,1.0,0.0,0.0,0
-0.3709448379209555,-1.8097607420224473,-0.46508427634374117,0.7277823612437324,0.024573978259717865,0.07341192703021858,-1.2494603151507815,-0.10339100543143297,1.0,0.0,0.0,0.0,1.0,0.0,1.0,0.0,0.0,0.0,1
0.8295675466232271,0.18776195402663626,-0.46508427634374117,-0.46618317148792077,-0.4949433935480804,-0.5563385795422586,0.800345547492897,-0.3275967096149571,0.0,1.0,0.0,0.0,1.0,0.0,0.0,1.0,0.0,0.0,1
-1.571457222465138,0.6487287300379633,-0.46508427634374117,-0.46618317148792077,-0.6625632269369692,-0.5563385795422586,0.800345547492897,-0.5411891260264802,0.0,1.0,0.0,0.0,1.0,0.0,0.0,0.0,0.0,1.0,0
-0.3709448379209555,-0.2732048219846907,0.4783345406270387,0.7277823612437324,-0.12118239860018547,0.7031624336026958,-1.2494603151507815,-0.3112345576331221,1.0,0.0,0.0,0.0,1.0,0.0,0.0,0.0,1.0,0.0,0
-1.571457222465138,1.8779734660681684,0.4783345406270387,-0.46618317148792077,0.9671325760317444,0.07341192703021858,-1.2494603151507815,0.49714463655462227,1.0,0.0,1.0,0.0,0.0,0.0,1.0,0.0,0.0,0.0,1
-1.571457222465138,-0.08113533197997112,-0.46508427634374117,-0.46618317148792077,0.37855375063376884,-0.5563385795422586,0.800345547492897,0.7854718454736629,0.0,1.0,0.0,0.0,1.0,0.0,0.0,1.0,0.0,0.0,0
-1.571457222465138,0.8023843220417389,-0.46508427634374117,-0.46618317148792077,-0.08535131670011094,-0.5563385795422586,0.800345547492897,0.19433294314874314,0.0,1.0,1.0,0.0,0.0,0.0,0.0,0.0,0.0,1.0,0
-0.3709448379209555,0.9560399140455145,-0.46508427634374117,-0.46618317148792077,-0.3918728127685774,-0.5563385795422586,0.800345547492897,-0.19625727343644297,0.0,1.0,0.0,0.0,1.0,0.0,0.0,1.0,0.0,0.0,1
0.8295675466232271,-0.11954922998091504,-0.46508427634374117,-0.46618317148792077,-0.4990204076322475,-0.5563385795422586,0.800345547492897,-0.33279191397935176,0.0,1.0,0.0,0.0,1.0,0.0,0.0,1.0,0.0,0.0,0
-1.571457222465138,0.41824534203229974,0.4783345406270387,-0.46618317148792077,0.4431030032431546,0.07341192703021858,-1.2494603151507815,0.1632678498400958,1.0,0.0,0.0,0.0,1.0,0.0,0.0,0.0,1.0,0.0,1
0.8295675466232271,-0.8878271899997933,0.4783345406270387,-0.46618317148792077,-0.5273054736788892,0.07341192703021858,-1.2494603151507815,-0.4550118826397738,0.0,1.0,0.0,0.0,1.0,0.0,0.0,1.0,0.0,0.0,0
0.8295675466232271,-0.8878271899997933,-0.46508427634374117,-0.46618317148792077,-0.48973780866022676,-0.5563385795422586,0.800345547492897,-0.3209634047574564,0.0,1.0,0.0,0.0,1.0,0.0,0.0,1.0,0.0,0.0,0
0.8295675466232271,-1.5792773540167837,3.3085909915393783,1.9217478939753856,-0.009002044266938455,3.222164459892605,-1.2494603151507815,-0.42221606533230666,0.0,1.0,0.0,0.0,1.0,1.0,0.0,0.0,0.0,0.0,0
0.8295675466232271,0.49507313803418757,-0.46508427634374117,-0.46618317148792077,-0.49815419830690855,-0.5563385795422586,0.800345547492897,-0.33168813205106357,0.0,1.0,0.0,0.0,1.0,0.0,0.0,1.0,0.0,0.0,0
0.8295675466232271,-2.1170719260299986,2.3651721745685985,1.9217478939753856,-0.08161995345249745,2.592413953320128,-1.2494603151507815,-0.41780965567696693,1.0,0.0,0.0,0.0,1.0,0.0,1.0,0.0,0.0,0.0,0
0.8295675466232271,-0.35003261798657853,-0.46508427634374117,-0.46618317148792077,-0.5157657330994951,-0.5563385795422586,0.800345547492897,-0.35412992904496,0.0,1.0,0.0,0.0,1.0,0.0,0.0,1.0,0.0,0.0,0
-0.3709448379209555,1.8779734660681684,-0.46508427634374117,-0.46618317148792077,-0.12118239860018547,-0.5563385795422586,0.800345547492897,0.14867457915359422,0.0,1.0,0.0,0.0,1.0,0.0,0.0,1.0,0.0,0.0,0
0.8295675466232271,-1.5792773540167837,1.4217533575978185,1.9217478939753856,0.053204695142913164,1.9626634467476503,-1.2494603151507815,-0.3587732424452105,1.0,0.0,0.0,0.0,1.0,0.0,1.0,0.0,0.0,0.0,0
-1.571457222465138,3.8754961621172517,-0.46508427634374117,-0.46618317148792077,-0.03789304039452642,-0.5563385795422586,0.800345547492897,0.2548074568736057,0.0,1.0,0.0,0.0,1.0,0.0,0.0,1.0,0.0,0.0,1
-1.571457222465138,0.8023843220417389,-0.46508427634374117,-0.46618317148792077,2.5328850564720184,-0.5563385795422586,0.800345547492897,3.530665060750334,1.0,0.0,0.0,0.0,1.0,0.0,1.0,0.0,0.0,0.0,1
-1.571457222465138,0.8792121180436268,-0.46508427634374117,-0.46618317148792077,2.138041442728316,-0.5563385795422586,0.800345547492897,3.0275288873089043,1.0,0.0,1.0,0.0,0.0,0.0,1.0,0.0,0.0,0.0,1
-0.3709448379209555,-0.42686041398846636,0.4783345406270387,-0.46618317148792077,-0.12118239860018547,0.07341192703021858,-1.2494603151507815,-0.19625727343644297,1.0,0.0,0.0,0.0,1.0,0.0,0.0,0.0,1.0,0.0,1
0.8295675466232271,-0.580516005992242,-0.46508427634374117,-0.46618317148792077,-0.4751621709742364,-0.5563385795422586,0.800345547492897,-0.3023901511564544,0.0,1.0,0.0,0.0,1.0,0.0,0.0,1.0,0.0,0.0,0
-1.571457222465138,-0.9646549860016811,0.4783345406270387,-0.46618317148792077,0.5243101274936721,0.07341192703021858,-1.2494603151507815,0.21500762772860135,1.0,0.0,0.0,0.0,1.0,0.0,0.0,0.0,1.0,0.0,1
0.8295675466232271,1.186523302051178,0.4783345406270387,4.309678959438692,-0.08161995345249745,2.592413953320128,-1.2494603151507815,-0.41780965567696693,1.0,0.0,0.0,0.0,1.0,0.0,0.0,0.0,1.0,0.0,0
0.8295675466232271,-0.7341715979960176,-0.46508427634374117,-0.46618317148792077,-0.5157657330994951,-0.5563385795422586,0.800345547492897,-0.35412992904496,0.0,1.0,0.0,0.0,1.0,0.0,0.0,1.0,0.0,0.0,0
-1.571457222465138,1.7243178740643927,0.4783345406270387,-0.46618317148792077,0.9671325760317444,0.07341192703021858,-1.2494603151507815,0.49714463655462227,1.0,0.0,1.0,0.0,0.0,0.0,0.0,0.0,1.0,0.0,1
0.8295675466232271,0.41824534203229974,-0.46508427634374117,-0.46618317148792077,-0.5157657330994951,-0.5563385795422586,0.800345547492897,-0.35412992904496,0.0,1.0,0.0,0.0,1.0,0.0,0.0,1.0,0.0,0.0,0
0.8295675466232271,0.03410636202286062,-0.46508427634374117,-0.46618317148792077,-0.5120343698518817,-0.5563385795422586,0.800345547492897,-0.34937517612310354,0.0,1.0,1.0,0.0,0.0,0.0,0.0,1.0,0.0,0.0,0
0.8295675466232271,-0.08113533197997112,1.4217533575978185,-0.46618317148792077,-0.21115156333393834,0.7031624336026958,-1.2494603151507815,-0.34944946913750746,0.0,1.0,1.0,0.0,0.0,0.0,0.0,1.0,0.0,0.0,0
-1.571457222465138,0.6487287300379633,0.4783345406270387,-0.46618317148792077,1.2114473326903592,0.07341192703021858,-1.2494603151507815,0.6528057483236486,0.0,1.0,0.0,0.0,1.0,0.0,0.0,1.0,0.0,0.0,1
0.8295675466232271,-0.08113533197997112,0.4783345406270387,-0.46618317148792077,-0.36159296659291,0.07341192703021858,-1.2494603151507815,-0.3494308958839065,1.0,0.0,1.0,0.0,0.0,0.0,1.0,0.0,0.0,0.0,0
-1.571457222465138,0.7255565260398511,-0.46508427634374117,-0.46618317148792077,-0.6625632269369692,-0.5563385795422586,0.800345547492897,-0.5411891260264802,0.0,1.0,0.0,0.0,1.0,0.0,0.0,1.0,0.0,0.0,0
-1.571457222465138,0.11093415802474844,0.4783345406270387,-0.46618317148792077,1.696087285749538,0.07341192703021858,-1.2494603151507815,0.961586089440307,1.0,0.0,1.0,0.0,0.0,0.0,1.0,0.0,0.0,0.0,1
0.8295675466232271,-0.580516005992242,-0.46508427634374117,-0.46618317148792077,-0.5059625756386891,-0.5563385795422586,0.800345547492897,-0.3416380893373146,0.0,1.0,0.0,0.0,1.0,0.0,0.0,1.0,0.0,0.0,0
0.8295675466232271,-0.7341715979960176,-0.46508427634374117,-0.46618317148792077,-0.4975461859920073,-0.5563385795422586,0.800345547492897,-0.33091336204370747,0.0,1.0,0.0,0.0,1.0,0.0,0.0,1.0,0.0,0.0,0
-1.571457222465138,-0.580516005992242,-0.46508427634374117,-0.46618317148792077,2.493062332079938,-0.5563385795422586,0.800345547492897,3.4799202785904537,1.0,0.0,0.0,0.0,1.0,0.0,1.0,0.0,0.0,0.0,1
0.8295675466232271,-0.2732048219846907,-0.46508427634374117,-0.46618317148792077,-0.4990204076322475,-0.5563385795422586,0.800345547492897,-0.33279191397935176,1.0,0.0,0.0,0.0,1.0,0.0,1.0,0.0,0.0,0.0,1
0.8295675466232271,-1.1183105780054567,-0.46508427634374117,-0.46618317148792077,-0.5121218236779976,-0.5563385795422586,0.800345547492897,-0.3494866156447095,1.0,0.0,1.0,0.0,0.0,0.0,1.0,0.0,0.0,0.0,1
0.8295675466232271,0.18776195402663626,0.4783345406270387,-0.46618317148792077,-0.3325291450470453,0.07341192703021858,-1.2494603151507815,-0.33091336204370747,0.0,1.0,0.0,0.0,1.0,0.0,0.0,1.0,0.0,0.0,0
-1.571457222465138,0.03410636202286062,-0.46508427634374117,-0.46618317148792077,1.1385691442604076,-0.5563385795422586,0.800345547492897,1.7539343546687671,1.0,0.0,0.0,0.0,1.0,0.0,1.0,0.0,0.0,0.0,1
-0.3709448379209555,0.3414175460304119,-0.46508427634374117,0.7277823612437324,-0.18364941725442976,0.07341192703021858,-1.2494603151507815,-0.23605710258144727,1.0,0.0,0.0,0.0,1.0,0.0,0.0,0.0,1.0,0.0,1
0.8295675466232271,-0.08113533197997112,-0.46508427634374117,-0.46618317148792077,-0.5011900954135049,-0.5563385795422586,0.800345547492897,-0.335556675443958,1.0,0.0,0.0,1.0,0.0,0.0,1.0,0.0,0.0,0.0,1
0.8295675466232271,-2.1938997220318863,0.4783345406270387,1.9217478939753856,-0.23414359066661056,1.3329129401751731,-1.2494603151507815,-0.40470887858340293,0.0,1.0,0.0,0.0,1.0,1.0,0.0,0.0,0.0,0.0,1
-0.3709448379209555,-0.11954922998091504,-0.46508427634374117,-0.46618317148792077,-0.38146164299287,-0.5563385795422586,0.800345547492897,-0.18299066372144154,0.0,1.0,0.0,0.0,1.0,0.0,0.0,1.0,0.0,0.0,0
-1.571457222465138,0.03410636202286062,-0.46508427634374117,-0.46618317148792077,1.2843255211203108,-0.5563385795422586,0.800345547492897,1.939666890678787,1.0,0.0,0.0,0.0,1.0,0.0,1.0,0.0,0.0,0.0,1
0.8295675466232271,-0.580516005992242,-0.46508427634374117,-0.46618317148792077,-0.5116012651892122,-0.5563385795422586,0.800345547492897,-0.34882328515895944,0.0,1.0,0.0,0.0,1.0,0.0,0.0,1.0,0.0,0.0,0
0.8295675466232271,-0.6573438019941298,1.4217533575978185,1.9217478939753856,0.053204695142913164,1.9626634467476503,-1.2494603151507815,-0.3587732424452105,1.0,0.0,0.0,0.0,1.0,0.0,1.0,0.0,0.0,0.0,0
-0.3709448379209555,0.49507313803418757,-0.46508427634374117,-0.46618317148792077,-0.3944756052125042,-0.5563385795422586,0.800345547492897,-0.19957392586519335,0.0,1.0,1.0,0.0,0.0,0.0,0.0,1.0,0.0,0.0,0
0.8295675466232271,0.8023843220417389,-0.46508427634374117,-0.46618317148792077,-0.49815419830690855,-0.5563385795422586,0.800345547492897,-0.33168813205106357,0.0,1.0,0.0,0.0,1.0,0.0,0.0,1.0,0.0,0.0,0
-0.3709448379209555,-2.1938997220318863,-0.46508427634374117,1.9217478939753856,0.10795079029149279,0.7031624336026958,-1.2494603151507815,-0.21390893988257625,0.0,1.0,1.0,0.0,0.0,1.0,0.0,0.0,0.0,0.0,1
0.8295675466232271,0.8023843220417389,0.4783345406270387,0.7277823612437324,-0.33981696389004046,0.7031624336026958,-1.2494603151507815,-0.40410082563813204,0.0,1.0,0.0,1.0,0.0,0.0,0.0,1.0,0.0,0.0,0
0.8295675466232271,-0.11954922998091504,-0.46508427634374117,-0.46618317148792077,-0.49815419830690855,-0.5563385795422586,0.800345547492897,-0.33168813205106357,1.0,0.0,0.0,0.0,1.0,0.0,1.0,0.0,0.0,0.0,0
-0.3709448379209555,0.8023843220417389,-0.46508427634374117,-0.46618317148792077,-0.3918728127685774,-0.5563385795422586,0.800345547492897,-0.19625727343644297,1.0,0.0,0.0,0.0,1.0,0.0,1.0,0.0,0.0,0.0,1
0.8295675466232271,-0.08113533197997112,-0.46508427634374117,-0.46618317148792077,-0.5015378284840135,-0.5563385795422586,0.800345547492897,-0.33599978020843907,1.0,0.0,0.0,1.0,0.0,0.0,1.0,0.0,0.0,0.0,1
0.8295675466232271,-0.19637702598280285,-0.46508427634374117,-0.46618317148792077,-0.49815419830690855,-0.5563385795422586,0.800345547492897,-0.33168813205106357,0.0,1.0,0.0,0.0,1.0,0.0,0.0,1.0,0.0,0.0,0
-1.571457222465138,-0.42686041398846636,-0.46508427634374117,-0.46618317148792077,1.0689871321814448,-0.5563385795422586,0.800345547492897,1.6652682952995266,1.0,0.0,1.0,0.0,0.0,0.0,1.0,0.0,0.0,0.0,1
-0.3709448379209555,-1.886588538024335,0.4783345406270387,1.9217478939753856,-0.08474330438520963,1.3329129401751731,-1.2494603151507815,-0.3571149162308353,1.0,0.0,0.0,0.0,1.0,0.0,1.0,0.0,0.0,0.0,1
0.8295675466232271,0.3414175460304119,-0.46508427634374117,-0.46618317148792077,-0.5273054736788892,-0.5563385795422586,0.800345547492897,-0.3688346392530676,0.0,1.0,0.0,0.0,1.0,0.0,0.0,1.0,0.0,0.0,0
-1.571457222465138,-0.5036882099903541,0.4783345406270387,-0.46618317148792077,1.696087285749538,0.07341192703021858,-1.2494603151507815,0.961586089440307,1.0,0.0,1.0,0.0,0.0,0.0,1.0,0.0,0.0,0.0,1
0.8295675466232271,3.1456321000993173,-0.46508427634374117,-0.46618317148792077,-0.5011900954135049,-0.5563385795422586,0.800345547492897,-0.335556675443958,0.0,1.0,0.0,1.0,0.0,0.0,0.0,1.0,0.0,0.0,0
0.8295675466232271,-0.9646549860016811,3.3085909915393783,1.9217478939753856,-0.4975461859920073,3.222164459892605,-1.2494603151507815,-0.5111497311717984,1.0,0.0,0.0,0.0,1.0,0.0,1.0,0.0,0.0,0.0,1
-1.571457222465138,-1.041482782003569,-0.46508427634374117,0.7277823612437324,0.5446993623824175,0.07341192703021858,-1.2494603151507815,0.22799829196153074,1.0,0.0,1.0,0.0,0.0,0.0,1.0,0.0,0.0,0.0,1
0.8295675466232271,-0.8109993939979054,-0.46508427634374117,-0.46618317148792077,-0.49268833417466223,-0.5563385795422586,0.800345547492897,-0.32472316195068784,0.0,1.0,0.0,0.0,1.0,0.0,0.0,1.0,0.0,0.0,0
0.8295675466232271,-0.35003261798657853,-0.46508427634374117,-0.46618317148792077,-0.5116012651892122,-0.5563385795422586,0.800345547492897,-0.34882328515895944,0.0,1.0,0.0,0.0,1.0,0.0,0.0,1.0,0.0,0.0,0
-1.571457222465138,-0.35003261798657853,0.4783345406270387,1.9217478939753856,2.493062332079938,1.3329129401751731,-1.2494603151507815,0.4640882251277533,1.0,0.0,0.0,0.0,1.0,0.0,0.0,0.0,1.0,0.0,0
-1.571457222465138,0.9560399140455145,0.4783345406270387,-0.46618317148792077,0.4201984297365983,0.07341192703021858,-1.2494603151507815,0.14867457915359422,0.0,1.0,0.0,0.0,1.0,0.0,0.0,1.0,0.0,0.0,0
0.8295675466232271,-0.6573438019941298,-0.46508427634374117,-0.46618317148792077,-0.4975461859920073,-0.5563385795422586,0.800345547492897,-0.33091336204370747,0.0,1.0,0.0,0.0,1.0,0.0,0.0,1.0,0.0,0.0,0
0.8295675466232271,-0.08113533197997112,-0.46508427634374117,-0.46618317148792077,-0.49815419830690855,-0.5563385795422586,0.800345547492897,-0.33168813205106357,0.0,1.0,0.0,0.0,1.0,0.0,0.0,1.0,0.0,0.0,0
-0.3709448379209555,-0.08113533197997112,-0.46508427634374117,-0.46618317148792077,-0.6625632269369692,-0.5563385795422586,0.800345547492897,-0.5411891260264802,0.0,1.0,0.0,0.0,1.0,0.0,0.0,1.0,0.0,0.0,0
-1.571457222465138,-1.1183105780054567,-0.46508427634374117,0.7277823612437324,3.7379779580101484,0.07341192703021858,-1.2494603151507815,2.262543004617635,1.0,0.0,0.0,0.0,1.0,0.0,1.0,0.0,0.0,0.0,1
0.8295675466232271,1.186523302051178,-0.46508427634374117,-0.46618317148792077,-0.5173274085658514,-0.5563385795422586,0.800345547492897,-0.35611992050221025,0.0,1.0,0.0,0.0,1.0,0.0,0.0,1.0,0.0,0.0,0
0.8295675466232271,-0.08113533197997112,0.4783345406270387,-0.46618317148792077,-0.24680981981573616,0.07341192703021858,-1.2494603151507815,-0.27629870982996113,0.0,1.0,0.0,0.0,1.0,0.0,0.0,1.0,0.0,0.0,0
0.8295675466232271,-0.35003261798657853,0.4783345406270387,-0.46618317148792077,-0.5006695369247195,0.07341192703021858,-1.2494603151507815,-0.4380412354923441,0.0,1.0,0.0,0.0,1.0,0.0,0.0,1.0,0.0,0.0,1
-1.571457222465138,0.2645897500285241,-0.46508427634374117,-0.46618317148792077,-0.5584515291798955,-0.5563385795422586,0.800345547492897,-0.40852302887646585,0.0,1.0,0.0,0.0,1.0,0.0,0.0,1.0,0.0,0.0,0
-0.3709448379209555,-0.11954922998091504,-0.46508427634374117,-0.46618317148792077,-0.3918728127685774,-0.5563385795422586,0.800345547492897,-0.19625727343644297,1.0,0.0,0.0,0.0,1.0,0.0,1.0,0.0,0.0,0.0,1
-0.3709448379209555,0.18776195402663626,1.4217533575978185,-0.46618317148792077,0.8678787300920157,0.7031624336026958,-1.2494603151507815,0.10887475000858993,0.0,1.0,0.0,0.0,1.0,0.0,0.0,1.0,0.0,0.0,0
-1.571457222465138,-0.2732048219846907,-0.46508427634374117,-0.46618317148792077,-0.03789304039452642,-0.5563385795422586,0.800345547492897,0.2548074568736057,0.0,1.0,1.0,0.0,0.0,0.0,0.0,1.0,0.0,0.0,1
0.8295675466232271,0.5719009340360754,1.4217533575978185,-0.46618317148792077,-0.4975461859920073,0.7031624336026958,-1.2494603151507815,-0.4710972046988893,0.0,1.0,0.0,0.0,1.0,0.0,0.0,1.0,0.0,0.0,0
-1.571457222465138,1.570662282060617,-0.46508427634374117,-0.46618317148792077,-0.06470180256697296,-0.5563385795422586,0.800345547492897,0.22064593685747694,1.0,0.0,1.0,0.0,0.0,0.0,1.0,0.0,0.0,0.0,0
-1.571457222465138,1.570662282060617,0.4783345406270387,-0.46618317148792077,1.5534542598223466,0.07341192703021858,-1.2494603151507815,0.870709812892547,0.0,1.0,1.0,0.0,0.0,0.0,0.0,1.0,0.0,0.0,0
0.8295675466232271,-0.08113533197997112,-0.46508427634374117,-0.46618317148792077,-0.49312143883733167,-0.5563385795422586,0.800345547492897,-0.3252750529148319,1.0,0.0,0.0,1.0,0.0,0.0,1.0,0.0,0.0,0.0,0
-0.3709448379209555,0.3414175460304119,0.4783345406270387,-0.46618317148792077,-0.22529409635725928,0.07341192703021858,-1.2494603151507815,-0.26259032201145016,0.0,1.0,0.0,0.0,1.0,0.0,0.0,1.0,0.0,0.0,0
0.8295675466232271,-0.08113533197997112,-0.46508427634374117,-0.46618317148792077,-0.49849984914346207,-0.5563385795422586,0.800345547492897,-0.33212858349360164,1.0,0.0,0.0,1.0,0.0,0.0,1.0,0.0,0.0,0.0,1
-1.571457222465138,0.41824534203229974,-0.46508427634374117,-0.46618317148792077,10.005329337567716,-0.5563385795422586,0.800345547492897,13.052553957971343,1.0,0.0,1.0,0.0,0.0,0.0,1.0,0.0,0.0,0.0,1
0.8295675466232271,1.4170066900568414,0.4783345406270387,3.1157134267070385,0.053204695142913164,1.9626634467476503,-1.2494603151507815,-0.3587732424452105,1.0,0.0,0.0,0.0,1.0,0.0,0.0,0.0,1.0,0.0,0
-1.571457222465138,1.3401788940549537,-0.46508427634374117,-0.46618317148792077,0.13909684579249906,-0.5563385795422586,0.800345547492897,0.48033982202862996,0.0,1.0,0.0,0.0,1.0,0.0,0.0,1.0,0.0,0.0,0
-1.571457222465138,-0.08113533197997112,-0.46508427634374117,-0.46618317148792077,-0.10973011184690733,-0.5563385795422586,0.800345547492897,0.1632678498400958,0.0,1.0,0.0,0.0,1.0,0.0,0.0,1.0,0.0,0.0,1
