age,workclass,fnlwgt,education,education.num,marital.status,occupation,relationship,race,sex,capital.gain,capital.loss,hours.per.week,native.country,income,has_capital_gain,has_capital_loss,net_capital,age_hours,capital_gain_log1p,capital_loss_log1p,age_group
23,Private,131566,5th-6th,3,Never-married,Priv-house-serv,Not-in-family,Black,Male,0,0,40,United-States,<=50K,0,0,0,920,0.0,0.0,18-25
65,Self-emp-not-inc,282469,Assoc-voc,11,Married-civ-spouse,Handlers-cleaners,Unmarried,Black,Male,0,0,31,United-States,<=50K,0,0,0,2015,0.0,0.0,56-65
58,Private,377369,Masters,14,Married-civ-spouse,Farming-fishing,Wife,Asian-Pac-Islander,Male,0,0,45,United-States,>50K,0,0,0,2610,0.0,0.0,56-65
45,Private,438195,Bachelors,13,Separated,Armed-Forces,Husband,White,Female,0,0,42,United-States,<=50K,0,0,0,1890,0.0,0.0,36-45
44,Private,365139,HS-grad,9,Never-married,Tech-support,Not-in-family,White,Female,0,0,38,United-States,<=50K,0,0,0,1672,0.0,0.0,36-45
71,Self-emp-not-inc,470224,7th-8th,4,Married-civ-spouse,Craft-repair,Husband,White,Male,0,0,45,United-States,<=50K,0,0,0,3195,0.0,0.0,66+
23,State-gov,496868,Masters,14,Never-married,Protective-serv,Not-in-family,White,Female,94998,0,22,Cuba,<=50K,1,0,94998,506,11.461621644211487,0.0,18-25
61,Federal-gov,466447,Masters,14,Divorced,Machine-op-inspct,Not-in-family,Asian-Pac-Islander,Male,0,0,35,United-States,<=50K,0,0,0,2135,0.0,0.0,56-65
30,Private,312115,Some-college,10,Never-married,Adm-clerical,Not-in-family,White,Male,0,0,31,United-States,<=50K,0,0,0,930,0.0,0.0,26-35
23,Private,410386,Some-college,10,Never-married,Exec-managerial,Own-child,White,Male,0,0,32,United-States,<=50K,0,0,0,736,0.0,0.0,18-25
50,Private,477779,HS-grad,9,Married-civ-spouse,Priv-house-serv,Husband,White,Male,0,0,38,United-States,<=50K,0,0,0,1900,0.0,0.0,46-55
78,Private,145808,HS-grad,9,Married-civ-spouse,Farming-fishing,Other-relative,White,Male,0,0,31,United-States,<=50K,0,0,0,2418,0.0,0.0,66+
63,Private,283232,10th,6,Married-civ-spouse,Sales,Husband,Asian-Pac-Islander,Male,0,0,57,United-States,<=50K,0,0,0,3591,0.0,0.0,56-65
65,Private,319737,9th,5,Never-married,Farming-fishing,Husband,White,Female,0,0,45,Cuba,<=50K,0,0,0,2925,0.0,0.0,56-65
62,Private,189904,HS-grad,9,Divorced,Tech-support,Wife,White,Male,0,0,32,United-States,<=50K,0,0,0,1984,0.0,0.0,56-65
66,Private,357886,Bachelors,13,Never-married,Sales,Husband,White,Male,0,0,23,England,>50K,0,0,0,1518,0.0,0.0,66+
49,Federal-gov,359500,11th,7,Divorced,Other-service,Husband,White,Female,0,0,34,United-States,<=50K,0,0,0,1666,0.0,0.0,46-55
25,Private,418704,HS-grad,9,Married-civ-spouse,Unknown,Husband,White,Female,0,0,37,United-States,<=50K,0,0,0,925,0.0,0.0,18-25
70,Private,121361,Some-college,10,Married-civ-spouse,Transport-moving,Not-in-family,White,Male,0,0,34,United-States,<=50K,0,0,0,2380,0.0,0.0,66+
45,Private,444282,HS-grad,9,Married-civ-spouse,Craft-repair,Not-in-family,White,Male,0,0,65,United-States,>50K,0,0,0,2925,0.0,0.0,36-45
49,Private,481333,11th,7,Married-civ-spouse,Protective-serv,Unmarried,Black,Male,0,0,23,United-States,<=50K,0,0,0,1127,0.0,0.0,46-55
40,Private,270303,Some-college,10,Never-married,Unknown,Other-relative,White,Female,0,0,41,Mexico,<=50K,0,0,0,1640,0.0,0.0,36-45
29,Private,226118,HS-grad,9,Widowed,Handlers-cleaners,Husband,White,Female,0,0,39,United-States,<=50K,0,0,0,1131,0.0,0.0,26-35
75,Private,168453,Some-college,10,Married-civ-spouse,Other-service,Wife,White,Male,0,0,38,United-States,>50K,0,0,0,2850,0.0,0.0,66+
66,Private,377336,Bachelors,13,Never-married,Prof-specialty,Other-relative,White,Female,0,0,21,United-States,>50K,0,0,0,1386,0.0,0.0,66+
57,Private,267854,11th,7,Married-civ-spouse,Adm-clerical,Husband,White,Male,0,0,40,United-States,<=50K,0,0,0,2280,0.0,0.0,56-65
42,Self-emp-not-inc,321241,Bachelors,13,Never-married,Adm-clerical,Husband,Asian-Pac-Islander,Male,88970,0,42,United-States,>50K,1,0,88970,1764,11.396065752919382,0.0,36-45
69,Self-emp-not-inc,461817,Bachelors,13,Married-civ-spouse,Exec-managerial,Own-child,White,Male,13045,0,47,United-States,<=50K,1,0,13045,3243,9.476236852356042,0.0,66+
51,Private,356273,Bachelors,13,Never-married,Craft-repair,Not-in-family,White,Male,0,0,45,Cuba,<=50K,0,0,0,2295,0.0,0.0,46-55
45,Private,267822,Some-college,10,Married-civ-spouse,Adm-clerical,Husband,White,Male,0,0,52,United-States,<=50K,0,0,0,2340,0.0,0.0,36-45
45,Private,89085,Some-college,10,Married-civ-spouse,Farming-fishing,Own-child,White,Male,0,0,20,United-States,<=50K,0,0,0,900,0.0,0.0,36-45
32,Private,79000,Some-college,10,Never-married,Sales,Husband,White,Male,0,0,38,Puerto-Rico,<=50K,0,0,0,1216,0.0,0.0,26-35
23,Private,364329,Assoc-voc,11,Married-civ-spouse,Adm-clerical,Not-in-family,White,Male,0,0,65,United-States,<=50K,0,0,0,1495,0.0,0.0,18-25
52,Private,223135,1st-4th,2,Divorced,Machine-op-inspct,Husband,White,Male,0,0,51,United-States,<=50K,0,0,0,2652,0.0,0.0,46-55
73,Private,16157,Masters,14,Married-civ-spouse,Machine-op-inspct,Not-in-family,White,Female,0,0,25,United-States,>50K,0,0,0,1825,0.0,0.0,66+
21,State-gov,382951,Some-college,10,Widowed,Tech-support,Husband,White,Male,0,0,41,Canada,<=50K,0,0,0,861,0.0,0.0,18-25
71,Private,371117,Assoc-acdm,12,Married-civ-spouse,Exec-managerial,Husband,White,Female,0,0,30,United-States,>50K,0,0,0,2130,0.0,0.0,66+
69,Self-emp-inc,487079,HS-grad,9,Divorced,Prof-specialty,Husband,Asian-Pac-Islander,Male,0,0,36,United-States,<=50K,0,0,0,2484,0.0,0.0,66+
35,Private,137813,1st-4th,2,Never-married,Priv-house-serv,Own-child,White,Male,0,0,60,United-States,<=50K,0,0,0,2100,0.0,0.0,26-35
57,Private,217037,Some-college,10,Never-married,Priv-house-serv,Husband,White,Male,0,0,50,United-States,>50K,0,0,0,2850,0.0,0.0,56-65
28,State-gov,310545,Some-college,10,Married-civ-spouse,Protective-serv,Other-relative,White,Male,0,0,25,United-States,<=50K,0,0,0,700,0.0,0.0,26-35
65,Private,400595,HS-grad,9,Never-married,Handlers-cleaners,Own-child,White,Male,0,0,32,United-States,<=50K,0,0,0,2080,0.0,0.0,56-65
61,Private,112289,HS-grad,9,Married-civ-spouse,Exec-managerial,Unmarried,White,Female,21152,0,40,Unknown,<=50K,1,0,21152,2440,9.95953701838715,0.0,56-65
39,Unknown,143678,HS-grad,9,Divorced,Handlers-cleaners,Own-child,White,Female,0,0,37,United-States,<=50K,0,0,0,1443,0.0,0.0,36-45
22,Unknown,324355,Some-college,10,Divorced,Priv-house-serv,Husband,White,Female,0,0,43,United-States,<=50K,0,0,0,946,0.0,0.0,18-25
78,Private,188205,HS-grad,9,Never-married,Adm-clerical,Not-in-family,Black,Male,46111,0,32,Unknown,<=50K,1,0,46111,2496,10.738828498799249,0.0,66+
45,Private,482539,Prof-school,15,Never-married,Adm-clerical,Other-relative,White,Female,0,0,36,United-States,>50K,0,0,0,1620,0.0,0.0,36-45
73,Private,155994,11th,7,Married-civ-spouse,Handlers-cleaners,Own-child,White,Male,0,0,32,United-States,<=50K,0,0,0,2336,0.0,0.0,66+
60,Private,25416,HS-grad,9,Married-civ-spouse,Farming-fishing,Own-child,Asian-Pac-Islander,Female,64981,0,36,United-States,>50K,1,0,64981,2160,11.081865587450576,0.0,56-65
66,Private,342309,HS-grad,9,Married-civ-spouse,Protective-serv,Not-in-family,White,Male,0,0,47,United-States,<=50K,0,0,0,3102,0.0,0.0,66+
65,Local-gov,380535,Some-college,10,Divorced,Farming-fishing,Husband,White,Male,0,0,43,United-States,<=50K,0,0,0,2795,0.0,0.0,56-65
30,Private,459492,HS-grad,9,Married-civ-spouse,Prof-specialty,Not-in-family,Black,Male,0,0,33,United-States,<=50K,0,0,0,990,0.0,0.0,26-35
40,Private,139008,Some-college,10,Never-married,Priv-house-serv,Not-in-family,White,Male,0,0,51,United-States,<=50K,0,0,0,2040,0.0,0.0,36-45
46,Private,411227,Masters,14,Divorced,Armed-Forces,Own-child,White,Male,0,0,51,United-States,>50K,0,0,0,2346,0.0,0.0,46-55
48,Private,484128,HS-grad,9,Widowed,Priv-house-serv,Other-relative,White,Male,0,0,40,United-States,<=50K,0,0,0,1920,0.0,0.0,46-55
20,Local-gov,300740,Assoc-voc,11,Married-civ-spouse,Protective-serv,Wife,Black,Female,0,0,37,United-States,<=50K,0,0,0,740,0.0,0.0,18-25
51,Private,132730,5th-6th,3,Married-civ-spouse,Sales,Unmarried,White,Male,0,0,58,United-States,<=50K,0,0,0,2958,0.0,0.0,46-55
27,Private,272089,HS-grad,9,Married-civ-spouse,Prof-specialty,Unmarried,White,Male,0,0,56,United-States,<=50K,0,0,0,1512,0.0,0.0,26-35
64,Federal-gov,335822,HS-grad,9,Never-married,Sales,Not-in-family,White,Female,0,0,25,United-States,<=50K,0,0,0,1600,0.0,0.0,56-65
60,Local-gov,426704,5th-6th,3,Married-civ-spouse,Prof-specialty,Unmarried,White,Female,0,0,52,United-States,<=50K,0,0,0,3120,0.0,0.0,56-65
75,Local-gov,244859,Some-college,10,Married-civ-spouse,Transport-moving,Not-in-family,Asian-Pac-Islander,Male,0,0,57,United-States,<=50K,0,0,0,4275,0.0,0.0,66+
64,Private,469544,Assoc-voc,11,Married-civ-spouse,Farming-fishing,Wife,Black,Male,0,0,47,United-States,>50K,0,0,0,3008,0.0,0.0,56-65
40,Private,161376,Assoc-acdm,12,Never-married,Tech-support,Wife,White,Male,0,0,35,Puerto-Rico,<=50K,0,0,0,1400,0.0,0.0,36-45
77,Private,391822,Some-college,10,Widowed,Transport-moving,Wife,White,Female,43805,0,37,United-States,>50K,1,0,43805,2849,10.687526073284142,0.0,66+
43,Private,362808,Some-college,10,Married-civ-spouse,Other-service,Husband,White,Male,0,0,57,India,<=50K,0,0,0,2451,0.0,0.0,36-45
38,Local-gov,331601,HS-grad,9,Married-civ-spouse,Other-service,Not-in-family,White,Female,0,0,48,United-States,<=50K,0,0,0,1824,0.0,0.0,36-45
74,Private,332011,5th-6th,3,Married-civ-spouse,Machine-op-inspct,Husband,White,Male,0,114,45,United-States,<=50K,0,1,-114,3330,0.0,4.74493212836325,66+
40,Private,400521,9th,5,Married-civ-spouse,Sales,Not-in-family,White,Male,0,0,63,United-States,<=50K,0,0,0,2520,0.0,0.0,36-45
22,Local-gov,58117,Some-college,10,Married-spouse-absent,Armed-Forces,Husband,Black,Female,0,0,30,United-States,<=50K,0,0,0,660,0.0,0.0,18-25
47,State-gov,248712,Doctorate,16,Divorced,Other-service,Wife,White,Male,0,0,39,United-States,>50K,0,0,0,1833,0.0,0.0,46-55
67,Private,473747,1st-4th,2,Never-married,Other-service,Husband,White,Female,0,0,42,United-States,<=50K,0,0,0,2814,0.0,0.0,66+
29,State-gov,217959,Some-college,10,Separated,Transport-moving,Unmarried,White,Female,8100,0,38,United-States,<=50K,1,0,8100,1102,8.999742789830492,0.0,26-35
46,Private,72164,Assoc-acdm,12,Never-married,Exec-managerial,Husband,White,Female,0,0,22,United-States,>50K,0,0,0,1012,0.0,0.0,46-55
26,Private,482091,Bachelors,13,Married-civ-spouse,Transport-moving,Husband,White,Female,0,0,50,United-States,<=50K,0,0,0,1300,0.0,0.0,26-35
60,Private,377995,Some-college,10,Never-married,Farming-fishing,Own-child,White,Male,0,0,32,United-States,<=50K,0,0,0,1920,0.0,0.0,56-65
47,State-gov,280420,Some-college,10,Married-civ-spouse,Other-service,Unmarried,White,Male,0,0,32,United-States,<=50K,0,0,0,1504,0.0,0.0,46-55
38,Local-gov,474685,Assoc-voc,11,Married-civ-spouse,Adm-clerical,Husband,White,Female,0,0,36,United-States,<=50K,0,0,0,1368,0.0,0.0,36-45
32,Private,291948,Bachelors,13,Married-spouse-absent,Machine-op-inspct,Not-in-family,White,Male,0,0,38,United-States,<=50K,0,0,0,1216,0.0,0.0,26-35
52,Private,430621,10th,6,Married-civ-spouse,Craft-repair,Wife,Asian-Pac-Islander,Male,0,0,39,United-States,<=50K,0,0,0,2028,0.0,0.0,46-55
59,Private,67423,Masters,14,Divorced,Transport-moving,Wife,White,Female,0,0,50,United-States,>50K,0,0,0,2950,0.0,0.0,56-65
76,Private,226327,5th-6th,3,Married-civ-spouse,Unknown,Not-in-family,White,Female,0,0,52,United-States,<=50K,0,0,0,3952,0.0,0.0,66+
45,Federal-gov,262275,Bachelors,13,Married-civ-spouse,Armed-Forces,Not-in-family,White,Female,0,0,37,United-States,<=50K,0,0,0,1665,0.0,0.0,36-45
27,Private,270452,7th-8th,4,Never-married,Craft-repair,Not-in-family,White,Male,0,0,34,United-States,<=50K,0,0,0,918,0.0,0.0,26-35
69,Self-emp-not-inc,195570,12th,8,Never-married,Other-service,Husband,White,Male,0,0,39,United-States,>50K,0,0,0,2691,0.0,0.0,66+
57,Private,24634,Preschool,1,Never-married,Priv-house-serv,Unmarried,White,Female,0,0,31,United-States,<=50K,0,0,0,1767,0.0,0.0,56-65
61,Private,146878,HS-grad,9,Married-civ-spouse,Exec-managerial,Husband,White,Female,0,2312,40,United-States,<=50K,0,1,-2312,2440,0.0,7.746300662231439,56-65
24,Private,404937,HS-grad,9,Married-civ-spouse,Adm-clerical,Unmarried,White,Female,0,0,31,Canada,<=50K,0,0,0,744,0.0,0.0,18-25
37,Never-worked,482808,11th,7,Divorced,Exec-managerial,Own-child,Black,Male,0,0,61,United-States,<=50K,0,0,0,2257,0.0,0.0,36-45
65,Private,49181,HS-grad,9,Divorced,Sales,Husband,White,Female,0,0,41,Other,<=50K,0,0,0,2665,0.0,0.0,56-65
69,Private,465373,HS-grad,9,Never-married,Unknown,Husband,White,Male,0,0,35,United-States,<=50K,0,0,0,2415,0.0,0.0,66+
44,Private,488276,Assoc-acdm,12,Never-married,Other-service,Not-in-family,White,Male,0,0,47,United-States,<=50K,0,0,0,2068,0.0,0.0,36-45
67,Local-gov,489048,Bachelors,13,Separated,Craft-repair,Not-in-family,White,Male,0,0,28,United-States,<=50K,0,0,0,1876,0.0,0.0,66+
70,Self-emp-inc,135089,Some-college,10,Never-married,Machine-op-inspct,Husband,White,Female,0,0,33,United-States,<=50K,0,0,0,2310,0.0,0.0,66+
42,Self-emp-inc,181440,10th,6,Married-civ-spouse,Other-service,Wife,White,Male,0,0,44,United-States,<=50K,0,0,0,1848,0.0,0.0,36-45
73,Private,104789,HS-grad,9,Never-married,Other-service,Own-child,White,Male,0,0,41,United-States,>50K,0,0,0,2993,0.0,0.0,66+
35,Local-gov,328599,Bachelors,13,Never-married,Transport-moving,Wife,White,Male,0,0,50,United-States,>50K,0,0,0,1750,0.0,0.0,26-35
32,Private,85383,9th,5,Widowed,Machine-op-inspct,Other-relative,White,Male,0,0,13,United-States,<=50K,0,0,0,416,0.0,0.0,26-35
60,Private,160907,HS-grad,9,Married-civ-spouse,Machine-op-inspct,Husband,White,Male,0,0,48,United-States,<=50K,0,0,0,2880,0.0,0.0,56-65
57,Private,283221,Masters,14,Never-married,Other-service,Own-child,White,Female,0,0,35,United-States,>50K,0,0,0,1995,0.0,0.0,56-65
26,Private,227833,Masters,14,Married-civ-spouse,Other-service,Husband,Asian-Pac-Islander,Male,0,0,28,United-States,<=50K,0,0,0,728,0.0,0.0,26-35
69,Never-worked,204848,HS-grad,9,Never-married,Prof-specialty,Own-child,White,Male,0,0,23,United-States,>50K,0,0,0,1587,0.0,0.0,66+
30,State-gov,140522,Some-college,10,Separated,Prof-specialty,Unmarried,White,Male,0,0,34,United-States,<=50K,0,0,0,1020,0.0,0.0,26-35
67,Private,121886,HS-grad,9,Separated,Handlers-cleaners,Husband,White,Male,0,0,56,Other,<=50K,0,0,0,3752,0.0,0.0,66+
18,Private,296375,Assoc-acdm,12,Married-civ-spouse,Craft-repair,Unmarried,White,Male,0,0,50,United-States,>50K,0,0,0,900,0.0,0.0,18-25
67,Local-gov,96505,5th-6th,3,Married-civ-spouse,Unknown,Not-in-family,White,Male,0,0,56,United-States,<=50K,0,0,0,3752,0.0,0.0,66+
66,State-gov,151489,10th,6,Never-married,Prof-specialty,Husband,White,Female,0,0,39,United-States,<=50K,0,0,0,2574,0.0,0.0,66+
66,Self-emp-not-inc,45033,Some-college,10,Never-married,Priv-house-serv,Husband,Asian-Pac-Islander,Female,0,0,41,United-States,<=50K,0,0,0,2706,0.0,0.0,66+
59,Private,153650,HS-grad,9,Separated,Prof-specialty,Not-in-family,Black,Male,0,0,24,United-States,<=50K,0,0,0,1416,0.0,0.0,56-65
47,Private,151575,Some-college,10,Married-civ-spouse,Handlers-cleaners,Not-in-family,White,Male,0,0,24,United-States,<=50K,0,0,0,1128,0.0,0.0,46-55
61,Local-gov,216428,HS-grad,9,Never-married,Craft-repair,Wife,White,Male,0,0,39,United-States,<=50K,0,0,0,2379,0.0,0.0,56-65
35,Self-emp-not-inc,143189,Bachelors,13,Never-married,Farming-fishing,Unmarried,White,Male,0,0,26,United-States,<=50K,0,0,0,910,0.0,0.0,26-35
66,Self-emp-not-inc,21215,Bachelors,13,Married-civ-spouse,Tech-support,Husband,White,Male,0,327,31,United-States,>50K,0,1,-327,2046,0.0,5.793013608384144,66+
52,Private,186443,HS-grad,9,Married-civ-spouse,Transport-moving,Husband,White,Female,0,0,40,United-States,<=50K,0,0,0,2080,0.0,0.0,46-55
46,Private,450189,Assoc-acdm,12,Never-married,Protective-serv,Husband,White,Male,0,0,53,United-States,<=50K,0,0,0,2438,0.0,0.0,46-55
49,Private,293620,HS-grad,9,Married-civ-spouse,Prof-specialty,Not-in-family,White,Male,0,0,40,Unknown,<=50K,0,0,0,1960,0.0,0.0,46-55
53,Unknown,118829,HS-grad,9,Never-married,Protective-serv,Husband,White,Female,42578,0,26,United-States,<=50K,1,0,42578,1378,10.659116452967368,0.0,46-55
20,Private,471928,12th,8,Never-married,Farming-fishing,Husband,White,Female,0,0,22,United-States,<=50K,0,0,0,440,0.0,0.0,18-25
26,Unknown,319099,Bachelors,13,Divorced,Tech-support,Wife,White,Female,0,0,41,Japan,<=50K,0,0,0,1066,0.0,0.0,26-35
33,Self-emp-not-inc,340960,Bachelors,13,Married-civ-spouse,Other-service,Husband,White,Female,0,0,34,United-States,>50K,0,0,0,1122,0.0,0.0,26-35
25,Federal-gov,43405,Bachelors,13,Married-spouse-absent,Adm-clerical,Own-child,White,Male,0,0,41,United-States,<=50K,0,0,0,1025,0.0,0.0,18-25
45,Private,140050,Bachelors,13,Never-married,Farming-fishing,Other-relative,White,Male,0,0,38,United-States,<=50K,0,0,0,1710,0.0,0.0,36-45
59,Self-emp-not-inc,197015,Masters,14,Never-married,Craft-repair,Husband,White,Male,48353,0,39,United-States,>50K,1,0,48353,2301,10.786304227552566,0.0,56-65
58,Private,346485,HS-grad,9,Never-married,Farming-fishing,Unmarried,Asian-Pac-Islander,Male,0,0,52,United-States,<=50K,0,0,0,3016,0.0,0.0,56-65
47,Private,31544,Masters,14,Never-married,Priv-house-serv,Not-in-family,Other,Male,0,0,51,United-States,<=50K,0,0,0,2397,0.0,0.0,46-55
71,Private,121716,Some-college,10,Widowed,Craft-repair,Not-in-family,Asian-Pac-Islander,Male,0,0,44,United-States,<=50K,0,0,0,3124,0.0,0.0,66+
53,Private,498926,HS-grad,9,Never-married,Protective-serv,Unmarried,White,Female,0,0,31,United-States,<=50K,0,0,0,1643,0.0,0.0,46-55
22,State-gov,152478,Some-college,10,Divorced,Unknown,Husband,White,Female,0,0,34,United-States,<=50K,0,0,0,748,0.0,0.0,18-25
65,Local-gov,435766,HS-grad,9,Married-civ-spouse,Adm-clerical,Husband,White,Male,0,0,48,United-States,>50K,0,0,0,3120,0.0,0.0,56-65
53,Private,93738,HS-grad,9,Married-civ-spouse,Tech-support,Wife,White,Male,0,0,53,United-States,<=50K,0,0,0,2809,0.0,0.0,46-55
57,Self-emp-inc,427498,HS-grad,9,Never-married,Adm-clerical,Own-child,White,Male,0,0,27,United-States,<=50K,0,0,0,1539,0.0,0.0,56-65
53,Private,201201,9th,5,Married-civ-spouse,Handlers-cleaners,Husband,White,Male,0,0,55,United-States,<=50K,0,0,0,2915,0.0,0.0,46-55
52,Private,111071,HS-grad,9,Never-married,Prof-specialty,Not-in-family,Black,Female,0,0,32,United-States,<=50K,0,0,0,1664,0.0,0.0,46-55
23,Local-gov,332130,Bachelors,13,Widowed,Transport-moving,Other-relative,White,Female,0,0,47,United-States,<=50K,0,0,0,1081,0.0,0.0,18-25
52,Private,288679,Some-college,10,Divorced,Sales,Husband,White,Male,0,0,68,Other,<=50K,0,0,0,3536,0.0,0.0,46-55
67,Unknown,76489,Some-college,10,Married-civ-spouse,Tech-support,Not-in-family,Asian-Pac-Islander,Male,0,0,24,United-States,<=50K,0,0,0,1608,0.0,0.0,66+
36,Private,435299,HS-grad,9,Never-married,Handlers-cleaners,Husband,White,Male,0,0,45,Germany,<=50K,0,0,0,1620,0.0,0.0,36-45
55,Private,379872,HS-grad,9,Married-civ-spouse,Transport-moving,Wife,White,Male,0,0,37,United-States,>50K,0,0,0,2035,0.0,0.0,46-55
19,State-gov,195657,HS-grad,9,Never-married,Unknown,Wife,White,Male,0,0,44,United-States,<=50K,0,0,0,836,0.0,0.0,18-25
39,Private,453463,Bachelors,13,Divorced,Armed-Forces,Not-in-family,White,Male,0,0,34,United-States,<=50K,0,0,0,1326,0.0,0.0,36-45
45,Private,27154,12th,8,Divorced,Farming-fishing,Husband,White,Male,0,0,15,United-States,<=50K,0,0,0,675,0.0,0.0,36-45
78,Private,485689,Assoc-voc,11,Never-married,Armed-Forces,Husband,White,Male,0,0,32,United-States,<=50K,0,0,0,2496,0.0,0.0,66+
31,Local-gov,215939,Assoc-acdm,12,Divorced,Unknown,Wife,White,Male,0,0,43,Mexico,<=50K,0,0,0,1333,0.0,0.0,26-35
35,Private,404112,Some-college,10,Married-civ-spouse,Craft-repair,Husband,White,Male,0,0,53,Japan,<=50K,0,0,0,1855,0.0,0.0,26-35
43,Private,447081,Bachelors,13,Married-civ-spouse,Other-service,Not-in-family,White,Male,0,0,44,United-States,<=50K,0,0,0,1892,0.0,0.0,36-45
79,Private,420645,HS-grad,9,Married-civ-spouse,Machine-op-inspct,Wife,White,Male,0,0,55,United-States,>50K,0,0,0,4345,0.0,0.0,66+
70,Private,64449,Bachelors,13,Separated,Adm-clerical,Not-in-family,White,Male,0,0,35,United-States,<=50K,0,0,0,2450,0.0,0.0,66+
20,Private,207205,Assoc-voc,11,Married-civ-spouse,Transport-moving,Not-in-family,White,Male,0,0,34,United-States,<=50K,0,0,0,680,0.0,0.0,18-25
32,Private,52851,Bachelors,13,Married-civ-spouse,Priv-house-serv,Husband,White,Male,0,0,43,United-States,<=50K,0,0,0,1376,0.0,0.0,26-35
68,Private,128262,Some-college,10,Married-civ-spouse,Transport-moving,Wife,Black,Male,0,0,36,United-States,<=50K,0,0,0,2448,0.0,0.0,66+
21,Private,303178,Bachelors,13,Married-civ-spouse,Adm-clerical,Unmarried,White,Male,0,0,51,United-States,<=50K,0,0,0,1071,0.0,0.0,18-25
71,Self-emp-inc,350313,Doctorate,16,Married-civ-spouse,Unknown,Husband,White,Female,0,0,26,United-States,>50K,0,0,0,1846,0.0,0.0,66+
35,Private,121140,HS-grad,9,Never-married,Unknown,Husband,White,Female,0,0,49,United-States,<=50K,0,0,0,1715,0.0,0.0,26-35
74,Private,39373,Bachelors,13,Married-civ-spouse,Priv-house-serv,Other-relative,White,Female,0,0,52,United-States,>50K,0,0,0,3848,0.0,0.0,66+
36,Private,200497,Assoc-acdm,12,Never-married,Priv-house-serv,Other-relative,White,Male,0,3163,44,United-States,<=50K,0,1,-3163,1584,0.0,8.059592328887545,36-45
44,Private,297527,HS-grad,9,Married-civ-spouse,Priv-house-serv,Not-in-family,White,Female,0,0,49,United-States,<=50K,0,0,0,2156,0.0,0.0,36-45
59,Self-emp-not-inc,205669,Masters,14,Divorced,Tech-support,Not-in-family,White,Male,0,0,34,United-States,<=50K,0,0,0,2006,0.0,0.0,56-65
25,Self-emp-not-inc,477158,HS-grad,9,Married-civ-spouse,Handlers-cleaners,Own-child,White,Female,0,0,32,United-States,<=50K,0,0,0,800,0.0,0.0,18-25
52,Self-emp-not-inc,352994,Some-college,10,Never-married,Adm-clerical,Not-in-family,White,Female,0,0,44,United-States,<=50K,0,0,0,2288,0.0,0.0,46-55
49,Private,323346,9th,5,Widowed,Sales,Husband,White,Male,0,0,33,United-States,<=50K,0,0,0,1617,0.0,0.0,46-55
66,Private,23809,HS-grad,9,Married-civ-spouse,Prof-specialty,Other-relative,White,Male,16223,0,43,United-States,<=50K,1,0,16223,2838,9.69424690639091,0.0,66+
79,Private,465054,Bachelors,13,Widowed,Craft-repair,Husband,Other,Male,0,0,43,Mexico,>50K,0,0,0,3397,0.0,0.0,66+
59,Without-pay,332964,HS-grad,9,Married-civ-spouse,Other-service,Wife,White,Male,0,0,39,United-States,<=50K,0,0,0,2301,0.0,0.0,56-65
43,Unknown,491611,HS-grad,9,Never-married,Tech-support,Husband,Asian-Pac-Islander,Female,0,0,43,United-States,<=50K,0,0,0,1849,0.0,0.0,36-45
43,Local-gov,250365,HS-grad,9,Never-married,Armed-Forces,Not-in-family,White,Male,0,0,46,United-States,<=50K,0,0,0,1978,0.0,0.0,36-45
43,Private,342777,HS-grad,9,Married-civ-spouse,Protective-serv,Husband,Amer-Indian-Eskimo,Female,0,0,39,United-States,<=50K,0,0,0,1677,0.0,0.0,36-45
68,Private,261267,Bachelors,13,Divorced,Prof-specialty,Not-in-family,White,Female,0,0,35,Japan,>50K,0,0,0,2380,0.0,0.0,66+
37,Self-emp-not-inc,432123,Bachelors,13,Married-civ-spouse,Tech-support,Wife,White,Female,0,0,48,United-States,>50K,0,0,0,1776,0.0,0.0,36-45
28,Private,356484,7th-8th,4,Never-married,Exec-managerial,Own-child,White,Female,0,0,43,United-States,<=50K,0,0,0,1204,0.0,0.0,26-35
38,Private,202015,Some-college,10,Married-civ-spouse,Handlers-cleaners,Husband,White,Male,0,1726,45,United-States,<=50K,0,1,-1726,1710,0.0,7.454141078146678,36-45
19,Private,324238,HS-grad,9,Separated,Other-service,Husband,White,Male,0,0,46,United-States,<=50K,0,0,0,874,0.0,0.0,18-25
24,Without-pay,63851,Some-college,10,Married-civ-spouse,Farming-fishing,Not-in-family,White,Female,0,0,41,United-States,<=50K,0,0,0,984,0.0,0.0,18-25
23,Private,341567,HS-grad,9,Widowed,Armed-Forces,Unmarried,White,Male,0,0,37,United-States,<=50K,0,0,0,851,0.0,0.0,18-25
65,Local-gov,236245,HS-grad,9,Married-civ-spouse,Priv-house-serv,Not-in-family,White,Male,15645,0,34,United-States,<=50K,1,0,15645,2210,9.657970572245025,0.0,56-65
62,Private,156528,HS-grad,9,Never-married,Priv-house-serv,Husband,Black,Male,0,0,39,United-States,<=50K,0,0,0,2418,0.0,0.0,56-65
61,Private,427685,Some-college,10,Married-civ-spouse,Priv-house-serv,Husband,White,Male,0,0,45,United-States,<=50K,0,0,0,2745,0.0,0.0,56-65
46,Private,427770,Some-college,10,Married-civ-spouse,Tech-support,Unmarried,White,Female,0,0,45,India,<=50K,0,0,0,2070,0.0,0.0,46-55
62,Private,37311,HS-grad,9,Married-civ-spouse,Machine-op-inspct,Not-in-family,White,Male,0,0,41,United-States,>50K,0,0,0,2542,0.0,0.0,56-65
27,Unknown,311659,Bachelors,13,Never-married,Machine-op-inspct,Not-in-family,White,Male,0,0,44,United-States,<=50K,0,0,0,1188,0.0,0.0,26-35
73,Local-gov,31927,Assoc-acdm,12,Married-civ-spouse,Craft-repair,Husband,White,Female,0,0,29,United-States,<=50K,0,0,0,2117,0.0,0.0,66+
49,State-gov,235551,HS-grad,9,Never-married,Other-service,Not-in-family,White,Female,0,0,35,Unknown,<=50K,0,0,0,1715,0.0,0.0,46-55
76,Never-worked,476571,Bachelors,13,Married-spouse-absent,Machine-op-inspct,Own-child,White,Female,0,0,47,United-States,>50K,0,0,0,3572,0.0,0.0,66+
27,Private,255848,Bachelors,13,Married-civ-spouse,Transport-moving,Not-in-family,White,Male,17343,0,32,United-States,<=50K,1,0,17343,864,9.761001904239373,0.0,26-35
48,Private,77805,11th,7,Married-civ-spouse,Other-service,Unmarried,White,Male,0,0,41,Other,<=50K,0,0,0,1968,0.0,0.0,46-55
61,Federal-gov,130098,Some-college,10,Married-civ-spouse,Handlers-cleaners,Unmarried,White,Male,0,0,41,United-States,>50K,0,0,0,2501,0.0,0.0,56-65
48,Private,24820,HS-grad,9,Married-civ-spouse,Craft-repair,Own-child,Asian-Pac-Islander,Female,79756,0,39,United-States,<=50K,1,0,79756,1872,11.286739791089824,0.0,46-55
45,Self-emp-inc,396364,Assoc-acdm,12,Divorced,Craft-repair,Not-in-family,White,Female,0,0,47,United-States,<=50K,0,0,0,2115,0.0,0.0,36-45
28,Private,449019,HS-grad,9,Never-married,Adm-clerical,Own-child,White,Female,0,2046,42,United-States,<=50K,0,1,-2046,1176,0.0,7.624130585661289,26-35
41,Private,146287,Some-college,10,Married-civ-spouse,Machine-op-inspct,Husband,White,Male,0,0,28,United-States,<=50K,0,0,0,1148,0.0,0.0,36-45
32,Private,145557,HS-grad,9,Married-civ-spouse,Transport-moving,Not-in-family,Black,Male,0,0,45,United-States,<=50K,0,0,0,1440,0.0,0.0,26-35
36,Private,293925,Some-college,10,Never-married,Protective-serv,Husband,White,Male,0,0,35,United-States,<=50K,0,0,0,1260,0.0,0.0,36-45
60,Private,398645,Masters,14,Married-civ-spouse,Other-service,Husband,White,Male,0,0,26,Mexico,>50K,0,0,0,1560,0.0,0.0,56-65
57,Private,467549,HS-grad,9,Never-married,Exec-managerial,Not-in-family,White,Female,0,0,47,United-States,<=50K,0,0,0,2679,0.0,0.0,56-65
55,Private,484006,Bachelors,13,Widowed,Priv-house-serv,Not-in-family,White,Male,0,0,28,United-States,<=50K,0,0,0,1540,0.0,0.0,46-55
40,Private,280277,Doctorate,16,Married-civ-spouse,Tech-support,Not-in-family,White,Male,0,0,36,United-States,>50K,0,0,0,1440,0.0,0.0,36-45
77,Private,326010,Bachelors,13,Divorced,Priv-house-serv,Husband,White,Female,0,0,43,Unknown,>50K,0,0,0,3311,0.0,0.0,66+
23,Private,28701,11th,7,Never-married,Armed-Forces,Not-in-family,White,Male,0,0,39,China,<=50K,0,0,0,897,0.0,0.0,18-25
39,Private,43246,Bachelors,13,Never-married,Craft-repair,Husband,White,Male,0,0,34,United-States,<=50K,0,0,0,1326,0.0,0.0,36-45
25,Self-emp-inc,484400,5th-6th,3,Never-married,Craft-repair,Wife,White,Male,0,0,30,United-States,<=50K,0,0,0,750,0.0,0.0,18-25
39,Private,127600,HS-grad,9,Never-married,Farming-fishing,Husband,White,Male,78542,0,32,United-States,<=50K,1,0,78542,1248,11.271401524499531,0.0,36-45
77,Private,286569,Bachelors,13,Divorced,Handlers-cleaners,Not-in-family,White,Female,0,0,29,United-States,>50K,0,0,0,2233,0.0,0.0,66+
40,Private,149410,Assoc-voc,11,Divorced,Armed-Forces,Husband,White,Male,0,0,39,United-States,<=50K,0,0,0,1560,0.0,0.0,36-45
74,Private,99285,Some-college,10,Never-married,Machine-op-inspct,Own-child,Asian-Pac-Islander,Male,0,0,35,United-States,<=50K,0,0,0,2590,0.0,0.0,66+
48,Private,407135,HS-grad,9,Never-married,Farming-fishing,Unmarried,White,Male,0,0,26,United-States,<=50K,0,0,0,1248,0.0,0.0,46-55
61,Private,253502,Bachelors,13,Never-married,Sales,Other-relative,White,Female,0,0,37,United-States,<=50K,0,0,0,2257,0.0,0.0,56-65
46,Private,64536,Assoc-voc,11,Married-civ-spouse,Exec-managerial,Not-in-family,White,Male,0,168,34,United-States,<=50K,0,1,-168,1564,0.0,5.1298987149230735,46-55
34,Private,190828,HS-grad,9,Never-married,Other-service,Not-in-family,White,Male,0,0,43,Other,<=50K,0,0,0,1462,0.0,0.0,26-35
65,Private,220432,Bachelors,13,Married-civ-spouse,Other-service,Unmarried,White,Male,0,0,44,United-States,>50K,0,0,0,2860,0.0,0.0,56-65
78,Private,215553,HS-grad,9,Married-civ-spouse,Craft-repair,Husband,White,Male,0,0,53,United-States,>50K,0,0,0,4134,0.0,0.0,66+
34,Private,387257,11th,7,Married-civ-spouse,Protective-serv,Husband,Other,Male,0,0,46,United-States,<=50K,0,0,0,1564,0.0,0.0,26-35
66,Private,247153,Some-college,10,Married-civ-spouse,Tech-support,Not-in-family,White,Male,0,0,29,Mexico,>50K,0,0,0,1914,0.0,0.0,66+
34,Private,309564,Prof-school,15,Never-married,Machine-op-inspct,Unmarried,White,Male,0,0,18,United-States,<=50K,0,0,0,612,0.0,0.0,26-35
62,Self-emp-not-inc,415439,HS-grad,9,Married-civ-spouse,Machine-op-inspct,Not-in-family,Black,Female,0,0,25,Unknown,<=50K,0,0,0,1550,0.0,0.0,56-65
66,Private,464844,HS-grad,9,Never-married,Tech-support,Wife,White,Male,0,0,35,United-States,<=50K,0,0,0,2310,0.0,0.0,66+
45,Private,127953,10th,6,Divorced,Priv-house-serv,Unmarried,White,Male,0,0,24,United-States,<=50K,0,0,0,1080,0.0,0.0,36-45
63,Private,318815,Bachelors,13,Married-civ-spouse,Machine-op-inspct,Not-in-family,White,Male,0,0,34,United-States,>50K,0,0,0,2142,0.0,0.0,56-65
34,Private,333651,HS-grad,9,Married-civ-spouse,Craft-repair,Husband,White,Male,0,0,40,United-States,<=50K,0,0,0,1360,0.0,0.0,26-35
22,Private,342228,Some-college,10,Divorced,Craft-repair,Unmarried,White,Male,753,0,34,United-States,<=50K,1,0,753,748,6.625392368007956,0.0,18-25
23,Self-emp-inc,362350,Doctorate,16,Never-married,Farming-fishing,Not-in-family,White,Female,0,0,43,United-States,<=50K,0,0,0,989,0.0,0.0,18-25
45,Self-emp-not-inc,62554,1st-4th,2,Married-civ-spouse,Adm-clerical,Not-in-family,White,Female,0,0,34,United-States,<=50K,0,0,0,1530,0.0,0.0,36-45
73,Private,490293,Some-college,10,Married-civ-spouse,Prof-specialty,Unmarried,White,Male,0,0,32,Mexico,>50K,0,0,0,2336,0.0,0.0,66+
25,Unknown,369928,Some-college,10,Married-civ-spouse,Prof-specialty,Wife,White,Male,0,0,57,United-States,<=50K,0,0,0,1425,0.0,0.0,18-25
46,Federal-gov,163861,Bachelors,13,Married-civ-spouse,Tech-support,Not-in-family,White,Male,0,0,40,United-States,<=50K,0,0,0,1840,0.0,0.0,46-55
61,Private,206624,HS-grad,9,Married-civ-spouse,Tech-support,Husband,White,Male,56440,0,41,Other,>50K,1,0,56440,2501,10.940951123740335,0.0,56-65
30,Private,108211,HS-grad,9,Married-spouse-absent,Machine-op-inspct,Other-relative,White,Male,0,0,48,United-States,<=50K,0,0,0,1440,0.0,0.0,26-35
62,Federal-gov,310039,11th,7,Married-civ-spouse,Prof-specialty,Other-relative,Asian-Pac-Islander,Male,0,0,49,United-States,<=50K,0,0,0,3038,0.0,0.0,56-65
36,Private,468093,Assoc-acdm,12,Married-civ-spouse,Sales,Not-in-family,Black,Male,0,0,36,Mexico,<=50K,0,0,0,1296,0.0,0.0,36-45
68,Private,211721,Assoc-acdm,12,Separated,Prof-specialty,Not-in-family,White,Male,0,1167,50,United-States,>50K,0,1,-1167,3400,0.0,7.0630481633881725,66+
53,Private,476025,10th,6,Never-married,Adm-clerical,Not-in-family,White,Male,0,0,36,United-States,<=50K,0,0,0,1908,0.0,0.0,46-55
51,Private,368868,HS-grad,9,Divorced,Exec-managerial,Husband,Asian-Pac-Islander,Male,0,0,50,United-States,<=50K,0,0,0,2550,0.0,0.0,46-55
28,Private,391288,Bachelors,13,Never-married,Exec-managerial,Husband,White,Male,0,0,28,United-States,<=50K,0,0,0,784,0.0,0.0,26-35
46,Private,40339,Preschool,1,Widowed,Sales,Own-child,Other,Male,0,0,37,Philippines,<=50K,0,0,0,1702,0.0,0.0,46-55
71,Private,199720,HS-grad,9,Married-civ-spouse,Farming-fishing,Other-relative,White,Male,92818,0,42,United-States,>50K,1,0,92818,2982,11.438406639196947,0.0,66+
19,Private,250037,Some-college,10,Married-civ-spouse,Tech-support,Not-in-family,White,Female,0,0,44,United-States,<=50K,0,0,0,836,0.0,0.0,18-25
65,Private,486092,HS-grad,9,Never-married,Protective-serv,Not-in-family,White,Male,0,0,32,United-States,<=50K,0,0,0,2080,0.0,0.0,56-65
48,Self-emp-inc,403624,HS-grad,9,Never-married,Machine-op-inspct,Husband,White,Male,0,0,24,United-States,<=50K,0,0,0,1152,0.0,0.0,46-55
62,Private,295903,HS-grad,9,Married-spouse-absent,Sales,Not-in-family,White,Female,0,0,45,United-States,<=50K,0,0,0,2790,0.0,0.0,56-65
59,Self-emp-not-inc,427488,11th,7,Married-civ-spouse,Transport-moving,Husband,White,Male,0,0,38,United-States,<=50K,0,0,0,2242,0.0,0.0,56-65
44,Private,117041,Some-college,10,Widowed,Armed-Forces,Unmarried,White,Male,0,0,36,United-States,<=50K,0,0,0,1584,0.0,0.0,36-45
37,Private,85824,Assoc-voc,11,Married-civ-spouse,Tech-support,Other-relative,White,Male,31774,0,57,United-States,>50K,1,0,31774,2109,10.366435096057655,0.0,36-45
56,Private,414539,Some-college,10,Never-married,Other-service,Husband,Black,Male,0,0,37,United-States,<=50K,0,0,0,2072,0.0,0.0,56-65
26,Private,397256,9th,5,Separated,Other-service,Not-in-family,Asian-Pac-Islander,Female,77489,0,35,United-States,<=50K,1,0,77489,910,11.257904174757996,0.0,26-35
54,Private,246041,Bachelors,13,Married-civ-spouse,Tech-support,Own-child,White,Female,0,0,22,United-States,<=50K,0,0,0,1188,0.0,0.0,46-55
23,Unknown,165543,11th,7,Married-civ-spouse,Transport-moving,Own-child,White,Male,0,0,29,Mexico,<=50K,0,0,0,667,0.0,0.0,18-25
58,Local-gov,38244,Assoc-acdm,12,Never-married,Other-service,Not-in-family,White,Male,0,0,49,Philippines,<=50K,0,0,0,2842,0.0,0.0,56-65
56,Self-emp-not-inc,79776,HS-grad,9,Never-married,Prof-specialty,Not-in-family,White,Male,0,0,33,United-States,<=50K,0,0,0,1848,0.0,0.0,56-65
23,Private,391265,Assoc-acdm,12,Married-civ-spouse,Priv-house-serv,Wife,Asian-Pac-Islander,Female,0,0,46,United-States,<=50K,0,0,0,1058,0.0,0.0,18-25
64,Private,311487,12th,8,Never-married,Adm-clerical,Own-child,White,Male,0,0,27,United-States,<=50K,0,0,0,1728,0.0,0.0,56-65
43,Private,410103,12th,8,Married-civ-spouse,Unknown,Husband,Other,Male,35299,0,31,United-States,<=50K,1,0,35299,1333,10.471638242921388,0.0,36-45
66,Private,34868,HS-grad,9,Married-civ-spouse,Craft-repair,Wife,White,Male,0,0,31,United-States,<=50K,0,0,0,2046,0.0,0.0,66+
20,Self-emp-inc,429316,5th-6th,3,Married-civ-spouse,Armed-Forces,Husband,Black,Male,0,0,45,Japan,<=50K,0,0,0,900,0.0,0.0,18-25
29,Federal-gov,280903,HS-grad,9,Separated,Craft-repair,Husband,Black,Male,0,0,38,United-States,<=50K,0,0,0,1102,0.0,0.0,26-35
48,Private,89685,Assoc-voc,11,Married-civ-spouse,Farming-fishing,Unmarried,White,Male,0,0,29,United-States,<=50K,0,0,0,1392,0.0,0.0,46-55
29,Local-gov,478944,Bachelors,13,Never-married,Adm-clerical,Husband,Asian-Pac-Islander,Female,0,0,47,United-States,<=50K,0,0,0,1363,0.0,0.0,26-35
38,Federal-gov,174789,9th,5,Married-civ-spouse,Prof-specialty,Own-child,White,Male,0,0,45,United-States,<=50K,0,0,0,1710,0.0,0.0,36-45
58,Private,185247,Bachelors,13,Widowed,Priv-house-serv,Wife,White,Female,0,0,43,United-States,<=50K,0,0,0,2494,0.0,0.0,56-65
26,Local-gov,397882,Bachelors,13,Never-married,Protective-serv,Own-child,White,Male,0,0,43,United-States,<=50K,0,0,0,1118,0.0,0.0,26-35
60,Private,240048,Bachelors,13,Married-civ-spouse,Tech-support,Not-in-family,White,Male,0,0,31,United-States,>50K,0,0,0,1860,0.0,0.0,56-65
24,Private,383195,Assoc-voc,11,Married-civ-spouse,Armed-Forces,Husband,White,Female,0,0,53,United-States,<=50K,0,0,0,1272,0.0,0.0,18-25
28,Private,291022,Some-college,10,Married-civ-spouse,Sales,Own-child,White,Male,0,0,39,United-States,>50K,0,0,0,1092,0.0,0.0,26-35
54,Private,444057,Some-college,10,Married-civ-spouse,Priv-house-serv,Unmarried,White,Male,0,0,43,United-States,<=50K,0,0,0,2322,0.0,0.0,46-55
67,Private,135917,Some-college,10,Never-married,Priv-house-serv,Not-in-family,White,Male,0,0,44,United-States,<=50K,0,0,0,2948,0.0,0.0,66+
28,State-gov,278402,Masters,14,Never-married,Machine-op-inspct,Own-child,White,Male,0,0,31,United-States,<=50K,0,0,0,868,0.0,0.0,26-35
36,Private,105849,9th,5,Married-civ-spouse,Protective-serv,Husband,White,Male,0,0,59,United-States,<=50K,0,0,0,2124,0.0,0.0,36-45
75,Private,162248,HS-grad,9,Never-married,Unknown,Other-relative,Black,Female,0,0,40,United-States,>50K,0,0,0,3000,0.0,0.0,66+
79,Private,495948,7th-8th,4,Divorced,Machine-op-inspct,Not-in-family,White,Male,0,0,40,United-States,<=50K,0,0,0,3160,0.0,0.0,66+
54,Private,211171,Masters,14,Married-civ-spouse,Other-service,Unmarried,White,Female,0,0,36,United-States,<=50K,0,0,0,1944,0.0,0.0,46-55
45,Self-emp-not-inc,354012,HS-grad,9,Married-civ-spouse,Handlers-cleaners,Own-child,Black,Female,0,0,51,Philippines,<=50K,0,0,0,2295,0.0,0.0,36-45
39,Private,154027,Assoc-voc,11,Married-civ-spouse,Protective-serv,Not-in-family,White,Male,0,2767,52,United-States,<=50K,0,1,-2767,2028,0.0,7.92588031673756,36-45
55,State-gov,28095,Bachelors,13,Never-married,Other-service,Own-child,White,Male,0,0,42,United-States,<=50K,0,0,0,2310,0.0,0.0,46-55
54,Private,324766,Doctorate,16,Married-civ-spouse,Armed-Forces,Husband,White,Male,0,0,25,United-States,>50K,0,0,0,1350,0.0,0.0,46-55
36,Private,116392,11th,7,Never-married,Other-service,Not-in-family,Black,Female,0,0,38,Cuba,<=50K,0,0,0,1368,0.0,0.0,36-45
19,Private,252428,Bachelors,13,Married-civ-spouse,Farming-fishing,Not-in-family,White,Male,0,0,39,United-States,<=50K,0,0,0,741,0.0,0.0,18-25
27,Private,384537,Bachelors,13,Never-married,Adm-clerical,Wife,White,Female,0,0,35,United-States,<=50K,0,0,0,945,0.0,0.0,26-35
77,State-gov,287935,7th-8th,4,Married-civ-spouse,Other-service,Own-child,White,Male,0,0,30,United-States,>50K,0,0,0,2310,0.0,0.0,66+
43,Private,37624,Assoc-acdm,12,Divorced,Handlers-cleaners,Not-in-family,White,Female,0,0,24,United-States,<=50K,0,0,0,1032,0.0,0.0,36-45
47,Private,339487,HS-grad,9,Married-civ-spouse,Other-service,Own-child,White,Male,0,0,55,Canada,<=50K,0,0,0,2585,0.0,0.0,46-55
46,Private,208806,Some-college,10,Married-civ-spouse,Prof-specialty,Husband,Asian-Pac-Islander,Male,0,0,47,United-States,>50K,0,0,0,2162,0.0,0.0,46-55
66,Unknown,127192,Some-college,10,Married-civ-spouse,Armed-Forces,Own-child,Asian-Pac-Islander,Male,0,0,40,United-States,<=50K,0,0,0,2640,0.0,0.0,66+
22,Private,346143,HS-grad,9,Divorced,Tech-support,Own-child,Black,Male,0,0,34,United-States,<=50K,0,0,0,748,0.0,0.0,18-25
23,Private,448372,10th,6,Never-married,Protective-serv,Other-relative,White,Male,0,0,44,United-States,<=50K,0,0,0,1012,0.0,0.0,18-25
35,Self-emp-not-inc,121250,10th,6,Married-civ-spouse,Farming-fishing,Wife,White,Male,0,0,42,United-States,<=50K,0,0,0,1470,0.0,0.0,26-35
48,Private,32939,9th,5,Never-married,Transport-moving,Husband,Black,Male,0,0,36,United-States,<=50K,0,0,0,1728,0.0,0.0,46-55
59,Private,421678,Some-college,10,Never-married,Sales,Not-in-family,White,Male,0,0,44,United-States,<=50K,0,0,0,2596,0.0,0.0,56-65
48,Private,129921,HS-grad,9,Divorced,Armed-Forces,Wife,White,Female,0,0,45,United-States,<=50K,0,0,0,2160,0.0,0.0,46-55
45,Private,158895,HS-grad,9,Never-married,Sales,Not-in-family,White,Female,0,0,47,United-States,<=50K,0,0,0,2115,0.0,0.0,36-45
76,State-gov,71005,Assoc-voc,11,Married-civ-spouse,Machine-op-inspct,Husband,White,Female,0,0,31,United-States,<=50K,0,0,0,2356,0.0,0.0,66+
27,Private,47412,Assoc-voc,11,Never-married,Tech-support,Other-relative,White,Female,0,0,44,United-States,<=50K,0,0,0,1188,0.0,0.0,26-35
53,Federal-gov,211516,Some-college,10,Never-married,Unknown,Not-in-family,White,Male,48407,0,52,United-States,>50K,1,0,48407,2756,10.787420368302158,0.0,46-55
51,Unknown,304896,Masters,14,Never-married,Farming-fishing,Not-in-family,White,Female,0,0,43,United-States,<=50K,0,0,0,2193,0.0,0.0,46-55
47,Private,472912,HS-grad,9,Married-civ-spouse,Other-service,Husband,White,Female,0,0,62,United-States,<=50K,0,0,0,2914,0.0,0.0,46-55
68,Private,240623,Bachelors,13,Never-married,Farming-fishing,Not-in-family,White,Female,0,0,38,United-States,<=50K,0,0,0,2584,0.0,0.0,66+
34,Private,415188,7th-8th,4,Married-civ-spouse,Other-service,Not-in-family,Black,Male,0,0,23,United-States,<=50K,0,0,0,782,0.0,0.0,26-35
77,Private,463502,Assoc-acdm,12,Divorced,Handlers-cleaners,Husband,White,Male,4131,0,32,United-States,>50K,1,0,4131,2464,8.326516830239528,0.0,66+
38,Private,251756,Doctorate,16,Married-civ-spouse,Machine-op-inspct,Own-child,White,Male,0,0,33,United-States,>50K,0,0,0,1254,0.0,0.0,36-45
51,Private,281553,Bachelors,13,Married-civ-spouse,Armed-Forces,Wife,White,Male,21282,0,46,United-States,>50K,1,0,21282,2346,9.965663910962803,0.0,46-55
50,Self-emp-not-inc,207067,Some-college,10,Never-married,Exec-managerial,Husband,White,Female,0,0,48,Other,<=50K,0,0,0,2400,0.0,0.0,46-55
70,Private,385357,Some-college,10,Separated,Tech-support,Husband,White,Male,0,0,41,United-States,<=50K,0,0,0,2870,0.0,0.0,66+
45,Federal-gov,29257,HS-grad,9,Married-civ-spouse,Handlers-cleaners,Unmarried,White,Female,0,0,43,United-States,<=50K,0,0,0,1935,0.0,0.0,36-45
35,Private,472000,Assoc-voc,11,Never-married,Unknown,Unmarried,White,Male,78073,0,59,Canada,<=50K,1,0,78073,2065,11.265412373872007,0.0,26-35
19,Private,250340,Assoc-acdm,12,Never-married,Priv-house-serv,Own-child,White,Female,0,0,32,United-States,<=50K,0,0,0,608,0.0,0.0,18-25
40,Private,71848,Doctorate,16,Widowed,Tech-support,Unmarried,White,Male,0,0,39,United-States,>50K,0,0,0,1560,0.0,0.0,36-45
69,Self-emp-inc,134769,HS-grad,9,Never-married,Tech-support,Not-in-family,White,Male,0,0,35,United-States,<=50K,0,0,0,2415,0.0,0.0,66+
18,Private,278849,7th-8th,4,Married-civ-spouse,Transport-moving,Husband,White,Male,0,0,28,United-States,<=50K,0,0,0,504,0.0,0.0,18-25
73,Private,10469,Some-college,10,Married-civ-spouse,Transport-moving,Unmarried,White,Male,0,0,20,United-States,<=50K,0,0,0,1460,0.0,0.0,66+
51,Private,391269,10th,6,Never-married,Machine-op-inspct,Not-in-family,White,Male,0,0,53,Cuba,<=50K,0,0,0,2703,0.0,0.0,46-55
26,Private,424056,HS-grad,9,Married-civ-spouse,Craft-repair,Not-in-family,White,Female,0,0,32,United-States,<=50K,0,0,0,832,0.0,0.0,26-35
36,Self-emp-not-inc,295424,HS-grad,9,Widowed,Sales,Own-child,White,Male,0,0,37,United-States,<=50K,0,0,0,1332,0.0,0.0,36-45
52,Private,363974,Assoc-voc,11,Widowed,Priv-house-serv,Husband,White,Male,0,0,44,United-States,<=50K,0,0,0,2288,0.0,0.0,46-55
37,State-gov,53515,11th,7,Widowed,Craft-repair,Unmarried,White,Female,0,0,28,United-States,<=50K,0,0,0,1036,0.0,0.0,36-45
24,Private,470420,11th,7,Married-civ-spouse,Other-service,Own-child,Black,Female,0,906,32,United-States,<=50K,0,1,-906,768,0.0,6.810142450115136,18-25
59,Private,210578,5th-6th,3,Never-married,Handlers-cleaners,Wife,Black,Female,0,0,40,United-States,<=50K,0,0,0,2360,0.0,0.0,56-65
59,Private,239399,Bachelors,13,Never-married,Transport-moving,Husband,White,Male,0,0,36,United-States,<=50K,0,0,0,2124,0.0,0.0,56-65
25,Private,143655,Assoc-voc,11,Married-civ-spouse,Priv-house-serv,Husband,White,Male,0,0,27,United-States,<=50K,0,0,0,675,0.0,0.0,18-25
35,Private,253407,5th-6th,3,Married-civ-spouse,Adm-clerical,Husband,White,Male,0,0,46,Unknown,<=50K,0,0,0,1610,0.0,0.0,26-35
33,Private,21622,5th-6th,3,Married-civ-spouse,Handlers-cleaners,Unmarried,White,Female,0,0,35,Cuba,<=50K,0,0,0,1155,0.0,0.0,26-35
58,Private,284813,Some-college,10,Married-civ-spouse,Prof-specialty,Husband,White,Male,0,0,41,United-States,>50K,0,0,0,2378,0.0,0.0,56-65
63,Private,147087,HS-grad,9,Widowed,Tech-support,Unmarried,White,Female,0,0,41,United-States,<=50K,0,0,0,2583,0.0,0.0,56-65
63,Private,442316,Some-college,10,Never-married,Sales,Not-in-family,White,Female,0,0,50,United-States,<=50K,0,0,0,3150,0.0,0.0,56-65
76,State-gov,101610,HS-grad,9,Married-civ-spouse,Sales,Husband,Black,Male,81903,0,44,Germany,>50K,1,0,81903,3344,11.313303108697365,0.0,66+
65,Private,110889,Masters,14,Divorced,Tech-support,Own-child,White,Male,0,0,31,United-States,<=50K,0,0,0,2015,0.0,0.0,56-65
37,Private,324131,HS-grad,9,Married-civ-spouse,Transport-moving,Husband,White,Male,0,0,52,United-States,<=50K,0,0,0,1924,0.0,0.0,36-45
24,Private,43592,Assoc-voc,11,Married-civ-spouse,Exec-managerial,Other-relative,Other,Male,93256,0,35,India,>50K,1,0,93256,840,11.443114401712803,0.0,18-25
56,Private,331176,7th-8th,4,Married-civ-spouse,Unknown,Not-in-family,White,Female,0,0,32,United-States,<=50K,0,0,0,1792,0.0,0.0,56-65
74,Private,335421,Masters,14,Never-married,Other-service,Husband,White,Female,0,0,30,United-States,<=50K,0,0,0,2220,0.0,0.0,66+
78,State-gov,267963,Prof-school,15,Never-married,Adm-clerical,Unmarried,Asian-Pac-Islander,Female,0,0,17,England,>50K,0,0,0,1326,0.0,0.0,66+
32,Private,259579,Assoc-acdm,12,Never-married,Craft-repair,Not-in-family,White,Female,0,0,34,United-States,<=50K,0,0,0,1088,0.0,0.0,26-35
32,Self-emp-not-inc,390346,HS-grad,9,Separated,Farming-fishing,Own-child,White,Male,0,0,44,United-States,<=50K,0,0,0,1408,0.0,0.0,26-35
20,Private,300373,HS-grad,9,Married-civ-spouse,Unknown,Not-in-family,White,Male,0,0,26,United-States,<=50K,0,0,0,520,0.0,0.0,18-25
26,Self-emp-inc,402142,Bachelors,13,Never-married,Exec-managerial,Not-in-family,White,Male,0,0,57,United-States,>50K,0,0,0,1482,0.0,0.0,26-35
52,Private,444783,Assoc-acdm,12,Married-civ-spouse,Other-service,Not-in-family,White,Male,0,0,18,United-States,<=50K,0,0,0,936,0.0,0.0,46-55
51,State-gov,148089,HS-grad,9,Married-civ-spouse,Transport-moving,Own-child,Other,Female,0,0,32,United-States,<=50K,0,0,0,1632,0.0,0.0,46-55
40,Private,454155,HS-grad,9,Divorced,Sales,Husband,White,Female,0,0,25,United-States,<=50K,0,0,0,1000,0.0,0.0,36-45
37,Unknown,288662,HS-grad,9,Married-civ-spouse,Other-service,Husband,Black,Male,0,0,49,United-States,<=50K,0,0,0,1813,0.0,0.0,36-45
69,Private,195490,Bachelors,13,Married-civ-spouse,Exec-managerial,Husband,White,Male,11542,0,47,United-States,>50K,1,0,11542,3243,9.353834471614912,0.0,66+
46,Private,415342,Assoc-voc,11,Married-civ-spouse,Armed-Forces,Own-child,Asian-Pac-Islander,Male,0,0,37,United-States,<=50K,0,0,0,1702,0.0,0.0,46-55
68,Private,347391,Some-college,10,Married-civ-spouse,Handlers-cleaners,Not-in-family,White,Male,67119,0,26,United-States,<=50K,1,0,67119,1768,11.114237341141088,0.0,66+
77,Private,358919,Some-college,10,Widowed,Sales,Husband,White,Male,0,0,28,United-States,<=50K,0,0,0,2156,0.0,0.0,66+
37,Private,251147,HS-grad,9,Married-civ-spouse,Unknown,Own-child,Other,Male,0,0,42,Unknown,<=50K,0,0,0,1554,0.0,0.0,36-45
30,Self-emp-not-inc,35079,HS-grad,9,Divorced,Unknown,Not-in-family,Other,Male,0,0,33,United-States,<=50K,0,0,0,990,0.0,0.0,26-35
77,Private,282367,5th-6th,3,Married-AF-spouse,Farming-fishing,Wife,White,Male,0,0,34,United-States,<=50K,0,0,0,2618,0.0,0.0,66+
57,Federal-gov,387588,Assoc-acdm,12,Never-married,Handlers-cleaners,Husband,White,Male,0,1120,39,United-States,<=50K,0,1,-1120,2223,0.0,7.02197642307216,56-65
36,Private,408370,HS-grad,9,Married-civ-spouse,Adm-clerical,Not-in-family,White,Male,0,0,36,United-States,<=50K,0,0,0,1296,0.0,0.0,36-45
56,Private,46556,HS-grad,9,Widowed,Handlers-cleaners,Unmarried,White,Male,0,0,23,United-States,<=50K,0,0,0,1288,0.0,0.0,56-65
49,Unknown,147001,HS-grad,9,Married-civ-spouse,Handlers-cleaners,Husband,White,Female,0,0,27,China,<=50K,0,0,0,1323,0.0,0.0,46-55
74,Private,363160,HS-grad,9,Married-civ-spouse,Handlers-cleaners,Other-relative,White,Male,0,0,27,United-States,>50K,0,0,0,1998,0.0,0.0,66+
33,Private,54835,Some-college,10,Divorced,Prof-specialty,Unmarried,White,Male,0,0,33,United-States,<=50K,0,0,0,1089,0.0,0.0,26-35
79,Private,439761,HS-grad,9,Married-civ-spouse,Armed-Forces,Not-in-family,White,Male,0,0,41,United-States,<=50K,0,0,0,3239,0.0,0.0,66+
76,Private,344300,7th-8th,4,Never-married,Sales,Unmarried,Black,Male,0,0,40,Japan,<=50K,0,0,0,3040,0.0,0.0,66+
29,Private,394706,Assoc-acdm,12,Married-civ-spouse,Priv-house-serv,Husband,White,Male,0,0,52,United-States,<=50K,0,0,0,1508,0.0,0.0,26-35
28,Private,159618,HS-grad,9,Never-married,Farming-fishing,Wife,Asian-Pac-Islander,Male,0,0,26,United-States,<=50K,0,0,0,728,0.0,0.0,26-35
51,Private,307348,HS-grad,9,Never-married,Machine-op-inspct,Other-relative,White,Female,0,0,43,United-States,<=50K,0,0,0,2193,0.0,0.0,46-55
20,Self-emp-inc,155880,HS-grad,9,Married-spouse-absent,Exec-managerial,Husband,White,Male,0,0,32,England,<=50K,0,0,0,640,0.0,0.0,18-25
36,Private,69283,Bachelors,13,Married-civ-spouse,Handlers-cleaners,Husband,White,Male,0,0,60,United-States,>50K,0,0,0,2160,0.0,0.0,36-45
44,Private,71345,HS-grad,9,Married-civ-spouse,Priv-house-serv,Wife,White,Female,80316,0,39,United-States,<=50K,1,0,80316,1716,11.293736583630396,0.0,36-45
78,Private,92148,Assoc-acdm,12,Widowed,Other-service,Wife,White,Male,0,0,34,Mexico,>50K,0,0,0,2652,0.0,0.0,66+
79,Self-emp-not-inc,476323,Masters,14,Never-married,Adm-clerical,Own-child,Black,Male,0,0,43,Mexico,>50K,0,0,0,3397,0.0,0.0,66+
27,Private,55601,Some-college,10,Married-civ-spouse,Transport-moving,Own-child,White,Female,0,0,42,United-States,<=50K,0,0,0,1134,0.0,0.0,26-35
73,Private,418743,HS-grad,9,Married-civ-spouse,Adm-clerical,Unmarried,White,Female,0,0,36,United-States,<=50K,0,0,0,2628,0.0,0.0,66+
23,Federal-gov,268683,Assoc-acdm,12,Never-married,Other-service,Husband,White,Female,0,0,46,United-States,<=50K,0,0,0,1058,0.0,0.0,18-25
64,Self-emp-not-inc,368159,HS-grad,9,Never-married,Machine-op-inspct,Not-in-family,White,Male,0,0,55,India,<=50K,0,0,0,3520,0.0,0.0,56-65
70,Private,335979,HS-grad,9,Never-married,Other-service,Wife,White,Female,0,0,49,United-States,<=50K,0,0,0,3430,0.0,0.0,66+
73,Private,276224,Some-college,10,Separated,Protective-serv,Husband,White,Female,0,0,39,United-States,>50K,0,0,0,2847,0.0,0.0,66+
31,Private,461817,HS-grad,9,Married-civ-spouse,Exec-managerial,Unmarried,White,Male,0,0,58,United-States,<=50K,0,0,0,1798,0.0,0.0,26-35
73,Private,24339,9th,5,Married-civ-spouse,Prof-specialty,Own-child,White,Male,0,0,45,United-States,<=50K,0,0,0,3285,0.0,0.0,66+
25,Self-emp-not-inc,261808,HS-grad,9,Never-married,Protective-serv,Husband,White,Male,0,0,29,United-States,<=50K,0,0,0,725,0.0,0.0,18-25
50,Private,485817,10th,6,Separated,Prof-specialty,Not-in-family,White,Male,0,0,41,Philippines,<=50K,0,0,0,2050,0.0,0.0,46-55
47,Private,307638,HS-grad,9,Married-civ-spouse,Other-service,Own-child,Black,Male,0,337,38,United-States,<=50K,0,1,-337,1786,0.0,5.823045895483019,46-55
37,Private,106107,Some-college,10,Never-married,Protective-serv,Wife,White,Male,0,0,35,United-States,<=50K,0,0,0,1295,0.0,0.0,36-45
19,Private,129501,Masters,14,Married-civ-spouse,Farming-fishing,Unmarried,White,Male,0,0,43,United-States,<=50K,0,0,0,817,0.0,0.0,18-25
65,Private,360458,5th-6th,3,Married-civ-spouse,Adm-clerical,Husband,Black,Male,5087,0,21,United-States,<=50K,1,0,5087,1365,8.534640105019959,0.0,56-65
38,Private,316437,Some-college,10,Separated,Craft-repair,Not-in-family,White,Male,0,0,56,United-States,<=50K,0,0,0,2128,0.0,0.0,36-45
59,Unknown,278032,HS-grad,9,Married-civ-spouse,Handlers-cleaners,Own-child,White,Female,0,0,46,United-States,<=50K,0,0,0,2714,0.0,0.0,56-65
43,Private,29747,1st-4th,2,Married-civ-spouse,Handlers-cleaners,Husband,White,Male,0,0,22,United-States,<=50K,0,0,0,946,0.0,0.0,36-45
41,Private,147767,HS-grad,9,Never-married,Sales,Husband,White,Male,0,0,46,United-States,<=50K,0,0,0,1886,0.0,0.0,36-45
72,Private,227398,10th,6,Married-civ-spouse,Machine-op-inspct,Not-in-family,White,Female,0,0,44,United-States,<=50K,0,0,0,3168,0.0,0.0,66+
23,Private,233703,HS-grad,9,Married-civ-spouse,Sales,Husband,White,Female,0,193,55,United-States,<=50K,0,1,-193,1265,0.0,5.267858159063328,18-25
63,Private,301843,HS-grad,9,Never-married,Handlers-cleaners,Unmarried,White,Male,59766,0,57,Other,<=50K,1,0,59766,3591,10.998208948154403,0.0,56-65
64,Self-emp-not-inc,292471,HS-grad,9,Married-civ-spouse,Priv-house-serv,Not-in-family,Black,Male,0,0,59,United-States,>50K,0,0,0,3776,0.0,0.0,56-65
41,Unknown,238554,Some-college,10,Never-married,Transport-moving,Husband,White,Female,0,0,37,United-States,<=50K,0,0,0,1517,0.0,0.0,36-45
34,State-gov,354023,Preschool,1,Married-civ-spouse,Sales,Husband,White,Male,0,0,45,United-States,<=50K,0,0,0,1530,0.0,0.0,26-35
18,Private,334838,11th,7,Married-civ-spouse,Other-service,Not-in-family,Black,Female,0,0,35,Other,<=50K,0,0,0,630,0.0,0.0,18-25
76,Private,375105,9th,5,Never-married,Tech-support,Not-in-family,White,Male,0,0,50,United-States,<=50K,0,0,0,3800,0.0,0.0,66+
76,Private,163150,Some-college,10,Married-civ-spouse,Exec-managerial,Own-child,White,Male,0,0,18,United-States,>50K,0,0,0,1368,0.0,0.0,66+
32,Private,26991,HS-grad,9,Never-married,Tech-support,Other-relative,White,Male,65371,0,27,United-States,<=50K,1,0,65371,864,11.087849311212949,0.0,26-35
19,Private,499065,Some-college,10,Separated,Craft-repair,Husband,White,Male,50563,0,36,United-States,<=50K,1,0,50563,684,10.830995139615448,0.0,18-25
25,Private,436812,HS-grad,9,Never-married,Armed-Forces,Unmarried,White,Male,0,0,39,United-States,<=50K,0,0,0,975,0.0,0.0,18-25
22,Private,133344,1st-4th,2,Married-civ-spouse,Priv-house-serv,Unmarried,White,Male,0,0,42,United-States,<=50K,0,0,0,924,0.0,0.0,18-25
69,Private,362701,Masters,14,Married-civ-spouse,Machine-op-inspct,Wife,Asian-Pac-Islander,Male,0,0,53,United-States,>50K,0,0,0,3657,0.0,0.0,66+
73,Private,165939,10th,6,Separated,Transport-moving,Husband,White,Male,0,0,33,China,<=50K,0,0,0,2409,0.0,0.0,66+
27,Private,393402,10th,6,Divorced,Handlers-cleaners,Husband,Asian-Pac-Islander,Female,0,0,27,United-States,<=50K,0,0,0,729,0.0,0.0,26-35
64,Private,90949,11th,7,Never-married,Adm-clerical,Husband,White,Female,0,0,36,United-States,<=50K,0,0,0,2304,0.0,0.0,56-65
29,Local-gov,180130,Prof-school,15,Never-married,Protective-serv,Not-in-family,White,Male,0,0,34,United-States,<=50K,0,0,0,986,0.0,0.0,26-35
40,Private,277279,Some-college,10,Married-civ-spouse,Craft-repair,Own-child,White,Female,0,0,46,United-States,<=50K,0,0,0,1840,0.0,0.0,36-45
55,Private,350086,Some-college,10,Married-civ-spouse,Exec-managerial,Not-in-family,White,Male,0,0,55,United-States,<=50K,0,0,0,3025,0.0,0.0,46-55
62,Private,151099,Doctorate,16,Never-married,Craft-repair,Unmarried,White,Female,38254,0,54,United-States,>50K,1,0,38254,3348,10.552029549665953,0.0,56-65
72,Private,310012,9th,5,Never-married,Priv-house-serv,Unmarried,White,Female,0,0,51,United-States,<=50K,0,0,0,3672,0.0,0.0,66+
20,Private,210931,Prof-school,15,Married-civ-spouse,Priv-house-serv,Wife,White,Female,0,0,34,United-States,<=50K,0,0,0,680,0.0,0.0,18-25
30,Private,175721,12th,8,Never-married,Transport-moving,Unmarried,White,Female,0,0,38,United-States,<=50K,0,0,0,1140,0.0,0.0,26-35
35,State-gov,415869,Some-college,10,Never-married,Adm-clerical,Own-child,White,Female,0,0,44,United-States,<=50K,0,0,0,1540,0.0,0.0,26-35
37,Private,92321,HS-grad,9,Married-civ-spouse,Handlers-cleaners,Husband,White,Male,0,0,32,United-States,<=50K,0,0,0,1184,0.0,0.0,36-45
79,Private,367093,HS-grad,9,Married-civ-spouse,Tech-support,Husband,White,Female,0,0,33,Other,<=50K,0,0,0,2607,0.0,0.0,66+
66,Private,295582,Masters,14,Never-married,Transport-moving,Not-in-family,Other,Male,0,0,44,United-States,>50K,0,0,0,2904,0.0,0.0,66+
37,State-gov,341125,11th,7,Never-married,Protective-serv,Wife,White,Male,0,0,26,United-States,<=50K,0,0,0,962,0.0,0.0,36-45
78,Private,387290,Doctorate,16,Widowed,Armed-Forces,Husband,White,Male,0,0,51,United-States,>50K,0,0,0,3978,0.0,0.0,66+
48,State-gov,405492,HS-grad,9,Married-civ-spouse,Exec-managerial,Husband,White,Male,25998,0,36,United-States,>50K,1,0,25998,1728,10.165813354725493,0.0,46-55
49,Private,178921,Some-college,10,Separated,Other-service,Unmarried,White,Female,0,0,45,United-States,<=50K,0,0,0,2205,0.0,0.0,46-55
44,Private,209173,Prof-school,15,Never-married,Farming-fishing,Not-in-family,White,Female,0,0,42,United-States,<=50K,0,0,0,1848,0.0,0.0,36-45
26,Self-emp-inc,435193,7th-8th,4,Never-married,Tech-support,Not-in-family,Black,Male,44054,4406,53,Mexico,<=50K,1,1,39648,1378,10.69319413230083,8.390949464841986,26-35
75,Private,266647,Masters,14,Married-civ-spouse,Tech-support,Not-in-family,White,Male,0,0,19,United-States,>50K,0,0,0,1425,0.0,0.0,66+
18,Private,435624,Some-college,10,Married-civ-spouse,Priv-house-serv,Husband,Black,Female,0,0,53,United-States,<=50K,0,0,0,954,0.0,0.0,18-25
28,State-gov,492579,Assoc-voc,11,Divorced,Armed-Forces,Wife,White,Male,0,0,52,United-States,<=50K,0,0,0,1456,0.0,0.0,26-35
32,Private,383420,11th,7,Married-civ-spouse,Prof-specialty,Own-child,Other,Female,0,0,43,United-States,<=50K,0,0,0,1376,0.0,0.0,26-35
35,Private,415037,Some-college,10,Married-civ-spouse,Machine-op-inspct,Husband,Asian-Pac-Islander,Female,0,0,45,United-States,<=50K,0,0,0,1575,0.0,0.0,26-35
26,Federal-gov,72689,Some-college,10,Widowed,Machine-op-inspct,Unmarried,White,Female,0,0,46,United-States,<=50K,0,0,0,1196,0.0,0.0,26-35
19,Local-gov,376837,HS-grad,9,Married-civ-spouse,Craft-repair,Husband,Asian-Pac-Islander,Male,0,0,31,United-States,<=50K,0,0,0,589,0.0,0.0,18-25
60,State-gov,261483,11th,7,Widowed,Sales,Not-in-family,White,Male,0,0,41,Mexico,<=50K,0,0,0,2460,0.0,0.0,56-65
78,Local-gov,269910,HS-grad,9,Divorced,Exec-managerial,Not-in-family,White,Male,0,0,49,United-States,>50K,0,0,0,3822,0.0,0.0,66+
25,Private,491384,Bachelors,13,Never-married,Priv-house-serv,Unmarried,White,Female,0,0,22,United-States,<=50K,0,0,0,550,0.0,0.0,18-25
36,Local-gov,137021,5th-6th,3,Married-civ-spouse,Handlers-cleaners,Husband,White,Female,75540,0,45,United-States,<=50K,1,0,75540,1620,11.232430834198418,0.0,36-45
49,Private,137207,Assoc-voc,11,Never-married,Transport-moving,Unmarried,White,Female,30417,0,41,United-States,<=50K,1,0,30417,2009,10.322789817432314,0.0,46-55
75,Private,104424,Doctorate,16,Never-married,Other-service,Not-in-family,White,Male,0,0,46,United-States,>50K,0,0,0,3450,0.0,0.0,66+
61,Private,27665,1st-4th,2,Widowed,Armed-Forces,Husband,White,Male,0,0,27,United-States,<=50K,0,0,0,1647,0.0,0.0,56-65
65,Self-emp-inc,91982,11th,7,Married-civ-spouse,Protective-serv,Not-in-family,White,Male,0,2144,33,United-States,>50K,0,1,-2144,2145,0.0,7.6708948313621175,56-65
54,Private,264026,Some-college,10,Married-civ-spouse,Handlers-cleaners,Husband,White,Female,0,0,26,United-States,<=50K,0,0,0,1404,0.0,0.0,46-55
43,Federal-gov,189440,7th-8th,4,Widowed,Sales,Not-in-family,White,Female,0,0,26,United-States,<=50K,0,0,0,1118,0.0,0.0,36-45
30,Private,140567,Some-college,10,Married-civ-spouse,Armed-Forces,Not-in-family,White,Female,0,0,48,United-States,<=50K,0,0,0,1440,0.0,0.0,26-35
71,Private,498042,Assoc-voc,11,Never-married,Priv-house-serv,Not-in-family,White,Male,0,4728,34,United-States,<=50K,0,1,-4728,2414,0.0,8.461469042643875,66+
67,Private,372762,Some-college,10,Married-civ-spouse,Machine-op-inspct,Other-relative,White,Male,0,0,33,United-States,<=50K,0,0,0,2211,0.0,0.0,66+
19,Private,103377,HS-grad,9,Married-civ-spouse,Sales,Not-in-family,White,Male,0,0,51,United-States,<=50K,0,0,0,969,0.0,0.0,18-25
62,Private,471432,Assoc-voc,11,Never-married,Adm-clerical,Wife,White,Male,68779,0,37,United-States,<=50K,1,0,68779,2294,11.138668283986258,0.0,56-65
23,Private,322979,Some-college,10,Never-married,Prof-specialty,Husband,White,Male,0,0,50,United-States,<=50K,0,0,0,1150,0.0,0.0,18-25
63,Private,221274,12th,8,Never-married,Farming-fishing,Other-relative,White,Male,0,0,30,United-States,<=50K,0,0,0,1890,0.0,0.0,56-65
69,Private,189136,Some-college,10,Divorced,Priv-house-serv,Not-in-family,White,Male,0,0,37,United-States,<=50K,0,0,0,2553,0.0,0.0,66+
26,Private,401208,Bachelors,13,Never-married,Handlers-cleaners,Unmarried,White,Male,0,0,31,United-States,<=50K,0,0,0,806,0.0,0.0,26-35
44,Private,221276,Some-college,10,Married-spouse-absent,Tech-support,Husband,White,Female,0,0,45,United-States,<=50K,0,0,0,1980,0.0,0.0,36-45
25,Private,360563,HS-grad,9,Married-civ-spouse,Machine-op-inspct,Husband,Black,Male,0,0,38,United-States,<=50K,0,0,0,950,0.0,0.0,18-25
53,Private,242380,HS-grad,9,Married-civ-spouse,Protective-serv,Other-relative,White,Male,0,0,47,United-States,<=50K,0,0,0,2491,0.0,0.0,46-55
75,Private,338821,9th,5,Married-civ-spouse,Sales,Not-in-family,White,Female,0,0,42,Other,<=50K,0,0,0,3150,0.0,0.0,66+
23,Private,380400,HS-grad,9,Never-married,Armed-Forces,Husband,White,Male,40128,0,21,United-States,<=50K,1,0,40128,483,10.599854543937271,0.0,18-25
42,Private,25818,1st-4th,2,Married-civ-spouse,Prof-specialty,Wife,White,Male,0,0,37,Canada,<=50K,0,0,0,1554,0.0,0.0,36-45
78,Private,70946,Doctorate,16,Never-married,Farming-fishing,Unmarried,White,Male,0,0,25,United-States,>50K,0,0,0,1950,0.0,0.0,66+
36,Private,365354,HS-grad,9,Divorced,Farming-fishing,Not-in-family,White,Male,0,0,43,United-States,<=50K,0,0,0,1548,0.0,0.0,36-45
26,Private,152298,Bachelors,13,Never-married,Other-service,Husband,White,Female,23742,0,46,United-States,<=50K,1,0,23742,1196,10.075043029177243,0.0,26-35
48,Private,391094,11th,7,Never-married,Tech-support,Husband,White,Male,0,2148,47,United-States,<=50K,0,1,-2148,2256,0.0,7.67275789664251,46-55
49,Private,194749,HS-grad,9,Divorced,Unknown,Own-child,White,Male,0,0,39,United-States,<=50K,0,0,0,1911,0.0,0.0,46-55
59,Private,46728,HS-grad,9,Divorced,Farming-fishing,Husband,White,Male,0,0,24,United-States,>50K,0,0,0,1416,0.0,0.0,56-65
37,Local-gov,224018,HS-grad,9,Married-civ-spouse,Adm-clerical,Own-child,Asian-Pac-Islander,Female,0,0,42,Cuba,>50K,0,0,0,1554,0.0,0.0,36-45
77,Private,454937,Bachelors,13,Divorced,Exec-managerial,Own-child,White,Male,0,0,44,United-States,>50K,0,0,0,3388,0.0,0.0,66+
50,Private,493177,Masters,14,Married-civ-spouse,Craft-repair,Other-relative,White,Male,0,0,38,United-States,<=50K,0,0,0,1900,0.0,0.0,46-55
35,Local-gov,236755,Bachelors,13,Never-married,Sales,Husband,White,Male,0,0,41,United-States,<=50K,0,0,0,1435,0.0,0.0,26-35
77,Private,330456,11th,7,Married-civ-spouse,Machine-op-inspct,Not-in-family,White,Female,0,0,21,United-States,<=50K,0,0,0,1617,0.0,0.0,66+
75,Private,388023,Assoc-acdm,12,Married-civ-spouse,Farming-fishing,Husband,White,Female,0,0,41,United-States,>50K,0,0,0,3075,0.0,0.0,66+
48,Local-gov,211163,11th,7,Married-civ-spouse,Exec-managerial,Own-child,White,Male,0,0,39,United-States,<=50K,0,0,0,1872,0.0,0.0,46-55
19,Private,352011,Bachelors,13,Divorced,Sales,Husband,White,Male,0,0,28,United-States,<=50K,0,0,0,532,0.0,0.0,18-25
55,Self-emp-inc,437942,Some-college,10,Separated,Sales,Own-child,White,Male,0,0,45,United-States,<=50K,0,0,0,2475,0.0,0.0,46-55
52,Private,401718,HS-grad,9,Married-civ-spouse,Armed-Forces,Not-in-family,White,Female,0,0,35,United-States,<=50K,0,0,0,1820,0.0,0.0,46-55
27,Private,282968,11th,7,Married-civ-spouse,Adm-clerical,Unmarried,White,Male,0,0,42,United-States,<=50K,0,0,0,1134,0.0,0.0,26-35
57,Private,20946,1st-4th,2,Married-civ-spouse,Armed-Forces,Not-in-family,White,Male,0,0,45,United-States,<=50K,0,0,0,2565,0.0,0.0,56-65
70,Private,357447,HS-grad,9,Widowed,Tech-support,Not-in-family,White,Female,0,0,43,Other,>50K,0,0,0,3010,0.0,0.0,66+
24,State-gov,325193,Bachelors,13,Never-married,Handlers-cleaners,Other-relative,Black,Female,0,0,27,United-States,<=50K,0,0,0,648,0.0,0.0,18-25
62,Private,243093,Bachelors,13,Married-civ-spouse,Handlers-cleaners,Not-in-family,White,Male,0,0,36,United-States,<=50K,0,0,0,2232,0.0,0.0,56-65
26,Private,165741,Prof-school,15,Never-married,Prof-specialty,Husband,White,Male,0,0,61,United-States,<=50K,0,0,0,1586,0.0,0.0,26-35
64,Unknown,238155,9th,5,Never-married,Prof-specialty,Not-in-family,White,Female,0,0,54,United-States,<=50K,0,0,0,3456,0.0,0.0,56-65
43,Private,194036,Some-college,10,Never-married,Craft-repair,Husband,Black,Male,0,0,48,United-States,<=50K,0,0,0,2064,0.0,0.0,36-45
18,Private,79616,HS-grad,9,Divorced,Tech-support,Own-child,White,Male,0,0,43,United-States,<=50K,0,0,0,774,0.0,0.0,18-25
77,Self-emp-inc,76432,Some-college,10,Never-married,Transport-moving,Not-in-family,White,Male,0,0,30,United-States,<=50K,0,0,0,2310,0.0,0.0,66+
28,Private,171529,HS-grad,9,Never-married,Handlers-cleaners,Not-in-family,Black,Male,0,0,38,Mexico,<=50K,0,0,0,1064,0.0,0.0,26-35
54,Federal-gov,289931,HS-grad,9,Married-civ-spouse,Other-service,Husband,White,Male,0,0,36,United-States,<=50K,0,0,0,1944,0.0,0.0,46-55
29,Private,19746,Some-college,10,Married-civ-spouse,Exec-managerial,Unmarried,White,Female,0,0,39,United-States,<=50K,0,0,0,1131,0.0,0.0,26-35
75,Private,363698,11th,7,Married-civ-spouse,Armed-Forces,Wife,White,Female,0,0,26,United-States,<=50K,0,0,0,1950,0.0,0.0,66+
63,Private,23196,HS-grad,9,Married-civ-spouse,Handlers-cleaners,Not-in-family,Amer-Indian-Eskimo,Female,0,0,50,United-States,<=50K,0,0,0,3150,0.0,0.0,56-65
67,Private,129393,Some-college,10,Married-civ-spouse,Armed-Forces,Unmarried,White,Male,0,0,13,Mexico,<=50K,0,0,0,871,0.0,0.0,66+
44,Private,458419,10th,6,Never-married,Other-service,Husband,White,Male,0,0,49,United-States,<=50K,0,0,0,2156,0.0,0.0,36-45
46,Private,86490,Masters,14,Never-married,Unknown,Unmarried,White,Female,0,0,49,United-States,<=50K,0,0,0,2254,0.0,0.0,46-55
57,Self-emp-not-inc,128676,Some-college,10,Married-civ-spouse,Machine-op-inspct,Not-in-family,Black,Male,0,0,63,Other,<=50K,0,0,0,3591,0.0,0.0,56-65
66,Local-gov,476155,Bachelors,13,Married-civ-spouse,Farming-fishing,Not-in-family,White,Male,0,0,38,United-States,>50K,0,0,0,2508,0.0,0.0,66+
70,Self-emp-inc,44827,Some-college,10,Never-married,Armed-Forces,Unmarried,White,Male,0,0,35,United-States,<=50K,0,0,0,2450,0.0,0.0,66+
19,State-gov,128659,Assoc-voc,11,Divorced,Handlers-cleaners,Not-in-family,White,Female,0,0,41,United-States,<=50K,0,0,0,779,0.0,0.0,18-25
59,Local-gov,282098,Assoc-voc,11,Married-civ-spouse,Other-service,Husband,White,Male,0,0,46,Other,>50K,0,0,0,2714,0.0,0.0,56-65
24,Private,170930,Bachelors,13,Never-married,Machine-op-inspct,Not-in-family,White,Male,0,0,39,United-States,<=50K,0,0,0,936,0.0,0.0,18-25
35,Private,298299,Some-college,10,Married-civ-spouse,Exec-managerial,Husband,White,Female,34970,0,28,United-States,>50K,1,0,34970,980,10.462274425587943,0.0,26-35
69,Local-gov,441908,HS-grad,9,Married-civ-spouse,Other-service,Husband,White,Female,82732,0,46,United-States,<=50K,1,0,82732,3174,11.323373834067555,0.0,66+
33,Local-gov,233771,9th,5,Never-married,Craft-repair,Own-child,White,Female,0,0,40,United-States,<=50K,0,0,0,1320,0.0,0.0,26-35
67,State-gov,215058,Some-college,10,Never-married,Transport-moving,Husband,White,Male,0,0,30,United-States,<=50K,0,0,0,2010,0.0,0.0,66+
46,Self-emp-not-inc,160922,7th-8th,4,Married-civ-spouse,Adm-clerical,Not-in-family,White,Female,0,0,24,United-States,<=50K,0,0,0,1104,0.0,0.0,46-55
32,Private,172280,HS-grad,9,Never-married,Other-service,Unmarried,White,Female,0,0,65,United-States,<=50K,0,0,0,2080,0.0,0.0,26-35
38,State-gov,292778,7th-8th,4,Separated,Machine-op-inspct,Unmarried,White,Male,0,0,48,United-States,<=50K,0,0,0,1824,0.0,0.0,36-45
50,State-gov,44042,Some-college,10,Married-civ-spouse,Protective-serv,Own-child,White,Male,17326,2729,46,United-States,<=50K,1,1,14597,2300,9.760021257510846,7.912056888179006,46-55
65,Private,81265,11th,7,Never-married,Priv-house-serv,Husband,White,Male,0,0,39,United-States,<=50K,0,0,0,2535,0.0,0.0,56-65
55,Federal-gov,396229,Some-college,10,Married-civ-spouse,Handlers-cleaners,Husband,White,Male,0,0,47,United-States,<=50K,0,0,0,2585,0.0,0.0,46-55
75,Private,225948,Assoc-acdm,12,Divorced,Tech-support,Own-child,White,Male,0,0,29,Mexico,<=50K,0,0,0,2175,0.0,0.0,66+
71,State-gov,370594,Bachelors,13,Married-civ-spouse,Adm-clerical,Not-in-family,White,Male,0,0,42,United-States,<=50K,0,0,0,2982,0.0,0.0,66+
64,Private,428304,HS-grad,9,Married-civ-spouse,Machine-op-inspct,Husband,Black,Male,0,0,42,United-States,<=50K,0,0,0,2688,0.0,0.0,56-65
55,Federal-gov,143598,Some-college,10,Married-civ-spouse,Protective-serv,Unmarried,White,Male,79733,0,30,United-States,>50K,1,0,79733,1650,11.286451373559563,0.0,46-55
35,Private,195052,Some-college,10,Never-married,Machine-op-inspct,Husband,White,Male,0,1089,39,Philippines,<=50K,0,1,-1089,1365,0.0,6.993932975223189,26-35
43,Private,308558,HS-grad,9,Married-civ-spouse,Transport-moving,Other-relative,White,Male,0,1630,36,United-States,<=50K,0,1,-1630,1548,0.0,7.396948602621014,36-45
25,Private,350419,Some-college,10,Separated,Machine-op-inspct,Unmarried,White,Male,0,0,32,United-States,<=50K,0,0,0,800,0.0,0.0,18-25
41,Private,38195,HS-grad,9,Married-civ-spouse,Machine-op-inspct,Not-in-family,Black,Male,0,0,35,United-States,<=50K,0,0,0,1435,0.0,0.0,36-45
75,Private,286938,Prof-school,15,Never-married,Exec-managerial,Own-child,White,Male,0,0,23,United-States,>50K,0,0,0,1725,0.0,0.0,66+
44,State-gov,123770,9th,5,Divorced,Prof-specialty,Husband,White,Male,0,0,51,Other,<=50K,0,0,0,2244,0.0,0.0,36-45
25,Private,232666,Bachelors,13,Married-civ-spouse,Exec-managerial,Unmarried,Black,Male,0,0,56,United-States,<=50K,0,0,0,1400,0.0,0.0,18-25
58,Local-gov,407309,Some-college,10,Never-married,Handlers-cleaners,Own-child,Asian-Pac-Islander,Female,30014,2038,31,United-States,>50K,1,1,27976,1798,10.309452535685944,7.620214770574455,56-65
77,Private,86511,HS-grad,9,Never-married,Armed-Forces,Own-child,White,Male,0,3130,51,United-States,<=50K,0,1,-3130,3927,0.0,8.049107721326406,66+
71,Private,474369,Assoc-acdm,12,Divorced,Unknown,Unmarried,Asian-Pac-Islander,Female,0,0,40,United-States,<=50K,0,0,0,2840,0.0,0.0,66+
34,Self-emp-not-inc,176798,9th,5,Married-civ-spouse,Handlers-cleaners,Not-in-family,White,Male,0,0,40,United-States,<=50K,0,0,0,1360,0.0,0.0,26-35
46,Private,387880,Assoc-acdm,12,Never-married,Armed-Forces,Not-in-family,White,Female,0,0,27,United-States,<=50K,0,0,0,1242,0.0,0.0,46-55
50,Private,99349,Some-college,10,Never-married,Other-service,Own-child,White,Female,0,0,34,United-States,<=50K,0,0,0,1700,0.0,0.0,46-55
33,Self-emp-inc,363039,10th,6,Married-civ-spouse,Sales,Husband,Other,Female,0,0,45,United-States,<=50K,0,0,0,1485,0.0,0.0,26-35
34,Federal-gov,421633,9th,5,Never-married,Handlers-cleaners,Other-relative,White,Male,0,0,30,United-States,<=50K,0,0,0,1020,0.0,0.0,26-35
32,Private,336964,Assoc-acdm,12,Married-civ-spouse,Prof-specialty,Husband,White,Male,0,0,33,United-States,<=50K,0,0,0,1056,0.0,0.0,26-35
79,State-gov,466622,HS-grad,9,Divorced,Exec-managerial,Own-child,Asian-Pac-Islander,Male,0,0,35,United-States,<=50K,0,0,0,2765,0.0,0.0,66+
64,Private,45978,Bachelors,13,Never-married,Transport-moving,Wife,White,Male,0,0,6,Other,<=50K,0,0,0,384,0.0,0.0,56-65
70,Private,459046,Assoc-acdm,12,Married-spouse-absent,Handlers-cleaners,Not-in-family,White,Male,0,0,43,Unknown,>50K,0,0,0,3010,0.0,0.0,66+
68,Private,282085,Assoc-voc,11,Married-civ-spouse,Prof-specialty,Husband,White,Male,64113,0,46,United-States,>50K,1,0,64113,3128,11.068418027797396,0.0,66+
77,Private,132426,HS-grad,9,Married-civ-spouse,Handlers-cleaners,Other-relative,White,Male,0,0,44,United-States,<=50K,0,0,0,3388,0.0,0.0,66+
24,Private,340242,Assoc-voc,11,Married-civ-spouse,Protective-serv,Husband,White,Male,0,0,49,United-States,<=50K,0,0,0,1176,0.0,0.0,18-25
72,Self-emp-not-inc,248866,Masters,14,Never-married,Armed-Forces,Own-child,Asian-Pac-Islander,Male,0,0,36,Mexico,>50K,0,0,0,2592,0.0,0.0,66+
22,Private,383992,9th,5,Divorced,Unknown,Unmarried,Black,Male,0,0,58,United-States,<=50K,0,0,0,1276,0.0,0.0,18-25
47,Private,367726,HS-grad,9,Married-civ-spouse,Tech-support,Unmarried,White,Female,49307,0,32,United-States,<=50K,1,0,49307,1504,10.80584161867141,0.0,46-55
54,Private,358534,HS-grad,9,Married-civ-spouse,Tech-support,Not-in-family,White,Male,0,0,38,United-States,<=50K,0,0,0,2052,0.0,0.0,46-55
40,Unknown,422201,HS-grad,9,Separated,Handlers-cleaners,Unmarried,White,Female,0,0,37,United-States,>50K,0,0,0,1480,0.0,0.0,36-45
27,Private,171417,Assoc-acdm,12,Divorced,Adm-clerical,Own-child,White,Male,0,0,42,United-States,<=50K,0,0,0,1134,0.0,0.0,26-35
29,State-gov,122716,HS-grad,9,Never-married,Tech-support,Husband,White,Male,75231,0,38,United-States,<=50K,1,0,75231,1102,11.228331951339795,0.0,26-35
69,Private,294188,Some-college,10,Married-civ-spouse,Machine-op-inspct,Own-child,White,Male,0,0,39,United-States,<=50K,0,0,0,2691,0.0,0.0,66+
37,Private,124005,HS-grad,9,Married-civ-spouse,Prof-specialty,Husband,White,Female,0,0,33,United-States,<=50K,0,0,0,1221,0.0,0.0,36-45
37,Private,405707,10th,6,Married-civ-spouse,Armed-Forces,Not-in-family,White,Male,0,3286,36,United-States,<=50K,0,1,-3286,1332,0.0,8.097730573664219,36-45
75,Private,457127,HS-grad,9,Married-civ-spouse,Adm-clerical,Other-relative,Other,Male,0,0,18,United-States,<=50K,0,0,0,1350,0.0,0.0,66+
26,Self-emp-not-inc,252770,Bachelors,13,Divorced,Prof-specialty,Wife,White,Male,0,0,48,United-States,<=50K,0,0,0,1248,0.0,0.0,26-35
74,Unknown,397190,Some-college,10,Married-civ-spouse,Adm-clerical,Husband,White,Male,0,0,30,United-States,>50K,0,0,0,2220,0.0,0.0,66+
75,Private,212025,HS-grad,9,Married-civ-spouse,Craft-repair,Unmarried,White,Female,0,0,35,United-States,<=50K,0,0,0,2625,0.0,0.0,66+
55,Private,440198,Assoc-acdm,12,Married-civ-spouse,Handlers-cleaners,Not-in-family,White,Male,36051,0,29,United-States,<=50K,1,0,36051,1595,10.4927176196763,0.0,46-55
28,Private,54145,7th-8th,4,Married-civ-spouse,Exec-managerial,Husband,White,Male,0,0,46,United-States,<=50K,0,0,0,1288,0.0,0.0,26-35
27,Private,492446,HS-grad,9,Married-civ-spouse,Other-service,Husband,White,Male,0,0,35,England,<=50K,0,0,0,945,0.0,0.0,26-35
35,Unknown,278155,HS-grad,9,Married-civ-spouse,Prof-specialty,Husband,White,Male,0,0,16,India,<=50K,0,0,0,560,0.0,0.0,26-35
53,Private,479462,Prof-school,15,Married-civ-spouse,Unknown,Husband,White,Male,0,2452,43,United-States,>50K,0,1,-2452,2279,0.0,7.8050670442584895,46-55
27,Federal-gov,357149,Assoc-voc,11,Never-married,Adm-clerical,Husband,White,Female,0,0,33,United-States,<=50K,0,0,0,891,0.0,0.0,26-35
46,Unknown,367295,Some-college,10,Widowed,Armed-Forces,Husband,White,Female,0,0,40,United-States,<=50K,0,0,0,1840,0.0,0.0,46-55
25,Private,183463,1st-4th,2,Never-married,Sales,Husband,White,Female,0,0,48,United-States,<=50K,0,0,0,1200,0.0,0.0,18-25
51,Private,336027,11th,7,Married-civ-spouse,Farming-fishing,Husband,White,Male,0,0,30,United-States,<=50K,0,0,0,1530,0.0,0.0,46-55
19,Self-emp-inc,378783,Some-college,10,Married-spouse-absent,Machine-op-inspct,Wife,Asian-Pac-Islander,Male,0,0,39,England,<=50K,0,0,0,741,0.0,0.0,18-25
61,Private,370571,HS-grad,9,Married-spouse-absent,Protective-serv,Wife,White,Male,0,0,32,United-States,<=50K,0,0,0,1952,0.0,0.0,56-65
21,Private,496773,Masters,14,Divorced,Protective-serv,Husband,White,Male,0,0,50,United-States,<=50K,0,0,0,1050,0.0,0.0,18-25
30,Federal-gov,37528,Assoc-acdm,12,Married-civ-spouse,Farming-fishing,Unmarried,White,Male,0,0,41,United-States,>50K,0,0,0,1230,0.0,0.0,26-35
28,Private,111719,HS-grad,9,Never-married,Unknown,Not-in-family,White,Male,0,0,40,United-States,<=50K,0,0,0,1120,0.0,0.0,26-35
69,Local-gov,220795,Assoc-acdm,12,Widowed,Machine-op-inspct,Own-child,White,Male,0,0,28,United-States,>50K,0,0,0,1932,0.0,0.0,66+
21,Private,314600,Prof-school,15,Never-married,Farming-fishing,Husband,White,Male,0,0,48,United-States,<=50K,0,0,0,1008,0.0,0.0,18-25
44,Private,298744,HS-grad,9,Never-married,Priv-house-serv,Not-in-family,White,Male,0,0,49,United-States,<=50K,0,0,0,2156,0.0,0.0,36-45
54,State-gov,174525,Some-college,10,Never-married,Sales,Husband,White,Male,0,0,32,United-States,<=50K,0,0,0,1728,0.0,0.0,46-55
49,Private,75945,Masters,14,Married-spouse-absent,Protective-serv,Not-in-family,White,Male,0,0,42,United-States,<=50K,0,0,0,2058,0.0,0.0,46-55
60,Private,128838,HS-grad,9,Married-civ-spouse,Priv-house-serv,Unmarried,White,Male,0,0,46,United-States,<=50K,0,0,0,2760,0.0,0.0,56-65
67,Private,392191,Bachelors,13,Married-civ-spouse,Craft-repair,Own-child,White,Male,0,0,62,United-States,<=50K,0,0,0,4154,0.0,0.0,66+
42,Self-emp-not-inc,283746,9th,5,Never-married,Sales,Husband,White,Male,0,0,44,United-States,<=50K,0,0,0,1848,0.0,0.0,36-45
69,Local-gov,16731,Some-college,10,Married-civ-spouse,Sales,Husband,White,Male,55237,0,40,United-States,>50K,1,0,55237,2760,10.919406401219707,0.0,66+
37,Private,198119,Assoc-acdm,12,Married-civ-spouse,Adm-clerical,Husband,White,Male,0,0,38,United-States,<=50K,0,0,0,1406,0.0,0.0,36-45
79,Local-gov,204725,Some-college,10,Married-civ-spouse,Other-service,Own-child,White,Male,25907,0,39,United-States,>50K,1,0,25907,3081,10.162307080302808,0.0,66+
49,Private,313771,HS-grad,9,Married-civ-spouse,Exec-managerial,Not-in-family,White,Male,0,0,48,United-States,<=50K,0,0,0,2352,0.0,0.0,46-55
63,Private,408194,Some-college,10,Married-civ-spouse,Other-service,Wife,White,Female,18755,0,31,United-States,<=50K,1,0,18755,1953,9.839268980209477,0.0,56-65
72,Private,334815,11th,7,Never-married,Unknown,Not-in-family,White,Male,43050,0,49,United-States,>50K,1,0,43050,3528,10.67014073838981,0.0,66+
67,Private,495644,HS-grad,9,Married-civ-spouse,Handlers-cleaners,Not-in-family,White,Female,0,0,25,Other,<=50K,0,0,0,1675,0.0,0.0,66+
70,Local-gov,212091,HS-grad,9,Never-married,Exec-managerial,Husband,White,Female,63538,0,47,India,>50K,1,0,63538,3290,11.05940916958194,0.0,66+
51,Unknown,412010,Some-college,10,Married-civ-spouse,Machine-op-inspct,Unmarried,White,Female,0,0,49,United-States,<=50K,0,0,0,2499,0.0,0.0,46-55
20,Private,16662,HS-grad,9,Widowed,Other-service,Not-in-family,White,Male,0,0,48,United-States,<=50K,0,0,0,960,0.0,0.0,18-25
48,Private,159967,HS-grad,9,Never-married,Exec-managerial,Husband,White,Male,0,0,43,United-States,<=50K,0,0,0,2064,0.0,0.0,46-55
29,Self-emp-not-inc,457200,Bachelors,13,Widowed,Protective-serv,Unmarried,White,Male,0,0,44,United-States,<=50K,0,0,0,1276,0.0,0.0,26-35
73,Local-gov,37032,HS-grad,9,Married-civ-spouse,Unknown,Other-relative,White,Male,0,0,36,United-States,<=50K,0,0,0,2628,0.0,0.0,66+
32,Private,481335,HS-grad,9,Married-civ-spouse,Sales,Own-child,White,Male,0,0,29,United-States,<=50K,0,0,0,928,0.0,0.0,26-35
32,Private,262502,HS-grad,9,Never-married,Other-service,Not-in-family,White,Male,0,0,42,United-States,<=50K,0,0,0,1344,0.0,0.0,26-35
33,Private,144725,11th,7,Never-married,Armed-Forces,Not-in-family,White,Male,0,0,41,India,<=50K,0,0,0,1353,0.0,0.0,26-35
57,Private,21731,Assoc-voc,11,Married-civ-spouse,Farming-fishing,Not-in-family,White,Male,0,0,49,United-States,>50K,0,0,0,2793,0.0,0.0,56-65
53,State-gov,431972,HS-grad,9,Never-married,Handlers-cleaners,Unmarried,White,Female,0,0,39,United-States,>50K,0,0,0,2067,0.0,0.0,46-55
76,Private,95051,1st-4th,2,Never-married,Farming-fishing,Husband,White,Male,0,0,42,United-States,<=50K,0,0,0,3192,0.0,0.0,66+
43,Private,457136,Masters,14,Married-civ-spouse,Sales,Own-child,White,Male,0,0,43,United-States,<=50K,0,0,0,1849,0.0,0.0,36-45
35,Private,496101,Bachelors,13,Never-married,Prof-specialty,Husband,White,Female,94056,0,46,China,>50K,1,0,94056,1610,11.451656260454994,0.0,26-35
21,Private,118156,Assoc-voc,11,Married-civ-spouse,Prof-specialty,Not-in-family,Asian-Pac-Islander,Male,0,0,49,United-States,<=50K,0,0,0,1029,0.0,0.0,18-25
18,State-gov,352766,Bachelors,13,Married-civ-spouse,Transport-moving,Husband,White,Female,0,0,30,United-States,<=50K,0,0,0,540,0.0,0.0,18-25
41,Private,247434,Bachelors,13,Never-married,Other-service,Wife,White,Male,0,0,47,United-States,<=50K,0,0,0,1927,0.0,0.0,36-45
75,Private,291477,HS-grad,9,Divorced,Unknown,Husband,White,Male,0,0,38,United-States,>50K,0,0,0,2850,0.0,0.0,66+
50,Private,49315,Some-college,10,Never-married,Priv-house-serv,Not-in-family,White,Female,0,0,46,United-States,<=50K,0,0,0,2300,0.0,0.0,46-55
73,State-gov,226921,Some-college,10,Never-married,Other-service,Own-child,Black,Female,0,0,55,United-States,<=50K,0,0,0,4015,0.0,0.0,66+
24,State-gov,227518,HS-grad,9,Married-spouse-absent,Craft-repair,Husband,Asian-Pac-Islander,Male,37103,0,19,United-States,<=50K,1,0,37103,456,10.521480059495312,0.0,18-25
23,Private,283269,HS-grad,9,Divorced,Priv-house-serv,Own-child,White,Male,0,0,52,United-States,<=50K,0,0,0,1196,0.0,0.0,18-25
69,Private,160265,10th,6,Married-civ-spouse,Protective-serv,Husband,White,Male,0,0,39,Canada,<=50K,0,0,0,2691,0.0,0.0,66+
24,Private,223614,Some-college,10,Married-civ-spouse,Handlers-cleaners,Own-child,White,Female,0,0,31,Mexico,<=50K,0,0,0,744,0.0,0.0,18-25
21,Private,89966,Assoc-acdm,12,Never-married,Tech-support,Own-child,White,Male,0,0,36,United-States,<=50K,0,0,0,756,0.0,0.0,18-25
43,Private,171625,Assoc-acdm,12,Divorced,Machine-op-inspct,Not-in-family,White,Male,0,0,30,United-States,<=50K,0,0,0,1290,0.0,0.0,36-45
75,Self-emp-inc,282388,HS-grad,9,Never-married,Exec-managerial,Own-child,Other,Female,10322,0,45,United-States,>50K,1,0,10322,3375,9.24212969446559,0.0,66+
60,Local-gov,314365,12th,8,Married-civ-spouse,Adm-clerical,Own-child,White,Male,0,0,30,United-States,<=50K,0,0,0,1800,0.0,0.0,56-65
24,Private,73022,HS-grad,9,Married-civ-spouse,Craft-repair,Not-in-family,Asian-Pac-Islander,Male,0,0,52,United-States,<=50K,0,0,0,1248,0.0,0.0,18-25
69,Private,310263,Some-college,10,Never-married,Priv-house-serv,Wife,White,Female,97689,0,47,United-States,>50K,1,0,97689,3243,11.489554478646989,0.0,66+
70,Private,183047,Masters,14,Never-married,Farming-fishing,Wife,White,Male,0,2211,42,United-States,<=50K,0,1,-2211,2940,0.0,7.701652362642226,66+
67,Private,129163,Bachelors,13,Married-civ-spouse,Unknown,Husband,Asian-Pac-Islander,Male,0,0,20,United-States,<=50K,0,0,0,1340,0.0,0.0,66+
73,Private,433003,Bachelors,13,Never-married,Machine-op-inspct,Husband,White,Male,0,0,27,United-States,<=50K,0,0,0,1971,0.0,0.0,66+
32,Private,391717,Bachelors,13,Divorced,Sales,Husband,White,Male,0,0,39,United-States,<=50K,0,0,0,1248,0.0,0.0,26-35
78,Without-pay,343037,Masters,14,Never-married,Armed-Forces,Unmarried,White,Female,0,0,40,United-States,<=50K,0,0,0,3120,0.0,0.0,66+
37,Private,216066,HS-grad,9,Married-civ-spouse,Sales,Husband,White,Male,0,0,49,United-States,<=50K,0,0,0,1813,0.0,0.0,36-45
67,Federal-gov,404823,5th-6th,3,Divorced,Prof-specialty,Husband,White,Female,0,0,11,United-States,<=50K,0,0,0,737,0.0,0.0,66+
53,Private,213853,9th,5,Married-civ-spouse,Protective-serv,Unmarried,White,Male,0,0,32,United-States,<=50K,0,0,0,1696,0.0,0.0,46-55
66,Private,124331,HS-grad,9,Married-civ-spouse,Tech-support,Husband,Asian-Pac-Islander,Female,10429,0,48,United-States,<=50K,1,0,10429,3168,9.252441547994819,0.0,66+
56,Private,244709,HS-grad,9,Never-married,Craft-repair,Not-in-family,White,Male,0,0,37,United-States,<=50K,0,0,0,2072,0.0,0.0,56-65
57,Local-gov,285399,11th,7,Married-civ-spouse,Transport-moving,Husband,Asian-Pac-Islander,Male,0,0,35,United-States,<=50K,0,0,0,1995,0.0,0.0,56-65
56,Private,314573,Masters,14,Married-civ-spouse,Prof-specialty,Not-in-family,Asian-Pac-Islander,Female,0,0,24,United-States,>50K,0,0,0,1344,0.0,0.0,56-65
66,Private,153620,12th,8,Married-civ-spouse,Adm-clerical,Unmarried,White,Male,0,0,51,United-States,<=50K,0,0,0,3366,0.0,0.0,66+
63,Self-emp-not-inc,279415,Masters,14,Married-civ-spouse,Adm-clerical,Wife,White,Male,0,0,35,United-States,>50K,0,0,0,2205,0.0,0.0,56-65
26,Self-emp-not-inc,231770,Assoc-acdm,12,Never-married,Priv-house-serv,Unmarried,White,Female,0,0,51,United-States,<=50K,0,0,0,1326,0.0,0.0,26-35
69,Private,127193,Some-college,10,Married-civ-spouse,Adm-clerical,Husband,White,Male,0,4807,55,United-States,<=50K,0,1,-4807,3795,0.0,8.478036476215044,66+
51,Private,308342,Assoc-voc,11,Never-married,Prof-specialty,Not-in-family,White,Male,0,0,53,United-States,>50K,0,0,0,2703,0.0,0.0,46-55
38,Private,160417,HS-grad,9,Never-married,Machine-op-inspct,Husband,White,Male,0,0,40,United-States,<=50K,0,0,0,1520,0.0,0.0,36-45
49,Self-emp-inc,196551,Some-college,10,Married-civ-spouse,Unknown,Husband,Black,Male,0,0,35,United-States,<=50K,0,0,0,1715,0.0,0.0,46-55
77,Private,482685,12th,8,Never-married,Prof-specialty,Wife,Black,Female,0,0,34,United-States,<=50K,0,0,0,2618,0.0,0.0,66+
71,Private,269293,Masters,14,Married-civ-spouse,Other-service,Unmarried,White,Female,0,0,60,United-States,>50K,0,0,0,4260,0.0,0.0,66+
69,Unknown,278876,HS-grad,9,Married-civ-spouse,Handlers-cleaners,Not-in-family,White,Male,0,0,38,United-States,<=50K,0,0,0,2622,0.0,0.0,66+
46,Private,298197,HS-grad,9,Married-civ-spouse,Armed-Forces,Other-relative,White,Male,0,0,51,United-States,>50K,0,0,0,2346,0.0,0.0,46-55
66,State-gov,76184,Assoc-voc,11,Married-civ-spouse,Craft-repair,Husband,Asian-Pac-Islander,Male,0,0,45,United-States,>50K,0,0,0,2970,0.0,0.0,66+
41,Self-emp-not-inc,73052,Some-college,10,Married-civ-spouse,Other-service,Husband,White,Male,0,0,36,United-States,<=50K,0,0,0,1476,0.0,0.0,36-45
60,Private,219752,HS-grad,9,Married-civ-spouse,Armed-Forces,Husband,Black,Female,0,0,37,United-States,<=50K,0,0,0,2220,0.0,0.0,56-65
57,Local-gov,20601,Some-college,10,Never-married,Priv-house-serv,Husband,Black,Female,0,0,52,United-States,<=50K,0,0,0,2964,0.0,0.0,56-65
33,Private,154947,11th,7,Divorced,Craft-repair,Husband,White,Male,0,0,40,United-States,<=50K,0,0,0,1320,0.0,0.0,26-35
34,Private,53900,Some-college,10,Widowed,Other-service,Unmarried,Black,Female,0,0,35,Unknown,<=50K,0,0,0,1190,0.0,0.0,26-35
21,Private,318780,HS-grad,9,Divorced,Farming-fishing,Other-relative,White,Male,0,0,32,Unknown,<=50K,0,0,0,672,0.0,0.0,18-25
26,Self-emp-not-inc,442577,HS-grad,9,Never-married,Transport-moving,Husband,White,Female,0,0,43,United-States,<=50K,0,0,0,1118,0.0,0.0,26-35
44,Private,25578,11th,7,Married-civ-spouse,Transport-moving,Husband,White,Female,0,0,35,United-States,<=50K,0,0,0,1540,0.0,0.0,36-45
47,Private,493116,HS-grad,9,Divorced,Protective-serv,Not-in-family,White,Female,25438,0,46,United-States,>50K,1,0,25438,2162,10.144038708505372,0.0,46-55
28,Private,245993,HS-grad,9,Married-civ-spouse,Machine-op-inspct,Not-in-family,White,Male,0,0,65,United-States,<=50K,0,0,0,1820,0.0,0.0,26-35
43,Private,81670,HS-grad,9,Widowed,Protective-serv,Not-in-family,White,Male,0,0,45,Mexico,<=50K,0,0,0,1935,0.0,0.0,36-45
55,State-gov,164139,12th,8,Widowed,Adm-clerical,Husband,White,Male,0,0,58,India,<=50K,0,0,0,3190,0.0,0.0,46-55
32,Private,182912,12th,8,Married-civ-spouse,Handlers-cleaners,Wife,White,Male,0,0,33,United-States,<=50K,0,0,0,1056,0.0,0.0,26-35
38,Private,181427,Some-college,10,Never-married,Adm-clerical,Own-child,White,Female,0,0,47,United-States,<=50K,0,0,0,1786,0.0,0.0,36-45
40,Private,173171,10th,6,Never-married,Unknown,Unmarried,White,Male,0,0,53,United-States,<=50K,0,0,0,2120,0.0,0.0,36-45
49,Private,481047,Assoc-voc,11,Never-married,Adm-clerical,Not-in-family,White,Male,0,0,54,United-States,>50K,0,0,0,2646,0.0,0.0,46-55
40,Private,301178,Masters,14,Married-civ-spouse,Priv-house-serv,Unmarried,White,Male,0,0,53,United-States,<=50K,0,0,0,2120,0.0,0.0,36-45
63,Private,96675,HS-grad,9,Never-married,Armed-Forces,Husband,White,Male,35408,1773,40,United-States,<=50K,1,1,33635,2520,10.474721304097178,7.480992162869525,56-65
38,Unknown,160877,Bachelors,13,Never-married,Adm-clerical,Husband,Asian-Pac-Islander,Male,64191,0,49,United-States,>50K,1,0,64191,1862,11.069633871321608,0.0,36-45
44,Self-emp-inc,180684,9th,5,Married-civ-spouse,Tech-support,Husband,White,Male,0,0,30,United-States,<=50K,0,0,0,1320,0.0,0.0,36-45
41,Self-emp-inc,478493,5th-6th,3,Divorced,Adm-clerical,Unmarried,White,Male,0,0,56,United-States,<=50K,0,0,0,2296,0.0,0.0,36-45
29,Private,436866,Assoc-voc,11,Married-civ-spouse,Sales,Husband,White,Male,95907,0,30,United-States,>50K,1,0,95907,870,11.47114467762166,0.0,26-35
60,Private,99642,Assoc-acdm,12,Widowed,Sales,Not-in-family,Asian-Pac-Islander,Male,0,0,53,Germany,<=50K,0,0,0,3180,0.0,0.0,56-65
32,Private,354887,Bachelors,13,Married-civ-spouse,Protective-serv,Own-child,White,Male,0,0,50,United-States,<=50K,0,0,0,1600,0.0,0.0,26-35
36,Private,245607,7th-8th,4,Married-civ-spouse,Unknown,Own-child,White,Female,0,0,50,United-States,<=50K,0,0,0,1800,0.0,0.0,36-45
67,Self-emp-not-inc,118514,Assoc-acdm,12,Married-civ-spouse,Priv-house-serv,Own-child,White,Female,0,0,61,United-States,>50K,0,0,0,4087,0.0,0.0,66+
76,Private,118087,HS-grad,9,Never-married,Prof-specialty,Husband,White,Male,0,0,51,United-States,>50K,0,0,0,3876,0.0,0.0,66+
59,Private,331053,HS-grad,9,Never-married,Adm-clerical,Other-relative,White,Male,67600,0,27,Mexico,<=50K,1,0,67600,1593,11.121378054821049,0.0,56-65
74,Private,206589,11th,7,Married-civ-spouse,Farming-fishing,Unmarried,White,Female,13655,0,46,United-States,<=50K,1,0,13655,3404,9.521934264474277,0.0,66+
70,Private,16625,Doctorate,16,Married-civ-spouse,Protective-serv,Not-in-family,White,Male,59735,0,21,United-States,<=50K,1,0,59735,1470,10.997690132715537,0.0,66+
47,Private,108407,7th-8th,4,Never-married,Other-service,Husband,White,Male,0,0,39,United-States,<=50K,0,0,0,1833,0.0,0.0,46-55
65,Private,10983,Bachelors,13,Married-civ-spouse,Machine-op-inspct,Not-in-family,White,Female,0,0,36,United-States,<=50K,0,0,0,2340,0.0,0.0,56-65
38,Private,53121,Some-college,10,Married-civ-spouse,Prof-specialty,Wife,White,Male,0,0,46,United-States,<=50K,0,0,0,1748,0.0,0.0,36-45
46,Private,97270,Assoc-acdm,12,Widowed,Handlers-cleaners,Not-in-family,White,Male,0,0,32,United-States,<=50K,0,0,0,1472,0.0,0.0,46-55
51,Private,451657,Assoc-voc,11,Married-civ-spouse,Priv-house-serv,Not-in-family,White,Male,0,0,32,United-States,<=50K,0,0,0,1632,0.0,0.0,46-55
77,Self-emp-inc,176037,Bachelors,13,Divorced,Craft-repair,Husband,White,Male,10265,0,45,United-States,>50K,1,0,10265,3465,9.236592743120248,0.0,66+
70,Private,295476,11th,7,Married-civ-spouse,Machine-op-inspct,Wife,White,Male,0,0,52,United-States,<=50K,0,0,0,3640,0.0,0.0,66+
48,Private,458926,Preschool,1,Never-married,Prof-specialty,Own-child,White,Male,0,0,40,United-States,<=50K,0,0,0,1920,0.0,0.0,46-55
58,Private,338974,Some-college,10,Never-married,Protective-serv,Husband,White,Male,0,0,63,United-States,<=50K,0,0,0,3654,0.0,0.0,56-65
30,Private,475836,HS-grad,9,Married-civ-spouse,Sales,Unmarried,White,Male,0,0,37,United-States,<=50K,0,0,0,1110,0.0,0.0,26-35
67,Local-gov,208085,10th,6,Never-married,Sales,Not-in-family,White,Female,0,0,47,United-States,<=50K,0,0,0,3149,0.0,0.0,66+
52,Private,26152,12th,8,Separated,Craft-repair,Husband,White,Male,0,0,43,United-States,<=50K,0,0,0,2236,0.0,0.0,46-55
51,Unknown,87182,HS-grad,9,Never-married,Handlers-cleaners,Husband,White,Male,0,0,37,United-States,<=50K,0,0,0,1887,0.0,0.0,46-55
65,Federal-gov,469161,7th-8th,4,Married-civ-spouse,Tech-support,Not-in-family,White,Male,0,0,53,United-States,<=50K,0,0,0,3445,0.0,0.0,56-65
57,Private,485003,7th-8th,4,Divorced,Machine-op-inspct,Husband,White,Female,0,0,31,United-States,<=50K,0,0,0,1767,0.0,0.0,56-65
22,Private,308888,Bachelors,13,Separated,Sales,Own-child,White,Male,0,0,19,United-States,<=50K,0,0,0,418,0.0,0.0,18-25
35,Private,176186,HS-grad,9,Married-civ-spouse,Unknown,Not-in-family,White,Female,0,0,39,United-States,<=50K,0,0,0,1365,0.0,0.0,26-35
28,Private,85798,Prof-school,15,Married-civ-spouse,Adm-clerical,Husband,White,Male,0,0,37,England,<=50K,0,0,0,1036,0.0,0.0,26-35
63,Private,372555,Masters,14,Married-civ-spouse,Farming-fishing,Husband,White,Female,0,0,51,United-States,>50K,0,0,0,3213,0.0,0.0,56-65
20,Private,192611,10th,6,Never-married,Tech-support,Husband,White,Male,0,0,28,United-States,<=50K,0,0,0,560,0.0,0.0,18-25
30,Private,452639,Assoc-voc,11,Married-civ-spouse,Other-service,Husband,Asian-Pac-Islander,Male,0,0,45,United-States,<=50K,0,0,0,1350,0.0,0.0,26-35
55,Private,348970,Some-college,10,Married-civ-spouse,Exec-managerial,Unmarried,Black,Male,0,0,44,United-States,>50K,0,0,0,2420,0.0,0.0,46-55
61,Private,284411,Assoc-voc,11,Never-married,Machine-op-inspct,Other-relative,White,Male,0,0,43,United-States,>50K,0,0,0,2623,0.0,0.0,56-65
49,Private,420772,9th,5,Married-civ-spouse,Protective-serv,Unmarried,White,Female,0,0,50,United-States,<=50K,0,0,0,2450,0.0,0.0,46-55
71,State-gov,210999,12th,8,Married-civ-spouse,Craft-repair,Unmarried,White,Female,0,0,40,United-States,<=50K,0,0,0,2840,0.0,0.0,66+
74,Private,320987,7th-8th,4,Divorced,Tech-support,Husband,Asian-Pac-Islander,Female,0,0,41,Cuba,<=50K,0,0,0,3034,0.0,0.0,66+
26,Private,135747,Some-college,10,Married-civ-spouse,Adm-clerical,Husband,White,Male,0,0,45,Mexico,>50K,0,0,0,1170,0.0,0.0,26-35
77,State-gov,494247,Doctorate,16,Married-spouse-absent,Armed-Forces,Not-in-family,White,Male,0,0,39,United-States,>50K,0,0,0,3003,0.0,0.0,66+
56,Private,34553,Some-college,10,Married-civ-spouse,Priv-house-serv,Wife,Black,Female,0,0,26,India,<=50K,0,0,0,1456,0.0,0.0,56-65
57,Private,127563,Assoc-voc,11,Never-married,Machine-op-inspct,Unmarried,White,Male,0,0,36,United-States,<=50K,0,0,0,2052,0.0,0.0,56-65
23,Private,45574,Prof-school,15,Divorced,Tech-support,Wife,Black,Female,0,0,37,United-States,<=50K,0,0,0,851,0.0,0.0,18-25
56,Private,475147,Assoc-voc,11,Married-civ-spouse,Adm-clerical,Husband,White,Male,0,0,34,United-States,<=50K,0,0,0,1904,0.0,0.0,56-65
62,Local-gov,338519,5th-6th,3,Married-civ-spouse,Handlers-cleaners,Not-in-family,White,Male,0,0,37,United-States,<=50K,0,0,0,2294,0.0,0.0,56-65
54,Private,136653,Bachelors,13,Divorced,Handlers-cleaners,Unmarried,Black,Male,0,0,42,United-States,>50K,0,0,0,2268,0.0,0.0,46-55
23,Private,460805,HS-grad,9,Married-civ-spouse,Handlers-cleaners,Not-in-family,White,Male,0,0,37,United-States,<=50K,0,0,0,851,0.0,0.0,18-25
50,Private,367855,Preschool,1,Married-civ-spouse,Machine-op-inspct,Not-in-family,White,Male,0,0,49,China,<=50K,0,0,0,2450,0.0,0.0,46-55
76,Private,381525,Some-college,10,Widowed,Transport-moving,Husband,White,Male,0,0,49,United-States,<=50K,0,0,0,3724,0.0,0.0,66+
62,Private,270021,Masters,14,Divorced,Unknown,Not-in-family,White,Female,0,0,16,United-States,<=50K,0,0,0,992,0.0,0.0,56-65
26,Self-emp-not-inc,160902,HS-grad,9,Widowed,Unknown,Not-in-family,White,Female,0,0,26,United-States,<=50K,0,0,0,676,0.0,0.0,26-35
77,Private,465757,HS-grad,9,Married-civ-spouse,Tech-support,Husband,White,Male,0,0,16,United-States,<=50K,0,0,0,1232,0.0,0.0,66+
77,Private,65668,11th,7,Married-civ-spouse,Prof-specialty,Not-in-family,White,Male,0,0,37,United-States,>50K,0,0,0,2849,0.0,0.0,66+
28,Private,124582,7th-8th,4,Never-married,Machine-op-inspct,Wife,White,Male,0,0,37,United-States,<=50K,0,0,0,1036,0.0,0.0,26-35
67,Local-gov,109567,9th,5,Married-civ-spouse,Transport-moving,Husband,White,Female,0,0,42,United-States,<=50K,0,0,0,2814,0.0,0.0,66+
43,Private,383758,Assoc-voc,11,Married-civ-spouse,Handlers-cleaners,Unmarried,Black,Female,0,0,48,United-States,<=50K,0,0,0,2064,0.0,0.0,36-45
54,Private,430243,Bachelors,13,Married-civ-spouse,Machine-op-inspct,Husband,Asian-Pac-Islander,Male,0,0,40,India,<=50K,0,0,0,2160,0.0,0.0,46-55
45,Unknown,422486,10th,6,Married-civ-spouse,Armed-Forces,Not-in-family,White,Male,0,0,34,United-States,<=50K,0,0,0,1530,0.0,0.0,36-45
66,Self-emp-inc,132603,HS-grad,9,Never-married,Transport-moving,Husband,Black,Male,0,0,40,United-States,<=50K,0,0,0,2640,0.0,0.0,66+
79,Private,273348,12th,8,Married-civ-spouse,Farming-fishing,Unmarried,White,Male,0,0,35,United-States,<=50K,0,0,0,2765,0.0,0.0,66+
67,Federal-gov,276212,5th-6th,3,Married-spouse-absent,Unknown,Own-child,White,Male,0,0,25,United-States,<=50K,0,0,0,1675,0.0,0.0,66+
75,Private,482743,Some-college,10,Married-civ-spouse,Other-service,Husband,White,Female,0,0,50,United-States,>50K,0,0,0,3750,0.0,0.0,66+
76,Local-gov,497403,Assoc-voc,11,Married-civ-spouse,Protective-serv,Other-relative,Asian-Pac-Islander,Female,0,0,44,United-States,>50K,0,0,0,3344,0.0,0.0,66+
23,Local-gov,165777,Some-college,10,Married-civ-spouse,Machine-op-inspct,Not-in-family,White,Female,0,0,54,United-States,<=50K,0,0,0,1242,0.0,0.0,18-25
33,Private,499501,HS-grad,9,Divorced,Craft-repair,Husband,White,Female,9945,0,28,United-States,<=50K,1,0,9945,924,9.204925739274683,0.0,26-35
62,Private,446407,Some-college,10,Separated,Handlers-cleaners,Husband,Black,Male,0,0,24,United-States,<=50K,0,0,0,1488,0.0,0.0,56-65
54,Private,115677,9th,5,Never-married,Craft-repair,Husband,White,Male,0,0,31,United-States,<=50K,0,0,0,1674,0.0,0.0,46-55
21,Private,369595,11th,7,Married-civ-spouse,Armed-Forces,Unmarried,White,Male,0,0,44,United-States,<=50K,0,0,0,924,0.0,0.0,18-25
23,Private,479644,Masters,14,Married-civ-spouse,Machine-op-inspct,Not-in-family,White,Male,0,0,49,United-States,<=50K,0,0,0,1127,0.0,0.0,18-25
50,Private,134582,Assoc-acdm,12,Never-married,Transport-moving,Unmarried,White,Male,0,0,43,United-States,<=50K,0,0,0,2150,0.0,0.0,46-55
56,State-gov,161241,Masters,14,Married-civ-spouse,Handlers-cleaners,Unmarried,White,Male,73845,0,41,United-States,>50K,1,0,73845,2296,11.20973712264698,0.0,56-65
28,Private,442375,Bachelors,13,Divorced,Tech-support,Husband,White,Female,0,0,49,United-States,<=50K,0,0,0,1372,0.0,0.0,26-35
28,Private,417930,Some-college,10,Married-civ-spouse,Adm-clerical,Not-in-family,White,Male,0,0,35,United-States,<=50K,0,0,0,980,0.0,0.0,26-35
26,Private,409011,Masters,14,Married-civ-spouse,Farming-fishing,Not-in-family,White,Female,13677,0,51,Mexico,<=50K,1,0,13677,1326,9.523543981658042,0.0,26-35
53,Private,125477,HS-grad,9,Married-civ-spouse,Sales,Other-relative,Black,Male,0,0,60,United-States,<=50K,0,0,0,3180,0.0,0.0,46-55
18,Private,137120,Preschool,1,Married-civ-spouse,Transport-moving,Not-in-family,White,Male,0,0,29,United-States,<=50K,0,0,0,522,0.0,0.0,18-25
53,Private,29111,7th-8th,4,Separated,Sales,Own-child,White,Male,0,0,37,United-States,<=50K,0,0,0,1961,0.0,0.0,46-55
47,Private,366025,10th,6,Divorced,Farming-fishing,Unmarried,White,Male,0,0,26,United-States,<=50K,0,0,0,1222,0.0,0.0,46-55
46,State-gov,403708,9th,5,Separated,Transport-moving,Not-in-family,Asian-Pac-Islander,Female,0,0,30,United-States,<=50K,0,0,0,1380,0.0,0.0,46-55
60,Private,408906,HS-grad,9,Never-married,Craft-repair,Other-relative,Black,Female,0,0,44,Canada,<=50K,0,0,0,2640,0.0,0.0,56-65
50,State-gov,233454,Assoc-voc,11,Married-civ-spouse,Unknown,Husband,White,Male,0,0,23,United-States,>50K,0,0,0,1150,0.0,0.0,46-55
63,Private,51629,Assoc-acdm,12,Divorced,Other-service,Husband,White,Male,0,0,32,United-States,<=50K,0,0,0,2016,0.0,0.0,56-65
65,Private,493134,Some-college,10,Married-civ-spouse,Transport-moving,Not-in-family,White,Male,0,0,51,United-States,<=50K,0,0,0,3315,0.0,0.0,56-65
75,Private,433358,11th,7,Never-married,Sales,Not-in-family,White,Female,0,0,42,United-States,<=50K,0,0,0,3150,0.0,0.0,66+
67,Private,183384,Assoc-acdm,12,Married-civ-spouse,Adm-clerical,Own-child,White,Female,0,0,48,United-States,>50K,0,0,0,3216,0.0,0.0,66+
50,Federal-gov,366481,HS-grad,9,Widowed,Prof-specialty,Husband,White,Male,0,0,27,United-States,<=50K,0,0,0,1350,0.0,0.0,46-55
48,Private,189637,1st-4th,2,Never-married,Craft-repair,Not-in-family,White,Male,0,0,41,United-States,<=50K,0,0,0,1968,0.0,0.0,46-55
32,Private,428225,HS-grad,9,Never-married,Protective-serv,Unmarried,White,Female,0,0,59,United-States,<=50K,0,0,0,1888,0.0,0.0,26-35
55,Self-emp-inc,287489,HS-grad,9,Divorced,Farming-fishing,Wife,White,Male,0,0,33,United-States,<=50K,0,0,0,1815,0.0,0.0,46-55
26,Private,499728,HS-grad,9,Never-married,Sales,Husband,White,Male,0,0,35,United-States,<=50K,0,0,0,910,0.0,0.0,26-35
75,Self-emp-not-inc,399733,Bachelors,13,Never-married,Protective-serv,Husband,Asian-Pac-Islander,Female,0,0,46,United-States,>50K,0,0,0,3450,0.0,0.0,66+
70,Private,328290,Assoc-acdm,12,Never-married,Farming-fishing,Husband,White,Male,0,0,31,United-States,<=50K,0,0,0,2170,0.0,0.0,66+
25,Local-gov,20173,Assoc-voc,11,Married-civ-spouse,Priv-house-serv,Wife,White,Male,25534,0,47,Cuba,<=50K,1,0,25534,1175,10.147805339081744,0.0,18-25
66,Private,224717,10th,6,Never-married,Other-service,Husband,White,Male,0,0,22,United-States,<=50K,0,0,0,1452,0.0,0.0,66+
25,Private,320771,Bachelors,13,Married-civ-spouse,Tech-support,Not-in-family,White,Male,0,0,16,United-States,<=50K,0,0,0,400,0.0,0.0,18-25
62,Private,255849,Assoc-voc,11,Never-married,Tech-support,Husband,White,Female,0,0,43,Mexico,<=50K,0,0,0,2666,0.0,0.0,56-65
23,Private,128990,12th,8,Divorced,Machine-op-inspct,Husband,White,Male,0,0,30,United-States,<=50K,0,0,0,690,0.0,0.0,18-25
48,State-gov,303789,Some-college,10,Married-civ-spouse,Priv-house-serv,Unmarried,White,Male,0,0,34,Canada,<=50K,0,0,0,1632,0.0,0.0,46-55
58,Private,119969,HS-grad,9,Never-married,Protective-serv,Husband,Asian-Pac-Islander,Male,0,0,49,Other,<=50K,0,0,0,2842,0.0,0.0,56-65
63,Private,478165,HS-grad,9,Divorced,Armed-Forces,Not-in-family,White,Male,0,0,46,United-States,<=50K,0,0,0,2898,0.0,0.0,56-65
43,Private,53076,10th,6,Never-married,Adm-clerical,Husband,White,Male,0,0,28,United-States,<=50K,0,0,0,1204,0.0,0.0,36-45
75,Local-gov,141614,Some-college,10,Never-married,Adm-clerical,Other-relative,White,Female,0,0,45,Other,<=50K,0,0,0,3375,0.0,0.0,66+
66,Private,14159,9th,5,Never-married,Exec-managerial,Not-in-family,White,Female,0,0,37,United-States,<=50K,0,0,0,2442,0.0,0.0,66+
30,Local-gov,113955,11th,7,Never-married,Unknown,Husband,White,Female,0,1872,44,United-States,<=50K,0,1,-1872,1320,0.0,7.5352967024440884,26-35
59,Private,158869,10th,6,Married-civ-spouse,Other-service,Not-in-family,Other,Male,0,0,40,United-States,<=50K,0,0,0,2360,0.0,0.0,56-65
63,Local-gov,472831,Masters,14,Married-civ-spouse,Tech-support,Not-in-family,White,Male,0,4713,25,United-States,>50K,0,1,-4713,1575,0.0,8.458292083496076,56-65
38,Private,326919,HS-grad,9,Never-married,Farming-fishing,Husband,White,Male,0,0,33,United-States,<=50K,0,0,0,1254,0.0,0.0,36-45
63,Private,82494,HS-grad,9,Married-civ-spouse,Machine-op-inspct,Not-in-family,White,Female,0,0,16,United-States,<=50K,0,0,0,1008,0.0,0.0,56-65
73,Private,219512,HS-grad,9,Married-civ-spouse,Transport-moving,Husband,White,Male,0,0,42,United-States,<=50K,0,0,0,3066,0.0,0.0,66+
68,Private,84992,Bachelors,13,Married-civ-spouse,Other-service,Husband,White,Female,0,0,44,United-States,>50K,0,0,0,2992,0.0,0.0,66+
65,State-gov,66997,Some-college,10,Married-civ-spouse,Protective-serv,Unmarried,White,Female,0,0,33,United-States,<=50K,0,0,0,2145,0.0,0.0,56-65
57,Without-pay,299083,Masters,14,Married-spouse-absent,Transport-moving,Own-child,White,Male,0,0,39,United-States,<=50K,0,0,0,2223,0.0,0.0,56-65
34,Private,250697,HS-grad,9,Married-civ-spouse,Protective-serv,Own-child,White,Female,0,0,30,Mexico,<=50K,0,0,0,1020,0.0,0.0,26-35
67,State-gov,96458,10th,6,Married-civ-spouse,Farming-fishing,Own-child,White,Female,0,0,53,United-States,<=50K,0,0,0,3551,0.0,0.0,66+
40,Private,413267,Some-college,10,Widowed,Exec-managerial,Unmarried,White,Male,0,0,27,United-States,<=50K,0,0,0,1080,0.0,0.0,36-45
50,Private,487264,HS-grad,9,Widowed,Adm-clerical,Own-child,Asian-Pac-Islander,Female,0,0,37,United-States,<=50K,0,0,0,1850,0.0,0.0,46-55
37,Private,419783,Bachelors,13,Married-civ-spouse,Adm-clerical,Own-child,Black,Male,0,0,27,United-States,<=50K,0,0,0,999,0.0,0.0,36-45
37,Private,442444,Bachelors,13,Separated,Other-service,Not-in-family,White,Male,0,0,42,United-States,>50K,0,0,0,1554,0.0,0.0,36-45
27,Private,294879,HS-grad,9,Married-civ-spouse,Craft-repair,Not-in-family,White,Male,0,0,50,Mexico,>50K,0,0,0,1350,0.0,0.0,26-35
77,Private,122958,Prof-school,15,Never-married,Farming-fishing,Husband,White,Female,0,0,19,United-States,>50K,0,0,0,1463,0.0,0.0,66+
27,Private,280454,Some-college,10,Married-civ-spouse,Craft-repair,Unmarried,White,Male,0,0,47,Unknown,<=50K,0,0,0,1269,0.0,0.0,26-35
23,Self-emp-not-inc,102062,HS-grad,9,Married-civ-spouse,Craft-repair,Wife,White,Male,0,0,56,United-States,<=50K,0,0,0,1288,0.0,0.0,18-25
76,Self-emp-inc,189238,HS-grad,9,Married-civ-spouse,Craft-repair,Not-in-family,White,Male,74584,0,41,Canada,>50K,1,0,74584,3116,11.21969469358803,0.0,66+
52,Private,205363,5th-6th,3,Never-married,Adm-clerical,Not-in-family,White,Female,0,0,33,United-States,<=50K,0,0,0,1716,0.0,0.0,46-55
45,Private,249590,Bachelors,13,Married-civ-spouse,Protective-serv,Husband,Asian-Pac-Islander,Female,0,0,40,United-States,<=50K,0,0,0,1800,0.0,0.0,36-45
63,Self-emp-not-inc,409829,9th,5,Divorced,Handlers-cleaners,Unmarried,White,Female,0,0,35,United-States,<=50K,0,0,0,2205,0.0,0.0,56-65
41,Private,388211,HS-grad,9,Never-married,Unknown,Husband,Black,Male,0,0,60,Other,<=50K,0,0,0,2460,0.0,0.0,36-45
25,Self-emp-not-inc,342170,Some-college,10,Married-civ-spouse,Machine-op-inspct,Husband,White,Male,0,0,48,United-States,<=50K,0,0,0,1200,0.0,0.0,18-25
63,Private,221942,5th-6th,3,Separated,Handlers-cleaners,Own-child,Black,Male,0,0,49,United-States,<=50K,0,0,0,3087,0.0,0.0,56-65
28,Private,27095,9th,5,Married-civ-spouse,Adm-clerical,Own-child,White,Female,0,0,62,United-States,<=50K,0,0,0,1736,0.0,0.0,26-35
52,Private,422029,Assoc-voc,11,Married-civ-spouse,Handlers-cleaners,Unmarried,White,Male,0,0,53,United-States,>50K,0,0,0,2756,0.0,0.0,46-55
76,Self-emp-inc,106300,7th-8th,4,Married-civ-spouse,Machine-op-inspct,Husband,White,Female,0,0,39,United-States,<=50K,0,0,0,2964,0.0,0.0,66+
76,Local-gov,310775,HS-grad,9,Married-civ-spouse,Exec-managerial,Unmarried,White,Female,0,0,40,United-States,<=50K,0,0,0,3040,0.0,0.0,66+
40,Private,81392,HS-grad,9,Married-civ-spouse,Protective-serv,Own-child,White,Male,0,0,64,United-States,<=50K,0,0,0,2560,0.0,0.0,36-45
66,State-gov,209479,HS-grad,9,Divorced,Machine-op-inspct,Unmarried,White,Female,0,0,33,United-States,<=50K,0,0,0,2178,0.0,0.0,66+
55,Local-gov,90039,12th,8,Never-married,Exec-managerial,Other-relative,Asian-Pac-Islander,Male,0,0,38,United-States,<=50K,0,0,0,2090,0.0,0.0,46-55
47,Private,462083,Assoc-acdm,12,Divorced,Tech-support,Own-child,White,Male,0,0,30,United-States,<=50K,0,0,0,1410,0.0,0.0,46-55
26,Self-emp-not-inc,207847,Masters,14,Married-civ-spouse,Farming-fishing,Own-child,Black,Female,0,0,22,United-States,<=50K,0,0,0,572,0.0,0.0,26-35
41,Private,444888,10th,6,Never-married,Prof-specialty,Not-in-family,White,Female,0,0,31,United-States,<=50K,0,0,0,1271,0.0,0.0,36-45
58,Private,226370,Masters,14,Married-civ-spouse,Sales,Own-child,White,Female,0,0,31,United-States,<=50K,0,0,0,1798,0.0,0.0,56-65
79,Private,205345,Some-college,10,Never-married,Handlers-cleaners,Husband,White,Male,0,0,34,United-States,<=50K,0,0,0,2686,0.0,0.0,66+
18,State-gov,195444,Some-college,10,Separated,Handlers-cleaners,Not-in-family,White,Female,0,0,46,United-States,<=50K,0,0,0,828,0.0,0.0,18-25
62,Self-emp-not-inc,373242,Assoc-voc,11,Married-civ-spouse,Priv-house-serv,Unmarried,White,Male,37261,0,40,United-States,>50K,1,0,37261,2480,10.525729319580298,0.0,56-65
70,Private,388648,Assoc-voc,11,Never-married,Machine-op-inspct,Not-in-family,White,Female,0,0,50,United-States,<=50K,0,0,0,3500,0.0,0.0,66+
76,Private,465258,Bachelors,13,Widowed,Farming-fishing,Unmarried,White,Male,0,0,42,United-States,>50K,0,0,0,3192,0.0,0.0,66+
44,Private,37423,HS-grad,9,Divorced,Farming-fishing,Husband,White,Female,0,0,42,Puerto-Rico,<=50K,0,0,0,1848,0.0,0.0,36-45
25,Self-emp-not-inc,298444,Some-college,10,Married-spouse-absent,Priv-house-serv,Not-in-family,White,Male,0,0,37,United-States,>50K,0,0,0,925,0.0,0.0,18-25
34,Local-gov,129975,HS-grad,9,Married-civ-spouse,Tech-support,Husband,Asian-Pac-Islander,Male,0,0,59,United-States,<=50K,0,0,0,2006,0.0,0.0,26-35
70,Private,469211,9th,5,Never-married,Prof-specialty,Not-in-family,Other,Female,0,0,36,United-States,<=50K,0,0,0,2520,0.0,0.0,66+
72,Private,136488,Some-college,10,Married-civ-spouse,Transport-moving,Not-in-family,White,Female,0,0,49,China,<=50K,0,0,0,3528,0.0,0.0,66+
57,Unknown,49115,5th-6th,3,Married-civ-spouse,Craft-repair,Husband,White,Male,0,0,28,United-States,<=50K,0,0,0,1596,0.0,0.0,56-65
25,Private,187919,HS-grad,9,Married-AF-spouse,Handlers-cleaners,Unmarried,White,Male,0,0,38,United-States,<=50K,0,0,0,950,0.0,0.0,18-25
25,Private,469678,9th,5,Married-civ-spouse,Prof-specialty,Husband,Black,Male,0,0,60,United-States,<=50K,0,0,0,1500,0.0,0.0,18-25
47,Private,300860,12th,8,Married-spouse-absent,Priv-house-serv,Not-in-family,White,Male,9092,2433,47,United-States,<=50K,1,1,6659,2209,9.115260165725912,7.797291273547472,46-55
54,Private,344041,Some-college,10,Never-married,Armed-Forces,Husband,White,Male,11296,0,26,United-States,<=50K,1,0,11296,1404,9.33229248272693,0.0,46-55
20,Private,302632,Some-college,10,Separated,Craft-repair,Husband,Other,Female,0,0,30,Other,<=50K,0,0,0,600,0.0,0.0,18-25
60,Local-gov,87488,HS-grad,9,Widowed,Sales,Husband,White,Male,41292,0,56,United-States,<=50K,1,0,41292,3360,10.628448273058389,0.0,56-65
51,Private,455045,9th,5,Never-married,Transport-moving,Unmarried,White,Male,0,0,41,United-States,<=50K,0,0,0,2091,0.0,0.0,46-55
18,Private,68927,HS-grad,9,Married-AF-spouse,Other-service,Husband,White,Male,0,0,37,United-States,<=50K,0,0,0,666,0.0,0.0,18-25
23,Self-emp-not-inc,161326,HS-grad,9,Never-married,Handlers-cleaners,Not-in-family,Asian-Pac-Islander,Male,0,0,32,United-States,<=50K,0,0,0,736,0.0,0.0,18-25
46,State-gov,368032,Assoc-voc,11,Divorced,Armed-Forces,Husband,White,Male,0,0,37,United-States,<=50K,0,0,0,1702,0.0,0.0,46-55
62,Private,464200,Some-college,10,Never-married,Armed-Forces,Unmarried,White,Male,0,0,54,United-States,<=50K,0,0,0,3348,0.0,0.0,56-65
69,Private,132186,HS-grad,9,Married-civ-spouse,Armed-Forces,Not-in-family,White,Female,0,0,33,United-States,<=50K,0,0,0,2277,0.0,0.0,66+
44,Private,481996,HS-grad,9,Married-civ-spouse,Craft-repair,Own-child,Other,Female,0,0,34,United-States,<=50K,0,0,0,1496,0.0,0.0,36-45
36,Private,26674,Prof-school,15,Married-civ-spouse,Other-service,Husband,White,Male,0,0,46,United-States,<=50K,0,0,0,1656,0.0,0.0,36-45
78,Private,256982,Assoc-acdm,12,Divorced,Other-service,Not-in-family,White,Male,0,0,30,United-States,>50K,0,0,0,2340,0.0,0.0,66+
46,Private,108776,HS-grad,9,Married-civ-spouse,Transport-moving,Own-child,Black,Male,0,0,31,United-States,<=50K,0,0,0,1426,0.0,0.0,46-55
37,Private,440781,HS-grad,9,Divorced,Other-service,Husband,White,Male,0,0,40,United-States,<=50K,0,0,0,1480,0.0,0.0,36-45
45,Private,61471,5th-6th,3,Never-married,Handlers-cleaners,Husband,White,Male,0,0,40,United-States,<=50K,0,0,0,1800,0.0,0.0,36-45
18,Private,293494,Masters,14,Never-married,Priv-house-serv,Wife,Black,Male,0,0,32,United-States,<=50K,0,0,0,576,0.0,0.0,18-25
36,Private,93493,HS-grad,9,Separated,Handlers-cleaners,Unmarried,White,Male,0,0,45,Germany,<=50K,0,0,0,1620,0.0,0.0,36-45
49,Private,61708,HS-grad,9,Widowed,Armed-Forces,Unmarried,Asian-Pac-Islander,Female,55252,0,42,United-States,<=50K,1,0,55252,2058,10.919677916548416,0.0,46-55
74,Private,269271,Doctorate,16,Separated,Handlers-cleaners,Not-in-family,Asian-Pac-Islander,Male,0,0,20,United-States,>50K,0,0,0,1480,0.0,0.0,66+
63,Self-emp-not-inc,145852,Assoc-voc,11,Never-married,Prof-specialty,Own-child,White,Male,0,0,48,United-States,<=50K,0,0,0,3024,0.0,0.0,56-65
66,Private,271221,5th-6th,3,Married-civ-spouse,Armed-Forces,Unmarried,White,Male,2256,0,34,United-States,<=50K,1,0,2256,2244,7.721791776817535,0.0,66+
51,Private,153897,7th-8th,4,Widowed,Machine-op-inspct,Not-in-family,Asian-Pac-Islander,Male,0,0,48,United-States,<=50K,0,0,0,2448,0.0,0.0,46-55
24,Private,229666,5th-6th,3,Married-civ-spouse,Other-service,Unmarried,White,Male,0,0,61,United-States,<=50K,0,0,0,1464,0.0,0.0,18-25
42,Private,113949,Some-college,10,Married-civ-spouse,Adm-clerical,Wife,White,Male,0,0,39,United-States,>50K,0,0,0,1638,0.0,0.0,36-45
79,State-gov,375923,7th-8th,4,Married-civ-spouse,Transport-moving,Own-child,White,Male,0,0,34,United-States,<=50K,0,0,0,2686,0.0,0.0,66+
20,Local-gov,453650,Masters,14,Never-married,Priv-house-serv,Not-in-family,White,Male,0,0,54,United-States,<=50K,0,0,0,1080,0.0,0.0,18-25
72,Private,17793,Masters,14,Never-married,Tech-support,Unmarried,White,Male,0,0,32,United-States,>50K,0,0,0,2304,0.0,0.0,66+
60,Private,215968,Some-college,10,Married-civ-spouse,Craft-repair,Own-child,White,Male,0,0,59,United-States,<=50K,0,0,0,3540,0.0,0.0,56-65
35,Private,445624,Some-college,10,Never-married,Adm-clerical,Husband,White,Male,0,0,35,United-States,<=50K,0,0,0,1225,0.0,0.0,26-35
66,Private,471347,HS-grad,9,Married-civ-spouse,Transport-moving,Not-in-family,White,Male,0,0,34,United-States,<=50K,0,0,0,2244,0.0,0.0,66+
69,Private,495028,7th-8th,4,Married-civ-spouse,Farming-fishing,Unmarried,White,Male,0,0,64,United-States,<=50K,0,0,0,4416,0.0,0.0,66+
20,Local-gov,46743,Assoc-acdm,12,Married-civ-spouse,Unknown,Not-in-family,White,Male,0,0,44,United-States,<=50K,0,0,0,880,0.0,0.0,18-25
24,Federal-gov,472917,9th,5,Married-civ-spouse,Transport-moving,Unmarried,White,Female,58428,0,56,United-States,<=50K,1,0,58428,1344,10.97556762090605,0.0,18-25
59,Private,48451,9th,5,Never-married,Adm-clerical,Not-in-family,White,Male,0,0,40,United-States,<=50K,0,0,0,2360,0.0,0.0,56-65
79,Private,139890,HS-grad,9,Married-civ-spouse,Unknown,Other-relative,White,Male,0,0,39,United-States,<=50K,0,0,0,3081,0.0,0.0,66+
19,Private,240196,1st-4th,2,Married-civ-spouse,Prof-specialty,Husband,White,Male,0,0,11,United-States,<=50K,0,0,0,209,0.0,0.0,18-25
59,Private,440413,HS-grad,9,Married-civ-spouse,Transport-moving,Own-child,White,Male,0,0,50,United-States,<=50K,0,0,0,2950,0.0,0.0,56-65
26,Private,223748,Assoc-voc,11,Never-married,Other-service,Not-in-family,White,Male,0,0,44,Germany,<=50K,0,0,0,1144,0.0,0.0,26-35
58,Local-gov,373313,Bachelors,13,Married-spouse-absent,Transport-moving,Not-in-family,Asian-Pac-Islander,Male,0,0,39,United-States,>50K,0,0,0,2262,0.0,0.0,56-65
56,Federal-gov,288219,Some-college,10,Never-married,Transport-moving,Husband,White,Female,0,0,46,United-States,<=50K,0,0,0,2576,0.0,0.0,56-65
23,Private,247202,Bachelors,13,Never-married,Sales,Husband,White,Male,0,0,40,United-States,<=50K,0,0,0,920,0.0,0.0,18-25
60,Private,64985,HS-grad,9,Separated,Tech-support,Not-in-family,White,Male,47202,0,31,United-States,<=50K,1,0,47202,1860,10.762212728875873,0.0,56-65
73,Private,494487,Bachelors,13,Married-civ-spouse,Armed-Forces,Not-in-family,White,Male,0,0,44,Other,<=50K,0,0,0,3212,0.0,0.0,66+
71,Self-emp-inc,55721,Some-college,10,Married-civ-spouse,Craft-repair,Husband,Other,Female,0,0,38,United-States,>50K,0,0,0,2698,0.0,0.0,66+
19,Private,121260,HS-grad,9,Divorced,Handlers-cleaners,Unmarried,White,Male,0,0,47,United-States,<=50K,0,0,0,893,0.0,0.0,18-25
33,Private,428630,Masters,14,Married-civ-spouse,Tech-support,Husband,Black,Male,0,4927,37,United-States,>50K,0,1,-4927,1221,0.0,8.502688505213357,26-35
32,Private,296560,HS-grad,9,Divorced,Prof-specialty,Own-child,White,Female,0,0,35,United-States,<=50K,0,0,0,1120,0.0,0.0,26-35
46,Private,165206,5th-6th,3,Divorced,Priv-house-serv,Own-child,White,Male,0,0,35,United-States,<=50K,0,0,0,1610,0.0,0.0,46-55
26,Private,114609,HS-grad,9,Married-civ-spouse,Machine-op-inspct,Husband,White,Male,0,0,31,United-States,<=50K,0,0,0,806,0.0,0.0,26-35
70,Private,83243,HS-grad,9,Divorced,Sales,Own-child,White,Male,0,0,35,United-States,<=50K,0,0,0,2450,0.0,0.0,66+
66,Private,135321,HS-grad,9,Married-civ-spouse,Prof-specialty,Not-in-family,White,Male,0,0,44,United-States,<=50K,0,0,0,2904,0.0,0.0,66+
68,Self-emp-inc,402934,Some-college,10,Married-civ-spouse,Craft-repair,Not-in-family,White,Male,0,0,33,United-States,>50K,0,0,0,2244,0.0,0.0,66+
30,Private,417402,Bachelors,13,Never-married,Adm-clerical,Husband,White,Female,0,0,28,United-States,<=50K,0,0,0,840,0.0,0.0,26-35
18,Private,341489,HS-grad,9,Never-married,Tech-support,Unmarried,White,Male,41253,0,48,Mexico,<=50K,1,0,41253,864,10.62750335675854,0.0,18-25
74,Self-emp-not-inc,321697,Some-college,10,Married-civ-spouse,Exec-managerial,Unmarried,White,Male,0,0,39,United-States,>50K,0,0,0,2886,0.0,0.0,66+
35,Private,151458,HS-grad,9,Married-civ-spouse,Tech-support,Husband,White,Male,0,0,48,Germany,<=50K,0,0,0,1680,0.0,0.0,26-35
58,Private,359775,Bachelors,13,Married-civ-spouse,Sales,Own-child,White,Female,0,0,38,Mexico,<=50K,0,0,0,2204,0.0,0.0,56-65
74,Private,473825,11th,7,Married-civ-spouse,Tech-support,Husband,White,Male,0,4093,34,United-States,<=50K,0,1,-4093,2516,0.0,8.317277766221235,66+
20,Private,185092,9th,5,Married-civ-spouse,Protective-serv,Not-in-family,White,Female,0,0,23,United-States,<=50K,0,0,0,460,0.0,0.0,18-25
18,Self-emp-inc,282503,Some-college,10,Married-civ-spouse,Transport-moving,Husband,Asian-Pac-Islander,Male,0,3067,29,United-States,<=50K,0,1,-3067,522,0.0,8.028781162487148,18-25
18,Private,462332,Some-college,10,Never-married,Protective-serv,Not-in-family,White,Female,0,0,31,United-States,<=50K,0,0,0,558,0.0,0.0,18-25
27,Private,83192,Bachelors,13,Never-married,Farming-fishing,Not-in-family,White,Female,0,0,43,United-States,>50K,0,0,0,1161,0.0,0.0,26-35
21,Private,233305,Some-college,10,Never-married,Handlers-cleaners,Not-in-family,White,Female,0,0,39,United-States,<=50K,0,0,0,819,0.0,0.0,18-25
68,Private,358459,Assoc-acdm,12,Never-married,Other-service,Own-child,Black,Male,0,0,30,India,<=50K,0,0,0,2040,0.0,0.0,66+
55,Private,170578,HS-grad,9,Never-married,Armed-Forces,Husband,Black,Male,37503,0,12,United-States,<=50K,1,0,37503,660,10.532202872936685,0.0,46-55
78,Local-gov,52120,5th-6th,3,Never-married,Protective-serv,Husband,White,Male,0,0,45,United-States,<=50K,0,0,0,3510,0.0,0.0,66+
67,Local-gov,101230,10th,6,Separated,Prof-specialty,Not-in-family,White,Male,0,1895,49,Mexico,<=50K,0,1,-1895,3283,0.0,7.547501682814967,66+
77,Self-emp-inc,442822,5th-6th,3,Never-married,Sales,Not-in-family,White,Male,0,3026,50,United-States,<=50K,0,1,-3026,3850,0.0,8.01532730902172,66+
32,Private,139556,HS-grad,9,Never-married,Prof-specialty,Not-in-family,White,Male,0,0,30,Germany,<=50K,0,0,0,960,0.0,0.0,26-35
35,Private,436400,HS-grad,9,Never-married,Prof-specialty,Not-in-family,White,Female,0,0,50,United-States,<=50K,0,0,0,1750,0.0,0.0,26-35
70,Self-emp-not-inc,396461,HS-grad,9,Never-married,Protective-serv,Husband,White,Male,0,0,46,United-States,>50K,0,0,0,3220,0.0,0.0,66+
33,Private,316309,Some-college,10,Married-civ-spouse,Tech-support,Wife,White,Male,0,0,46,United-States,<=50K,0,0,0,1518,0.0,0.0,26-35
21,Private,173326,HS-grad,9,Married-civ-spouse,Adm-clerical,Own-child,White,Male,0,0,34,Unknown,<=50K,0,0,0,714,0.0,0.0,18-25
59,Unknown,214569,Assoc-voc,11,Married-civ-spouse,Transport-moving,Own-child,White,Male,0,0,39,United-States,<=50K,0,0,0,2301,0.0,0.0,56-65
67,Private,167544,Some-college,10,Married-civ-spouse,Transport-moving,Wife,White,Male,0,0,58,United-States,<=50K,0,0,0,3886,0.0,0.0,66+
78,Private,195522,HS-grad,9,Married-civ-spouse,Other-service,Husband,White,Female,0,0,57,United-States,>50K,0,0,0,4446,0.0,0.0,66+
75,Local-gov,199798,HS-grad,9,Married-civ-spouse,Prof-specialty,Not-in-family,White,Male,0,3695,40,Philippines,>50K,0,1,-3695,3000,0.0,8.215006432761575,66+
25,Unknown,202927,Some-college,10,Married-civ-spouse,Exec-managerial,Own-child,White,Male,0,0,42,United-States,<=50K,0,0,0,1050,0.0,0.0,18-25
65,Private,170309,Some-college,10,Widowed,Prof-specialty,Own-child,White,Male,49440,0,18,United-States,>50K,1,0,49440,1170,10.808535318464235,0.0,56-65
70,Private,202095,HS-grad,9,Married-civ-spouse,Craft-repair,Own-child,White,Female,0,0,52,United-States,<=50K,0,0,0,3640,0.0,0.0,66+
61,State-gov,266062,HS-grad,9,Married-civ-spouse,Craft-repair,Husband,Other,Female,0,0,47,United-States,<=50K,0,0,0,2867,0.0,0.0,56-65
68,Private,268504,Assoc-voc,11,Married-civ-spouse,Tech-support,Own-child,White,Female,0,0,43,United-States,<=50K,0,0,0,2924,0.0,0.0,66+
69,Self-emp-not-inc,489211,Some-college,10,Married-civ-spouse,Armed-Forces,Wife,Asian-Pac-Islander,Male,29287,0,34,United-States,>50K,1,0,29287,2346,10.284933154800072,0.0,66+
45,Private,92390,10th,6,Never-married,Prof-specialty,Husband,White,Female,0,0,41,United-States,<=50K,0,0,0,1845,0.0,0.0,36-45
20,Private,474560,HS-grad,9,Never-married,Sales,Unmarried,White,Male,0,0,55,United-States,<=50K,0,0,0,1100,0.0,0.0,18-25
46,Private,425118,Bachelors,13,Married-civ-spouse,Priv-house-serv,Husband,Black,Male,26219,0,44,United-States,<=50K,1,0,26219,2024,10.174277757317691,0.0,46-55
30,Private,467650,5th-6th,3,Divorced,Handlers-cleaners,Own-child,White,Male,0,0,66,United-States,<=50K,0,0,0,1980,0.0,0.0,26-35
25,Private,402968,Bachelors,13,Married-civ-spouse,Prof-specialty,Husband,White,Male,0,0,48,United-States,>50K,0,0,0,1200,0.0,0.0,18-25
25,Private,305544,11th,7,Never-married,Craft-repair,Husband,Other,Male,0,0,31,Japan,<=50K,0,0,0,775,0.0,0.0,18-25
61,Private,218892,Some-college,10,Widowed,Prof-specialty,Husband,White,Male,0,0,36,United-States,<=50K,0,0,0,2196,0.0,0.0,56-65
49,Private,492592,HS-grad,9,Separated,Unknown,Husband,White,Male,0,0,33,United-States,>50K,0,0,0,1617,0.0,0.0,46-55
51,Self-emp-not-inc,416104,1st-4th,2,Married-civ-spouse,Adm-clerical,Unmarried,Black,Male,0,0,49,United-States,<=50K,0,0,0,2499,0.0,0.0,46-55
64,Self-emp-inc,189225,Bachelors,13,Never-married,Prof-specialty,Unmarried,White,Male,0,0,52,United-States,>50K,0,0,0,3328,0.0,0.0,56-65
51,Private,149986,HS-grad,9,Never-married,Adm-clerical,Not-in-family,White,Male,55647,0,57,United-States,<=50K,1,0,55647,2907,10.92680141715401,0.0,46-55
57,Private,107461,Masters,14,Never-married,Transport-moving,Own-child,White,Female,0,0,37,United-States,<=50K,0,0,0,2109,0.0,0.0,56-65
23,Private,346690,HS-grad,9,Married-civ-spouse,Armed-Forces,Husband,White,Male,0,0,45,United-States,<=50K,0,0,0,1035,0.0,0.0,18-25
70,Private,453682,Bachelors,13,Divorced,Machine-op-inspct,Husband,White,Male,0,0,53,United-States,>50K,0,0,0,3710,0.0,0.0,66+
45,Private,442752,Masters,14,Married-civ-spouse,Sales,Not-in-family,White,Female,0,528,55,United-States,<=50K,0,1,-528,2475,0.0,6.270988431858299,36-45
27,Private,411204,Some-college,10,Married-civ-spouse,Craft-repair,Wife,Asian-Pac-Islander,Female,33029,0,28,United-States,<=50K,1,0,33029,756,10.405171518384835,0.0,26-35
68,Private,425414,12th,8,Never-married,Other-service,Not-in-family,White,Male,0,0,46,United-States,<=50K,0,0,0,3128,0.0,0.0,66+
63,Private,200632,Assoc-voc,11,Divorced,Tech-support,Husband,White,Male,0,908,28,United-States,<=50K,0,1,-908,1764,0.0,6.812345094177479,56-65
21,State-gov,403469,Some-college,10,Married-civ-spouse,Machine-op-inspct,Husband,White,Male,0,0,34,United-States,<=50K,0,0,0,714,0.0,0.0,18-25
29,Private,127780,Masters,14,Never-married,Other-service,Husband,White,Female,0,0,27,United-States,<=50K,0,0,0,783,0.0,0.0,26-35
18,Private,284795,HS-grad,9,Divorced,Sales,Husband,White,Male,0,0,34,United-States,<=50K,0,0,0,612,0.0,0.0,18-25
34,Private,191254,HS-grad,9,Married-spouse-absent,Transport-moving,Not-in-family,Asian-Pac-Islander,Male,0,0,26,United-States,<=50K,0,0,0,884,0.0,0.0,26-35
24,Private,132747,10th,6,Never-married,Exec-managerial,Not-in-family,Black,Male,0,0,28,United-States,<=50K,0,0,0,672,0.0,0.0,18-25
62,Private,221848,Assoc-voc,11,Never-married,Priv-house-serv,Husband,White,Male,0,0,31,United-States,>50K,0,0,0,1922,0.0,0.0,56-65
50,Private,381423,Prof-school,15,Never-married,Craft-repair,Wife,Black,Female,0,0,43,United-States,<=50K,0,0,0,2150,0.0,0.0,46-55
78,Private,419020,5th-6th,3,Married-civ-spouse,Exec-managerial,Other-relative,White,Female,0,0,40,United-States,<=50K,0,0,0,3120,0.0,0.0,66+
64,Private,302061,Assoc-acdm,12,Married-civ-spouse,Tech-support,Husband,White,Male,0,0,24,United-States,<=50K,0,0,0,1536,0.0,0.0,56-65
55,Private,200815,Masters,14,Separated,Machine-op-inspct,Not-in-family,Black,Female,0,0,67,United-States,<=50K,0,0,0,3685,0.0,0.0,46-55
49,Private,320551,7th-8th,4,Married-civ-spouse,Craft-repair,Husband,White,Female,0,0,35,United-States,<=50K,0,0,0,1715,0.0,0.0,46-55
21,Self-emp-not-inc,245727,10th,6,Married-civ-spouse,Sales,Not-in-family,Other,Female,0,0,27,United-States,<=50K,0,0,0,567,0.0,0.0,18-25
22,State-gov,178774,Assoc-voc,11,Never-married,Transport-moving,Not-in-family,White,Male,0,3244,46,United-States,<=50K,0,1,-3244,1012,0.0,8.08487062913819,18-25
56,Self-emp-not-inc,100242,Some-college,10,Married-civ-spouse,Protective-serv,Wife,White,Female,0,1718,40,United-States,<=50K,0,1,-1718,2240,0.0,7.449498005382849,56-65
18,Private,233424,7th-8th,4,Married-civ-spouse,Machine-op-inspct,Husband,White,Male,0,0,32,United-States,<=50K,0,0,0,576,0.0,0.0,18-25
20,Private,368730,Bachelors,13,Divorced,Armed-Forces,Husband,White,Male,0,0,44,United-States,<=50K,0,0,0,880,0.0,0.0,18-25
31,Private,291089,Some-college,10,Married-civ-spouse,Transport-moving,Own-child,White,Male,0,0,33,United-States,<=50K,0,0,0,1023,0.0,0.0,26-35
72,Self-emp-inc,317203,Bachelors,13,Never-married,Transport-moving,Not-in-family,White,Male,0,0,37,United-States,>50K,0,0,0,2664,0.0,0.0,66+
46,Local-gov,379972,Bachelors,13,Married-civ-spouse,Armed-Forces,Husband,White,Male,0,0,55,United-States,<=50K,0,0,0,2530,0.0,0.0,46-55
61,Self-emp-inc,82261,Bachelors,13,Divorced,Craft-repair,Wife,White,Female,0,0,41,United-States,<=50K,0,0,0,2501,0.0,0.0,56-65
43,Private,416906,Some-college,10,Married-civ-spouse,Sales,Not-in-family,White,Female,0,0,46,United-States,>50K,0,0,0,1978,0.0,0.0,36-45
28,Private,148527,HS-grad,9,Never-married,Handlers-cleaners,Other-relative,White,Female,0,0,35,United-States,<=50K,0,0,0,980,0.0,0.0,26-35
41,Local-gov,144425,Some-college,10,Married-civ-spouse,Adm-clerical,Husband,White,Male,95022,0,42,United-States,>50K,1,0,95022,1722,11.461874246543086,0.0,36-45
23,Private,162282,9th,5,Married-civ-spouse,Armed-Forces,Not-in-family,Black,Male,0,0,32,United-States,<=50K,0,0,0,736,0.0,0.0,18-25
65,Private,391341,Some-college,10,Never-married,Craft-repair,Wife,White,Male,0,0,32,United-States,<=50K,0,0,0,2080,0.0,0.0,56-65
29,Private,311249,10th,6,Married-civ-spouse,Sales,Not-in-family,White,Male,4650,0,36,United-States,<=50K,1,0,4650,1044,8.444837529224097,0.0,26-35
41,Private,36563,Some-college,10,Never-married,Exec-managerial,Husband,White,Male,0,0,33,United-States,<=50K,0,0,0,1353,0.0,0.0,36-45
78,Private,20408,7th-8th,4,Married-civ-spouse,Farming-fishing,Not-in-family,White,Female,0,0,50,United-States,<=50K,0,0,0,3900,0.0,0.0,66+
54,Private,343590,HS-grad,9,Married-civ-spouse,Armed-Forces,Husband,White,Male,0,0,46,United-States,>50K,0,0,0,2484,0.0,0.0,46-55
46,Self-emp-inc,295861,HS-grad,9,Married-civ-spouse,Armed-Forces,Husband,White,Male,0,0,17,United-States,<=50K,0,0,0,782,0.0,0.0,46-55
51,State-gov,177414,Some-college,10,Separated,Transport-moving,Other-relative,White,Male,0,0,57,United-States,<=50K,0,0,0,2907,0.0,0.0,46-55
66,Federal-gov,135784,Assoc-acdm,12,Married-civ-spouse,Transport-moving,Wife,White,Male,0,0,46,United-States,>50K,0,0,0,3036,0.0,0.0,66+
33,Private,375323,7th-8th,4,Married-civ-spouse,Prof-specialty,Own-child,Asian-Pac-Islander,Male,0,0,51,United-States,<=50K,0,0,0,1683,0.0,0.0,26-35
57,Private,455429,Bachelors,13,Divorced,Adm-clerical,Husband,White,Male,0,0,38,United-States,<=50K,0,0,0,2166,0.0,0.0,56-65
72,Private,437092,Bachelors,13,Married-civ-spouse,Other-service,Not-in-family,White,Male,0,0,25,United-States,>50K,0,0,0,1800,0.0,0.0,66+
53,Federal-gov,412880,HS-grad,9,Never-married,Machine-op-inspct,Wife,White,Female,0,0,27,United-States,<=50K,0,0,0,1431,0.0,0.0,46-55
45,Private,25837,Some-college,10,Married-spouse-absent,Exec-managerial,Husband,White,Male,0,0,57,United-States,<=50K,0,0,0,2565,0.0,0.0,36-45
26,State-gov,284124,HS-grad,9,Divorced,Armed-Forces,Husband,Black,Male,53424,0,24,United-States,<=50K,1,0,53424,624,10.886034080187349,0.0,26-35
33,Private,147340,11th,7,Divorced,Prof-specialty,Not-in-family,White,Male,0,0,26,United-States,<=50K,0,0,0,858,0.0,0.0,26-35
76,Private,155892,Some-college,10,Married-civ-spouse,Prof-specialty,Unmarried,White,Female,0,0,36,United-States,<=50K,0,0,0,2736,0.0,0.0,66+
51,Self-emp-not-inc,440429,9th,5,Married-spouse-absent,Prof-specialty,Husband,White,Male,0,0,26,United-States,<=50K,0,0,0,1326,0.0,0.0,46-55
36,Private,139328,Bachelors,13,Divorced,Protective-serv,Husband,White,Male,0,0,45,United-States,>50K,0,0,0,1620,0.0,0.0,36-45
43,State-gov,339254,Masters,14,Married-civ-spouse,Armed-Forces,Husband,White,Male,0,0,46,United-States,>50K,0,0,0,1978,0.0,0.0,36-45
53,Private,38781,Bachelors,13,Widowed,Handlers-cleaners,Own-child,White,Male,41950,0,44,United-States,>50K,1,0,41950,2332,10.6442575495135,0.0,46-55
51,Private,367229,Some-college,10,Widowed,Armed-Forces,Not-in-family,White,Male,0,0,34,United-States,<=50K,0,0,0,1734,0.0,0.0,46-55
61,Private,197029,Some-college,10,Divorced,Transport-moving,Unmarried,White,Male,0,0,43,United-States,>50K,0,0,0,2623,0.0,0.0,56-65
33,Local-gov,64123,Prof-school,15,Married-civ-spouse,Priv-house-serv,Not-in-family,White,Male,39697,0,58,Cuba,<=50K,1,0,39697,1914,10.589056087572523,0.0,26-35
58,Private,82642,HS-grad,9,Never-married,Protective-serv,Unmarried,White,Male,0,0,26,United-States,<=50K,0,0,0,1508,0.0,0.0,56-65
45,Self-emp-not-inc,189664,7th-8th,4,Never-married,Exec-managerial,Husband,Other,Male,0,0,51,United-States,<=50K,0,0,0,2295,0.0,0.0,36-45
76,Unknown,318016,Some-college,10,Divorced,Machine-op-inspct,Not-in-family,White,Male,0,0,48,United-States,>50K,0,0,0,3648,0.0,0.0,66+
27,Private,416581,HS-grad,9,Married-civ-spouse,Sales,Own-child,White,Female,0,0,39,United-States,<=50K,0,0,0,1053,0.0,0.0,26-35
27,Self-emp-not-inc,432275,HS-grad,9,Married-civ-spouse,Exec-managerial,Unmarried,White,Female,0,0,42,United-States,<=50K,0,0,0,1134,0.0,0.0,26-35
46,Local-gov,411322,1st-4th,2,Married-civ-spouse,Handlers-cleaners,Not-in-family,Asian-Pac-Islander,Male,0,0,44,England,<=50K,0,0,0,2024,0.0,0.0,46-55
49,Private,48044,Some-college,10,Married-civ-spouse,Tech-support,Husband,White,Female,0,0,30,United-States,<=50K,0,0,0,1470,0.0,0.0,46-55
60,Self-emp-not-inc,400244,HS-grad,9,Never-married,Sales,Not-in-family,White,Male,0,0,24,United-States,<=50K,0,0,0,1440,0.0,0.0,56-65
43,Private,448304,12th,8,Married-civ-spouse,Priv-house-serv,Not-in-family,White,Male,0,0,49,Other,<=50K,0,0,0,2107,0.0,0.0,36-45
74,Private,309183,5th-6th,3,Married-civ-spouse,Other-service,Unmarried,White,Male,0,0,28,United-States,<=50K,0,0,0,2072,0.0,0.0,66+
47,Unknown,207884,HS-grad,9,Never-married,Adm-clerical,Not-in-family,White,Female,0,0,29,United-States,<=50K,0,0,0,1363,0.0,0.0,46-55
26,Federal-gov,419472,Bachelors,13,Married-civ-spouse,Transport-moving,Other-relative,White,Male,59942,0,35,United-States,<=50K,1,0,59942,910,11.001149389668242,0.0,26-35
25,Private,23885,HS-grad,9,Married-civ-spouse,Sales,Husband,White,Female,0,0,43,United-States,<=50K,0,0,0,1075,0.0,0.0,18-25
78,Private,14502,Assoc-voc,11,Widowed,Handlers-cleaners,Husband,White,Male,0,0,35,United-States,>50K,0,0,0,2730,0.0,0.0,66+
26,Private,50956,Assoc-acdm,12,Married-civ-spouse,Protective-serv,Not-in-family,White,Female,0,0,33,United-States,<=50K,0,0,0,858,0.0,0.0,26-35
76,Private,354476,HS-grad,9,Separated,Priv-house-serv,Own-child,White,Male,0,0,50,United-States,<=50K,0,0,0,3800,0.0,0.0,66+
35,Self-emp-not-inc,10108,Bachelors,13,Married-civ-spouse,Protective-serv,Wife,White,Male,0,0,37,United-States,<=50K,0,0,0,1295,0.0,0.0,26-35
23,State-gov,55852,Assoc-voc,11,Married-civ-spouse,Adm-clerical,Unmarried,White,Male,0,0,32,United-States,<=50K,0,0,0,736,0.0,0.0,18-25
36,Unknown,300099,Some-college,10,Never-married,Protective-serv,Unmarried,Asian-Pac-Islander,Male,0,3390,44,United-States,<=50K,0,1,-3390,1584,0.0,8.128880142125638,36-45
56,Private,296912,Preschool,1,Married-civ-spouse,Prof-specialty,Unmarried,White,Male,88384,0,41,United-States,<=50K,1,0,88384,2296,11.389457550969983,0.0,56-65
44,State-gov,142289,5th-6th,3,Divorced,Adm-clerical,Wife,White,Male,0,0,40,Mexico,<=50K,0,0,0,1760,0.0,0.0,36-45
66,Private,423031,Doctorate,16,Married-civ-spouse,Farming-fishing,Husband,White,Female,0,0,44,United-States,>50K,0,0,0,2904,0.0,0.0,66+
55,Private,239553,Assoc-acdm,12,Never-married,Armed-Forces,Unmarried,Black,Female,64179,0,39,United-States,>50K,1,0,64179,2145,11.069446914663848,0.0,46-55
42,State-gov,312200,Masters,14,Married-civ-spouse,Prof-specialty,Own-child,White,Male,0,0,48,United-States,>50K,0,0,0,2016,0.0,0.0,36-45
57,Local-gov,367277,Bachelors,13,Never-married,Protective-serv,Husband,White,Male,0,0,26,United-States,>50K,0,0,0,1482,0.0,0.0,56-65
78,Private,348386,1st-4th,2,Never-married,Machine-op-inspct,Husband,White,Male,0,0,52,United-States,<=50K,0,0,0,4056,0.0,0.0,66+
43,Private,215466,Bachelors,13,Divorced,Craft-repair,Other-relative,White,Male,0,0,31,United-States,<=50K,0,0,0,1333,0.0,0.0,36-45
27,Local-gov,287149,HS-grad,9,Married-civ-spouse,Farming-fishing,Husband,White,Female,0,0,24,United-States,<=50K,0,0,0,648,0.0,0.0,26-35
43,Private,106500,Assoc-acdm,12,Divorced,Armed-Forces,Husband,Asian-Pac-Islander,Female,0,0,32,United-States,<=50K,0,0,0,1376,0.0,0.0,36-45
70,Private,336185,1st-4th,2,Never-married,Handlers-cleaners,Husband,Other,Male,0,0,37,Unknown,<=50K,0,0,0,2590,0.0,0.0,66+
31,Federal-gov,420616,HS-grad,9,Married-civ-spouse,Machine-op-inspct,Own-child,White,Male,0,0,33,United-States,<=50K,0,0,0,1023,0.0,0.0,26-35
76,Private,340293,Assoc-acdm,12,Never-married,Protective-serv,Not-in-family,White,Male,0,4678,30,United-States,>50K,0,1,-4678,2280,0.0,8.450839690866216,66+
54,Private,111116,Bachelors,13,Married-civ-spouse,Protective-serv,Not-in-family,Asian-Pac-Islander,Male,0,0,50,United-States,<=50K,0,0,0,2700,0.0,0.0,46-55
55,Private,486836,Some-college,10,Married-civ-spouse,Prof-specialty,Not-in-family,Asian-Pac-Islander,Female,0,0,31,United-States,<=50K,0,0,0,1705,0.0,0.0,46-55
37,Private,365268,HS-grad,9,Never-married,Transport-moving,Husband,White,Female,0,0,17,United-States,<=50K,0,0,0,629,0.0,0.0,36-45
75,Private,474128,HS-grad,9,Married-civ-spouse,Adm-clerical,Husband,White,Male,0,0,36,United-States,<=50K,0,0,0,2700,0.0,0.0,66+
20,Private,346925,Prof-school,15,Married-civ-spouse,Farming-fishing,Wife,Black,Male,0,0,60,United-States,>50K,0,0,0,1200,0.0,0.0,18-25
36,Private,333756,HS-grad,9,Never-married,Transport-moving,Unmarried,White,Male,0,0,29,United-States,<=50K,0,0,0,1044,0.0,0.0,36-45
43,Self-emp-inc,402539,HS-grad,9,Never-married,Exec-managerial,Husband,White,Male,0,0,31,United-States,>50K,0,0,0,1333,0.0,0.0,36-45
47,Private,427090,Some-college,10,Married-civ-spouse,Exec-managerial,Husband,White,Male,0,0,36,United-States,<=50K,0,0,0,1692,0.0,0.0,46-55
47,Private,228359,HS-grad,9,Married-civ-spouse,Tech-support,Husband,White,Male,0,0,55,United-States,<=50K,0,0,0,2585,0.0,0.0,46-55
27,Private,324160,Some-college,10,Divorced,Priv-house-serv,Unmarried,White,Female,0,0,36,United-States,<=50K,0,0,0,972,0.0,0.0,26-35
31,Private,465174,HS-grad,9,Never-married,Sales,Not-in-family,White,Male,0,0,30,United-States,<=50K,0,0,0,930,0.0,0.0,26-35
23,Unknown,391766,Bachelors,13,Divorced,Farming-fishing,Own-child,Black,Female,55321,0,44,Cuba,<=50K,1,0,55321,1012,10.92092593841513,0.0,18-25
53,Private,69309,Bachelors,13,Never-married,Farming-fishing,Not-in-family,White,Female,0,0,43,United-States,<=50K,0,0,0,2279,0.0,0.0,46-55
39,Private,455590,Masters,14,Never-married,Farming-fishing,Husband,Black,Male,0,0,45,United-States,>50K,0,0,0,1755,0.0,0.0,36-45
53,Self-emp-inc,272912,Some-college,10,Widowed,Protective-serv,Not-in-family,Other,Male,0,0,29,United-States,<=50K,0,0,0,1537,0.0,0.0,46-55
54,Unknown,96455,HS-grad,9,Married-civ-spouse,Protective-serv,Unmarried,White,Female,0,0,34,United-States,<=50K,0,0,0,1836,0.0,0.0,46-55
61,Private,356267,Assoc-voc,11,Married-civ-spouse,Tech-support,Not-in-family,White,Male,0,0,51,United-States,<=50K,0,0,0,3111,0.0,0.0,56-65
51,Self-emp-inc,485396,Bachelors,13,Married-civ-spouse,Priv-house-serv,Other-relative,Asian-Pac-Islander,Male,0,0,44,United-States,>50K,0,0,0,2244,0.0,0.0,46-55
58,Private,433713,Some-college,10,Married-civ-spouse,Other-service,Husband,White,Female,0,0,48,United-States,<=50K,0,0,0,2784,0.0,0.0,56-65
54,Self-emp-not-inc,88661,Assoc-voc,11,Married-civ-spouse,Farming-fishing,Husband,White,Male,55647,0,39,United-States,<=50K,1,0,55647,2106,10.92680141715401,0.0,46-55
58,Self-emp-inc,327935,Assoc-acdm,12,Separated,Farming-fishing,Not-in-family,Black,Female,0,138,51,United-States,>50K,0,1,-138,2958,0.0,4.9344739331306915,56-65
56,Unknown,90366,Assoc-voc,11,Married-civ-spouse,Tech-support,Not-in-family,White,Male,0,0,43,United-States,<=50K,0,0,0,2408,0.0,0.0,56-65
37,Private,334167,Assoc-acdm,12,Married-civ-spouse,Sales,Husband,Other,Male,0,0,35,United-States,>50K,0,0,0,1295,0.0,0.0,36-45
33,Self-emp-not-inc,243177,12th,8,Divorced,Protective-serv,Husband,White,Male,0,3787,47,United-States,<=50K,0,1,-3787,1551,0.0,8.239593454305968,26-35
66,Private,481410,HS-grad,9,Married-spouse-absent,Craft-repair,Own-child,White,Male,0,0,31,United-States,<=50K,0,0,0,2046,0.0,0.0,66+
39,Private,21299,Some-college,10,Married-civ-spouse,Sales,Own-child,White,Male,0,0,55,United-States,<=50K,0,0,0,2145,0.0,0.0,36-45
52,Local-gov,211532,Preschool,1,Never-married,Craft-repair,Unmarried,White,Female,0,0,50,United-States,<=50K,0,0,0,2600,0.0,0.0,46-55
30,Private,391720,Bachelors,13,Never-married,Unknown,Own-child,White,Male,0,0,37,United-States,<=50K,0,0,0,1110,0.0,0.0,26-35
44,Local-gov,271485,Some-college,10,Married-civ-spouse,Adm-clerical,Not-in-family,Asian-Pac-Islander,Male,0,3883,38,United-States,<=50K,0,1,-3883,1672,0.0,8.264620829411216,36-45
50,Private,247880,10th,6,Never-married,Priv-house-serv,Husband,White,Female,0,0,41,United-States,<=50K,0,0,0,2050,0.0,0.0,46-55
56,Private,340261,Bachelors,13,Divorced,Unknown,Not-in-family,White,Male,0,0,38,United-States,>50K,0,0,0,2128,0.0,0.0,56-65
50,Private,153883,Assoc-voc,11,Married-civ-spouse,Sales,Unmarried,White,Female,0,0,53,Germany,<=50K,0,0,0,2650,0.0,0.0,46-55
40,Local-gov,141609,Assoc-acdm,12,Married-civ-spouse,Protective-serv,Not-in-family,White,Male,0,0,35,United-States,<=50K,0,0,0,1400,0.0,0.0,36-45
77,Private,183344,HS-grad,9,Married-civ-spouse,Prof-specialty,Not-in-family,White,Male,35248,0,25,United-States,>50K,1,0,35248,1925,10.470192439043686,0.0,66+
49,Private,199753,Bachelors,13,Never-married,Exec-managerial,Husband,White,Male,0,0,37,United-States,<=50K,0,0,0,1813,0.0,0.0,46-55
68,Private,132452,HS-grad,9,Never-married,Machine-op-inspct,Husband,White,Male,0,0,48,China,<=50K,0,0,0,3264,0.0,0.0,66+
63,Self-emp-not-inc,347123,Some-college,10,Married-civ-spouse,Craft-repair,Not-in-family,Black,Male,0,0,50,Japan,>50K,0,0,0,3150,0.0,0.0,56-65
52,Unknown,182048,Preschool,1,Never-married,Exec-managerial,Not-in-family,White,Male,0,0,41,United-States,<=50K,0,0,0,2132,0.0,0.0,46-55
72,Private,203189,Some-college,10,Married-civ-spouse,Priv-house-serv,Not-in-family,White,Male,0,0,34,United-States,<=50K,0,0,0,2448,0.0,0.0,66+
25,Private,99063,Assoc-voc,11,Married-civ-spouse,Adm-clerical,Not-in-family,White,Male,0,0,40,Unknown,<=50K,0,0,0,1000,0.0,0.0,18-25
75,Unknown,455259,Some-college,10,Never-married,Armed-Forces,Husband,White,Male,0,0,33,United-States,<=50K,0,0,0,2475,0.0,0.0,66+
70,Private,78356,HS-grad,9,Married-civ-spouse,Transport-moving,Husband,Black,Male,0,0,17,United-States,<=50K,0,0,0,1190,0.0,0.0,66+
49,Private,288691,Bachelors,13,Never-married,Prof-specialty,Unmarried,White,Male,0,3703,31,Germany,>50K,0,1,-3703,1519,0.0,8.21716859576607,46-55
63,State-gov,469469,Assoc-voc,11,Married-civ-spouse,Transport-moving,Husband,White,Male,0,0,45,United-States,<=50K,0,0,0,2835,0.0,0.0,56-65
50,Federal-gov,350256,HS-grad,9,Never-married,Protective-serv,Not-in-family,White,Male,0,0,37,United-States,<=50K,0,0,0,1850,0.0,0.0,46-55
34,Private,490122,Masters,14,Married-civ-spouse,Adm-clerical,Not-in-family,White,Male,0,0,37,United-States,<=50K,0,0,0,1258,0.0,0.0,26-35
67,Private,89352,Assoc-voc,11,Married-civ-spouse,Transport-moving,Unmarried,White,Male,0,0,51,United-States,<=50K,0,0,0,3417,0.0,0.0,66+
33,Private,250014,Doctorate,16,Never-married,Machine-op-inspct,Other-relative,Asian-Pac-Islander,Female,0,0,30,United-States,>50K,0,0,0,990,0.0,0.0,26-35
37,State-gov,485436,Prof-school,15,Divorced,Protective-serv,Husband,Black,Female,0,0,31,United-States,<=50K,0,0,0,1147,0.0,0.0,36-45
50,Private,43596,Masters,14,Married-civ-spouse,Sales,Unmarried,White,Male,0,0,43,United-States,<=50K,0,0,0,2150,0.0,0.0,46-55
69,Private,497224,Assoc-acdm,12,Never-married,Prof-specialty,Husband,White,Female,0,0,33,United-States,>50K,0,0,0,2277,0.0,0.0,66+
41,Local-gov,60192,Some-college,10,Married-civ-spouse,Sales,Husband,White,Female,0,0,33,United-States,<=50K,0,0,0,1353,0.0,0.0,36-45
48,Private,338267,11th,7,Married-civ-spouse,Craft-repair,Other-relative,White,Male,0,0,55,United-States,>50K,0,0,0,2640,0.0,0.0,46-55
20,Private,407370,Some-college,10,Married-civ-spouse,Adm-clerical,Husband,White,Male,0,0,29,United-States,<=50K,0,0,0,580,0.0,0.0,18-25
25,Private,112830,Assoc-acdm,12,Never-married,Craft-repair,Husband,White,Female,0,0,33,United-States,<=50K,0,0,0,825,0.0,0.0,18-25
21,Private,419134,Some-college,10,Never-married,Sales,Not-in-family,White,Male,0,623,44,United-States,<=50K,0,1,-623,924,0.0,6.436150368369428,18-25
22,Private,275857,Bachelors,13,Never-married,Transport-moving,Unmarried,White,Male,0,0,40,United-States,<=50K,0,0,0,880,0.0,0.0,18-25
71,State-gov,320296,10th,6,Divorced,Sales,Own-child,White,Male,0,0,26,United-States,<=50K,0,0,0,1846,0.0,0.0,66+
70,Private,58458,HS-grad,9,Married-civ-spouse,Protective-serv,Not-in-family,White,Male,0,1598,58,United-States,<=50K,0,1,-1598,4060,0.0,7.377133712833954,66+
68,Private,41626,Some-college,10,Married-civ-spouse,Tech-support,Husband,White,Female,0,0,32,United-States,<=50K,0,0,0,2176,0.0,0.0,66+
21,Self-emp-inc,37206,HS-grad,9,Married-civ-spouse,Handlers-cleaners,Husband,White,Male,0,0,38,United-States,<=50K,0,0,0,798,0.0,0.0,18-25
22,Self-emp-inc,176831,10th,6,Never-married,Tech-support,Not-in-family,White,Male,0,0,44,United-States,<=50K,0,0,0,968,0.0,0.0,18-25
35,Private,158477,11th,7,Married-civ-spouse,Unknown,Husband,White,Male,0,0,62,United-States,<=50K,0,0,0,2170,0.0,0.0,26-35
53,Self-emp-not-inc,317736,Bachelors,13,Never-married,Priv-house-serv,Not-in-family,White,Female,0,0,36,United-States,<=50K,0,0,0,1908,0.0,0.0,46-55
38,Private,119239,HS-grad,9,Never-married,Tech-support,Not-in-family,White,Male,0,0,31,Germany,<=50K,0,0,0,1178,0.0,0.0,36-45
48,Private,228192,7th-8th,4,Never-married,Protective-serv,Unmarried,White,Male,0,0,45,United-States,<=50K,0,0,0,2160,0.0,0.0,46-55
28,Private,479510,1st-4th,2,Married-civ-spouse,Adm-clerical,Not-in-family,White,Male,0,4826,61,United-States,<=50K,0,1,-4826,1708,0.0,8.481980435660493,26-35
63,Private,484005,HS-grad,9,Married-civ-spouse,Handlers-cleaners,Wife,White,Male,0,0,41,United-States,<=50K,0,0,0,2583,0.0,0.0,56-65
37,Local-gov,376449,11th,7,Separated,Protective-serv,Not-in-family,White,Male,70261,0,37,United-States,<=50K,1,0,70261,1369,11.159986391113511,0.0,36-45
22,Self-emp-not-inc,290337,Assoc-voc,11,Never-married,Prof-specialty,Not-in-family,White,Male,0,0,44,United-States,<=50K,0,0,0,968,0.0,0.0,18-25
64,Private,359756,Bachelors,13,Divorced,Prof-specialty,Own-child,White,Female,0,0,19,United-States,<=50K,0,0,0,1216,0.0,0.0,56-65
73,Private,365364,HS-grad,9,Never-married,Prof-specialty,Not-in-family,White,Female,0,913,34,United-States,<=50K,0,1,-913,2482,0.0,6.81783057145415,66+
18,State-gov,383134,Some-college,10,Separated,Farming-fishing,Not-in-family,White,Female,84493,0,22,United-States,<=50K,1,0,84493,396,11.344435804907066,0.0,18-25
45,Private,195713,11th,7,Married-civ-spouse,Priv-house-serv,Own-child,White,Female,0,0,36,Mexico,<=50K,0,0,0,1620,0.0,0.0,36-45
69,Private,186255,HS-grad,9,Separated,Machine-op-inspct,Husband,Black,Female,0,0,35,United-States,<=50K,0,0,0,2415,0.0,0.0,66+
61,Private,288711,Bachelors,13,Married-civ-spouse,Sales,Husband,White,Male,0,0,14,United-States,<=50K,0,0,0,854,0.0,0.0,56-65
71,Private,496926,Some-college,10,Married-spouse-absent,Protective-serv,Husband,White,Male,0,0,42,United-States,<=50K,0,0,0,2982,0.0,0.0,66+
43,Private,348832,Bachelors,13,Married-civ-spouse,Adm-clerical,Other-relative,Asian-Pac-Islander,Female,7455,3844,46,United-States,<=50K,1,1,3611,1978,8.916774356365426,8.254528881939745,36-45
41,State-gov,294613,HS-grad,9,Married-civ-spouse,Priv-house-serv,Own-child,Black,Male,0,0,38,United-States,<=50K,0,0,0,1558,0.0,0.0,36-45
61,Private,485186,HS-grad,9,Married-civ-spouse,Handlers-cleaners,Not-in-family,White,Male,0,0,25,United-States,<=50K,0,0,0,1525,0.0,0.0,56-65
27,Private,112544,HS-grad,9,Never-married,Other-service,Not-in-family,White,Female,70811,0,53,United-States,<=50K,1,0,70811,1431,11.16778375684517,0.0,26-35
32,Self-emp-not-inc,390167,HS-grad,9,Married-spouse-absent,Armed-Forces,Husband,White,Female,0,0,59,United-States,<=50K,0,0,0,1888,0.0,0.0,26-35
55,Private,340071,Doctorate,16,Married-civ-spouse,Farming-fishing,Husband,White,Male,0,0,44,United-States,>50K,0,0,0,2420,0.0,0.0,46-55
59,Self-emp-not-inc,137921,10th,6,Married-civ-spouse,Exec-managerial,Own-child,White,Male,0,0,36,China,<=50K,0,0,0,2124,0.0,0.0,56-65
25,Private,280810,Bachelors,13,Married-civ-spouse,Priv-house-serv,Own-child,White,Male,0,0,37,England,<=50K,0,0,0,925,0.0,0.0,18-25
49,Private,269885,Bachelors,13,Married-civ-spouse,Unknown,Husband,White,Female,0,0,44,United-States,<=50K,0,0,0,2156,0.0,0.0,46-55
40,Private,308436,Some-college,10,Never-married,Armed-Forces,Husband,White,Male,0,0,41,United-States,<=50K,0,0,0,1640,0.0,0.0,36-45
49,Self-emp-not-inc,474238,HS-grad,9,Married-civ-spouse,Adm-clerical,Not-in-family,White,Male,0,0,44,United-States,>50K,0,0,0,2156,0.0,0.0,46-55
77,Private,140755,Some-college,10,Widowed,Adm-clerical,Not-in-family,White,Female,0,0,44,United-States,<=50K,0,0,0,3388,0.0,0.0,66+
22,Self-emp-not-inc,210872,HS-grad,9,Widowed,Tech-support,Wife,White,Male,0,0,33,Mexico,<=50K,0,0,0,726,0.0,0.0,18-25
79,Private,296673,Bachelors,13,Married-civ-spouse,Other-service,Husband,White,Male,0,0,32,United-States,<=50K,0,0,0,2528,0.0,0.0,66+
45,Private,53358,HS-grad,9,Divorced,Transport-moving,Other-relative,White,Female,0,0,37,United-States,<=50K,0,0,0,1665,0.0,0.0,36-45
65,Self-emp-not-inc,46464,Masters,14,Married-spouse-absent,Machine-op-inspct,Husband,White,Male,0,0,45,United-States,<=50K,0,0,0,2925,0.0,0.0,56-65
44,Private,213308,Some-college,10,Never-married,Craft-repair,Not-in-family,Other,Female,0,0,24,United-States,<=50K,0,0,0,1056,0.0,0.0,36-45
37,Federal-gov,409505,Some-college,10,Never-married,Farming-fishing,Own-child,White,Male,0,0,38,United-States,<=50K,0,0,0,1406,0.0,0.0,36-45
65,Private,188476,Assoc-voc,11,Married-civ-spouse,Transport-moving,Unmarried,White,Male,0,0,40,United-States,>50K,0,0,0,2600,0.0,0.0,56-65
60,Private,306403,Some-college,10,Married-civ-spouse,Sales,Husband,White,Female,59851,0,35,United-States,<=50K,1,0,59851,2100,10.99963012730331,0.0,56-65
26,Federal-gov,383386,Bachelors,13,Never-married,Farming-fishing,Husband,White,Male,89643,0,54,Mexico,<=50K,1,0,89643,1404,11.403601549855479,0.0,26-35
61,Private,334883,11th,7,Married-civ-spouse,Armed-Forces,Husband,White,Female,0,0,52,United-States,<=50K,0,0,0,3172,0.0,0.0,56-65
64,Private,300525,Prof-school,15,Never-married,Handlers-cleaners,Husband,White,Female,0,0,44,United-States,<=50K,0,0,0,2816,0.0,0.0,56-65
42,Private,292547,Bachelors,13,Never-married,Sales,Not-in-family,White,Female,0,0,58,United-States,<=50K,0,0,0,2436,0.0,0.0,36-45
75,Local-gov,268959,Bachelors,13,Married-civ-spouse,Armed-Forces,Wife,White,Male,0,0,49,United-States,>50K,0,0,0,3675,0.0,0.0,66+
57,Private,493818,HS-grad,9,Married-civ-spouse,Protective-serv,Own-child,White,Male,0,0,41,United-States,<=50K,0,0,0,2337,0.0,0.0,56-65
38,Private,204919,Bachelors,13,Married-civ-spouse,Handlers-cleaners,Own-child,White,Female,36794,0,35,United-States,<=50K,1,0,36794,1330,10.5131172453607,0.0,36-45
18,Self-emp-not-inc,50492,HS-grad,9,Separated,Prof-specialty,Not-in-family,Asian-Pac-Islander,Male,0,0,36,United-States,<=50K,0,0,0,648,0.0,0.0,18-25
59,Private,439812,Assoc-acdm,12,Married-civ-spouse,Priv-house-serv,Unmarried,Asian-Pac-Islander,Male,0,0,44,United-States,>50K,0,0,0,2596,0.0,0.0,56-65
30,State-gov,239108,10th,6,Married-civ-spouse,Tech-support,Wife,White,Male,0,0,36,Germany,<=50K,0,0,0,1080,0.0,0.0,26-35
64,Self-emp-inc,490751,HS-grad,9,Widowed,Exec-managerial,Other-relative,White,Female,0,0,25,United-States,<=50K,0,0,0,1600,0.0,0.0,56-65
50,Private,338998,HS-grad,9,Never-married,Machine-op-inspct,Not-in-family,White,Male,0,0,36,Philippines,<=50K,0,0,0,1800,0.0,0.0,46-55
46,State-gov,294899,HS-grad,9,Divorced,Farming-fishing,Own-child,Asian-Pac-Islander,Male,0,0,50,United-States,<=50K,0,0,0,2300,0.0,0.0,46-55
28,Private,305092,HS-grad,9,Never-married,Adm-clerical,Own-child,White,Female,0,0,14,United-States,<=50K,0,0,0,392,0.0,0.0,26-35
62,Private,185946,Bachelors,13,Married-civ-spouse,Prof-specialty,Husband,White,Male,0,0,54,United-States,<=50K,0,0,0,3348,0.0,0.0,56-65
28,Private,363735,HS-grad,9,Married-spouse-absent,Protective-serv,Own-child,White,Male,0,0,46,United-States,<=50K,0,0,0,1288,0.0,0.0,26-35
43,Private,161605,Assoc-acdm,12,Never-married,Farming-fishing,Not-in-family,White,Male,0,0,38,United-States,>50K,0,0,0,1634,0.0,0.0,36-45
69,Unknown,490228,7th-8th,4,Married-civ-spouse,Machine-op-inspct,Husband,White,Male,0,0,43,United-States,<=50K,0,0,0,2967,0.0,0.0,66+
75,Private,301412,Assoc-acdm,12,Married-civ-spouse,Armed-Forces,Husband,White,Male,0,0,50,United-States,<=50K,0,0,0,3750,0.0,0.0,66+
79,Private,247492,Bachelors,13,Married-civ-spouse,Craft-repair,Not-in-family,White,Male,0,0,40,United-States,>50K,0,0,0,3160,0.0,0.0,66+
77,Private,137358,HS-grad,9,Never-married,Farming-fishing,Husband,White,Male,0,0,49,United-States,<=50K,0,0,0,3773,0.0,0.0,66+
52,Private,400797,Assoc-voc,11,Never-married,Unknown,Other-relative,White,Female,0,0,49,Mexico,<=50K,0,0,0,2548,0.0,0.0,46-55
30,Federal-gov,236776,Bachelors,13,Divorced,Farming-fishing,Not-in-family,Black,Male,0,0,42,United-States,<=50K,0,0,0,1260,0.0,0.0,26-35
70,Private,253794,Bachelors,13,Widowed,Machine-op-inspct,Husband,White,Male,0,0,29,United-States,>50K,0,0,0,2030,0.0,0.0,66+
67,Private,86241,HS-grad,9,Divorced,Prof-specialty,Husband,White,Male,0,0,39,United-States,<=50K,0,0,0,2613,0.0,0.0,66+
79,Private,372712,HS-grad,9,Never-married,Sales,Husband,White,Male,0,0,20,United-States,<=50K,0,0,0,1580,0.0,0.0,66+
58,Private,44250,Assoc-acdm,12,Never-married,Machine-op-inspct,Unmarried,White,Male,0,0,44,United-States,>50K,0,0,0,2552,0.0,0.0,56-65
26,Private,254662,HS-grad,9,Divorced,Protective-serv,Husband,White,Male,0,0,36,United-States,<=50K,0,0,0,936,0.0,0.0,26-35
49,Private,392887,Bachelors,13,Married-civ-spouse,Handlers-cleaners,Unmarried,White,Male,0,0,34,United-States,>50K,0,0,0,1666,0.0,0.0,46-55
45,Unknown,231402,HS-grad,9,Never-married,Craft-repair,Unmarried,Asian-Pac-Islander,Male,0,0,47,United-States,<=50K,0,0,0,2115,0.0,0.0,36-45
70,Federal-gov,86276,Bachelors,13,Never-married,Handlers-cleaners,Husband,Asian-Pac-Islander,Male,0,0,27,United-States,<=50K,0,0,0,1890,0.0,0.0,66+
42,Private,482543,9th,5,Married-civ-spouse,Craft-repair,Not-in-family,White,Male,63467,0,41,United-States,>50K,1,0,63467,1722,11.05829112085398,0.0,36-45
38,Private,27683,5th-6th,3,Never-married,Armed-Forces,Husband,White,Male,0,0,37,United-States,<=50K,0,0,0,1406,0.0,0.0,36-45
22,Self-emp-not-inc,345910,Doctorate,16,Divorced,Machine-op-inspct,Own-child,White,Male,0,0,38,United-States,<=50K,0,0,0,836,0.0,0.0,18-25
69,Private,10955,Bachelors,13,Married-civ-spouse,Other-service,Unmarried,Asian-Pac-Islander,Female,0,0,43,United-States,>50K,0,0,0,2967,0.0,0.0,66+
64,Private,344391,Bachelors,13,Never-married,Adm-clerical,Husband,White,Male,0,0,58,China,>50K,0,0,0,3712,0.0,0.0,56-65
20,Private,484612,Masters,14,Married-civ-spouse,Machine-op-inspct,Unmarried,White,Male,0,0,44,Cuba,<=50K,0,0,0,880,0.0,0.0,18-25
44,Private,264555,HS-grad,9,Never-married,Machine-op-inspct,Not-in-family,White,Male,0,0,54,United-States,<=50K,0,0,0,2376,0.0,0.0,36-45
47,Private,14143,HS-grad,9,Never-married,Adm-clerical,Own-child,White,Male,0,0,54,United-States,<=50K,0,0,0,2538,0.0,0.0,46-55
47,Private,43464,10th,6,Married-civ-spouse,Armed-Forces,Husband,Asian-Pac-Islander,Female,0,0,48,United-States,<=50K,0,0,0,2256,0.0,0.0,46-55
74,Private,124227,Some-college,10,Married-civ-spouse,Priv-house-serv,Own-child,White,Female,0,0,22,England,<=50K,0,0,0,1628,0.0,0.0,66+
27,State-gov,185676,HS-grad,9,Married-civ-spouse,Sales,Own-child,White,Female,0,0,38,United-States,<=50K,0,0,0,1026,0.0,0.0,26-35
36,Private,442983,Masters,14,Married-civ-spouse,Sales,Not-in-family,White,Male,0,0,29,United-States,>50K,0,0,0,1044,0.0,0.0,36-45
29,Unknown,34405,Preschool,1,Never-married,Armed-Forces,Wife,Asian-Pac-Islander,Male,0,0,69,Mexico,<=50K,0,0,0,2001,0.0,0.0,26-35
33,Private,260868,10th,6,Married-civ-spouse,Farming-fishing,Unmarried,White,Male,0,0,30,United-States,<=50K,0,0,0,990,0.0,0.0,26-35
74,Unknown,372705,HS-grad,9,Widowed,Tech-support,Husband,White,Female,0,3583,25,Philippines,<=50K,0,1,-3583,1850,0.0,8.18423477409482,66+
76,Private,336220,12th,8,Married-civ-spouse,Machine-op-inspct,Husband,White,Female,0,0,12,United-States,<=50K,0,0,0,912,0.0,0.0,66+
20,Private,400492,HS-grad,9,Married-civ-spouse,Craft-repair,Husband,White,Female,0,4073,30,United-States,<=50K,0,1,-4073,600,0.0,8.31238059678675,18-25
57,Private,345623,Some-college,10,Separated,Tech-support,Own-child,White,Male,0,0,41,United-States,<=50K,0,0,0,2337,0.0,0.0,56-65
32,Self-emp-not-inc,25481,HS-grad,9,Divorced,Other-service,Not-in-family,White,Female,0,0,51,United-States,<=50K,0,0,0,1632,0.0,0.0,26-35
29,Private,444705,Some-college,10,Never-married,Sales,Husband,Black,Male,0,0,29,United-States,<=50K,0,0,0,841,0.0,0.0,26-35
36,Private,254443,Bachelors,13,Never-married,Craft-repair,Not-in-family,White,Male,0,0,52,United-States,<=50K,0,0,0,1872,0.0,0.0,36-45
30,Private,251379,Some-college,10,Separated,Priv-house-serv,Husband,White,Male,0,0,39,United-States,<=50K,0,0,0,1170,0.0,0.0,26-35
48,Private,451498,Assoc-voc,11,Married-civ-spouse,Handlers-cleaners,Own-child,White,Male,0,0,35,United-States,<=50K,0,0,0,1680,0.0,0.0,46-55
79,Private,387174,HS-grad,9,Married-civ-spouse,Machine-op-inspct,Husband,White,Male,0,0,42,United-States,>50K,0,0,0,3318,0.0,0.0,66+
54,Private,61998,11th,7,Married-spouse-absent,Protective-serv,Husband,White,Female,0,0,54,India,>50K,0,0,0,2916,0.0,0.0,46-55
62,Private,157164,HS-grad,9,Married-civ-spouse,Priv-house-serv,Husband,White,Male,0,0,41,United-States,<=50K,0,0,0,2542,0.0,0.0,56-65
48,Self-emp-not-inc,185119,Masters,14,Never-married,Priv-house-serv,Not-in-family,White,Male,74925,0,29,Canada,>50K,1,0,74925,1392,11.224256238775812,0.0,46-55
18,Local-gov,475810,Some-college,10,Never-married,Other-service,Wife,Asian-Pac-Islander,Female,0,0,44,United-States,<=50K,0,0,0,792,0.0,0.0,18-25
23,Private,68246,HS-grad,9,Never-married,Transport-moving,Husband,White,Male,0,0,44,United-States,<=50K,0,0,0,1012,0.0,0.0,18-25
34,Private,242883,HS-grad,9,Never-married,Armed-Forces,Husband,Black,Female,0,0,38,United-States,<=50K,0,0,0,1292,0.0,0.0,26-35
33,Private,254241,Bachelors,13,Married-spouse-absent,Tech-support,Husband,White,Female,0,0,50,United-States,<=50K,0,0,0,1650,0.0,0.0,26-35
70,Private,99394,Some-college,10,Married-civ-spouse,Protective-serv,Unmarried,White,Male,0,0,17,Mexico,<=50K,0,0,0,1190,0.0,0.0,66+
70,Private,271030,Some-college,10,Never-married,Protective-serv,Other-relative,White,Male,0,0,44,United-States,<=50K,0,0,0,3080,0.0,0.0,66+
70,Private,123814,Bachelors,13,Never-married,Priv-house-serv,Not-in-family,White,Female,0,0,48,United-States,>50K,0,0,0,3360,0.0,0.0,66+
57,Local-gov,202012,Some-college,10,Married-civ-spouse,Unknown,Husband,White,Male,0,1196,26,United-States,<=50K,0,1,-1196,1482,0.0,7.087573705557973,56-65
52,Private,396434,Some-college,10,Separated,Other-service,Husband,White,Female,0,0,25,Mexico,<=50K,0,0,0,1300,0.0,0.0,46-55
58,Federal-gov,420290,12th,8,Divorced,Transport-moving,Wife,White,Male,0,0,50,Unknown,<=50K,0,0,0,2900,0.0,0.0,56-65
43,Private,26530,9th,5,Married-civ-spouse,Adm-clerical,Not-in-family,White,Female,0,0,52,China,<=50K,0,0,0,2236,0.0,0.0,36-45
59,Private,210767,Masters,14,Never-married,Transport-moving,Husband,Black,Female,0,0,54,United-States,<=50K,0,0,0,3186,0.0,0.0,56-65
67,Private,19574,Some-college,10,Widowed,Sales,Husband,White,Male,0,0,33,United-States,<=50K,0,0,0,2211,0.0,0.0,66+
65,Private,63635,HS-grad,9,Married-civ-spouse,Other-service,Not-in-family,White,Male,0,0,42,United-States,<=50K,0,0,0,2730,0.0,0.0,56-65
56,Private,22271,Some-college,10,Never-married,Protective-serv,Not-in-family,White,Male,0,0,43,Mexico,<=50K,0,0,0,2408,0.0,0.0,56-65
21,Private,400523,7th-8th,4,Married-civ-spouse,Machine-op-inspct,Husband,White,Female,0,0,23,United-States,<=50K,0,0,0,483,0.0,0.0,18-25
62,Private,268960,Bachelors,13,Married-civ-spouse,Priv-house-serv,Own-child,White,Female,0,0,42,United-States,>50K,0,0,0,2604,0.0,0.0,56-65
40,Private,114329,HS-grad,9,Married-civ-spouse,Protective-serv,Unmarried,White,Male,0,0,41,United-States,<=50K,0,0,0,1640,0.0,0.0,36-45
64,Private,241614,Bachelors,13,Never-married,Handlers-cleaners,Own-child,White,Female,0,0,47,United-States,<=50K,0,0,0,3008,0.0,0.0,56-65
51,Private,364502,Some-college,10,Married-civ-spouse,Sales,Unmarried,White,Male,0,0,34,United-States,<=50K,0,0,0,1734,0.0,0.0,46-55
72,Private,147638,HS-grad,9,Married-civ-spouse,Protective-serv,Husband,White,Female,0,0,53,United-States,>50K,0,0,0,3816,0.0,0.0,66+
38,State-gov,222917,5th-6th,3,Never-married,Transport-moving,Unmarried,White,Female,0,0,41,United-States,<=50K,0,0,0,1558,0.0,0.0,36-45
75,Private,79592,Bachelors,13,Married-civ-spouse,Farming-fishing,Unmarried,White,Female,0,0,57,United-States,>50K,0,0,0,4275,0.0,0.0,66+
70,Unknown,117012,11th,7,Married-civ-spouse,Armed-Forces,Husband,White,Female,0,0,47,United-States,<=50K,0,0,0,3290,0.0,0.0,66+
38,Private,117500,7th-8th,4,Married-civ-spouse,Sales,Not-in-family,White,Male,0,0,43,United-States,<=50K,0,0,0,1634,0.0,0.0,36-45
47,Private,58731,Assoc-acdm,12,Never-married,Prof-specialty,Own-child,White,Male,0,0,28,Cuba,<=50K,0,0,0,1316,0.0,0.0,46-55
50,Private,407352,HS-grad,9,Never-married,Tech-support,Own-child,White,Male,0,0,27,United-States,<=50K,0,0,0,1350,0.0,0.0,46-55
65,Private,415115,HS-grad,9,Never-married,Prof-specialty,Husband,White,Female,0,3494,56,United-States,<=50K,0,1,-3494,3640,0.0,8.15908865466791,56-65
60,Private,268265,HS-grad,9,Married-civ-spouse,Handlers-cleaners,Not-in-family,White,Male,0,0,49,United-States,<=50K,0,0,0,2940,0.0,0.0,56-65
70,Private,117235,Bachelors,13,Divorced,Handlers-cleaners,Wife,Black,Male,0,0,37,United-States,>50K,0,0,0,2590,0.0,0.0,66+
40,Private,32213,HS-grad,9,Never-married,Other-service,Husband,White,Female,0,0,36,United-States,<=50K,0,0,0,1440,0.0,0.0,36-45
49,State-gov,494223,HS-grad,9,Married-civ-spouse,Priv-house-serv,Unmarried,White,Female,0,0,42,United-States,<=50K,0,0,0,2058,0.0,0.0,46-55
44,State-gov,226028,HS-grad,9,Married-civ-spouse,Handlers-cleaners,Other-relative,White,Female,0,1175,27,Unknown,<=50K,0,1,-1175,1188,0.0,7.069874128458572,36-45
74,Private,266096,12th,8,Married-civ-spouse,Handlers-cleaners,Husband,White,Female,0,0,35,United-States,<=50K,0,0,0,2590,0.0,0.0,66+
36,Private,255907,HS-grad,9,Married-civ-spouse,Protective-serv,Husband,White,Male,0,0,46,United-States,<=50K,0,0,0,1656,0.0,0.0,36-45
54,Private,366343,9th,5,Married-civ-spouse,Handlers-cleaners,Own-child,White,Female,0,0,47,United-States,<=50K,0,0,0,2538,0.0,0.0,46-55
25,Private,223449,11th,7,Widowed,Protective-serv,Husband,White,Male,0,0,36,United-States,<=50K,0,0,0,900,0.0,0.0,18-25
70,Private,287465,HS-grad,9,Divorced,Sales,Unmarried,Black,Male,70473,0,56,United-States,<=50K,1,0,70473,3920,11.162999126452767,0.0,66+
41,Private,385521,Bachelors,13,Never-married,Priv-house-serv,Unmarried,White,Male,0,0,50,United-States,>50K,0,0,0,2050,0.0,0.0,36-45
39,Private,499144,7th-8th,4,Married-civ-spouse,Armed-Forces,Husband,White,Female,0,0,32,United-States,<=50K,0,0,0,1248,0.0,0.0,36-45
54,Private,353859,HS-grad,9,Never-married,Transport-moving,Own-child,White,Male,0,0,27,United-States,<=50K,0,0,0,1458,0.0,0.0,46-55
48,Private,127356,Bachelors,13,Never-married,Protective-serv,Husband,White,Male,79964,0,46,United-States,>50K,1,0,79964,2208,11.289344317924972,0.0,46-55
70,Without-pay,104314,Bachelors,13,Widowed,Transport-moving,Husband,White,Male,0,0,35,United-States,<=50K,0,0,0,2450,0.0,0.0,66+
50,Local-gov,201827,Assoc-voc,11,Married-civ-spouse,Adm-clerical,Own-child,Amer-Indian-Eskimo,Female,0,0,34,United-States,<=50K,0,0,0,1700,0.0,0.0,46-55
50,Private,410761,HS-grad,9,Never-married,Transport-moving,Own-child,White,Female,67747,0,42,United-States,>50K,1,0,67747,2100,11.123550218011012,0.0,46-55
24,Private,442513,HS-grad,9,Married-civ-spouse,Armed-Forces,Husband,Black,Male,0,0,47,United-States,<=50K,0,0,0,1128,0.0,0.0,18-25
19,Private,235011,HS-grad,9,Never-married,Adm-clerical,Husband,Black,Female,0,0,48,United-States,<=50K,0,0,0,912,0.0,0.0,18-25
42,Private,103838,10th,6,Widowed,Farming-fishing,Other-relative,White,Female,0,0,41,United-States,<=50K,0,0,0,1722,0.0,0.0,36-45
79,Private,331076,HS-grad,9,Never-married,Craft-repair,Not-in-family,Asian-Pac-Islander,Male,0,0,17,United-States,<=50K,0,0,0,1343,0.0,0.0,66+
74,Local-gov,318210,Some-college,10,Never-married,Armed-Forces,Husband,White,Male,0,0,50,Canada,<=50K,0,0,0,3700,0.0,0.0,66+
56,Private,76486,HS-grad,9,Separated,Transport-moving,Husband,White,Male,0,0,32,United-States,<=50K,0,0,0,1792,0.0,0.0,56-65
57,Private,449445,Some-college,10,Widowed,Other-service,Other-relative,White,Female,0,0,43,United-States,<=50K,0,0,0,2451,0.0,0.0,56-65
42,State-gov,474718,HS-grad,9,Married-civ-spouse,Exec-managerial,Own-child,Black,Female,0,2087,39,United-States,<=50K,0,1,-2087,1638,0.0,7.643961949002529,36-45
29,Private,495955,HS-grad,9,Married-civ-spouse,Sales,Unmarried,White,Female,0,0,62,United-States,<=50K,0,0,0,1798,0.0,0.0,26-35
18,Private,271161,Assoc-acdm,12,Never-married,Exec-managerial,Wife,White,Male,0,0,61,United-States,<=50K,0,0,0,1098,0.0,0.0,18-25
39,Self-emp-not-inc,402024,Bachelors,13,Married-AF-spouse,Protective-serv,Unmarried,White,Male,0,0,35,United-States,>50K,0,0,0,1365,0.0,0.0,36-45
37,Self-emp-not-inc,25074,HS-grad,9,Divorced,Handlers-cleaners,Own-child,Asian-Pac-Islander,Male,0,542,27,India,<=50K,0,1,-542,999,0.0,6.297109319933935,36-45
29,Private,44321,Some-college,10,Married-civ-spouse,Prof-specialty,Not-in-family,White,Male,0,0,27,United-States,<=50K,0,0,0,783,0.0,0.0,26-35
34,Self-emp-not-inc,13763,HS-grad,9,Divorced,Transport-moving,Wife,White,Male,0,0,43,United-States,<=50K,0,0,0,1462,0.0,0.0,26-35
19,Private,288221,7th-8th,4,Married-civ-spouse,Prof-specialty,Not-in-family,White,Female,0,0,35,United-States,<=50K,0,0,0,665,0.0,0.0,18-25
55,Private,226645,Assoc-acdm,12,Married-civ-spouse,Protective-serv,Not-in-family,White,Male,0,0,29,United-States,>50K,0,0,0,1595,0.0,0.0,46-55
75,Private,346682,11th,7,Married-civ-spouse,Transport-moving,Wife,White,Male,0,0,35,United-States,<=50K,0,0,0,2625,0.0,0.0,66+
60,Self-emp-not-inc,116439,HS-grad,9,Married-civ-spouse,Sales,Not-in-family,White,Male,0,0,45,United-States,>50K,0,0,0,2700,0.0,0.0,56-65
45,Federal-gov,159802,HS-grad,9,Never-married,Adm-clerical,Own-child,White,Male,0,0,39,United-States,<=50K,0,0,0,1755,0.0,0.0,36-45
44,Private,177389,12th,8,Married-civ-spouse,Handlers-cleaners,Husband,White,Male,0,0,35,United-States,<=50K,0,0,0,1540,0.0,0.0,36-45
37,Private,341847,9th,5,Married-civ-spouse,Exec-managerial,Husband,White,Male,0,0,36,United-States,<=50K,0,0,0,1332,0.0,0.0,36-45
26,Self-emp-not-inc,171079,HS-grad,9,Divorced,Protective-serv,Not-in-family,White,Female,45630,1837,38,United-States,<=50K,1,1,43793,988,10.72834258908784,7.516433302915632,26-35
55,Private,456186,Masters,14,Married-civ-spouse,Prof-specialty,Other-relative,White,Male,0,0,42,Philippines,>50K,0,0,0,2310,0.0,0.0,46-55
53,Private,130866,Some-college,10,Married-civ-spouse,Craft-repair,Husband,White,Male,0,0,43,United-States,<=50K,0,0,0,2279,0.0,0.0,46-55
18,Self-emp-inc,326717,HS-grad,9,Married-civ-spouse,Prof-specialty,Not-in-family,Asian-Pac-Islander,Male,0,0,24,Other,<=50K,0,0,0,432,0.0,0.0,18-25
43,Private,129908,5th-6th,3,Married-civ-spouse,Machine-op-inspct,Unmarried,White,Male,0,550,42,United-States,<=50K,0,1,-550,1806,0.0,6.311734809152915,36-45
35,Private,251903,Some-college,10,Never-married,Craft-repair,Not-in-family,Amer-Indian-Eskimo,Male,0,0,36,United-States,<=50K,0,0,0,1260,0.0,0.0,26-35
28,Private,300765,9th,5,Married-civ-spouse,Transport-moving,Husband,White,Male,0,0,30,Mexico,<=50K,0,0,0,840,0.0,0.0,26-35
61,Private,381826,Some-college,10,Married-civ-spouse,Sales,Husband,White,Male,0,0,36,United-States,<=50K,0,0,0,2196,0.0,0.0,56-65
50,Self-emp-not-inc,469649,Assoc-acdm,12,Married-civ-spouse,Craft-repair,Husband,White,Female,0,251,52,United-States,<=50K,0,1,-251,2600,0.0,5.529429087511423,46-55
57,Private,155399,HS-grad,9,Married-civ-spouse,Machine-op-inspct,Husband,White,Male,0,0,48,United-States,<=50K,0,0,0,2736,0.0,0.0,56-65
62,Private,391164,HS-grad,9,Married-civ-spouse,Other-service,Husband,Black,Male,55480,0,41,United-States,>50K,1,0,55480,2542,10.923795898779666,0.0,56-65
78,Private,337473,5th-6th,3,Married-civ-spouse,Transport-moving,Not-in-family,White,Male,0,0,31,Other,<=50K,0,0,0,2418,0.0,0.0,66+
67,Private,385236,5th-6th,3,Married-civ-spouse,Tech-support,Not-in-family,Asian-Pac-Islander,Male,0,0,26,United-States,<=50K,0,0,0,1742,0.0,0.0,66+
56,Private,258302,HS-grad,9,Married-civ-spouse,Prof-specialty,Not-in-family,White,Male,0,0,31,United-States,<=50K,0,0,0,1736,0.0,0.0,56-65
72,Private,123893,Bachelors,13,Separated,Tech-support,Own-child,Asian-Pac-Islander,Male,48667,0,40,United-States,>50K,1,0,48667,2880,10.79277700890734,0.0,66+
47,Private,309379,HS-grad,9,Married-civ-spouse,Prof-specialty,Wife,White,Female,0,0,40,United-States,<=50K,0,0,0,1880,0.0,0.0,46-55
79,Private,201245,Some-college,10,Married-civ-spouse,Unknown,Not-in-family,White,Male,0,0,33,United-States,<=50K,0,0,0,2607,0.0,0.0,66+
65,Private,250327,Assoc-voc,11,Divorced,Unknown,Husband,White,Male,0,0,49,United-States,<=50K,0,0,0,3185,0.0,0.0,56-65
58,Private,93315,7th-8th,4,Married-civ-spouse,Machine-op-inspct,Unmarried,White,Male,0,0,44,United-States,<=50K,0,0,0,2552,0.0,0.0,56-65
74,Private,213307,11th,7,Never-married,Other-service,Husband,White,Female,0,0,13,United-States,<=50K,0,0,0,962,0.0,0.0,66+
49,Private,311824,HS-grad,9,Married-civ-spouse,Exec-managerial,Own-child,White,Female,0,0,41,United-States,<=50K,0,0,0,2009,0.0,0.0,46-55
62,Private,35393,Some-college,10,Divorced,Prof-specialty,Not-in-family,White,Female,0,0,48,United-States,>50K,0,0,0,2976,0.0,0.0,56-65
35,Private,182497,HS-grad,9,Widowed,Adm-clerical,Not-in-family,White,Female,0,0,42,United-States,<=50K,0,0,0,1470,0.0,0.0,26-35
77,Private,314652,Assoc-acdm,12,Married-civ-spouse,Other-service,Wife,White,Female,0,1776,46,Japan,>50K,0,1,-1776,3542,0.0,7.482681828154651,66+
56,Private,240995,Bachelors,13,Married-civ-spouse,Armed-Forces,Not-in-family,White,Male,0,0,37,United-States,>50K,0,0,0,2072,0.0,0.0,56-65
66,Private,488840,Assoc-acdm,12,Never-married,Farming-fishing,Own-child,White,Male,45215,0,39,United-States,<=50K,1,0,45215,2574,10.719206285484255,0.0,66+
46,Self-emp-not-inc,462568,Doctorate,16,Married-spouse-absent,Exec-managerial,Husband,White,Male,0,0,40,United-States,<=50K,0,0,0,1840,0.0,0.0,46-55
71,Private,183569,Assoc-acdm,12,Married-civ-spouse,Craft-repair,Wife,White,Male,0,0,42,United-States,<=50K,0,0,0,2982,0.0,0.0,66+
22,Private,488649,Bachelors,13,Never-married,Adm-clerical,Not-in-family,White,Male,0,0,34,United-States,<=50K,0,0,0,748,0.0,0.0,18-25
25,Private,316095,Bachelors,13,Married-civ-spouse,Handlers-cleaners,Not-in-family,White,Male,0,0,51,United-States,<=50K,0,0,0,1275,0.0,0.0,18-25
49,Private,170358,Assoc-voc,11,Never-married,Farming-fishing,Husband,White,Female,0,0,54,United-States,<=50K,0,0,0,2646,0.0,0.0,46-55
63,Private,364584,Bachelors,13,Married-civ-spouse,Adm-clerical,Not-in-family,White,Male,0,0,35,United-States,>50K,0,0,0,2205,0.0,0.0,56-65
68,Private,64822,Masters,14,Never-married,Adm-clerical,Not-in-family,Black,Male,0,0,28,United-States,>50K,0,0,0,1904,0.0,0.0,66+
45,Private,305828,HS-grad,9,Married-civ-spouse,Priv-house-serv,Husband,Black,Male,0,0,27,United-States,<=50K,0,0,0,1215,0.0,0.0,36-45
58,Self-emp-inc,459473,Some-college,10,Divorced,Machine-op-inspct,Wife,White,Male,0,0,44,United-States,<=50K,0,0,0,2552,0.0,0.0,56-65
52,Private,451115,Some-college,10,Married-civ-spouse,Transport-moving,Husband,White,Male,0,0,46,United-States,>50K,0,0,0,2392,0.0,0.0,46-55
77,Self-emp-not-inc,63272,Bachelors,13,Never-married,Prof-specialty,Own-child,White,Male,0,0,44,United-States,<=50K,0,0,0,3388,0.0,0.0,66+
58,Self-emp-not-inc,466667,HS-grad,9,Never-married,Armed-Forces,Unmarried,White,Female,86643,0,45,United-States,>50K,1,0,86643,2610,11.369563048660869,0.0,56-65
43,Private,197981,Bachelors,13,Never-married,Prof-specialty,Not-in-family,White,Female,0,0,34,United-States,<=50K,0,0,0,1462,0.0,0.0,36-45
78,Local-gov,436885,Bachelors,13,Married-spouse-absent,Unknown,Own-child,White,Male,0,0,20,United-States,<=50K,0,0,0,1560,0.0,0.0,66+
24,Without-pay,272297,Masters,14,Divorced,Armed-Forces,Husband,Black,Female,0,0,35,United-States,<=50K,0,0,0,840,0.0,0.0,18-25
79,Private,216106,HS-grad,9,Never-married,Exec-managerial,Husband,White,Female,0,0,57,Unknown,<=50K,0,0,0,4503,0.0,0.0,66+
27,Private,234295,Assoc-voc,11,Married-civ-spouse,Craft-repair,Wife,White,Female,0,0,43,United-States,<=50K,0,0,0,1161,0.0,0.0,26-35
35,Private,78618,Assoc-acdm,12,Separated,Sales,Husband,Asian-Pac-Islander,Male,0,0,44,United-States,<=50K,0,0,0,1540,0.0,0.0,26-35
68,Private,355526,Masters,14,Never-married,Sales,Own-child,White,Male,0,0,49,United-States,>50K,0,0,0,3332,0.0,0.0,66+
63,Private,206268,Bachelors,13,Married-civ-spouse,Tech-support,Husband,White,Male,81791,276,32,United-States,>50K,1,1,81515,2016,11.311934718297152,5.6240175061873385,56-65
78,Private,158380,Some-college,10,Divorced,Machine-op-inspct,Husband,White,Male,0,0,42,United-States,>50K,0,0,0,3276,0.0,0.0,66+
64,Private,266265,Some-college,10,Never-married,Sales,Husband,Black,Male,0,0,45,United-States,<=50K,0,0,0,2880,0.0,0.0,56-65
57,Self-emp-not-inc,166551,11th,7,Never-married,Craft-repair,Husband,White,Male,0,0,31,United-States,<=50K,0,0,0,1767,0.0,0.0,56-65
39,Private,30792,Prof-school,15,Never-married,Craft-repair,Husband,White,Male,0,0,44,United-States,>50K,0,0,0,1716,0.0,0.0,36-45
18,Private,389852,HS-grad,9,Divorced,Sales,Husband,White,Male,0,0,53,United-States,<=50K,0,0,0,954,0.0,0.0,18-25
25,Private,420771,Assoc-voc,11,Married-civ-spouse,Prof-specialty,Husband,White,Female,0,0,36,United-States,<=50K,0,0,0,900,0.0,0.0,18-25
36,Self-emp-not-inc,432332,Bachelors,13,Widowed,Armed-Forces,Husband,White,Male,0,0,23,United-States,<=50K,0,0,0,828,0.0,0.0,36-45
20,Private,443987,HS-grad,9,Never-married,Farming-fishing,Unmarried,White,Male,0,0,42,United-States,<=50K,0,0,0,840,0.0,0.0,18-25
49,Private,38479,HS-grad,9,Divorced,Transport-moving,Wife,White,Male,0,4179,33,United-States,<=50K,0,1,-4179,1617,0.0,8.338066525518801,46-55
66,Private,319755,12th,8,Never-married,Farming-fishing,Not-in-family,Black,Female,0,0,42,United-States,<=50K,0,0,0,2772,0.0,0.0,66+
77,Private,106425,Bachelors,13,Never-married,Unknown,Own-child,White,Female,0,0,32,United-States,>50K,0,0,0,2464,0.0,0.0,66+
48,Self-emp-not-inc,294279,Some-college,10,Never-married,Exec-managerial,Husband,White,Male,0,0,41,United-States,<=50K,0,0,0,1968,0.0,0.0,46-55
72,Private,482206,9th,5,Never-married,Craft-repair,Husband,White,Female,0,0,52,United-States,<=50K,0,0,0,3744,0.0,0.0,66+
79,Private,199806,Assoc-voc,11,Separated,Machine-op-inspct,Not-in-family,White,Male,0,0,40,United-States,>50K,0,0,0,3160,0.0,0.0,66+
71,Private,256391,HS-grad,9,Never-married,Tech-support,Unmarried,White,Male,903,0,24,United-States,<=50K,1,0,903,1704,6.806829360392176,0.0,66+
46,Federal-gov,489212,Bachelors,13,Divorced,Sales,Husband,White,Male,0,0,44,United-States,>50K,0,0,0,2024,0.0,0.0,46-55
38,Self-emp-not-inc,321475,HS-grad,9,Married-civ-spouse,Transport-moving,Husband,White,Male,0,0,40,United-States,>50K,0,0,0,1520,0.0,0.0,36-45
78,Private,223729,12th,8,Never-married,Machine-op-inspct,Not-in-family,White,Male,0,0,42,United-States,<=50K,0,0,0,3276,0.0,0.0,66+
32,Self-emp-not-inc,482924,9th,5,Never-married,Farming-fishing,Husband,White,Female,72383,0,50,United-States,<=50K,1,0,72383,1600,11.189740559475792,0.0,26-35
43,Private,111022,Some-college,10,Divorced,Machine-op-inspct,Husband,White,Male,0,0,35,United-States,>50K,0,0,0,1505,0.0,0.0,36-45
22,Self-emp-not-inc,229661,HS-grad,9,Separated,Machine-op-inspct,Other-relative,White,Female,0,0,37,United-States,<=50K,0,0,0,814,0.0,0.0,18-25
67,Self-emp-inc,480867,Assoc-acdm,12,Married-civ-spouse,Exec-managerial,Husband,White,Male,0,0,30,United-States,>50K,0,0,0,2010,0.0,0.0,66+
58,Private,353977,HS-grad,9,Married-civ-spouse,Sales,Husband,White,Male,0,0,42,United-States,<=50K,0,0,0,2436,0.0,0.0,56-65
23,Private,419316,HS-grad,9,Never-married,Sales,Own-child,White,Female,0,0,42,United-States,<=50K,0,0,0,966,0.0,0.0,18-25
31,Private,138763,HS-grad,9,Widowed,Priv-house-serv,Wife,White,Male,0,0,37,United-States,<=50K,0,0,0,1147,0.0,0.0,26-35
52,Private,170362,HS-grad,9,Married-civ-spouse,Unknown,Unmarried,White,Male,40890,0,47,Canada,<=50K,1,0,40890,2444,10.618665268916827,0.0,46-55
51,Unknown,232303,Masters,14,Married-civ-spouse,Craft-repair,Own-child,Black,Male,0,0,30,United-States,>50K,0,0,0,1530,0.0,0.0,46-55
67,Private,283594,11th,7,Married-civ-spouse,Machine-op-inspct,Husband,White,Male,0,0,41,United-States,<=50K,0,0,0,2747,0.0,0.0,66+
34,Private,298112,Doctorate,16,Divorced,Unknown,Husband,White,Male,0,0,46,United-States,<=50K,0,0,0,1564,0.0,0.0,26-35
75,Private,296759,HS-grad,9,Divorced,Machine-op-inspct,Husband,White,Male,0,0,35,United-States,<=50K,0,0,0,2625,0.0,0.0,66+
45,Unknown,112142,9th,5,Married-civ-spouse,Sales,Own-child,White,Male,0,0,26,United-States,<=50K,0,0,0,1170,0.0,0.0,36-45
69,Private,439782,HS-grad,9,Married-civ-spouse,Tech-support,Own-child,White,Female,0,0,23,Cuba,<=50K,0,0,0,1587,0.0,0.0,66+
32,Unknown,413002,7th-8th,4,Never-married,Other-service,Husband,White,Male,0,579,42,United-States,<=50K,0,1,-579,1344,0.0,6.363028103540465,26-35
20,Unknown,278306,Assoc-acdm,12,Never-married,Other-service,Husband,Black,Male,0,0,57,United-States,<=50K,0,0,0,1140,0.0,0.0,18-25
21,Unknown,72318,Some-college,10,Never-married,Tech-support,Not-in-family,Asian-Pac-Islander,Male,0,0,34,Unknown,<=50K,0,0,0,714,0.0,0.0,18-25
41,State-gov,214884,HS-grad,9,Married-civ-spouse,Exec-managerial,Husband,White,Male,0,0,45,United-States,<=50K,0,0,0,1845,0.0,0.0,36-45
77,Private,181612,Some-college,10,Married-civ-spouse,Farming-fishing,Unmarried,Asian-Pac-Islander,Female,0,0,16,United-States,<=50K,0,0,0,1232,0.0,0.0,66+
21,Private,299995,Some-college,10,Married-civ-spouse,Armed-Forces,Husband,White,Male,92545,0,44,United-States,>50K,1,0,92545,924,11.435461097186492,0.0,18-25
40,Private,194006,Masters,14,Widowed,Farming-fishing,Husband,White,Male,0,0,29,United-States,>50K,0,0,0,1160,0.0,0.0,36-45
24,State-gov,486448,Masters,14,Married-civ-spouse,Other-service,Unmarried,White,Male,0,2485,36,United-States,<=50K,0,1,-2485,864,0.0,7.818430272070656,18-25
75,Private,312204,Assoc-voc,11,Never-married,Prof-specialty,Other-relative,White,Male,77351,0,41,United-States,>50K,1,0,77351,3075,11.256121712163383,0.0,66+
59,Self-emp-not-inc,35614,Bachelors,13,Divorced,Exec-managerial,Husband,Other,Female,0,0,23,United-States,>50K,0,0,0,1357,0.0,0.0,56-65
65,Private,137075,Bachelors,13,Separated,Other-service,Husband,Asian-Pac-Islander,Male,0,0,71,United-States,>50K,0,0,0,4615,0.0,0.0,56-65
62,Private,327095,HS-grad,9,Married-civ-spouse,Armed-Forces,Other-relative,Other,Male,27162,0,34,United-States,>50K,1,0,27162,2108,10.209611032126512,0.0,56-65
58,Private,90648,Assoc-voc,11,Divorced,Farming-fishing,Own-child,White,Male,0,0,46,United-States,<=50K,0,0,0,2668,0.0,0.0,56-65
65,Self-emp-not-inc,50357,9th,5,Never-married,Handlers-cleaners,Husband,White,Male,0,0,55,United-States,<=50K,0,0,0,3575,0.0,0.0,56-65
18,Federal-gov,261930,Assoc-acdm,12,Married-civ-spouse,Handlers-cleaners,Husband,White,Male,0,0,43,United-States,<=50K,0,0,0,774,0.0,0.0,18-25
71,Private,138772,Masters,14,Never-married,Exec-managerial,Not-in-family,White,Female,0,0,28,United-States,<=50K,0,0,0,1988,0.0,0.0,66+
63,Private,20034,9th,5,Married-civ-spouse,Prof-specialty,Husband,Asian-Pac-Islander,Male,0,0,41,United-States,<=50K,0,0,0,2583,0.0,0.0,56-65
63,Private,350931,Bachelors,13,Married-spouse-absent,Adm-clerical,Husband,White,Male,0,0,22,United-States,<=50K,0,0,0,1386,0.0,0.0,56-65
42,State-gov,365833,Masters,14,Never-married,Protective-serv,Unmarried,White,Male,0,0,37,United-States,<=50K,0,0,0,1554,0.0,0.0,36-45
67,Private,357956,HS-grad,9,Married-civ-spouse,Handlers-cleaners,Own-child,White,Female,0,0,57,United-States,<=50K,0,0,0,3819,0.0,0.0,66+
41,Self-emp-not-inc,55865,Some-college,10,Never-married,Other-service,Not-in-family,White,Male,0,0,26,Mexico,<=50K,0,0,0,1066,0.0,0.0,36-45
21,Private,418489,Masters,14,Never-married,Armed-Forces,Own-child,White,Male,0,0,32,United-States,<=50K,0,0,0,672,0.0,0.0,18-25
74,Private,53749,Masters,14,Never-married,Exec-managerial,Not-in-family,White,Female,0,0,59,United-States,>50K,0,0,0,4366,0.0,0.0,66+
32,Private,274888,10th,6,Married-civ-spouse,Craft-repair,Husband,White,Female,0,0,38,United-States,<=50K,0,0,0,1216,0.0,0.0,26-35
24,Private,478715,HS-grad,9,Married-civ-spouse,Machine-op-inspct,Husband,Asian-Pac-Islander,Male,0,0,31,United-States,>50K,0,0,0,744,0.0,0.0,18-25
56,Self-emp-inc,402972,Assoc-voc,11,Never-married,Priv-house-serv,Husband,White,Male,0,0,44,United-States,>50K,0,0,0,2464,0.0,0.0,56-65
32,Local-gov,471309,HS-grad,9,Divorced,Sales,Other-relative,White,Male,0,0,35,United-States,<=50K,0,0,0,1120,0.0,0.0,26-35
71,Federal-gov,256561,HS-grad,9,Never-married,Sales,Husband,White,Male,0,0,13,United-States,>50K,0,0,0,923,0.0,0.0,66+
45,Private,218465,1st-4th,2,Married-civ-spouse,Exec-managerial,Wife,White,Male,16756,0,26,United-States,<=50K,1,0,16756,1170,9.726571360400724,0.0,36-45
18,Self-emp-not-inc,108785,11th,7,Never-married,Priv-house-serv,Wife,White,Male,0,0,61,United-States,<=50K,0,0,0,1098,0.0,0.0,18-25
77,Private,495179,Some-college,10,Married-civ-spouse,Armed-Forces,Not-in-family,Asian-Pac-Islander,Male,0,0,43,United-States,<=50K,0,0,0,3311,0.0,0.0,66+
49,Private,228262,Some-college,10,Never-married,Priv-house-serv,Not-in-family,White,Female,70654,0,55,United-States,<=50K,1,0,70654,2695,11.165564157016847,0.0,46-55
34,Private,307912,Some-college,10,Married-civ-spouse,Sales,Husband,Other,Female,0,2843,30,United-States,<=50K,0,1,-2843,1020,0.0,7.952966790923131,26-35
59,Private,94568,Assoc-acdm,12,Married-civ-spouse,Priv-house-serv,Husband,White,Male,0,0,39,United-States,<=50K,0,0,0,2301,0.0,0.0,56-65
50,Private,160385,HS-grad,9,Married-civ-spouse,Exec-managerial,Not-in-family,White,Female,0,0,38,United-States,<=50K,0,0,0,1900,0.0,0.0,46-55
19,Private,277483,HS-grad,9,Never-married,Protective-serv,Husband,White,Female,0,0,35,Cuba,<=50K,0,0,0,665,0.0,0.0,18-25
65,Private,417082,1st-4th,2,Married-civ-spouse,Armed-Forces,Own-child,White,Female,0,0,42,United-States,<=50K,0,0,0,2730,0.0,0.0,56-65
42,Private,262890,12th,8,Never-married,Transport-moving,Husband,White,Female,0,0,29,United-States,<=50K,0,0,0,1218,0.0,0.0,36-45
61,Private,105469,HS-grad,9,Married-civ-spouse,Armed-Forces,Husband,White,Female,0,584,52,United-States,<=50K,0,1,-584,3172,0.0,6.371611847231857,56-65
73,Private,138005,11th,7,Never-married,Craft-repair,Unmarried,White,Male,0,0,45,United-States,<=50K,0,0,0,3285,0.0,0.0,66+
55,Self-emp-not-inc,300257,1st-4th,2,Never-married,Farming-fishing,Not-in-family,White,Male,0,0,38,United-States,<=50K,0,0,0,2090,0.0,0.0,46-55
59,Private,248254,11th,7,Married-civ-spouse,Tech-support,Own-child,White,Male,0,0,41,United-States,<=50K,0,0,0,2419,0.0,0.0,56-65
33,Private,116498,Some-college,10,Married-civ-spouse,Farming-fishing,Other-relative,White,Male,0,0,37,United-States,<=50K,0,0,0,1221,0.0,0.0,26-35
32,Self-emp-not-inc,305791,Some-college,10,Married-civ-spouse,Exec-managerial,Husband,White,Female,0,0,23,United-States,<=50K,0,0,0,736,0.0,0.0,26-35
43,Local-gov,337740,Masters,14,Never-married,Armed-Forces,Unmarried,White,Female,0,0,30,United-States,<=50K,0,0,0,1290,0.0,0.0,36-45
70,Local-gov,223029,Bachelors,13,Widowed,Handlers-cleaners,Husband,White,Male,0,0,38,United-States,>50K,0,0,0,2660,0.0,0.0,66+
50,Self-emp-inc,450956,Some-college,10,Married-civ-spouse,Transport-moving,Unmarried,White,Male,0,0,36,United-States,<=50K,0,0,0,1800,0.0,0.0,46-55
39,Without-pay,119557,10th,6,Never-married,Exec-managerial,Other-relative,White,Male,0,0,46,United-States,<=50K,0,0,0,1794,0.0,0.0,36-45
66,Private,192661,Some-college,10,Never-married,Craft-repair,Other-relative,White,Male,0,0,46,United-States,<=50K,0,0,0,3036,0.0,0.0,66+
70,State-gov,477371,7th-8th,4,Never-married,Transport-moving,Wife,White,Male,0,0,34,United-States,<=50K,0,0,0,2380,0.0,0.0,66+
73,State-gov,45232,HS-grad,9,Divorced,Sales,Other-relative,White,Male,0,0,30,United-States,<=50K,0,0,0,2190,0.0,0.0,66+
36,Private,403241,HS-grad,9,Widowed,Transport-moving,Not-in-family,White,Female,0,0,48,United-States,<=50K,0,0,0,1728,0.0,0.0,36-45
61,Federal-gov,92849,HS-grad,9,Divorced,Handlers-cleaners,Husband,White,Male,0,0,42,Mexico,<=50K,0,0,0,2562,0.0,0.0,56-65
54,Self-emp-not-inc,114347,HS-grad,9,Never-married,Armed-Forces,Husband,White,Male,0,0,34,United-States,<=50K,0,0,0,1836,0.0,0.0,46-55
45,Self-emp-not-inc,90790,Assoc-voc,11,Married-civ-spouse,Exec-managerial,Not-in-family,White,Male,0,0,29,United-States,<=50K,0,0,0,1305,0.0,0.0,36-45
42,Local-gov,243578,Bachelors,13,Never-married,Prof-specialty,Unmarried,White,Female,0,0,33,United-States,>50K,0,0,0,1386,0.0,0.0,36-45
25,Private,115490,Assoc-acdm,12,Married-AF-spouse,Transport-moving,Not-in-family,Black,Male,0,0,44,United-States,<=50K,0,0,0,1100,0.0,0.0,18-25
35,Private,195296,Some-college,10,Separated,Priv-house-serv,Husband,White,Male,0,0,57,United-States,<=50K,0,0,0,1995,0.0,0.0,26-35
52,Private,101477,Some-college,10,Married-civ-spouse,Craft-repair,Not-in-family,White,Male,0,0,38,United-States,<=50K,0,0,0,1976,0.0,0.0,46-55
72,Self-emp-not-inc,498337,5th-6th,3,Never-married,Transport-moving,Own-child,White,Male,0,0,32,United-States,<=50K,0,0,0,2304,0.0,0.0,66+
71,Federal-gov,322458,Assoc-voc,11,Married-civ-spouse,Handlers-cleaners,Husband,White,Female,0,0,62,United-States,>50K,0,0,0,4402,0.0,0.0,66+
29,Federal-gov,363542,Some-college,10,Never-married,Armed-Forces,Not-in-family,White,Male,0,0,36,United-States,<=50K,0,0,0,1044,0.0,0.0,26-35
60,Self-emp-not-inc,38614,HS-grad,9,Married-civ-spouse,Adm-clerical,Not-in-family,White,Male,0,0,32,India,<=50K,0,0,0,1920,0.0,0.0,56-65
23,State-gov,328003,HS-grad,9,Never-married,Transport-moving,Not-in-family,White,Male,0,0,36,United-States,<=50K,0,0,0,828,0.0,0.0,18-25
59,Private,386141,Masters,14,Married-civ-spouse,Exec-managerial,Husband,White,Male,0,0,35,United-States,>50K,0,0,0,2065,0.0,0.0,56-65
39,State-gov,82081,Some-college,10,Married-civ-spouse,Sales,Husband,White,Male,0,0,53,United-States,<=50K,0,0,0,2067,0.0,0.0,36-45
45,Private,468139,HS-grad,9,Married-civ-spouse,Transport-moving,Not-in-family,Black,Male,0,0,23,United-States,<=50K,0,0,0,1035,0.0,0.0,36-45
62,Private,103212,Some-college,10,Married-civ-spouse,Tech-support,Own-child,Asian-Pac-Islander,Male,5538,0,46,United-States,<=50K,1,0,5538,2852,8.619569258033104,0.0,56-65
44,Private,462140,HS-grad,9,Married-civ-spouse,Adm-clerical,Unmarried,White,Male,0,0,40,United-States,<=50K,0,0,0,1760,0.0,0.0,36-45
68,Private,466365,HS-grad,9,Never-married,Armed-Forces,Unmarried,Black,Male,0,0,34,United-States,<=50K,0,0,0,2312,0.0,0.0,66+
51,Private,138075,HS-grad,9,Never-married,Armed-Forces,Unmarried,White,Male,0,3936,37,United-States,<=50K,0,1,-3936,1887,0.0,8.278174290943738,46-55
79,Private,230002,HS-grad,9,Never-married,Transport-moving,Unmarried,White,Male,0,0,37,United-States,>50K,0,0,0,2923,0.0,0.0,66+
57,Private,81282,Assoc-voc,11,Never-married,Handlers-cleaners,Husband,White,Female,0,0,41,Philippines,<=50K,0,0,0,2337,0.0,0.0,56-65
36,Self-emp-not-inc,17338,5th-6th,3,Married-civ-spouse,Priv-house-serv,Husband,White,Female,0,0,35,Mexico,<=50K,0,0,0,1260,0.0,0.0,36-45
66,Unknown,236324,Bachelors,13,Divorced,Tech-support,Not-in-family,White,Male,0,0,39,United-States,<=50K,0,0,0,2574,0.0,0.0,66+
43,Private,253438,HS-grad,9,Divorced,Priv-house-serv,Husband,White,Male,0,0,32,United-States,<=50K,0,0,0,1376,0.0,0.0,36-45
51,Private,92726,Assoc-voc,11,Married-civ-spouse,Other-service,Other-relative,White,Male,0,2986,62,Philippines,<=50K,0,1,-2986,3162,0.0,8.00202481821611,46-55
26,Private,312905,Some-college,10,Never-married,Transport-moving,Own-child,Other,Male,0,0,50,Japan,<=50K,0,0,0,1300,0.0,0.0,26-35
25,Private,456744,Some-college,10,Never-married,Exec-managerial,Other-relative,White,Male,0,0,45,United-States,<=50K,0,0,0,1125,0.0,0.0,18-25
53,Private,152455,Some-college,10,Never-married,Transport-moving,Husband,White,Female,0,0,36,United-States,<=50K,0,0,0,1908,0.0,0.0,46-55
29,Self-emp-not-inc,383663,Masters,14,Never-married,Adm-clerical,Other-relative,White,Female,0,0,48,United-States,<=50K,0,0,0,1392,0.0,0.0,26-35
79,Private,218482,Some-college,10,Married-civ-spouse,Armed-Forces,Husband,Asian-Pac-Islander,Female,0,0,43,Mexico,<=50K,0,0,0,3397,0.0,0.0,66+
71,Self-emp-inc,227361,Assoc-voc,11,Never-married,Priv-house-serv,Not-in-family,White,Male,0,0,41,United-States,<=50K,0,0,0,2911,0.0,0.0,66+
61,Unknown,145290,Assoc-voc,11,Married-civ-spouse,Protective-serv,Unmarried,White,Male,0,0,35,United-States,<=50K,0,0,0,2135,0.0,0.0,56-65
63,Self-emp-not-inc,494768,HS-grad,9,Separated,Other-service,Husband,White,Male,0,0,43,United-States,<=50K,0,0,0,2709,0.0,0.0,56-65
54,State-gov,226564,HS-grad,9,Married-civ-spouse,Prof-specialty,Husband,White,Female,0,0,57,United-States,<=50K,0,0,0,3078,0.0,0.0,46-55
21,Private,462086,HS-grad,9,Divorced,Handlers-cleaners,Own-child,White,Male,0,0,41,Other,<=50K,0,0,0,861,0.0,0.0,18-25
42,Private,492261,HS-grad,9,Divorced,Tech-support,Not-in-family,White,Male,0,0,37,United-States,<=50K,0,0,0,1554,0.0,0.0,36-45
48,Private,102100,HS-grad,9,Married-civ-spouse,Tech-support,Not-in-family,White,Female,0,0,41,United-States,<=50K,0,0,0,1968,0.0,0.0,46-55
74,Private,234995,HS-grad,9,Married-civ-spouse,Tech-support,Not-in-family,Asian-Pac-Islander,Male,0,0,40,United-States,<=50K,0,0,0,2960,0.0,0.0,66+
31,Private,46779,Some-college,10,Married-civ-spouse,Transport-moving,Wife,White,Male,0,0,35,United-States,<=50K,0,0,0,1085,0.0,0.0,26-35
48,Private,405170,HS-grad,9,Never-married,Handlers-cleaners,Wife,White,Male,0,501,33,United-States,<=50K,0,1,-501,1584,0.0,6.218600119691729,46-55
39,Local-gov,185528,Bachelors,13,Separated,Transport-moving,Unmarried,White,Male,0,0,48,United-States,<=50K,0,0,0,1872,0.0,0.0,36-45
26,State-gov,73047,HS-grad,9,Married-civ-spouse,Priv-house-serv,Not-in-family,White,Female,0,0,52,United-States,<=50K,0,0,0,1352,0.0,0.0,26-35
24,Private,118591,Assoc-voc,11,Divorced,Tech-support,Own-child,White,Female,0,0,63,United-States,<=50K,0,0,0,1512,0.0,0.0,18-25
40,Private,397050,9th,5,Never-married,Priv-house-serv,Own-child,Asian-Pac-Islander,Female,0,0,45,United-States,<=50K,0,0,0,1800,0.0,0.0,36-45
23,Private,56166,HS-grad,9,Divorced,Sales,Own-child,White,Female,0,0,41,United-States,<=50K,0,0,0,943,0.0,0.0,18-25
22,Private,258173,5th-6th,3,Never-married,Prof-specialty,Not-in-family,White,Male,43087,0,49,United-States,<=50K,1,0,43087,1078,10.67099981505138,0.0,18-25
39,Federal-gov,478228,Assoc-voc,11,Divorced,Armed-Forces,Not-in-family,White,Female,4961,0,31,United-States,<=50K,1,0,4961,1209,8.509564164251746,0.0,36-45
30,Private,189636,HS-grad,9,Divorced,Exec-managerial,Not-in-family,White,Male,0,0,46,United-States,<=50K,0,0,0,1380,0.0,0.0,26-35
52,Private,104011,Masters,14,Married-civ-spouse,Armed-Forces,Not-in-family,White,Male,0,0,50,United-States,>50K,0,0,0,2600,0.0,0.0,46-55
19,Private,292445,HS-grad,9,Married-civ-spouse,Machine-op-inspct,Other-relative,White,Male,0,0,50,United-States,<=50K,0,0,0,950,0.0,0.0,18-25
36,Private,319559,Some-college,10,Never-married,Tech-support,Husband,White,Female,0,0,57,Japan,<=50K,0,0,0,2052,0.0,0.0,36-45
46,Private,181836,HS-grad,9,Never-married,Priv-house-serv,Husband,White,Female,0,0,34,United-States,<=50K,0,0,0,1564,0.0,0.0,46-55
77,Private,364712,Some-college,10,Married-civ-spouse,Tech-support,Husband,White,Male,30284,0,35,United-States,>50K,1,0,30284,2695,10.318407819415048,0.0,66+
57,Private,406763,HS-grad,9,Separated,Adm-clerical,Unmarried,White,Female,0,4448,38,United-States,<=50K,0,1,-4448,2166,0.0,8.400434630806041,56-65
72,Private,325125,HS-grad,9,Married-civ-spouse,Handlers-cleaners,Husband,White,Male,0,0,29,United-States,<=50K,0,0,0,2088,0.0,0.0,66+
39,Federal-gov,396683,12th,8,Married-civ-spouse,Craft-repair,Husband,White,Male,0,0,45,United-States,<=50K,0,0,0,1755,0.0,0.0,36-45
45,Private,180488,10th,6,Separated,Machine-op-inspct,Not-in-family,White,Male,0,0,47,United-States,<=50K,0,0,0,2115,0.0,0.0,36-45
44,Self-emp-not-inc,122686,10th,6,Separated,Prof-specialty,Own-child,Other,Female,0,0,46,United-States,<=50K,0,0,0,2024,0.0,0.0,36-45
73,Private,446467,Doctorate,16,Divorced,Craft-repair,Husband,White,Female,0,0,41,United-States,>50K,0,0,0,2993,0.0,0.0,66+
77,Private,221692,HS-grad,9,Married-civ-spouse,Machine-op-inspct,Not-in-family,White,Male,0,4912,50,United-States,<=50K,0,1,-4912,3850,0.0,8.499640032168648,66+
77,Federal-gov,62961,Preschool,1,Married-civ-spouse,Tech-support,Unmarried,White,Male,0,0,46,United-States,<=50K,0,0,0,3542,0.0,0.0,66+
64,Private,77839,Masters,14,Married-civ-spouse,Machine-op-inspct,Own-child,White,Male,55285,0,34,United-States,>50K,1,0,55285,2176,10.920274990901907,0.0,56-65
49,Private,489405,1st-4th,2,Never-married,Sales,Husband,White,Male,0,0,11,United-States,<=50K,0,0,0,539,0.0,0.0,46-55
51,Private,12733,HS-grad,9,Married-civ-spouse,Priv-house-serv,Unmarried,Black,Male,0,0,37,United-States,<=50K,0,0,0,1887,0.0,0.0,46-55
78,Self-emp-not-inc,431631,Assoc-voc,11,Never-married,Armed-Forces,Not-in-family,White,Female,0,0,40,United-States,<=50K,0,0,0,3120,0.0,0.0,66+
35,Local-gov,155277,Bachelors,13,Married-civ-spouse,Armed-Forces,Not-in-family,White,Male,0,0,40,United-States,<=50K,0,0,0,1400,0.0,0.0,26-35
39,Private,498280,Assoc-voc,11,Divorced,Armed-Forces,Husband,White,Female,0,0,38,United-States,<=50K,0,0,0,1482,0.0,0.0,36-45
73,Private,284696,HS-grad,9,Married-civ-spouse,Craft-repair,Own-child,Black,Male,0,0,35,United-States,<=50K,0,0,0,2555,0.0,0.0,66+
41,Private,377858,Prof-school,15,Divorced,Machine-op-inspct,Husband,White,Female,0,0,32,United-States,<=50K,0,0,0,1312,0.0,0.0,36-45
32,Private,382062,5th-6th,3,Never-married,Sales,Husband,Asian-Pac-Islander,Male,0,0,30,United-States,<=50K,0,0,0,960,0.0,0.0,26-35
52,Private,228958,Doctorate,16,Married-spouse-absent,Craft-repair,Not-in-family,White,Male,0,0,44,United-States,>50K,0,0,0,2288,0.0,0.0,46-55
38,Private,475450,Bachelors,13,Separated,Prof-specialty,Not-in-family,Black,Male,0,0,51,United-States,<=50K,0,0,0,1938,0.0,0.0,36-45
73,Self-emp-not-inc,363092,Masters,14,Never-married,Handlers-cleaners,Other-relative,White,Male,26244,0,27,United-States,>50K,1,0,26244,1971,10.1752307736864,0.0,66+
74,Private,217203,HS-grad,9,Married-civ-spouse,Exec-managerial,Own-child,Black,Male,0,0,39,Philippines,<=50K,0,0,0,2886,0.0,0.0,66+
36,Self-emp-not-inc,184604,10th,6,Separated,Craft-repair,Husband,Asian-Pac-Islander,Male,0,0,48,United-States,<=50K,0,0,0,1728,0.0,0.0,36-45
50,Private,11680,Some-college,10,Separated,Prof-specialty,Not-in-family,Asian-Pac-Islander,Male,0,227,38,United-States,<=50K,0,1,-227,1900,0.0,5.429345628954441,46-55
79,Self-emp-not-inc,122369,Some-college,10,Separated,Other-service,Own-child,Black,Male,0,0,47,United-States,<=50K,0,0,0,3713,0.0,0.0,66+
64,Private,328465,Some-college,10,Divorced,Tech-support,Own-child,White,Male,0,0,51,United-States,<=50K,0,0,0,3264,0.0,0.0,56-65
31,Private,346969,Masters,14,Married-civ-spouse,Handlers-cleaners,Husband,White,Male,0,0,44,United-States,<=50K,0,0,0,1364,0.0,0.0,26-35
54,Private,111292,Some-college,10,Never-married,Tech-support,Own-child,White,Female,0,0,35,United-States,<=50K,0,0,0,1890,0.0,0.0,46-55
56,Private,234829,HS-grad,9,Married-civ-spouse,Armed-Forces,Own-child,White,Male,0,0,53,United-States,>50K,0,0,0,2968,0.0,0.0,56-65
58,Private,292257,HS-grad,9,Married-civ-spouse,Priv-house-serv,Husband,White,Female,0,0,37,United-States,<=50K,0,0,0,2146,0.0,0.0,56-65
19,Private,106177,10th,6,Married-civ-spouse,Protective-serv,Other-relative,White,Male,0,0,37,United-States,<=50K,0,0,0,703,0.0,0.0,18-25
36,Private,231417,12th,8,Never-married,Craft-repair,Wife,White,Male,0,0,45,United-States,<=50K,0,0,0,1620,0.0,0.0,36-45
70,Private,404030,10th,6,Married-civ-spouse,Handlers-cleaners,Husband,White,Male,0,0,37,Philippines,<=50K,0,0,0,2590,0.0,0.0,66+
32,Local-gov,146307,Bachelors,13,Never-married,Unknown,Husband,Asian-Pac-Islander,Female,0,0,38,United-States,<=50K,0,0,0,1216,0.0,0.0,26-35
36,Self-emp-not-inc,386481,Assoc-voc,11,Never-married,Unknown,Husband,White,Male,0,0,36,United-States,<=50K,0,0,0,1296,0.0,0.0,36-45
37,Private,156400,Some-college,10,Divorced,Exec-managerial,Husband,White,Female,0,0,38,United-States,<=50K,0,0,0,1406,0.0,0.0,36-45
28,State-gov,57087,HS-grad,9,Married-civ-spouse,Priv-house-serv,Wife,Asian-Pac-Islander,Male,0,0,42,United-States,<=50K,0,0,0,1176,0.0,0.0,26-35
27,Private,177679,Some-college,10,Widowed,Exec-managerial,Wife,White,Female,0,0,20,United-States,<=50K,0,0,0,540,0.0,0.0,26-35
39,Private,215309,Bachelors,13,Married-civ-spouse,Armed-Forces,Husband,White,Male,0,0,39,United-States,<=50K,0,0,0,1521,0.0,0.0,36-45
72,Self-emp-inc,95566,Bachelors,13,Divorced,Craft-repair,Unmarried,White,Female,0,0,22,United-States,<=50K,0,0,0,1584,0.0,0.0,66+
18,Private,366650,Some-college,10,Divorced,Farming-fishing,Husband,White,Male,17240,0,36,United-States,<=50K,1,0,17240,648,9.75504554717585,0.0,18-25
35,Private,355807,Bachelors,13,Married-civ-spouse,Tech-support,Husband,White,Female,0,0,43,United-States,<=50K,0,0,0,1505,0.0,0.0,26-35
21,Unknown,280801,Some-college,10,Never-married,Protective-serv,Unmarried,White,Male,0,0,37,United-States,<=50K,0,0,0,777,0.0,0.0,18-25
52,Private,203335,HS-grad,9,Married-civ-spouse,Exec-managerial,Not-in-family,White,Female,93687,0,47,United-States,>50K,1,0,93687,2444,11.447725391721972,0.0,46-55
33,Private,38481,Bachelors,13,Separated,Tech-support,Not-in-family,Asian-Pac-Islander,Male,0,0,43,United-States,<=50K,0,0,0,1419,0.0,0.0,26-35
67,Private,361874,HS-grad,9,Married-civ-spouse,Priv-house-serv,Husband,Black,Female,0,0,18,United-States,<=50K,0,0,0,1206,0.0,0.0,66+
54,Private,175075,HS-grad,9,Married-AF-spouse,Armed-Forces,Unmarried,White,Male,0,0,52,United-States,<=50K,0,0,0,2808,0.0,0.0,46-55
66,Private,295355,HS-grad,9,Never-married,Protective-serv,Not-in-family,Other,Female,0,0,42,Mexico,<=50K,0,0,0,2772,0.0,0.0,66+
57,Unknown,166058,Some-college,10,Married-civ-spouse,Handlers-cleaners,Not-in-family,White,Male,0,0,34,United-States,<=50K,0,0,0,1938,0.0,0.0,56-65
45,Private,121278,Some-college,10,Never-married,Tech-support,Not-in-family,White,Male,0,0,35,United-States,<=50K,0,0,0,1575,0.0,0.0,36-45
71,Federal-gov,298695,Some-college,10,Married-civ-spouse,Sales,Husband,White,Male,73803,0,19,Mexico,>50K,1,0,73803,1349,11.209168209661772,0.0,66+
47,Self-emp-not-inc,167415,HS-grad,9,Widowed,Tech-support,Unmarried,White,Female,59703,0,42,United-States,<=50K,1,0,59703,1974,10.997154298811223,0.0,46-55
76,Private,218292,HS-grad,9,Never-married,Tech-support,Unmarried,White,Female,0,0,47,United-States,<=50K,0,0,0,3572,0.0,0.0,66+
79,Self-emp-not-inc,462734,Bachelors,13,Divorced,Other-service,Not-in-family,Black,Male,48591,0,33,United-States,>50K,1,0,48591,2607,10.79121418728553,0.0,66+
54,Private,134538,HS-grad,9,Married-civ-spouse,Machine-op-inspct,Husband,White,Male,0,0,31,United-States,<=50K,0,0,0,1674,0.0,0.0,46-55
59,Private,216656,Masters,14,Married-AF-spouse,Transport-moving,Not-in-family,White,Male,23797,0,41,United-States,>50K,1,0,23797,2419,10.0773568225151,0.0,56-65
33,Private,173270,12th,8,Never-married,Adm-clerical,Husband,White,Male,0,0,52,Unknown,<=50K,0,0,0,1716,0.0,0.0,26-35
68,Private,65478,Some-college,10,Divorced,Other-service,Husband,White,Female,0,0,51,United-States,<=50K,0,0,0,3468,0.0,0.0,66+
59,Self-emp-not-inc,217521,Some-college,10,Married-civ-spouse,Adm-clerical,Own-child,White,Male,0,0,48,United-States,<=50K,0,0,0,2832,0.0,0.0,56-65
73,State-gov,325166,Bachelors,13,Married-civ-spouse,Sales,Not-in-family,White,Male,0,0,60,United-States,>50K,0,0,0,4380,0.0,0.0,66+
34,Private,170441,10th,6,Never-married,Handlers-cleaners,Unmarried,White,Male,0,0,49,United-States,<=50K,0,0,0,1666,0.0,0.0,26-35
66,Private,177702,Bachelors,13,Never-married,Protective-serv,Own-child,White,Male,0,0,52,India,>50K,0,0,0,3432,0.0,0.0,66+
47,Private,339639,Some-college,10,Never-married,Craft-repair,Not-in-family,White,Female,0,0,41,Canada,>50K,0,0,0,1927,0.0,0.0,46-55
29,Private,238175,Some-college,10,Never-married,Protective-serv,Other-relative,Black,Male,0,0,37,United-States,<=50K,0,0,0,1073,0.0,0.0,26-35
28,Private,295590,Some-college,10,Never-married,Sales,Own-child,White,Male,0,0,51,United-States,<=50K,0,0,0,1428,0.0,0.0,26-35
52,State-gov,111155,5th-6th,3,Divorced,Farming-fishing,Husband,Asian-Pac-Islander,Female,0,0,30,United-States,<=50K,0,0,0,1560,0.0,0.0,46-55
37,Self-emp-inc,234872,HS-grad,9,Never-married,Sales,Husband,Black,Male,10677,0,44,United-States,<=50K,1,0,10677,1628,9.275940829060131,0.0,36-45
24,State-gov,16252,HS-grad,9,Married-civ-spouse,Other-service,Other-relative,White,Male,0,0,34,United-States,<=50K,0,0,0,816,0.0,0.0,18-25
44,Private,288919,HS-grad,9,Never-married,Unknown,Husband,White,Male,0,0,43,United-States,<=50K,0,0,0,1892,0.0,0.0,36-45
58,Private,296485,Some-college,10,Married-civ-spouse,Prof-specialty,Own-child,White,Female,0,0,43,Cuba,>50K,0,0,0,2494,0.0,0.0,56-65
37,Private,93666,HS-grad,9,Never-married,Machine-op-inspct,Husband,Other,Male,0,3792,42,United-States,<=50K,0,1,-3792,1554,0.0,8.2409125416889,36-45
77,Local-gov,222760,9th,5,Separated,Sales,Husband,White,Male,0,0,40,United-States,<=50K,0,0,0,3080,0.0,0.0,66+
66,Private,346373,7th-8th,4,Never-married,Armed-Forces,Wife,White,Male,0,0,45,United-States,<=50K,0,0,0,2970,0.0,0.0,66+
49,Private,208674,12th,8,Married-civ-spouse,Farming-fishing,Not-in-family,White,Male,0,3808,47,United-States,<=50K,0,1,-3808,2303,0.0,8.245121966478605,46-55
75,Private,482031,12th,8,Never-married,Priv-house-serv,Wife,White,Female,0,0,26,Mexico,<=50K,0,0,0,1950,0.0,0.0,66+
44,Self-emp-not-inc,462287,Some-college,10,Married-civ-spouse,Transport-moving,Not-in-family,White,Female,0,0,40,United-States,<=50K,0,0,0,1760,0.0,0.0,36-45
26,Self-emp-not-inc,82932,11th,7,Married-civ-spouse,Transport-moving,Not-in-family,White,Female,0,0,36,United-States,<=50K,0,0,0,936,0.0,0.0,26-35
20,Private,137980,Bachelors,13,Never-married,Craft-repair,Other-relative,White,Male,0,0,42,United-States,<=50K,0,0,0,840,0.0,0.0,18-25
76,Private,165537,HS-grad,9,Never-married,Adm-clerical,Own-child,Black,Male,0,0,36,United-States,<=50K,0,0,0,2736,0.0,0.0,66+
77,Self-emp-not-inc,297329,9th,5,Married-civ-spouse,Protective-serv,Not-in-family,White,Female,0,0,53,United-States,<=50K,0,0,0,4081,0.0,0.0,66+
63,Private,303484,Bachelors,13,Widowed,Craft-repair,Not-in-family,White,Male,0,0,39,United-States,>50K,0,0,0,2457,0.0,0.0,56-65
24,Private,415165,HS-grad,9,Divorced,Handlers-cleaners,Husband,Asian-Pac-Islander,Male,0,0,50,United-States,<=50K,0,0,0,1200,0.0,0.0,18-25
36,Private,185985,HS-grad,9,Separated,Other-service,Own-child,White,Male,0,0,30,United-States,<=50K,0,0,0,1080,0.0,0.0,36-45
20,Private,232929,Masters,14,Never-married,Priv-house-serv,Own-child,Other,Male,0,0,37,United-States,<=50K,0,0,0,740,0.0,0.0,18-25
21,Private,249680,Masters,14,Separated,Armed-Forces,Not-in-family,White,Male,0,0,34,United-States,<=50K,0,0,0,714,0.0,0.0,18-25
33,State-gov,379072,Assoc-voc,11,Never-married,Tech-support,Husband,White,Male,0,0,44,United-States,<=50K,0,0,0,1452,0.0,0.0,26-35
53,Private,232813,7th-8th,4,Married-spouse-absent,Priv-house-serv,Unmarried,White,Male,0,0,28,United-States,<=50K,0,0,0,1484,0.0,0.0,46-55
22,Private,284135,Some-college,10,Never-married,Prof-specialty,Other-relative,White,Male,0,0,23,United-States,<=50K,0,0,0,506,0.0,0.0,18-25
79,Private,56011,Doctorate,16,Married-civ-spouse,Armed-Forces,Not-in-family,Asian-Pac-Islander,Male,0,0,34,United-States,>50K,0,0,0,2686,0.0,0.0,66+
46,Private,181991,Masters,14,Married-civ-spouse,Tech-support,Unmarried,White,Male,0,0,46,United-States,<=50K,0,0,0,2116,0.0,0.0,46-55
34,Private,232522,9th,5,Never-married,Other-service,Not-in-family,White,Female,0,0,32,United-States,<=50K,0,0,0,1088,0.0,0.0,26-35
49,Private,454459,HS-grad,9,Married-civ-spouse,Transport-moving,Own-child,White,Male,0,0,43,China,<=50K,0,0,0,2107,0.0,0.0,46-55
66,Private,65997,HS-grad,9,Widowed,Transport-moving,Own-child,White,Male,26609,0,34,United-States,>50K,1,0,26609,2244,10.189042363971735,0.0,66+
37,Private,194621,10th,6,Married-civ-spouse,Unknown,Not-in-family,White,Female,0,0,22,United-States,<=50K,0,0,0,814,0.0,0.0,36-45
20,Private,323683,Assoc-voc,11,Separated,Other-service,Husband,White,Male,0,0,49,Japan,<=50K,0,0,0,980,0.0,0.0,18-25
21,Private,234827,HS-grad,9,Divorced,Exec-managerial,Unmarried,Black,Female,0,0,46,United-States,<=50K,0,0,0,966,0.0,0.0,18-25
70,Private,158551,HS-grad,9,Never-married,Tech-support,Own-child,White,Male,0,0,40,United-States,<=50K,0,0,0,2800,0.0,0.0,66+
24,Private,327396,9th,5,Widowed,Transport-moving,Own-child,Asian-Pac-Islander,Male,0,0,40,United-States,<=50K,0,0,0,960,0.0,0.0,18-25
57,Private,25654,HS-grad,9,Married-civ-spouse,Farming-fishing,Not-in-family,White,Male,0,0,38,United-States,<=50K,0,0,0,2166,0.0,0.0,56-65
41,Private,300873,11th,7,Never-married,Transport-moving,Other-relative,White,Male,0,0,30,Germany,<=50K,0,0,0,1230,0.0,0.0,36-45
66,Local-gov,439253,HS-grad,9,Married-civ-spouse,Unknown,Other-relative,White,Male,0,0,53,United-States,>50K,0,0,0,3498,0.0,0.0,66+
21,Private,261121,10th,6,Never-married,Adm-clerical,Own-child,White,Male,62357,0,39,United-States,<=50K,1,0,62357,819,11.040647250816477,0.0,18-25
73,Federal-gov,398160,Masters,14,Never-married,Adm-clerical,Husband,White,Female,0,0,44,United-States,<=50K,0,0,0,3212,0.0,0.0,66+
61,Private,348130,10th,6,Married-civ-spouse,Farming-fishing,Not-in-family,Black,Male,0,0,35,United-States,<=50K,0,0,0,2135,0.0,0.0,56-65
45,Self-emp-inc,314756,Some-college,10,Married-civ-spouse,Handlers-cleaners,Unmarried,White,Female,0,0,44,Mexico,<=50K,0,0,0,1980,0.0,0.0,36-45
30,Private,349937,12th,8,Divorced,Farming-fishing,Husband,White,Male,56185,0,51,United-States,>50K,1,0,56185,1530,10.936422894528368,0.0,26-35
78,Private,489236,7th-8th,4,Married-civ-spouse,Farming-fishing,Not-in-family,White,Female,0,0,42,United-States,<=50K,0,0,0,3276,0.0,0.0,66+
36,Private,269455,12th,8,Never-married,Adm-clerical,Own-child,White,Female,0,0,44,United-States,<=50K,0,0,0,1584,0.0,0.0,36-45
48,Private,146798,7th-8th,4,Married-civ-spouse,Unknown,Not-in-family,White,Female,0,0,49,Mexico,<=50K,0,0,0,2352,0.0,0.0,46-55
42,Local-gov,257729,10th,6,Widowed,Exec-managerial,Own-child,White,Male,0,3582,47,China,<=50K,0,1,-3582,1974,0.0,8.183955717304954,36-45
32,Private,244593,HS-grad,9,Married-spouse-absent,Protective-serv,Unmarried,White,Male,0,0,50,England,<=50K,0,0,0,1600,0.0,0.0,26-35
43,Private,90697,Some-college,10,Separated,Tech-support,Own-child,Other,Male,0,0,43,Other,<=50K,0,0,0,1849,0.0,0.0,36-45
27,Unknown,477329,9th,5,Never-married,Handlers-cleaners,Not-in-family,White,Male,0,0,43,United-States,<=50K,0,0,0,1161,0.0,0.0,26-35
18,Private,358342,HS-grad,9,Married-civ-spouse,Handlers-cleaners,Not-in-family,White,Female,0,0,42,United-States,<=50K,0,0,0,756,0.0,0.0,18-25
35,Private,186872,Some-college,10,Never-married,Protective-serv,Husband,Asian-Pac-Islander,Male,0,4709,49,United-States,<=50K,0,1,-4709,1715,0.0,8.457443187010464,26-35
24,Self-emp-inc,495638,HS-grad,9,Never-married,Tech-support,Husband,White,Male,0,0,36,United-States,<=50K,0,0,0,864,0.0,0.0,18-25
43,Private,165152,HS-grad,9,Married-spouse-absent,Sales,Not-in-family,White,Male,0,0,45,United-States,<=50K,0,0,0,1935,0.0,0.0,36-45
71,Self-emp-not-inc,152504,7th-8th,4,Married-civ-spouse,Handlers-cleaners,Not-in-family,White,Male,59811,0,63,United-States,<=50K,1,0,59811,4473,10.998961588703734,0.0,66+
28,Private,109509,HS-grad,9,Married-civ-spouse,Priv-house-serv,Not-in-family,White,Male,0,0,44,United-States,<=50K,0,0,0,1232,0.0,0.0,26-35
18,State-gov,108124,HS-grad,9,Married-AF-spouse,Handlers-cleaners,Not-in-family,White,Male,0,0,28,United-States,<=50K,0,0,0,504,0.0,0.0,18-25
24,Private,304091,Doctorate,16,Never-married,Adm-clerical,Own-child,White,Male,0,0,37,United-States,>50K,0,0,0,888,0.0,0.0,18-25
49,Private,470348,Doctorate,16,Married-civ-spouse,Other-service,Unmarried,White,Male,11362,0,46,United-States,>50K,1,0,11362,2254,9.338117741918008,0.0,46-55
35,Local-gov,279495,Prof-school,15,Never-married,Armed-Forces,Own-child,White,Male,0,0,33,Mexico,<=50K,0,0,0,1155,0.0,0.0,26-35
48,Private,211330,HS-grad,9,Married-civ-spouse,Transport-moving,Husband,White,Male,0,0,30,United-States,<=50K,0,0,0,1440,0.0,0.0,46-55
19,Private,412793,9th,5,Never-married,Tech-support,Unmarried,White,Male,0,0,26,United-States,<=50K,0,0,0,494,0.0,0.0,18-25
38,Private,349208,HS-grad,9,Married-civ-spouse,Farming-fishing,Unmarried,White,Male,0,0,38,United-States,<=50K,0,0,0,1444,0.0,0.0,36-45
43,Private,82984,HS-grad,9,Married-civ-spouse,Unknown,Own-child,Black,Male,0,0,56,United-States,<=50K,0,0,0,2408,0.0,0.0,36-45
44,Local-gov,240826,1st-4th,2,Married-civ-spouse,Machine-op-inspct,Husband,White,Male,0,1507,35,United-States,<=50K,0,1,-1507,1540,0.0,7.318539548567902,36-45
52,Self-emp-inc,319408,9th,5,Married-civ-spouse,Farming-fishing,Not-in-family,Asian-Pac-Islander,Female,0,0,49,Puerto-Rico,<=50K,0,0,0,2548,0.0,0.0,46-55
66,Private,285699,HS-grad,9,Divorced,Protective-serv,Husband,Black,Male,0,0,37,United-States,<=50K,0,0,0,2442,0.0,0.0,66+
46,State-gov,17594,HS-grad,9,Married-civ-spouse,Tech-support,Not-in-family,White,Female,0,0,36,United-States,<=50K,0,0,0,1656,0.0,0.0,46-55
70,Private,173621,11th,7,Divorced,Exec-managerial,Husband,White,Male,0,0,45,United-States,<=50K,0,0,0,3150,0.0,0.0,66+
50,Federal-gov,494754,Assoc-voc,11,Never-married,Farming-fishing,Husband,White,Male,0,0,25,United-States,<=50K,0,0,0,1250,0.0,0.0,46-55
34,Private,387623,HS-grad,9,Never-married,Sales,Husband,White,Male,0,0,57,United-States,<=50K,0,0,0,1938,0.0,0.0,26-35
32,Private,372953,Bachelors,13,Never-married,Farming-fishing,Not-in-family,White,Male,0,0,45,United-States,>50K,0,0,0,1440,0.0,0.0,26-35
37,Private,256963,HS-grad,9,Married-civ-spouse,Other-service,Not-in-family,White,Male,0,0,51,Philippines,<=50K,0,0,0,1887,0.0,0.0,36-45
55,Private,283795,Some-college,10,Married-civ-spouse,Other-service,Husband,White,Female,0,4155,37,United-States,<=50K,0,1,-4155,2035,0.0,8.332308352219117,46-55
33,Private,246192,11th,7,Never-married,Machine-op-inspct,Own-child,Amer-Indian-Eskimo,Male,66432,0,45,United-States,<=50K,1,0,66432,1485,11.103949199958723,0.0,26-35
74,Private,128026,HS-grad,9,Separated,Farming-fishing,Husband,White,Male,0,0,49,United-States,>50K,0,0,0,3626,0.0,0.0,66+
47,Private,284825,11th,7,Married-spouse-absent,Other-service,Not-in-family,White,Male,0,0,39,United-States,<=50K,0,0,0,1833,0.0,0.0,46-55
71,Private,423950,11th,7,Widowed,Protective-serv,Not-in-family,White,Male,0,0,31,United-States,>50K,0,0,0,2201,0.0,0.0,66+
60,Private,469375,Some-college,10,Never-married,Protective-serv,Other-relative,White,Male,0,0,31,United-States,<=50K,0,0,0,1860,0.0,0.0,56-65
38,Private,181971,HS-grad,9,Separated,Craft-repair,Unmarried,White,Female,0,0,36,United-States,<=50K,0,0,0,1368,0.0,0.0,36-45
32,Private,410976,11th,7,Divorced,Exec-managerial,Husband,White,Female,0,0,42,United-States,<=50K,0,0,0,1344,0.0,0.0,26-35
64,Local-gov,165791,Masters,14,Never-married,Machine-op-inspct,Unmarried,White,Male,0,0,38,United-States,>50K,0,0,0,2432,0.0,0.0,56-65
38,Private,39351,5th-6th,3,Widowed,Handlers-cleaners,Husband,White,Female,0,0,35,United-States,<=50K,0,0,0,1330,0.0,0.0,36-45
33,State-gov,156779,Some-college,10,Never-married,Sales,Husband,Other,Male,0,0,47,United-States,<=50K,0,0,0,1551,0.0,0.0,26-35
75,Federal-gov,185978,Some-college,10,Married-civ-spouse,Machine-op-inspct,Husband,White,Female,0,0,35,United-States,>50K,0,0,0,2625,0.0,0.0,66+
47,Private,498362,HS-grad,9,Married-civ-spouse,Armed-Forces,Not-in-family,Asian-Pac-Islander,Male,0,0,34,United-States,<=50K,0,0,0,1598,0.0,0.0,46-55
21,Private,85484,HS-grad,9,Married-civ-spouse,Exec-managerial,Not-in-family,White,Male,0,0,49,United-States,<=50K,0,0,0,1029,0.0,0.0,18-25
48,Private,225045,9th,5,Married-civ-spouse,Sales,Husband,Black,Male,0,0,46,Mexico,<=50K,0,0,0,2208,0.0,0.0,46-55
46,Self-emp-inc,456853,Assoc-voc,11,Never-married,Transport-moving,Unmarried,White,Male,0,0,28,United-States,<=50K,0,0,0,1288,0.0,0.0,46-55
71,Private,120566,HS-grad,9,Never-married,Machine-op-inspct,Unmarried,White,Male,34964,0,27,United-States,<=50K,1,0,34964,1917,10.462102840137968,0.0,66+
62,Without-pay,130659,12th,8,Married-civ-spouse,Farming-fishing,Unmarried,White,Male,0,0,29,United-States,<=50K,0,0,0,1798,0.0,0.0,56-65
29,Local-gov,310324,HS-grad,9,Never-married,Farming-fishing,Husband,White,Male,0,0,40,United-States,<=50K,0,0,0,1160,0.0,0.0,26-35
27,Private,385649,Bachelors,13,Married-civ-spouse,Transport-moving,Unmarried,White,Male,0,0,52,United-States,<=50K,0,0,0,1404,0.0,0.0,26-35
55,Unknown,139633,Bachelors,13,Never-married,Transport-moving,Not-in-family,White,Male,0,0,54,Philippines,>50K,0,0,0,2970,0.0,0.0,46-55
20,Private,311156,Masters,14,Married-civ-spouse,Adm-clerical,Not-in-family,White,Male,0,0,48,United-States,>50K,0,0,0,960,0.0,0.0,18-25
37,Self-emp-not-inc,320447,Some-college,10,Divorced,Handlers-cleaners,Husband,White,Male,71421,0,59,United-States,<=50K,1,0,71421,2183,11.176361224116755,0.0,36-45
26,Self-emp-inc,385834,Some-college,10,Never-married,Handlers-cleaners,Other-relative,White,Male,0,0,42,United-States,<=50K,0,0,0,1092,0.0,0.0,26-35
19,Private,294100,HS-grad,9,Never-married,Sales,Not-in-family,White,Female,0,0,51,United-States,<=50K,0,0,0,969,0.0,0.0,18-25
74,Private,337958,Bachelors,13,Never-married,Handlers-cleaners,Not-in-family,White,Male,0,0,34,United-States,<=50K,0,0,0,2516,0.0,0.0,66+
23,Private,186316,Some-college,10,Married-civ-spouse,Adm-clerical,Unmarried,White,Male,0,0,24,United-States,<=50K,0,0,0,552,0.0,0.0,18-25
18,Local-gov,150903,HS-grad,9,Never-married,Transport-moving,Husband,White,Female,0,0,37,United-States,<=50K,0,0,0,666,0.0,0.0,18-25
75,Private,213755,Some-college,10,Married-civ-spouse,Transport-moving,Not-in-family,White,Male,0,0,39,United-States,>50K,0,0,0,2925,0.0,0.0,66+
29,Local-gov,254156,Some-college,10,Divorced,Prof-specialty,Husband,White,Male,0,0,66,United-States,<=50K,0,0,0,1914,0.0,0.0,26-35
68,Private,280202,10th,6,Never-married,Transport-moving,Husband,White,Female,0,0,40,United-States,<=50K,0,0,0,2720,0.0,0.0,66+
19,Private,94476,HS-grad,9,Never-married,Handlers-cleaners,Husband,White,Female,0,0,30,United-States,<=50K,0,0,0,570,0.0,0.0,18-25
27,Local-gov,411207,HS-grad,9,Separated,Unknown,Husband,Other,Male,0,0,50,United-States,<=50K,0,0,0,1350,0.0,0.0,26-35
24,Private,123438,Bachelors,13,Married-civ-spouse,Other-service,Husband,White,Male,0,0,32,United-States,<=50K,0,0,0,768,0.0,0.0,18-25
61,Private,134569,HS-grad,9,Never-married,Sales,Wife,White,Female,0,0,41,United-States,<=50K,0,0,0,2501,0.0,0.0,56-65
56,Private,70890,Bachelors,13,Married-civ-spouse,Farming-fishing,Wife,White,Female,0,0,49,United-States,>50K,0,0,0,2744,0.0,0.0,56-65
47,Private,139684,HS-grad,9,Never-married,Sales,Not-in-family,White,Male,0,0,31,United-States,<=50K,0,0,0,1457,0.0,0.0,46-55
32,Private,439272,Assoc-acdm,12,Never-married,Craft-repair,Husband,Asian-Pac-Islander,Male,0,0,55,United-States,<=50K,0,0,0,1760,0.0,0.0,26-35
23,Private,438178,10th,6,Never-married,Sales,Wife,White,Male,49318,1354,51,United-States,<=50K,1,1,47964,1173,10.806064681322521,7.2115567333138015,18-25
53,Private,149977,Masters,14,Never-married,Unknown,Own-child,White,Male,0,0,44,United-States,>50K,0,0,0,2332,0.0,0.0,46-55
32,Private,130112,HS-grad,9,Never-married,Other-service,Own-child,White,Female,0,0,58,United-States,<=50K,0,0,0,1856,0.0,0.0,26-35
54,Private,74424,HS-grad,9,Married-civ-spouse,Other-service,Wife,White,Female,0,0,36,United-States,<=50K,0,0,0,1944,0.0,0.0,46-55
60,Private,173057,HS-grad,9,Married-spouse-absent,Prof-specialty,Unmarried,White,Female,0,0,48,United-States,<=50K,0,0,0,2880,0.0,0.0,56-65
70,Private,128075,HS-grad,9,Widowed,Prof-specialty,Husband,White,Male,0,0,43,United-States,<=50K,0,0,0,3010,0.0,0.0,66+
48,Without-pay,47955,HS-grad,9,Divorced,Protective-serv,Husband,White,Female,0,2430,34,United-States,<=50K,0,1,-2430,1632,0.0,7.796057974316123,46-55
18,Private,138949,Assoc-voc,11,Married-civ-spouse,Sales,Husband,Asian-Pac-Islander,Male,0,0,34,United-States,<=50K,0,0,0,612,0.0,0.0,18-25
35,Private,124197,Masters,14,Married-civ-spouse,Prof-specialty,Own-child,White,Male,0,0,60,Germany,<=50K,0,0,0,2100,0.0,0.0,26-35
70,Private,71409,Some-college,10,Never-married,Exec-managerial,Not-in-family,White,Female,1359,0,51,United-States,>50K,1,0,1359,3570,7.215239978730097,0.0,66+
51,Local-gov,173771,Some-college,10,Widowed,Sales,Unmarried,Black,Male,0,0,49,United-States,<=50K,0,0,0,2499,0.0,0.0,46-55
56,Self-emp-not-inc,351787,HS-grad,9,Never-married,Exec-managerial,Own-child,White,Male,0,0,34,United-States,<=50K,0,0,0,1904,0.0,0.0,56-65
46,Self-emp-inc,499895,Bachelors,13,Married-civ-spouse,Sales,Own-child,White,Male,0,0,47,United-States,<=50K,0,0,0,2162,0.0,0.0,46-55
28,Local-gov,336551,Bachelors,13,Married-civ-spouse,Transport-moving,Not-in-family,White,Male,0,0,36,United-States,<=50K,0,0,0,1008,0.0,0.0,26-35
73,Private,375074,HS-grad,9,Divorced,Priv-house-serv,Own-child,White,Male,0,0,57,United-States,<=50K,0,0,0,4161,0.0,0.0,66+
65,Without-pay,298746,Masters,14,Married-civ-spouse,Other-service,Own-child,White,Male,0,0,52,United-States,>50K,0,0,0,3380,0.0,0.0,56-65
79,Unknown,313942,HS-grad,9,Married-civ-spouse,Handlers-cleaners,Not-in-family,Asian-Pac-Islander,Male,0,0,49,United-States,>50K,0,0,0,3871,0.0,0.0,66+
71,Self-emp-inc,435916,Bachelors,13,Married-civ-spouse,Sales,Not-in-family,White,Female,0,0,48,United-States,>50K,0,0,0,3408,0.0,0.0,66+
36,Federal-gov,447668,Prof-school,15,Married-civ-spouse,Protective-serv,Own-child,Black,Male,0,0,39,Germany,>50K,0,0,0,1404,0.0,0.0,36-45
33,Local-gov,36434,Assoc-voc,11,Married-civ-spouse,Craft-repair,Not-in-family,White,Male,0,0,45,Philippines,<=50K,0,0,0,1485,0.0,0.0,26-35
33,Private,256508,11th,7,Never-married,Prof-specialty,Own-child,White,Male,0,0,55,United-States,<=50K,0,0,0,1815,0.0,0.0,26-35
74,Self-emp-not-inc,307428,Some-college,10,Married-civ-spouse,Exec-managerial,Husband,White,Male,0,0,45,Unknown,<=50K,0,0,0,3330,0.0,0.0,66+
52,Private,492451,10th,6,Divorced,Prof-specialty,Not-in-family,White,Male,0,0,32,United-States,<=50K,0,0,0,1664,0.0,0.0,46-55
46,Private,298120,Assoc-acdm,12,Never-married,Armed-Forces,Not-in-family,White,Male,0,0,53,United-States,<=50K,0,0,0,2438,0.0,0.0,46-55
78,Private,137581,HS-grad,9,Widowed,Machine-op-inspct,Not-in-family,White,Female,0,0,33,Unknown,<=50K,0,0,0,2574,0.0,0.0,66+
55,Private,361306,Assoc-voc,11,Never-married,Prof-specialty,Not-in-family,Black,Male,0,0,40,United-States,<=50K,0,0,0,2200,0.0,0.0,46-55
74,Private,487080,Bachelors,13,Never-married,Priv-house-serv,Not-in-family,White,Female,0,0,35,United-States,<=50K,0,0,0,2590,0.0,0.0,66+
79,Private,169533,11th,7,Never-married,Transport-moving,Other-relative,White,Male,0,0,14,Cuba,>50K,0,0,0,1106,0.0,0.0,66+
22,Private,160273,HS-grad,9,Never-married,Other-service,Husband,White,Male,0,0,42,United-States,<=50K,0,0,0,924,0.0,0.0,18-25
40,Private,218701,Some-college,10,Never-married,Handlers-cleaners,Husband,White,Female,0,0,62,United-States,<=50K,0,0,0,2480,0.0,0.0,36-45
63,Unknown,310702,HS-grad,9,Divorced,Prof-specialty,Not-in-family,White,Male,0,0,43,United-States,<=50K,0,0,0,2709,0.0,0.0,56-65
68,Private,176029,11th,7,Never-married,Handlers-cleaners,Husband,White,Male,0,0,70,United-States,<=50K,0,0,0,4760,0.0,0.0,66+
27,Self-emp-not-inc,348043,5th-6th,3,Divorced,Exec-managerial,Not-in-family,White,Female,0,0,38,United-States,<=50K,0,0,0,1026,0.0,0.0,26-35
37,Private,201267,HS-grad,9,Married-civ-spouse,Priv-house-serv,Husband,White,Male,0,0,42,United-States,<=50K,0,0,0,1554,0.0,0.0,36-45
51,Self-emp-inc,252968,Some-college,10,Married-civ-spouse,Armed-Forces,Husband,White,Male,0,0,39,United-States,<=50K,0,0,0,1989,0.0,0.0,46-55
67,Private,323622,Some-college,10,Married-civ-spouse,Tech-support,Not-in-family,White,Female,0,0,41,United-States,<=50K,0,0,0,2747,0.0,0.0,66+
25,Private,124276,11th,7,Married-civ-spouse,Priv-house-serv,Not-in-family,White,Male,0,0,44,Unknown,<=50K,0,0,0,1100,0.0,0.0,18-25
55,Private,136569,HS-grad,9,Never-married,Protective-serv,Own-child,White,Female,0,0,55,United-States,>50K,0,0,0,3025,0.0,0.0,46-55
36,Unknown,145248,HS-grad,9,Divorced,Prof-specialty,Husband,Other,Female,0,0,32,United-States,>50K,0,0,0,1152,0.0,0.0,36-45
31,Private,435322,HS-grad,9,Married-civ-spouse,Handlers-cleaners,Not-in-family,White,Male,0,0,40,United-States,<=50K,0,0,0,1240,0.0,0.0,26-35
49,Private,305078,Assoc-voc,11,Married-civ-spouse,Craft-repair,Unmarried,White,Female,0,0,46,United-States,<=50K,0,0,0,2254,0.0,0.0,46-55
43,Private,496997,HS-grad,9,Married-civ-spouse,Exec-managerial,Husband,White,Male,0,0,53,United-States,>50K,0,0,0,2279,0.0,0.0,36-45
57,Private,148508,Some-college,10,Never-married,Sales,Own-child,White,Female,0,0,18,United-States,<=50K,0,0,0,1026,0.0,0.0,56-65
37,Private,218744,Masters,14,Married-civ-spouse,Protective-serv,Husband,Asian-Pac-Islander,Female,0,0,26,United-States,<=50K,0,0,0,962,0.0,0.0,36-45
69,Private,216428,Some-college,10,Married-civ-spouse,Craft-repair,Husband,White,Male,0,0,40,United-States,<=50K,0,0,0,2760,0.0,0.0,66+
22,Self-emp-inc,495489,Some-college,10,Married-civ-spouse,Exec-managerial,Own-child,White,Male,0,0,51,Other,<=50K,0,0,0,1122,0.0,0.0,18-25
71,Private,331139,7th-8th,4,Divorced,Handlers-cleaners,Other-relative,White,Male,0,0,35,Unknown,<=50K,0,0,0,2485,0.0,0.0,66+
19,Private,246230,11th,7,Married-civ-spouse,Armed-Forces,Husband,Amer-Indian-Eskimo,Female,0,0,47,Germany,<=50K,0,0,0,893,0.0,0.0,18-25
63,Private,284949,9th,5,Divorced,Priv-house-serv,Husband,White,Male,0,0,60,United-States,<=50K,0,0,0,3780,0.0,0.0,56-65
39,Private,19711,Assoc-acdm,12,Never-married,Armed-Forces,Husband,White,Female,0,0,40,Other,<=50K,0,0,0,1560,0.0,0.0,36-45
41,Private,182252,Bachelors,13,Widowed,Exec-managerial,Wife,Amer-Indian-Eskimo,Female,0,0,38,United-States,<=50K,0,0,0,1558,0.0,0.0,36-45
19,Unknown,452195,12th,8,Never-married,Sales,Husband,White,Male,0,0,45,United-States,<=50K,0,0,0,855,0.0,0.0,18-25
61,Private,144281,HS-grad,9,Married-civ-spouse,Machine-op-inspct,Husband,White,Female,0,0,42,Other,<=50K,0,0,0,2562,0.0,0.0,56-65
28,Private,174831,HS-grad,9,Married-civ-spouse,Exec-managerial,Husband,White,Male,0,0,43,United-States,<=50K,0,0,0,1204,0.0,0.0,26-35
58,Private,207093,Some-college,10,Never-married,Tech-support,Not-in-family,White,Male,0,0,38,United-States,<=50K,0,0,0,2204,0.0,0.0,56-65
62,Private,39618,Some-college,10,Married-civ-spouse,Priv-house-serv,Husband,White,Male,69183,0,37,United-States,>50K,1,0,69183,2294,11.14452490099888,0.0,56-65
70,Private,254957,Assoc-voc,11,Widowed,Craft-repair,Husband,Black,Female,0,0,30,United-States,>50K,0,0,0,2100,0.0,0.0,66+
61,State-gov,100343,Bachelors,13,Divorced,Other-service,Unmarried,White,Male,4878,0,46,United-States,>50K,1,0,4878,2806,8.492695559815838,0.0,56-65
36,Private,353674,HS-grad,9,Married-civ-spouse,Armed-Forces,Husband,White,Female,0,0,30,United-States,<=50K,0,0,0,1080,0.0,0.0,36-45
63,Private,364804,Some-college,10,Married-civ-spouse,Transport-moving,Husband,White,Female,0,0,32,United-States,<=50K,0,0,0,2016,0.0,0.0,56-65
69,Private,220461,Some-college,10,Separated,Adm-clerical,Other-relative,Black,Male,0,0,28,United-States,>50K,0,0,0,1932,0.0,0.0,66+
37,Private,124175,HS-grad,9,Married-spouse-absent,Craft-repair,Husband,White,Female,0,0,37,United-States,<=50K,0,0,0,1369,0.0,0.0,36-45
25,Self-emp-not-inc,380688,Bachelors,13,Never-married,Sales,Husband,White,Male,0,0,40,United-States,>50K,0,0,0,1000,0.0,0.0,18-25
73,Self-emp-not-inc,369298,9th,5,Married-civ-spouse,Other-service,Not-in-family,White,Male,0,0,29,United-States,<=50K,0,0,0,2117,0.0,0.0,66+
27,Private,166881,Assoc-voc,11,Never-married,Adm-clerical,Not-in-family,White,Female,0,0,37,Mexico,<=50K,0,0,0,999,0.0,0.0,26-35
54,Private,417486,Assoc-voc,11,Married-civ-spouse,Machine-op-inspct,Unmarried,White,Female,0,0,42,United-States,<=50K,0,0,0,2268,0.0,0.0,46-55
32,Self-emp-inc,273108,Bachelors,13,Married-civ-spouse,Prof-specialty,Husband,White,Male,44636,0,24,Mexico,<=50K,1,0,44636,768,10.706318390495808,0.0,26-35
25,Private,455942,Some-college,10,Never-married,Transport-moving,Husband,White,Male,61777,0,32,United-States,<=50K,1,0,61777,800,11.031302593012333,0.0,18-25
66,State-gov,343568,HS-grad,9,Widowed,Transport-moving,Wife,White,Male,0,0,58,Germany,<=50K,0,0,0,3828,0.0,0.0,66+
26,Private,454057,Bachelors,13,Divorced,Transport-moving,Own-child,White,Male,0,0,33,United-States,<=50K,0,0,0,858,0.0,0.0,26-35
59,Private,149579,Assoc-acdm,12,Divorced,Craft-repair,Husband,White,Male,0,0,47,United-States,>50K,0,0,0,2773,0.0,0.0,56-65
60,Private,98477,Some-college,10,Married-civ-spouse,Adm-clerical,Own-child,White,Male,0,0,35,United-States,<=50K,0,0,0,2100,0.0,0.0,56-65
21,Private,389391,Assoc-acdm,12,Married-civ-spouse,Other-service,Husband,White,Female,17892,0,42,Mexico,<=50K,1,0,17892,882,9.792164853891862,0.0,18-25
28,Federal-gov,283668,HS-grad,9,Married-civ-spouse,Sales,Husband,White,Male,0,0,32,United-States,<=50K,0,0,0,896,0.0,0.0,26-35
67,Private,388004,Some-college,10,Never-married,Armed-Forces,Wife,White,Female,0,0,21,United-States,<=50K,0,0,0,1407,0.0,0.0,66+
49,Private,442838,Bachelors,13,Married-civ-spouse,Prof-specialty,Husband,Black,Male,0,0,36,Germany,>50K,0,0,0,1764,0.0,0.0,46-55
25,Private,186405,HS-grad,9,Never-married,Priv-house-serv,Not-in-family,White,Female,0,0,44,United-States,<=50K,0,0,0,1100,0.0,0.0,18-25
79,Federal-gov,129061,HS-grad,9,Married-civ-spouse,Sales,Husband,White,Male,61197,0,47,United-States,>50K,1,0,61197,3713,11.02186978822786,0.0,66+
34,Private,99630,Masters,14,Divorced,Armed-Forces,Not-in-family,White,Female,55704,0,41,United-States,<=50K,1,0,55704,1394,10.927825188493417,0.0,26-35
18,State-gov,499571,Bachelors,13,Married-civ-spouse,Sales,Own-child,Black,Female,0,0,32,United-States,<=50K,0,0,0,576,0.0,0.0,18-25
75,Federal-gov,282797,Bachelors,13,Married-civ-spouse,Other-service,Own-child,Asian-Pac-Islander,Female,0,0,49,United-States,>50K,0,0,0,3675,0.0,0.0,66+
19,Private,370825,HS-grad,9,Divorced,Exec-managerial,Unmarried,Asian-Pac-Islander,Male,45133,0,33,United-States,<=50K,1,0,45133,627,10.717391121731856,0.0,18-25
52,Federal-gov,477187,Doctorate,16,Never-married,Other-service,Unmarried,White,Male,0,0,33,United-States,>50K,0,0,0,1716,0.0,0.0,46-55
79,State-gov,467520,11th,7,Widowed,Adm-clerical,Husband,White,Male,0,0,30,United-States,<=50K,0,0,0,2370,0.0,0.0,66+
53,Private,496614,Some-college,10,Married-civ-spouse,Other-service,Husband,White,Male,0,0,36,Unknown,<=50K,0,0,0,1908,0.0,0.0,46-55
54,Private,162314,HS-grad,9,Never-married,Other-service,Other-relative,White,Male,0,0,37,Mexico,<=50K,0,0,0,1998,0.0,0.0,46-55
42,Private,341744,Bachelors,13,Separated,Farming-fishing,Husband,White,Female,0,0,43,United-States,<=50K,0,0,0,1806,0.0,0.0,36-45
25,Unknown,109287,Bachelors,13,Married-civ-spouse,Tech-support,Own-child,Asian-Pac-Islander,Male,47036,0,26,Germany,<=50K,1,0,47036,650,10.75868980502856,0.0,18-25
53,Private,237757,Assoc-voc,11,Never-married,Handlers-cleaners,Own-child,White,Male,71015,0,35,United-States,<=50K,1,0,71015,1855,11.170660482748156,0.0,46-55
73,Self-emp-not-inc,475318,Some-college,10,Widowed,Farming-fishing,Own-child,White,Female,0,0,32,Japan,<=50K,0,0,0,2336,0.0,0.0,66+
23,Private,147466,HS-grad,9,Never-married,Handlers-cleaners,Not-in-family,Asian-Pac-Islander,Female,34180,0,44,United-States,<=50K,1,0,34180,1012,10.439425213116973,0.0,18-25
72,Private,147997,Some-college,10,Never-married,Tech-support,Not-in-family,Black,Male,0,0,43,United-States,<=50K,0,0,0,3096,0.0,0.0,66+
43,Private,288587,Some-college,10,Never-married,Other-service,Husband,White,Male,0,279,30,United-States,<=50K,0,1,-279,1290,0.0,5.634789603169249,36-45
51,Private,453094,1st-4th,2,Divorced,Armed-Forces,Own-child,White,Male,0,0,45,United-States,<=50K,0,0,0,2295,0.0,0.0,46-55
28,Private,321651,Some-college,10,Never-married,Transport-moving,Own-child,White,Female,0,0,39,United-States,<=50K,0,0,0,1092,0.0,0.0,26-35
56,Unknown,93403,Bachelors,13,Married-spouse-absent,Exec-managerial,Not-in-family,Black,Male,54478,0,48,United-States,>50K,1,0,54478,2688,10.905570585295168,0.0,56-65
29,Private,482599,Assoc-voc,11,Married-civ-spouse,Protective-serv,Unmarried,White,Male,0,0,34,Mexico,<=50K,0,0,0,986,0.0,0.0,26-35
34,Private,185651,Bachelors,13,Never-married,Tech-support,Husband,White,Male,5422,0,46,United-States,<=50K,1,0,5422,1564,8.59840444684106,0.0,26-35
62,Private,232916,HS-grad,9,Divorced,Tech-support,Not-in-family,White,Female,0,0,49,United-States,<=50K,0,0,0,3038,0.0,0.0,56-65
21,State-gov,318022,Some-college,10,Married-civ-spouse,Protective-serv,Husband,White,Male,0,0,41,United-States,<=50K,0,0,0,861,0.0,0.0,18-25
45,Private,346824,5th-6th,3,Never-married,Farming-fishing,Not-in-family,White,Male,0,0,61,Other,<=50K,0,0,0,2745,0.0,0.0,36-45
54,Private,456826,HS-grad,9,Never-married,Adm-clerical,Husband,White,Female,0,0,45,United-States,<=50K,0,0,0,2430,0.0,0.0,46-55
26,Private,121813,HS-grad,9,Never-married,Exec-managerial,Own-child,Asian-Pac-Islander,Male,0,0,58,India,<=50K,0,0,0,1508,0.0,0.0,26-35
36,Private,236046,HS-grad,9,Never-married,Priv-house-serv,Husband,White,Female,0,0,65,United-States,<=50K,0,0,0,2340,0.0,0.0,36-45
39,Private,168539,5th-6th,3,Married-civ-spouse,Adm-clerical,Other-relative,White,Male,0,0,23,United-States,<=50K,0,0,0,897,0.0,0.0,36-45
59,Private,303588,Assoc-voc,11,Separated,Handlers-cleaners,Wife,White,Male,0,0,52,United-States,<=50K,0,0,0,3068,0.0,0.0,56-65
78,Private,146856,HS-grad,9,Never-married,Prof-specialty,Husband,White,Male,0,0,45,United-States,<=50K,0,0,0,3510,0.0,0.0,66+
69,Private,169916,HS-grad,9,Never-married,Exec-managerial,Other-relative,White,Male,0,0,42,United-States,<=50K,0,0,0,2898,0.0,0.0,66+
29,Private,337240,HS-grad,9,Married-civ-spouse,Adm-clerical,Not-in-family,White,Female,0,0,33,United-States,<=50K,0,0,0,957,0.0,0.0,26-35
19,Private,105674,Some-college,10,Divorced,Farming-fishing,Husband,White,Male,77991,0,31,United-States,<=50K,1,0,77991,589,11.264361536309108,0.0,18-25
21,Private,225970,HS-grad,9,Separated,Priv-house-serv,Own-child,Black,Male,0,0,29,United-States,<=50K,0,0,0,609,0.0,0.0,18-25
54,State-gov,372930,HS-grad,9,Married-civ-spouse,Prof-specialty,Other-relative,White,Female,0,0,62,United-States,<=50K,0,0,0,3348,0.0,0.0,46-55
27,Private,239652,Some-college,10,Married-civ-spouse,Sales,Own-child,Asian-Pac-Islander,Male,0,0,45,United-States,<=50K,0,0,0,1215,0.0,0.0,26-35
32,Local-gov,370081,1st-4th,2,Never-married,Machine-op-inspct,Husband,White,Female,0,0,26,United-States,<=50K,0,0,0,832,0.0,0.0,26-35
70,Private,231570,Bachelors,13,Never-married,Adm-clerical,Own-child,Asian-Pac-Islander,Female,0,0,29,United-States,<=50K,0,0,0,2030,0.0,0.0,66+
72,Private,433381,7th-8th,4,Never-married,Sales,Husband,Black,Male,0,0,20,United-States,<=50K,0,0,0,1440,0.0,0.0,66+
70,Private,425735,HS-grad,9,Never-married,Craft-repair,Not-in-family,Black,Female,0,2184,52,United-States,>50K,0,1,-2184,3640,0.0,7.68937110752969,66+
33,Private,83836,12th,8,Widowed,Exec-managerial,Not-in-family,Asian-Pac-Islander,Female,0,0,40,Unknown,<=50K,0,0,0,1320,0.0,0.0,26-35
56,Private,442200,Some-college,10,Divorced,Tech-support,Husband,White,Female,0,0,45,China,<=50K,0,0,0,2520,0.0,0.0,56-65
55,Federal-gov,38717,HS-grad,9,Never-married,Craft-repair,Unmarried,White,Male,0,0,40,United-States,<=50K,0,0,0,2200,0.0,0.0,46-55
29,Private,459013,Bachelors,13,Never-married,Armed-Forces,Not-in-family,White,Female,0,0,49,India,<=50K,0,0,0,1421,0.0,0.0,26-35
52,Private,316362,HS-grad,9,Never-married,Transport-moving,Not-in-family,White,Male,0,0,36,United-States,<=50K,0,0,0,1872,0.0,0.0,46-55
50,Private,80885,Some-college,10,Married-civ-spouse,Tech-support,Own-child,White,Female,0,0,43,Cuba,<=50K,0,0,0,2150,0.0,0.0,46-55
42,Private,249515,HS-grad,9,Married-civ-spouse,Exec-managerial,Own-child,White,Male,0,0,43,United-States,<=50K,0,0,0,1806,0.0,0.0,36-45
64,Private,479867,1st-4th,2,Never-married,Sales,Husband,White,Female,0,0,28,United-States,<=50K,0,0,0,1792,0.0,0.0,56-65
60,Private,316587,HS-grad,9,Never-married,Armed-Forces,Not-in-family,White,Male,0,0,33,United-States,<=50K,0,0,0,1980,0.0,0.0,56-65
51,Private,265884,Some-college,10,Divorced,Handlers-cleaners,Own-child,White,Male,0,0,37,Puerto-Rico,<=50K,0,0,0,1887,0.0,0.0,46-55
62,Private,127003,HS-grad,9,Never-married,Sales,Husband,White,Male,0,0,43,United-States,<=50K,0,0,0,2666,0.0,0.0,56-65
65,Private,190170,Masters,14,Never-married,Adm-clerical,Husband,White,Male,0,0,54,United-States,>50K,0,0,0,3510,0.0,0.0,56-65
53,Private,414549,Assoc-voc,11,Married-civ-spouse,Handlers-cleaners,Husband,White,Male,0,0,41,United-States,<=50K,0,0,0,2173,0.0,0.0,46-55
34,Private,428341,Doctorate,16,Never-married,Other-service,Husband,Amer-Indian-Eskimo,Female,0,0,39,United-States,<=50K,0,0,0,1326,0.0,0.0,26-35
65,Private,228007,HS-grad,9,Never-married,Exec-managerial,Own-child,White,Male,0,0,43,India,<=50K,0,0,0,2795,0.0,0.0,56-65
62,Local-gov,281942,Assoc-acdm,12,Married-civ-spouse,Craft-repair,Husband,White,Male,0,0,38,United-States,>50K,0,0,0,2356,0.0,0.0,56-65
78,Never-worked,341880,Some-college,10,Divorced,Farming-fishing,Other-relative,White,Male,0,0,40,United-States,>50K,0,0,0,3120,0.0,0.0,66+
27,Private,487520,Some-college,10,Divorced,Armed-Forces,Not-in-family,White,Female,0,0,55,United-States,<=50K,0,0,0,1485,0.0,0.0,26-35
43,Private,105549,Doctorate,16,Never-married,Priv-house-serv,Own-child,White,Male,0,0,38,United-States,>50K,0,0,0,1634,0.0,0.0,36-45
75,Self-emp-not-inc,42564,Some-college,10,Divorced,Prof-specialty,Own-child,White,Female,0,0,43,United-States,<=50K,0,0,0,3225,0.0,0.0,66+
49,Private,34320,Bachelors,13,Married-civ-spouse,Handlers-cleaners,Husband,Asian-Pac-Islander,Male,0,0,34,India,<=50K,0,0,0,1666,0.0,0.0,46-55
76,Private,275789,Assoc-voc,11,Divorced,Tech-support,Husband,Black,Male,0,0,53,United-States,<=50K,0,0,0,4028,0.0,0.0,66+
18,Private,185392,10th,6,Never-married,Prof-specialty,Not-in-family,White,Female,0,0,31,United-States,<=50K,0,0,0,558,0.0,0.0,18-25
20,Private,61690,Assoc-voc,11,Never-married,Tech-support,Husband,White,Female,0,0,39,United-States,<=50K,0,0,0,780,0.0,0.0,18-25
67,State-gov,218700,HS-grad,9,Married-civ-spouse,Transport-moving,Other-relative,White,Female,0,0,50,United-States,<=50K,0,0,0,3350,0.0,0.0,66+
40,Self-emp-not-inc,311110,Masters,14,Widowed,Protective-serv,Own-child,White,Male,0,0,31,United-States,<=50K,0,0,0,1240,0.0,0.0,36-45
50,State-gov,220485,Bachelors,13,Married-civ-spouse,Other-service,Unmarried,White,Male,5664,0,49,Japan,>50K,1,0,5664,2450,8.642062173462106,0.0,46-55
44,Self-emp-not-inc,347016,9th,5,Married-civ-spouse,Farming-fishing,Not-in-family,White,Male,0,0,20,Japan,<=50K,0,0,0,880,0.0,0.0,36-45
43,Private,127300,10th,6,Divorced,Adm-clerical,Not-in-family,Black,Male,0,0,29,United-States,<=50K,0,0,0,1247,0.0,0.0,36-45
76,Self-emp-not-inc,492985,7th-8th,4,Never-married,Prof-specialty,Unmarried,White,Male,0,0,39,United-States,<=50K,0,0,0,2964,0.0,0.0,66+
23,Private,239026,HS-grad,9,Never-married,Transport-moving,Husband,White,Male,0,0,64,United-States,<=50K,0,0,0,1472,0.0,0.0,18-25
65,Private,254733,9th,5,Married-civ-spouse,Farming-fishing,Own-child,White,Female,0,2554,41,United-States,<=50K,0,1,-2554,2665,0.0,7.845807502637805,56-65
73,Private,257817,Assoc-voc,11,Never-married,Sales,Husband,White,Male,2133,0,42,United-States,<=50K,1,0,2133,3066,7.665753431861699,0.0,66+
58,Private,470362,Some-college,10,Never-married,Unknown,Not-in-family,White,Male,0,0,51,Other,<=50K,0,0,0,2958,0.0,0.0,56-65
42,Private,150337,Bachelors,13,Separated,Farming-fishing,Other-relative,White,Female,31297,0,29,United-States,<=50K,1,0,31297,1218,10.351309476723117,0.0,36-45
27,Private,254383,HS-grad,9,Separated,Exec-managerial,Husband,White,Male,0,0,10,United-States,<=50K,0,0,0,270,0.0,0.0,26-35
60,Private,172696,Some-college,10,Never-married,Transport-moving,Not-in-family,Black,Male,0,0,57,United-States,<=50K,0,0,0,3420,0.0,0.0,56-65
47,Private,301455,10th,6,Married-civ-spouse,Adm-clerical,Husband,White,Female,0,0,46,United-States,<=50K,0,0,0,2162,0.0,0.0,46-55
27,Private,284117,Bachelors,13,Married-civ-spouse,Craft-repair,Husband,White,Male,0,0,36,India,<=50K,0,0,0,972,0.0,0.0,26-35
40,Private,464357,11th,7,Widowed,Other-service,Not-in-family,White,Female,55096,0,41,United-States,<=50K,1,0,55096,1640,10.916850547197763,0.0,36-45
77,Private,31942,9th,5,Never-married,Exec-managerial,Husband,White,Female,0,0,51,United-States,<=50K,0,0,0,3927,0.0,0.0,66+
34,Private,374645,12th,8,Divorced,Tech-support,Own-child,White,Female,87617,0,39,Philippines,<=50K,1,0,87617,1326,11.380741735268526,0.0,26-35
29,State-gov,30227,Bachelors,13,Separated,Prof-specialty,Not-in-family,White,Male,0,0,41,United-States,<=50K,0,0,0,1189,0.0,0.0,26-35
60,Private,287818,9th,5,Separated,Handlers-cleaners,Husband,White,Female,60183,0,60,United-States,>50K,1,0,60183,3600,11.005161815240058,0.0,56-65
30,Private,221942,Some-college,10,Never-married,Transport-moving,Husband,White,Female,0,0,28,United-States,<=50K,0,0,0,840,0.0,0.0,26-35
75,Private,53930,Assoc-acdm,12,Separated,Other-service,Own-child,White,Male,0,0,45,Other,<=50K,0,0,0,3375,0.0,0.0,66+
71,Federal-gov,40715,Assoc-acdm,12,Married-civ-spouse,Machine-op-inspct,Husband,Black,Female,0,0,28,Other,>50K,0,0,0,1988,0.0,0.0,66+
78,Private,398664,12th,8,Never-married,Farming-fishing,Not-in-family,White,Male,0,0,56,China,<=50K,0,0,0,4368,0.0,0.0,66+
74,Private,375746,7th-8th,4,Widowed,Unknown,Other-relative,White,Male,0,0,43,United-States,<=50K,0,0,0,3182,0.0,0.0,66+
33,Private,300445,HS-grad,9,Married-civ-spouse,Protective-serv,Own-child,Black,Female,92286,0,33,United-States,>50K,1,0,92286,1089,11.432658565500923,0.0,26-35
31,Self-emp-not-inc,297545,12th,8,Married-civ-spouse,Exec-managerial,Not-in-family,White,Female,90260,0,25,United-States,<=50K,1,0,90260,775,11.410460752424427,0.0,26-35
39,State-gov,56036,Assoc-voc,11,Never-married,Prof-specialty,Not-in-family,White,Female,0,0,36,United-States,<=50K,0,0,0,1404,0.0,0.0,36-45
47,Private,22869,HS-grad,9,Divorced,Tech-support,Not-in-family,White,Male,0,0,42,United-States,<=50K,0,0,0,1974,0.0,0.0,46-55
72,Unknown,409019,HS-grad,9,Married-civ-spouse,Prof-specialty,Not-in-family,White,Male,0,0,52,United-States,>50K,0,0,0,3744,0.0,0.0,66+
63,Private,171453,10th,6,Married-civ-spouse,Tech-support,Husband,White,Female,0,0,29,United-States,<=50K,0,0,0,1827,0.0,0.0,56-65
57,Private,395824,Some-college,10,Married-civ-spouse,Armed-Forces,Not-in-family,White,Female,0,0,32,Mexico,<=50K,0,0,0,1824,0.0,0.0,56-65
72,Self-emp-not-inc,53100,12th,8,Married-civ-spouse,Sales,Husband,White,Female,0,0,35,Other,<=50K,0,0,0,2520,0.0,0.0,66+
58,State-gov,336300,Assoc-voc,11,Separated,Priv-house-serv,Husband,White,Male,0,0,32,United-States,<=50K,0,0,0,1856,0.0,0.0,56-65
41,Without-pay,454059,7th-8th,4,Never-married,Craft-repair,Husband,White,Female,40240,0,35,United-States,<=50K,1,0,40240,1435,10.602641655359475,0.0,36-45
43,Self-emp-not-inc,194194,Prof-school,15,Never-married,Sales,Husband,Asian-Pac-Islander,Male,0,0,31,United-States,>50K,0,0,0,1333,0.0,0.0,36-45
50,Private,162262,Assoc-voc,11,Married-civ-spouse,Craft-repair,Husband,White,Male,0,0,44,United-States,<=50K,0,0,0,2200,0.0,0.0,46-55
23,State-gov,377360,11th,7,Married-civ-spouse,Prof-specialty,Unmarried,Black,Female,0,0,35,Mexico,<=50K,0,0,0,805,0.0,0.0,18-25
63,Private,197269,1st-4th,2,Married-civ-spouse,Adm-clerical,Husband,White,Male,88554,0,40,United-States,<=50K,1,0,88554,2520,11.391379106890733,0.0,56-65
58,Private,170641,HS-grad,9,Never-married,Prof-specialty,Husband,White,Male,0,0,43,United-States,>50K,0,0,0,2494,0.0,0.0,56-65
63,Private,395696,11th,7,Widowed,Adm-clerical,Unmarried,White,Female,0,0,26,England,<=50K,0,0,0,1638,0.0,0.0,56-65
51,Private,343275,HS-grad,9,Married-civ-spouse,Priv-house-serv,Husband,White,Male,0,0,46,United-States,<=50K,0,0,0,2346,0.0,0.0,46-55
66,Self-emp-inc,116040,Bachelors,13,Married-spouse-absent,Tech-support,Wife,White,Male,0,0,42,United-States,>50K,0,0,0,2772,0.0,0.0,66+
76,Never-worked,230396,Some-college,10,Married-civ-spouse,Prof-specialty,Other-relative,White,Female,0,0,42,United-States,<=50K,0,0,0,3192,0.0,0.0,66+
53,Self-emp-not-inc,111867,11th,7,Married-civ-spouse,Adm-clerical,Unmarried,White,Male,0,0,39,United-States,<=50K,0,0,0,2067,0.0,0.0,46-55
45,Self-emp-not-inc,249794,Some-college,10,Never-married,Machine-op-inspct,Not-in-family,Black,Female,0,0,37,United-States,<=50K,0,0,0,1665,0.0,0.0,36-45
24,Private,405565,HS-grad,9,Married-civ-spouse,Other-service,Husband,White,Female,0,0,41,United-States,<=50K,0,0,0,984,0.0,0.0,18-25
66,Private,327979,Prof-school,15,Widowed,Other-service,Husband,White,Male,0,0,41,United-States,>50K,0,0,0,2706,0.0,0.0,66+
74,Self-emp-not-inc,271208,5th-6th,3,Married-civ-spouse,Prof-specialty,Other-relative,White,Male,0,0,28,United-States,<=50K,0,0,0,2072,0.0,0.0,66+
61,Private,161389,Assoc-voc,11,Never-married,Farming-fishing,Unmarried,White,Female,0,0,56,United-States,>50K,0,0,0,3416,0.0,0.0,56-65
71,Local-gov,135727,Assoc-acdm,12,Married-civ-spouse,Armed-Forces,Own-child,White,Male,0,0,33,United-States,<=50K,0,0,0,2343,0.0,0.0,66+
71,Private,317269,7th-8th,4,Married-civ-spouse,Prof-specialty,Other-relative,White,Female,0,0,41,United-States,<=50K,0,0,0,2911,0.0,0.0,66+
67,Private,87291,11th,7,Divorced,Machine-op-inspct,Not-in-family,White,Male,0,0,52,United-States,>50K,0,0,0,3484,0.0,0.0,66+
49,Private,445277,HS-grad,9,Widowed,Exec-managerial,Wife,White,Male,0,0,37,United-States,<=50K,0,0,0,1813,0.0,0.0,46-55
24,Private,397835,Bachelors,13,Never-married,Tech-support,Own-child,White,Male,0,0,42,United-States,<=50K,0,0,0,1008,0.0,0.0,18-25
18,Self-emp-not-inc,384708,Some-college,10,Never-married,Prof-specialty,Wife,Black,Male,0,0,18,United-States,<=50K,0,0,0,324,0.0,0.0,18-25
30,State-gov,109920,Some-college,10,Married-civ-spouse,Exec-managerial,Unmarried,White,Male,73295,0,20,United-States,>50K,1,0,73295,600,11.202261316126524,0.0,26-35
44,Private,178492,Assoc-acdm,12,Married-civ-spouse,Other-service,Husband,White,Female,0,0,40,United-States,<=50K,0,0,0,1760,0.0,0.0,36-45
64,Private,250649,Bachelors,13,Married-civ-spouse,Farming-fishing,Not-in-family,White,Male,0,0,42,United-States,>50K,0,0,0,2688,0.0,0.0,56-65
46,Private,413928,HS-grad,9,Never-married,Sales,Wife,White,Female,0,0,51,United-States,<=50K,0,0,0,2346,0.0,0.0,46-55
19,Private,103123,Some-college,10,Married-civ-spouse,Sales,Not-in-family,White,Male,0,0,48,United-States,<=50K,0,0,0,912,0.0,0.0,18-25
31,Private,418087,Assoc-voc,11,Married-civ-spouse,Prof-specialty,Husband,White,Male,0,0,24,United-States,<=50K,0,0,0,744,0.0,0.0,26-35
78,Private,194075,HS-grad,9,Never-married,Armed-Forces,Unmarried,White,Male,0,0,53,United-States,<=50K,0,0,0,4134,0.0,0.0,66+
79,Private,442369,Bachelors,13,Never-married,Adm-clerical,Husband,White,Male,0,0,28,Japan,<=50K,0,0,0,2212,0.0,0.0,66+
41,Private,51109,1st-4th,2,Married-civ-spouse,Prof-specialty,Not-in-family,White,Male,0,0,49,United-States,<=50K,0,0,0,2009,0.0,0.0,36-45
67,Private,375462,12th,8,Married-civ-spouse,Priv-house-serv,Not-in-family,White,Male,0,0,35,United-States,>50K,0,0,0,2345,0.0,0.0,66+
62,Self-emp-inc,14987,Bachelors,13,Divorced,Tech-support,Husband,White,Male,0,0,67,United-States,>50K,0,0,0,4154,0.0,0.0,56-65
75,Private,173073,HS-grad,9,Never-married,Exec-managerial,Unmarried,White,Male,0,0,34,Philippines,>50K,0,0,0,2550,0.0,0.0,66+
73,Private,292549,11th,7,Married-civ-spouse,Machine-op-inspct,Husband,White,Female,0,0,39,Germany,<=50K,0,0,0,2847,0.0,0.0,66+
56,Private,379801,12th,8,Never-married,Handlers-cleaners,Unmarried,White,Female,0,0,42,United-States,<=50K,0,0,0,2352,0.0,0.0,56-65
42,Self-emp-not-inc,288913,Some-college,10,Married-civ-spouse,Farming-fishing,Wife,White,Male,0,0,38,United-States,<=50K,0,0,0,1596,0.0,0.0,36-45
56,Self-emp-inc,184732,Bachelors,13,Separated,Farming-fishing,Not-in-family,White,Female,0,0,30,United-States,<=50K,0,0,0,1680,0.0,0.0,56-65
37,Private,102984,7th-8th,4,Widowed,Handlers-cleaners,Unmarried,White,Male,0,0,62,United-States,<=50K,0,0,0,2294,0.0,0.0,36-45
39,Private,185548,5th-6th,3,Married-civ-spouse,Armed-Forces,Unmarried,White,Male,0,0,34,Philippines,<=50K,0,0,0,1326,0.0,0.0,36-45
55,Local-gov,106707,HS-grad,9,Divorced,Protective-serv,Husband,Other,Male,0,0,34,United-States,<=50K,0,0,0,1870,0.0,0.0,46-55
53,Private,29597,Masters,14,Married-civ-spouse,Handlers-cleaners,Husband,White,Male,0,0,39,United-States,>50K,0,0,0,2067,0.0,0.0,46-55
54,Private,388846,HS-grad,9,Never-married,Protective-serv,Not-in-family,White,Male,0,0,42,United-States,<=50K,0,0,0,2268,0.0,0.0,46-55
41,State-gov,493058,Masters,14,Divorced,Adm-clerical,Husband,White,Male,0,0,33,Cuba,>50K,0,0,0,1353,0.0,0.0,36-45
43,Private,228847,Bachelors,13,Never-married,Craft-repair,Unmarried,Black,Female,0,0,50,United-States,<=50K,0,0,0,2150,0.0,0.0,36-45
18,Private,175696,HS-grad,9,Married-civ-spouse,Craft-repair,Husband,Asian-Pac-Islander,Male,0,0,42,United-States,<=50K,0,0,0,756,0.0,0.0,18-25
55,Federal-gov,305970,Bachelors,13,Married-civ-spouse,Craft-repair,Own-child,White,Male,0,0,40,Mexico,>50K,0,0,0,2200,0.0,0.0,46-55
53,Private,11067,Assoc-voc,11,Never-married,Other-service,Not-in-family,White,Male,0,0,46,United-States,>50K,0,0,0,2438,0.0,0.0,46-55
75,Private,147137,Some-college,10,Never-married,Exec-managerial,Husband,White,Male,0,0,32,Puerto-Rico,<=50K,0,0,0,2400,0.0,0.0,66+
49,Private,232447,HS-grad,9,Never-married,Tech-support,Husband,White,Male,0,0,34,United-States,<=50K,0,0,0,1666,0.0,0.0,46-55
46,Federal-gov,297206,Bachelors,13,Never-married,Adm-clerical,Husband,White,Male,0,0,40,United-States,>50K,0,0,0,1840,0.0,0.0,46-55
22,Local-gov,155585,Bachelors,13,Never-married,Prof-specialty,Unmarried,White,Male,0,0,49,United-States,<=50K,0,0,0,1078,0.0,0.0,18-25
30,Federal-gov,214935,Assoc-acdm,12,Divorced,Adm-clerical,Husband,Other,Male,0,0,38,United-States,<=50K,0,0,0,1140,0.0,0.0,26-35
38,Private,125649,Doctorate,16,Separated,Machine-op-inspct,Unmarried,White,Female,0,0,37,United-States,<=50K,0,0,0,1406,0.0,0.0,36-45
41,Self-emp-not-inc,144403,HS-grad,9,Never-married,Sales,Husband,White,Female,0,0,19,United-States,<=50K,0,0,0,779,0.0,0.0,36-45
40,Local-gov,174090,Bachelors,13,Separated,Adm-clerical,Husband,White,Male,0,0,33,Mexico,>50K,0,0,0,1320,0.0,0.0,36-45
42,Private,281301,Bachelors,13,Married-AF-spouse,Armed-Forces,Own-child,White,Male,0,0,23,United-States,>50K,0,0,0,966,0.0,0.0,36-45
65,Private,457330,HS-grad,9,Married-civ-spouse,Exec-managerial,Husband,White,Female,0,0,26,Other,<=50K,0,0,0,1690,0.0,0.0,56-65
26,Private,43916,5th-6th,3,Never-married,Exec-managerial,Wife,White,Male,0,0,44,United-States,<=50K,0,0,0,1144,0.0,0.0,26-35
38,Federal-gov,106545,HS-grad,9,Never-married,Machine-op-inspct,Wife,White,Female,94647,0,73,United-States,<=50K,1,0,94647,2774,11.457920025933499,0.0,36-45
28,Private,72076,Bachelors,13,Married-civ-spouse,Priv-house-serv,Husband,White,Male,97334,0,42,United-States,>50K,1,0,97334,1176,11.485913915723378,0.0,26-35
37,Unknown,93331,HS-grad,9,Never-married,Machine-op-inspct,Not-in-family,White,Male,0,0,43,United-States,<=50K,0,0,0,1591,0.0,0.0,36-45
60,Local-gov,227251,Assoc-voc,11,Married-civ-spouse,Unknown,Husband,White,Male,0,0,32,United-States,<=50K,0,0,0,1920,0.0,0.0,56-65
20,State-gov,474594,1st-4th,2,Divorced,Craft-repair,Husband,White,Male,0,0,30,United-States,<=50K,0,0,0,600,0.0,0.0,18-25
39,Without-pay,160858,HS-grad,9,Married-civ-spouse,Craft-repair,Husband,White,Male,0,0,61,United-States,<=50K,0,0,0,2379,0.0,0.0,36-45
19,Private,357211,Some-college,10,Never-married,Prof-specialty,Husband,White,Male,0,0,32,United-States,<=50K,0,0,0,608,0.0,0.0,18-25
77,Private,405372,10th,6,Never-married,Sales,Not-in-family,White,Male,0,0,20,United-States,>50K,0,0,0,1540,0.0,0.0,66+
63,Private,103168,Bachelors,13,Divorced,Tech-support,Not-in-family,White,Male,0,0,42,United-States,<=50K,0,0,0,2646,0.0,0.0,56-65
33,Private,106337,11th,7,Married-civ-spouse,Sales,Other-relative,White,Male,0,0,36,United-States,<=50K,0,0,0,1188,0.0,0.0,26-35
30,Federal-gov,356019,Bachelors,13,Never-married,Sales,Own-child,White,Male,0,0,46,United-States,<=50K,0,0,0,1380,0.0,0.0,26-35
24,Private,75669,HS-grad,9,Married-civ-spouse,Protective-serv,Husband,White,Female,0,1671,56,United-States,<=50K,0,1,-1671,1344,0.0,7.421775793644647,18-25
47,Private,412828,Doctorate,16,Married-civ-spouse,Transport-moving,Other-relative,White,Male,0,0,44,China,<=50K,0,0,0,2068,0.0,0.0,46-55
64,Private,42683,Some-college,10,Married-civ-spouse,Exec-managerial,Unmarried,White,Female,0,0,42,United-States,<=50K,0,0,0,2688,0.0,0.0,56-65
54,Private,297455,9th,5,Separated,Armed-Forces,Husband,White,Male,0,0,47,United-States,<=50K,0,0,0,2538,0.0,0.0,46-55
72,Federal-gov,410135,7th-8th,4,Married-civ-spouse,Priv-house-serv,Husband,White,Male,0,0,67,United-States,>50K,0,0,0,4824,0.0,0.0,66+
39,Private,471366,7th-8th,4,Never-married,Sales,Not-in-family,White,Female,0,0,63,Canada,<=50K,0,0,0,2457,0.0,0.0,36-45
35,Private,431496,Some-college,10,Separated,Handlers-cleaners,Unmarried,White,Male,0,0,37,Mexico,<=50K,0,0,0,1295,0.0,0.0,26-35
47,Private,324956,Bachelors,13,Married-civ-spouse,Protective-serv,Husband,White,Male,0,0,49,United-States,>50K,0,0,0,2303,0.0,0.0,46-55
30,Private,451561,HS-grad,9,Separated,Unknown,Own-child,Black,Male,12120,0,58,United-States,<=50K,1,0,12120,1740,9.402694764470512,0.0,26-35
78,Private,261369,HS-grad,9,Married-civ-spouse,Prof-specialty,Other-relative,White,Female,0,0,47,United-States,<=50K,0,0,0,3666,0.0,0.0,66+
29,Local-gov,444615,Some-college,10,Married-civ-spouse,Protective-serv,Not-in-family,White,Female,8982,0,39,United-States,<=50K,1,0,8982,1131,9.103089181229207,0.0,26-35
47,Private,494698,Some-college,10,Married-civ-spouse,Farming-fishing,Own-child,White,Male,0,0,35,United-States,<=50K,0,0,0,1645,0.0,0.0,46-55
50,Private,438220,Assoc-voc,11,Never-married,Handlers-cleaners,Husband,Black,Male,2453,0,41,United-States,<=50K,1,0,2453,2050,7.805474625270857,0.0,46-55
21,Self-emp-not-inc,342304,HS-grad,9,Widowed,Protective-serv,Husband,Other,Female,99136,0,29,United-States,<=50K,1,0,99136,609,11.504258010878667,0.0,18-25
47,Private,487685,Assoc-voc,11,Never-married,Transport-moving,Not-in-family,White,Male,0,0,49,United-States,<=50K,0,0,0,2303,0.0,0.0,46-55
46,Private,499703,Doctorate,16,Never-married,Exec-managerial,Not-in-family,White,Male,0,0,54,United-States,>50K,0,0,0,2484,0.0,0.0,46-55
34,Private,205135,HS-grad,9,Married-civ-spouse,Prof-specialty,Own-child,White,Female,0,0,36,United-States,<=50K,0,0,0,1224,0.0,0.0,26-35
25,Private,156554,1st-4th,2,Widowed,Tech-support,Own-child,White,Male,0,0,35,United-States,<=50K,0,0,0,875,0.0,0.0,18-25
20,Private,332478,10th,6,Divorced,Craft-repair,Not-in-family,White,Female,0,922,29,India,<=50K,0,1,-922,580,0.0,6.827629234502852,18-25
18,Federal-gov,246908,Some-college,10,Married-civ-spouse,Armed-Forces,Own-child,White,Male,0,0,45,Mexico,<=50K,0,0,0,810,0.0,0.0,18-25
47,Local-gov,30549,HS-grad,9,Married-spouse-absent,Tech-support,Husband,White,Male,0,0,40,United-States,<=50K,0,0,0,1880,0.0,0.0,46-55
23,Private,160668,Masters,14,Married-civ-spouse,Priv-house-serv,Husband,White,Male,0,0,26,United-States,<=50K,0,0,0,598,0.0,0.0,18-25
77,Private,434450,Some-college,10,Married-civ-spouse,Other-service,Husband,White,Male,91112,0,69,United-States,<=50K,1,0,91112,5313,11.419855773396634,0.0,66+
33,Private,448392,Some-college,10,Married-civ-spouse,Machine-op-inspct,Not-in-family,White,Female,0,0,22,United-States,<=50K,0,0,0,726,0.0,0.0,26-35
58,Private,81131,Bachelors,13,Married-civ-spouse,Transport-moving,Wife,White,Male,0,1956,26,United-States,>50K,0,1,-1956,1508,0.0,7.579167967396076,56-65
59,Private,349938,HS-grad,9,Never-married,Armed-Forces,Not-in-family,White,Male,0,0,49,United-States,>50K,0,0,0,2891,0.0,0.0,56-65
48,Private,344139,Bachelors,13,Divorced,Prof-specialty,Not-in-family,White,Male,0,0,47,United-States,>50K,0,0,0,2256,0.0,0.0,46-55
72,Private,394106,Preschool,1,Widowed,Protective-serv,Husband,Asian-Pac-Islander,Male,0,0,33,United-States,<=50K,0,0,0,2376,0.0,0.0,66+
24,State-gov,169933,Some-college,10,Married-civ-spouse,Handlers-cleaners,Other-relative,White,Female,0,0,32,United-States,<=50K,0,0,0,768,0.0,0.0,18-25
32,Local-gov,384883,Masters,14,Never-married,Protective-serv,Own-child,White,Female,32083,1230,45,United-States,<=50K,1,1,30853,1440,10.376112742486816,7.115582126184454,26-35
33,Private,298029,Assoc-acdm,12,Never-married,Craft-repair,Not-in-family,White,Female,0,0,44,United-States,<=50K,0,0,0,1452,0.0,0.0,26-35
26,Self-emp-not-inc,93579,Bachelors,13,Never-married,Sales,Own-child,White,Male,0,0,33,United-States,<=50K,0,0,0,858,0.0,0.0,26-35
36,Private,398650,HS-grad,9,Divorced,Adm-clerical,Unmarried,White,Male,0,0,50,United-States,<=50K,0,0,0,1800,0.0,0.0,36-45
37,Self-emp-not-inc,484465,Bachelors,13,Never-married,Farming-fishing,Wife,White,Male,0,0,46,Other,>50K,0,0,0,1702,0.0,0.0,36-45
65,Private,259343,Some-college,10,Never-married,Priv-house-serv,Husband,White,Female,0,0,53,United-States,<=50K,0,0,0,3445,0.0,0.0,56-65
36,Private,66179,Some-college,10,Never-married,Prof-specialty,Own-child,White,Male,0,0,40,United-States,<=50K,0,0,0,1440,0.0,0.0,36-45
72,Private,475757,7th-8th,4,Married-civ-spouse,Adm-clerical,Husband,White,Male,0,0,48,United-States,<=50K,0,0,0,3456,0.0,0.0,66+
65,Private,85341,12th,8,Divorced,Adm-clerical,Own-child,White,Male,0,0,38,Mexico,<=50K,0,0,0,2470,0.0,0.0,56-65
73,Private,161532,Some-college,10,Never-married,Armed-Forces,Own-child,White,Male,0,0,45,United-States,<=50K,0,0,0,3285,0.0,0.0,66+
24,Private,150374,7th-8th,4,Married-civ-spouse,Craft-repair,Wife,White,Female,0,0,44,United-States,<=50K,0,0,0,1056,0.0,0.0,18-25
79,Private,284566,Assoc-acdm,12,Married-civ-spouse,Tech-support,Wife,Black,Female,0,3095,48,United-States,<=50K,0,1,-3095,3792,0.0,8.037866234709618,66+
56,Private,132479,Bachelors,13,Widowed,Adm-clerical,Not-in-family,White,Male,88037,0,45,Mexico,>50K,1,0,88037,2520,11.385523818435521,0.0,56-65
78,Private,430411,Masters,14,Married-civ-spouse,Tech-support,Husband,White,Male,0,1398,21,United-States,>50K,0,1,-1398,1638,0.0,7.243512974665482,66+
40,Private,169663,9th,5,Married-civ-spouse,Other-service,Wife,White,Male,0,0,34,United-States,<=50K,0,0,0,1360,0.0,0.0,36-45
77,Private,280246,Masters,14,Never-married,Machine-op-inspct,Unmarried,White,Male,0,0,41,United-States,>50K,0,0,0,3157,0.0,0.0,66+
54,Private,86151,7th-8th,4,Married-civ-spouse,Sales,Not-in-family,White,Male,67675,0,45,Puerto-Rico,<=50K,1,0,67675,2430,11.122486890878687,0.0,46-55
22,Private,271863,HS-grad,9,Married-civ-spouse,Sales,Husband,White,Male,0,0,48,United-States,<=50K,0,0,0,1056,0.0,0.0,18-25
43,Private,123659,Bachelors,13,Married-civ-spouse,Exec-managerial,Husband,White,Male,40312,0,45,United-States,>50K,1,0,40312,1935,10.604429276561985,0.0,36-45
26,Self-emp-inc,199358,7th-8th,4,Married-civ-spouse,Farming-fishing,Husband,White,Female,0,0,33,United-States,<=50K,0,0,0,858,0.0,0.0,26-35
76,Private,256083,1st-4th,2,Married-civ-spouse,Prof-specialty,Husband,White,Female,0,0,49,United-States,<=50K,0,0,0,3724,0.0,0.0,66+
36,Private,391090,5th-6th,3,Never-married,Priv-house-serv,Other-relative,Asian-Pac-Islander,Male,0,0,32,United-States,<=50K,0,0,0,1152,0.0,0.0,36-45
31,Private,413916,Some-college,10,Married-civ-spouse,Other-service,Not-in-family,White,Male,0,0,53,United-States,<=50K,0,0,0,1643,0.0,0.0,26-35
52,Private,185999,Bachelors,13,Married-civ-spouse,Craft-repair,Unmarried,White,Female,0,0,53,United-States,>50K,0,0,0,2756,0.0,0.0,46-55
44,Private,180082,10th,6,Never-married,Other-service,Not-in-family,White,Male,0,0,40,United-States,<=50K,0,0,0,1760,0.0,0.0,36-45
24,Private,131548,10th,6,Married-civ-spouse,Protective-serv,Unmarried,White,Female,0,0,34,United-States,<=50K,0,0,0,816,0.0,0.0,18-25
68,Unknown,448647,Some-college,10,Divorced,Sales,Husband,White,Male,0,0,33,United-States,>50K,0,0,0,2244,0.0,0.0,66+
70,Private,73036,HS-grad,9,Married-civ-spouse,Tech-support,Not-in-family,Asian-Pac-Islander,Male,0,0,29,Mexico,<=50K,0,0,0,2030,0.0,0.0,66+
64,Private,55516,Assoc-voc,11,Married-civ-spouse,Exec-managerial,Not-in-family,White,Female,0,0,31,United-States,>50K,0,0,0,1984,0.0,0.0,56-65
56,Private,219445,Masters,14,Married-civ-spouse,Farming-fishing,Not-in-family,White,Female,0,0,38,United-States,<=50K,0,0,0,2128,0.0,0.0,56-65
42,Private,202968,Assoc-acdm,12,Married-civ-spouse,Prof-specialty,Wife,White,Male,0,0,34,United-States,<=50K,0,0,0,1428,0.0,0.0,36-45
51,Self-emp-inc,150112,Bachelors,13,Separated,Prof-specialty,Own-child,Black,Male,0,0,24,Japan,>50K,0,0,0,1224,0.0,0.0,46-55
50,Private,225686,Some-college,10,Married-spouse-absent,Craft-repair,Husband,White,Male,17294,1382,35,United-States,<=50K,1,1,15912,1750,9.758172721371269,7.232010331664759,46-55
28,Private,494918,Bachelors,13,Never-married,Farming-fishing,Husband,White,Male,0,0,41,United-States,<=50K,0,0,0,1148,0.0,0.0,26-35
23,Self-emp-not-inc,141384,11th,7,Married-civ-spouse,Sales,Unmarried,White,Female,0,0,37,United-States,<=50K,0,0,0,851,0.0,0.0,18-25
33,Private,309425,7th-8th,4,Never-married,Craft-repair,Not-in-family,White,Female,0,0,31,United-States,<=50K,0,0,0,1023,0.0,0.0,26-35
46,Private,366932,Some-college,10,Never-married,Transport-moving,Own-child,White,Male,0,0,16,Canada,<=50K,0,0,0,736,0.0,0.0,46-55
27,Unknown,496326,7th-8th,4,Married-civ-spouse,Armed-Forces,Husband,Black,Male,0,0,51,United-States,<=50K,0,0,0,1377,0.0,0.0,26-35
24,Private,427498,Bachelors,13,Widowed,Adm-clerical,Husband,White,Female,0,0,40,United-States,<=50K,0,0,0,960,0.0,0.0,18-25
70,Private,350711,Assoc-voc,11,Never-married,Armed-Forces,Not-in-family,White,Female,0,0,43,England,<=50K,0,0,0,3010,0.0,0.0,66+
41,State-gov,416390,Masters,14,Married-civ-spouse,Prof-specialty,Unmarried,White,Female,0,0,42,United-States,>50K,0,0,0,1722,0.0,0.0,36-45
54,Private,425330,HS-grad,9,Widowed,Machine-op-inspct,Own-child,White,Male,0,2186,45,United-States,<=50K,0,1,-2186,2430,0.0,7.690286020676768,46-55
50,Private,396191,HS-grad,9,Married-civ-spouse,Prof-specialty,Husband,Black,Male,0,0,42,United-States,<=50K,0,0,0,2100,0.0,0.0,46-55
63,Private,64883,Assoc-acdm,12,Divorced,Machine-op-inspct,Unmarried,White,Male,0,0,41,United-States,<=50K,0,0,0,2583,0.0,0.0,56-65
63,Private,173831,HS-grad,9,Married-civ-spouse,Protective-serv,Not-in-family,Other,Female,0,0,48,United-States,<=50K,0,0,0,3024,0.0,0.0,56-65
36,Private,348808,Some-college,10,Married-civ-spouse,Adm-clerical,Other-relative,Asian-Pac-Islander,Male,0,0,50,United-States,>50K,0,0,0,1800,0.0,0.0,36-45
70,Unknown,443447,Some-college,10,Widowed,Tech-support,Husband,White,Male,0,0,54,United-States,<=50K,0,0,0,3780,0.0,0.0,66+
41,Private,68052,Prof-school,15,Never-married,Adm-clerical,Own-child,White,Male,0,0,32,United-States,<=50K,0,0,0,1312,0.0,0.0,36-45
69,Self-emp-not-inc,495660,Assoc-acdm,12,Married-civ-spouse,Prof-specialty,Not-in-family,White,Female,56643,0,42,United-States,>50K,1,0,56643,2898,10.94454134734295,0.0,66+
43,Private,81753,10th,6,Never-married,Machine-op-inspct,Own-child,White,Female,0,0,24,United-States,<=50K,0,0,0,1032,0.0,0.0,36-45
24,Unknown,106223,HS-grad,9,Separated,Machine-op-inspct,Other-relative,White,Female,0,0,35,United-States,<=50K,0,0,0,840,0.0,0.0,18-25
65,Self-emp-inc,47906,Some-college,10,Separated,Adm-clerical,Not-in-family,White,Male,0,0,38,United-States,<=50K,0,0,0,2470,0.0,0.0,56-65
19,Self-emp-not-inc,327481,11th,7,Widowed,Protective-serv,Husband,White,Male,0,0,47,United-States,<=50K,0,0,0,893,0.0,0.0,18-25
65,Self-emp-not-inc,315638,HS-grad,9,Separated,Protective-serv,Husband,White,Male,0,0,39,United-States,<=50K,0,0,0,2535,0.0,0.0,56-65
20,Local-gov,438461,HS-grad,9,Never-married,Armed-Forces,Not-in-family,White,Male,0,0,47,United-States,<=50K,0,0,0,940,0.0,0.0,18-25
30,Private,328759,10th,6,Married-civ-spouse,Adm-clerical,Unmarried,White,Male,0,0,37,United-States,<=50K,0,0,0,1110,0.0,0.0,26-35
55,Private,51724,Some-college,10,Widowed,Sales,Husband,White,Female,0,0,34,United-States,<=50K,0,0,0,1870,0.0,0.0,46-55
76,State-gov,152262,11th,7,Married-civ-spouse,Other-service,Not-in-family,White,Female,0,0,32,United-States,<=50K,0,0,0,2432,0.0,0.0,66+
43,Private,177986,Some-college,10,Married-civ-spouse,Priv-house-serv,Own-child,White,Female,0,0,47,United-States,<=50K,0,0,0,2021,0.0,0.0,36-45
25,Private,448753,11th,7,Divorced,Protective-serv,Unmarried,White,Female,0,0,36,India,<=50K,0,0,0,900,0.0,0.0,18-25
32,Never-worked,361579,Assoc-voc,11,Married-civ-spouse,Tech-support,Not-in-family,White,Male,0,0,16,United-States,<=50K,0,0,0,512,0.0,0.0,26-35
73,Private,462470,12th,8,Never-married,Sales,Own-child,White,Male,0,0,46,United-States,<=50K,0,0,0,3358,0.0,0.0,66+
63,Private,412928,Bachelors,13,Separated,Farming-fishing,Not-in-family,White,Male,0,2298,31,United-States,>50K,0,1,-2298,1953,0.0,7.740229524763182,56-65
24,Private,404384,5th-6th,3,Divorced,Other-service,Not-in-family,White,Male,0,0,42,Other,<=50K,0,0,0,1008,0.0,0.0,18-25
41,Private,225117,Some-college,10,Never-married,Tech-support,Not-in-family,White,Male,0,0,29,United-States,<=50K,0,0,0,1189,0.0,0.0,36-45
34,Private,316773,HS-grad,9,Married-civ-spouse,Armed-Forces,Husband,White,Male,68261,0,40,United-States,<=50K,1,0,68261,1360,11.131108521767771,0.0,26-35
29,Private,385860,HS-grad,9,Never-married,Craft-repair,Not-in-family,White,Male,0,0,11,Canada,<=50K,0,0,0,319,0.0,0.0,26-35
70,Unknown,302892,HS-grad,9,Married-civ-spouse,Other-service,Not-in-family,White,Female,0,0,40,United-States,<=50K,0,0,0,2800,0.0,0.0,66+
56,Private,213137,Bachelors,13,Married-civ-spouse,Armed-Forces,Husband,White,Male,0,0,31,United-States,>50K,0,0,0,1736,0.0,0.0,56-65
29,Private,202576,Bachelors,13,Never-married,Craft-repair,Own-child,Asian-Pac-Islander,Male,21268,0,27,United-States,>50K,1,0,21268,783,9.965005892514545,0.0,26-35
58,Local-gov,455101,HS-grad,9,Divorced,Priv-house-serv,Unmarried,White,Female,0,0,48,United-States,<=50K,0,0,0,2784,0.0,0.0,56-65
43,Self-emp-inc,233618,11th,7,Married-civ-spouse,Machine-op-inspct,Not-in-family,White,Male,0,1618,39,United-States,<=50K,0,1,-1618,1677,0.0,7.389563953677635,36-45
21,Private,203443,Assoc-voc,11,Married-civ-spouse,Machine-op-inspct,Husband,White,Male,0,210,38,United-States,<=50K,0,1,-210,798,0.0,5.351858133476067,18-25
45,Private,79165,Some-college,10,Married-civ-spouse,Priv-house-serv,Other-relative,White,Male,0,0,33,United-States,<=50K,0,0,0,1485,0.0,0.0,36-45
29,Private,297371,12th,8,Never-married,Tech-support,Own-child,White,Male,0,0,49,United-States,<=50K,0,0,0,1421,0.0,0.0,26-35
33,Federal-gov,478303,Assoc-acdm,12,Married-civ-spouse,Tech-support,Not-in-family,White,Male,0,0,36,United-States,<=50K,0,0,0,1188,0.0,0.0,26-35
72,Private,391584,Some-college,10,Divorced,Other-service,Husband,White,Female,0,709,55,United-States,<=50K,0,1,-709,3960,0.0,6.565264970035361,66+
62,Private,298773,Some-college,10,Separated,Handlers-cleaners,Wife,White,Male,0,0,52,United-States,<=50K,0,0,0,3224,0.0,0.0,56-65
26,Self-emp-not-inc,175488,HS-grad,9,Never-married,Armed-Forces,Unmarried,Other,Female,0,0,54,United-States,<=50K,0,0,0,1404,0.0,0.0,26-35
70,Private,196264,HS-grad,9,Married-civ-spouse,Tech-support,Not-in-family,White,Female,0,0,50,India,<=50K,0,0,0,3500,0.0,0.0,66+
53,Private,233408,11th,7,Never-married,Prof-specialty,Own-child,White,Male,0,3381,34,United-States,<=50K,0,1,-3381,1802,0.0,8.126222529458525,46-55
72,Federal-gov,108846,Assoc-acdm,12,Married-civ-spouse,Handlers-cleaners,Unmarried,White,Male,0,0,41,United-States,<=50K,0,0,0,2952,0.0,0.0,66+
64,Self-emp-not-inc,373210,11th,7,Married-civ-spouse,Other-service,Unmarried,White,Male,0,0,38,United-States,<=50K,0,0,0,2432,0.0,0.0,56-65
39,Private,209326,Assoc-acdm,12,Never-married,Exec-managerial,Not-in-family,Asian-Pac-Islander,Male,91403,0,48,United-States,>50K,1,0,91403,1872,11.423044520160788,0.0,36-45
51,Private,408973,Bachelors,13,Married-civ-spouse,Other-service,Own-child,White,Female,0,0,40,Other,<=50K,0,0,0,2040,0.0,0.0,46-55
50,Private,92239,Assoc-acdm,12,Married-civ-spouse,Craft-repair,Own-child,White,Male,0,0,38,United-States,<=50K,0,0,0,1900,0.0,0.0,46-55
62,Private,34435,1st-4th,2,Separated,Machine-op-inspct,Not-in-family,White,Male,0,0,57,United-States,<=50K,0,0,0,3534,0.0,0.0,56-65
33,Private,401050,HS-grad,9,Never-married,Armed-Forces,Unmarried,White,Male,0,0,37,Japan,<=50K,0,0,0,1221,0.0,0.0,26-35
38,Private,46460,HS-grad,9,Widowed,Prof-specialty,Own-child,White,Male,0,0,34,United-States,<=50K,0,0,0,1292,0.0,0.0,36-45
33,Private,363807,Some-college,10,Separated,Adm-clerical,Husband,White,Female,0,0,36,United-States,<=50K,0,0,0,1188,0.0,0.0,26-35
36,Private,164196,Masters,14,Married-civ-spouse,Farming-fishing,Own-child,White,Female,0,0,51,United-States,<=50K,0,0,0,1836,0.0,0.0,36-45
27,Private,375771,HS-grad,9,Never-married,Priv-house-serv,Husband,White,Male,0,0,42,United-States,<=50K,0,0,0,1134,0.0,0.0,26-35
20,Private,385638,Bachelors,13,Married-civ-spouse,Priv-house-serv,Not-in-family,Black,Female,0,0,45,Unknown,<=50K,0,0,0,900,0.0,0.0,18-25
76,Private,345428,11th,7,Never-married,Protective-serv,Wife,Asian-Pac-Islander,Male,0,0,42,United-States,<=50K,0,0,0,3192,0.0,0.0,66+
22,Private,208280,HS-grad,9,Married-civ-spouse,Priv-house-serv,Not-in-family,White,Female,0,0,18,Other,<=50K,0,0,0,396,0.0,0.0,18-25
73,Private,448092,7th-8th,4,Married-civ-spouse,Armed-Forces,Not-in-family,Black,Male,0,0,29,United-States,<=50K,0,0,0,2117,0.0,0.0,66+
18,Private,243805,Assoc-acdm,12,Married-civ-spouse,Armed-Forces,Husband,Asian-Pac-Islander,Male,0,0,37,United-States,<=50K,0,0,0,666,0.0,0.0,18-25
66,State-gov,99310,11th,7,Never-married,Transport-moving,Unmarried,White,Male,0,0,43,United-States,<=50K,0,0,0,2838,0.0,0.0,66+
38,Federal-gov,316432,HS-grad,9,Married-civ-spouse,Handlers-cleaners,Own-child,Black,Male,0,0,30,United-States,<=50K,0,0,0,1140,0.0,0.0,36-45
50,Private,267090,Assoc-acdm,12,Never-married,Exec-managerial,Wife,White,Female,0,0,30,United-States,<=50K,0,0,0,1500,0.0,0.0,46-55
35,Private,17520,Some-college,10,Never-married,Machine-op-inspct,Husband,White,Female,0,0,37,United-States,<=50K,0,0,0,1295,0.0,0.0,26-35
48,Self-emp-not-inc,312283,1st-4th,2,Never-married,Priv-house-serv,Husband,White,Male,0,0,53,United-States,<=50K,0,0,0,2544,0.0,0.0,46-55
45,Private,54470,Preschool,1,Married-civ-spouse,Transport-moving,Husband,White,Male,0,0,18,United-States,<=50K,0,0,0,810,0.0,0.0,36-45
50,State-gov,491051,Some-college,10,Married-civ-spouse,Machine-op-inspct,Unmarried,Black,Male,0,0,13,United-States,<=50K,0,0,0,650,0.0,0.0,46-55
42,Private,60327,HS-grad,9,Widowed,Craft-repair,Husband,White,Male,0,0,57,United-States,<=50K,0,0,0,2394,0.0,0.0,36-45
51,Private,187672,11th,7,Never-married,Sales,Husband,White,Female,0,0,25,Mexico,<=50K,0,0,0,1275,0.0,0.0,46-55
69,Unknown,198183,Some-college,10,Married-civ-spouse,Adm-clerical,Not-in-family,White,Male,0,0,36,United-States,<=50K,0,0,0,2484,0.0,0.0,66+
44,Private,145618,HS-grad,9,Widowed,Prof-specialty,Unmarried,Asian-Pac-Islander,Female,0,2422,25,India,<=50K,0,1,-2422,1100,0.0,7.792761720816526,36-45
40,Private,221929,Some-college,10,Married-civ-spouse,Handlers-cleaners,Husband,White,Male,0,0,37,Canada,<=50K,0,0,0,1480,0.0,0.0,36-45
26,Self-emp-not-inc,38964,HS-grad,9,Divorced,Exec-managerial,Wife,White,Female,0,0,39,United-States,<=50K,0,0,0,1014,0.0,0.0,26-35
40,Private,478341,12th,8,Married-civ-spouse,Craft-repair,Husband,White,Male,0,0,56,United-States,<=50K,0,0,0,2240,0.0,0.0,36-45
25,Private,485383,10th,6,Married-civ-spouse,Handlers-cleaners,Husband,White,Male,0,0,47,United-States,<=50K,0,0,0,1175,0.0,0.0,18-25
29,Private,63730,HS-grad,9,Married-civ-spouse,Handlers-cleaners,Husband,Black,Female,0,0,27,United-States,<=50K,0,0,0,783,0.0,0.0,26-35
77,Self-emp-inc,134202,5th-6th,3,Never-married,Transport-moving,Not-in-family,Black,Male,0,0,21,United-States,<=50K,0,0,0,1617,0.0,0.0,66+
23,Private,238120,HS-grad,9,Married-civ-spouse,Craft-repair,Husband,White,Female,0,0,45,United-States,<=50K,0,0,0,1035,0.0,0.0,18-25
47,Private,64498,Bachelors,13,Never-married,Handlers-cleaners,Husband,White,Male,0,3350,35,United-States,<=50K,0,1,-3350,1645,0.0,8.11701408773731,46-55
69,Private,153934,Bachelors,13,Never-married,Priv-house-serv,Not-in-family,Asian-Pac-Islander,Female,0,0,33,United-States,<=50K,0,0,0,2277,0.0,0.0,66+
77,Private,449411,HS-grad,9,Separated,Sales,Husband,White,Male,0,0,52,United-States,<=50K,0,0,0,4004,0.0,0.0,66+
27,Unknown,296023,Some-college,10,Married-civ-spouse,Exec-managerial,Own-child,White,Male,93364,0,22,United-States,>50K,1,0,93364,594,11.44427182165318,0.0,26-35
28,Private,466422,Some-college,10,Never-married,Craft-repair,Not-in-family,White,Male,0,4783,36,Canada,<=50K,0,1,-4783,1008,0.0,8.473032295630468,26-35
41,Private,134202,Bachelors,13,Married-civ-spouse,Adm-clerical,Wife,White,Male,0,0,46,United-States,<=50K,0,0,0,1886,0.0,0.0,36-45
52,Self-emp-not-inc,275230,HS-grad,9,Never-married,Priv-house-serv,Own-child,White,Male,94381,0,28,United-States,<=50K,1,0,94381,1456,11.455105655986136,0.0,46-55
77,Private,494183,HS-grad,9,Married-civ-spouse,Handlers-cleaners,Wife,White,Male,0,0,53,United-States,<=50K,0,0,0,4081,0.0,0.0,66+
30,Private,142950,HS-grad,9,Never-married,Prof-specialty,Husband,White,Male,0,0,30,United-States,<=50K,0,0,0,900,0.0,0.0,26-35
28,Private,380008,5th-6th,3,Married-civ-spouse,Transport-moving,Not-in-family,White,Female,0,0,39,United-States,<=50K,0,0,0,1092,0.0,0.0,26-35
33,State-gov,252175,HS-grad,9,Never-married,Handlers-cleaners,Husband,White,Male,0,0,33,Philippines,<=50K,0,0,0,1089,0.0,0.0,26-35
72,Private,164972,Bachelors,13,Married-civ-spouse,Prof-specialty,Husband,White,Female,0,0,13,United-States,>50K,0,0,0,936,0.0,0.0,66+
19,Unknown,64501,Bachelors,13,Married-civ-spouse,Transport-moving,Husband,White,Female,0,0,36,United-States,<=50K,0,0,0,684,0.0,0.0,18-25
41,Private,475864,10th,6,Never-married,Sales,Own-child,White,Male,0,0,48,United-States,<=50K,0,0,0,1968,0.0,0.0,36-45
25,Private,75280,HS-grad,9,Married-civ-spouse,Unknown,Not-in-family,Asian-Pac-Islander,Male,0,0,30,United-States,<=50K,0,0,0,750,0.0,0.0,18-25
27,Private,70916,HS-grad,9,Never-married,Sales,Unmarried,White,Male,0,0,34,United-States,<=50K,0,0,0,918,0.0,0.0,26-35
74,Private,245015,HS-grad,9,Never-married,Machine-op-inspct,Husband,White,Male,0,0,35,United-States,<=50K,0,0,0,2590,0.0,0.0,66+
18,Private,58568,Some-college,10,Never-married,Sales,Husband,White,Male,0,0,45,United-States,<=50K,0,0,0,810,0.0,0.0,18-25
37,Private,423524,1st-4th,2,Never-married,Adm-clerical,Not-in-family,White,Male,0,0,36,United-States,<=50K,0,0,0,1332,0.0,0.0,36-45
74,State-gov,375133,Bachelors,13,Never-married,Handlers-cleaners,Own-child,Black,Female,0,0,40,United-States,<=50K,0,0,0,2960,0.0,0.0,66+
55,Private,80744,Prof-school,15,Separated,Sales,Husband,White,Male,0,0,40,United-States,<=50K,0,0,0,2200,0.0,0.0,46-55
22,Self-emp-inc,452947,Some-college,10,Married-civ-spouse,Transport-moving,Unmarried,White,Female,0,0,35,United-States,<=50K,0,0,0,770,0.0,0.0,18-25
46,Private,325539,Some-college,10,Never-married,Armed-Forces,Own-child,White,Female,0,0,57,United-States,<=50K,0,0,0,2622,0.0,0.0,46-55
78,Private,350543,Some-college,10,Never-married,Tech-support,Own-child,White,Male,0,0,30,United-States,<=50K,0,0,0,2340,0.0,0.0,66+
42,Private,173194,HS-grad,9,Married-civ-spouse,Machine-op-inspct,Husband,White,Female,0,0,47,United-States,<=50K,0,0,0,1974,0.0,0.0,36-45
50,Private,421212,11th,7,Married-civ-spouse,Transport-moving,Not-in-family,White,Female,0,0,53,United-States,<=50K,0,0,0,2650,0.0,0.0,46-55
50,Private,37402,Some-college,10,Married-civ-spouse,Transport-moving,Not-in-family,White,Male,0,0,39,United-States,>50K,0,0,0,1950,0.0,0.0,46-55
58,Private,489351,5th-6th,3,Never-married,Sales,Own-child,Asian-Pac-Islander,Female,0,0,41,United-States,<=50K,0,0,0,2378,0.0,0.0,56-65
29,State-gov,133466,Bachelors,13,Married-civ-spouse,Craft-repair,Not-in-family,Asian-Pac-Islander,Male,0,0,45,Canada,>50K,0,0,0,1305,0.0,0.0,26-35
70,Federal-gov,86025,HS-grad,9,Never-married,Machine-op-inspct,Husband,White,Male,0,0,36,Unknown,<=50K,0,0,0,2520,0.0,0.0,66+
79,Private,43888,HS-grad,9,Never-married,Adm-clerical,Unmarried,White,Male,0,0,21,United-States,<=50K,0,0,0,1659,0.0,0.0,66+
26,Private,50127,HS-grad,9,Never-married,Exec-managerial,Husband,White,Male,0,0,38,United-States,<=50K,0,0,0,988,0.0,0.0,26-35
68,Private,102054,Prof-school,15,Married-civ-spouse,Prof-specialty,Wife,White,Male,0,0,56,United-States,<=50K,0,0,0,3808,0.0,0.0,66+
68,State-gov,269753,11th,7,Never-married,Machine-op-inspct,Husband,White,Male,0,0,46,Mexico,<=50K,0,0,0,3128,0.0,0.0,66+
63,Private,159527,11th,7,Never-married,Handlers-cleaners,Own-child,White,Female,0,0,41,United-States,<=50K,0,0,0,2583,0.0,0.0,56-65
40,Private,273830,11th,7,Married-civ-spouse,Handlers-cleaners,Not-in-family,White,Male,0,0,48,United-States,<=50K,0,0,0,1920,0.0,0.0,36-45
47,Unknown,95030,Some-college,10,Married-civ-spouse,Farming-fishing,Husband,White,Male,0,0,39,United-States,<=50K,0,0,0,1833,0.0,0.0,46-55
70,Private,411387,Doctorate,16,Married-civ-spouse,Armed-Forces,Husband,White,Male,0,0,40,United-States,>50K,0,0,0,2800,0.0,0.0,66+
27,Private,207931,HS-grad,9,Widowed,Priv-house-serv,Own-child,White,Female,0,0,36,United-States,<=50K,0,0,0,972,0.0,0.0,26-35
69,Private,288402,Bachelors,13,Married-civ-spouse,Tech-support,Husband,Asian-Pac-Islander,Male,0,0,45,United-States,>50K,0,0,0,3105,0.0,0.0,66+
75,Private,11537,HS-grad,9,Married-civ-spouse,Exec-managerial,Own-child,White,Male,0,0,35,United-States,<=50K,0,0,0,2625,0.0,0.0,66+
60,Private,173566,Some-college,10,Married-civ-spouse,Tech-support,Husband,Black,Male,0,0,37,Other,<=50K,0,0,0,2220,0.0,0.0,56-65
39,Private,24204,5th-6th,3,Married-civ-spouse,Protective-serv,Own-child,White,Female,0,0,49,Japan,<=50K,0,0,0,1911,0.0,0.0,36-45
52,Private,180226,HS-grad,9,Married-civ-spouse,Farming-fishing,Not-in-family,White,Female,0,0,38,United-States,<=50K,0,0,0,1976,0.0,0.0,46-55
21,State-gov,385018,Some-college,10,Never-married,Sales,Not-in-family,White,Male,0,0,46,United-States,<=50K,0,0,0,966,0.0,0.0,18-25
75,Private,234817,Some-college,10,Divorced,Priv-house-serv,Own-child,Asian-Pac-Islander,Male,0,0,46,United-States,<=50K,0,0,0,3450,0.0,0.0,66+
39,Self-emp-not-inc,390680,HS-grad,9,Never-married,Machine-op-inspct,Own-child,White,Male,0,0,39,Germany,<=50K,0,0,0,1521,0.0,0.0,36-45
21,Private,48012,Bachelors,13,Married-civ-spouse,Tech-support,Wife,White,Male,0,0,37,United-States,<=50K,0,0,0,777,0.0,0.0,18-25
67,Private,197875,Prof-school,15,Divorced,Other-service,Husband,White,Female,0,0,27,United-States,>50K,0,0,0,1809,0.0,0.0,66+
58,State-gov,10339,HS-grad,9,Never-married,Priv-house-serv,Husband,White,Male,0,0,29,United-States,<=50K,0,0,0,1682,0.0,0.0,56-65
56,Private,491610,Some-college,10,Never-married,Exec-managerial,Husband,White,Male,0,0,46,United-States,>50K,0,0,0,2576,0.0,0.0,56-65
21,Never-worked,483241,Assoc-acdm,12,Never-married,Machine-op-inspct,Unmarried,White,Male,0,0,46,United-States,<=50K,0,0,0,966,0.0,0.0,18-25
64,Private,143838,HS-grad,9,Married-civ-spouse,Protective-serv,Not-in-family,White,Male,0,0,30,United-States,<=50K,0,0,0,1920,0.0,0.0,56-65
57,Self-emp-not-inc,376668,Bachelors,13,Divorced,Exec-managerial,Own-child,Amer-Indian-Eskimo,Female,0,0,44,Germany,<=50K,0,0,0,2508,0.0,0.0,56-65
67,Private,376261,HS-grad,9,Never-married,Tech-support,Own-child,White,Female,0,0,42,United-States,<=50K,0,0,0,2814,0.0,0.0,66+
69,Private,196016,Assoc-acdm,12,Married-civ-spouse,Craft-repair,Wife,White,Female,0,0,49,United-States,>50K,0,0,0,3381,0.0,0.0,66+
31,Private,227070,10th,6,Never-married,Protective-serv,Own-child,White,Female,0,0,62,United-States,<=50K,0,0,0,1922,0.0,0.0,26-35
31,State-gov,498270,HS-grad,9,Married-civ-spouse,Adm-clerical,Husband,Asian-Pac-Islander,Male,0,0,46,United-States,<=50K,0,0,0,1426,0.0,0.0,26-35
75,Local-gov,177531,Some-college,10,Married-civ-spouse,Exec-managerial,Own-child,White,Female,0,0,33,United-States,>50K,0,0,0,2475,0.0,0.0,66+
50,Private,222931,Some-college,10,Never-married,Craft-repair,Wife,White,Male,0,0,47,United-States,<=50K,0,0,0,2350,0.0,0.0,46-55
45,State-gov,151282,Bachelors,13,Never-married,Farming-fishing,Own-child,White,Female,0,0,30,China,<=50K,0,0,0,1350,0.0,0.0,36-45
35,Local-gov,211050,Doctorate,16,Separated,Tech-support,Not-in-family,White,Male,0,0,62,United-States,<=50K,0,0,0,2170,0.0,0.0,26-35
57,Unknown,122620,10th,6,Separated,Craft-repair,Wife,Asian-Pac-Islander,Male,0,0,28,United-States,<=50K,0,0,0,1596,0.0,0.0,56-65
64,Private,25468,HS-grad,9,Married-civ-spouse,Adm-clerical,Unmarried,White,Female,0,3314,44,United-States,<=50K,0,1,-3314,2816,0.0,8.106212902619962,56-65
18,Private,334719,HS-grad,9,Never-married,Adm-clerical,Husband,Other,Male,0,0,40,United-States,<=50K,0,0,0,720,0.0,0.0,18-25
52,Private,153159,HS-grad,9,Married-AF-spouse,Machine-op-inspct,Husband,White,Male,38382,0,36,United-States,<=50K,1,0,38382,1872,10.55536993221822,0.0,46-55
79,Private,24533,HS-grad,9,Married-civ-spouse,Protective-serv,Husband,White,Male,0,1282,35,United-States,<=50K,0,1,-1282,2765,0.0,7.1569563646156364,66+
35,State-gov,62104,Bachelors,13,Divorced,Sales,Husband,White,Female,0,0,54,Germany,<=50K,0,0,0,1890,0.0,0.0,26-35
35,Private,453286,Assoc-acdm,12,Separated,Machine-op-inspct,Husband,Other,Male,0,0,46,United-States,<=50K,0,0,0,1610,0.0,0.0,26-35
72,Private,232549,1st-4th,2,Married-civ-spouse,Exec-managerial,Husband,White,Female,0,0,38,United-States,<=50K,0,0,0,2736,0.0,0.0,66+
21,Private,134678,HS-grad,9,Widowed,Prof-specialty,Husband,White,Male,0,0,57,United-States,<=50K,0,0,0,1197,0.0,0.0,18-25
42,Private,168745,Some-college,10,Divorced,Other-service,Husband,White,Female,0,0,39,United-States,<=50K,0,0,0,1638,0.0,0.0,36-45
46,Private,245764,HS-grad,9,Separated,Priv-house-serv,Wife,White,Male,0,0,47,United-States,<=50K,0,0,0,2162,0.0,0.0,46-55
67,Private,159395,10th,6,Never-married,Farming-fishing,Not-in-family,White,Male,0,0,27,United-States,<=50K,0,0,0,1809,0.0,0.0,66+
25,Private,201455,HS-grad,9,Never-married,Farming-fishing,Not-in-family,White,Female,0,0,27,India,<=50K,0,0,0,675,0.0,0.0,18-25
44,Private,215251,HS-grad,9,Never-married,Craft-repair,Not-in-family,White,Male,0,0,47,Germany,<=50K,0,0,0,2068,0.0,0.0,36-45
27,Private,474951,12th,8,Married-civ-spouse,Craft-repair,Unmarried,White,Male,0,0,43,United-States,<=50K,0,0,0,1161,0.0,0.0,26-35
66,Self-emp-not-inc,171904,Assoc-acdm,12,Never-married,Transport-moving,Husband,White,Female,0,0,61,United-States,<=50K,0,0,0,4026,0.0,0.0,66+
57,Private,92504,HS-grad,9,Widowed,Farming-fishing,Unmarried,White,Male,0,0,33,United-States,<=50K,0,0,0,1881,0.0,0.0,56-65
48,Private,242157,Some-college,10,Widowed,Tech-support,Husband,White,Male,0,0,47,United-States,>50K,0,0,0,2256,0.0,0.0,46-55
42,Private,188950,Some-college,10,Widowed,Farming-fishing,Husband,White,Male,0,0,38,United-States,<=50K,0,0,0,1596,0.0,0.0,36-45
27,Private,321801,Bachelors,13,Never-married,Armed-Forces,Not-in-family,White,Female,0,0,48,United-States,>50K,0,0,0,1296,0.0,0.0,26-35
75,Self-emp-inc,334244,10th,6,Never-married,Transport-moving,Own-child,White,Female,0,0,48,United-States,<=50K,0,0,0,3600,0.0,0.0,66+
58,Private,234388,10th,6,Never-married,Sales,Own-child,White,Female,0,0,40,United-States,<=50K,0,0,0,2320,0.0,0.0,56-65
37,Local-gov,148451,HS-grad,9,Never-married,Exec-managerial,Husband,White,Male,60071,0,33,United-States,<=50K,1,0,60071,1221,11.00329912177972,0.0,36-45
43,Local-gov,356493,HS-grad,9,Never-married,Transport-moving,Wife,Black,Female,0,0,37,United-States,<=50K,0,0,0,1591,0.0,0.0,36-45
63,Private,276874,HS-grad,9,Married-civ-spouse,Prof-specialty,Husband,White,Male,13426,0,29,United-States,<=50K,1,0,13426,1827,9.505022884072709,0.0,56-65
62,Private,165598,Assoc-acdm,12,Married-civ-spouse,Transport-moving,Not-in-family,Asian-Pac-Islander,Male,0,0,44,United-States,<=50K,0,0,0,2728,0.0,0.0,56-65
46,Private,23185,HS-grad,9,Never-married,Unknown,Husband,White,Male,0,0,12,United-States,<=50K,0,0,0,552,0.0,0.0,46-55
36,Local-gov,23801,9th,5,Married-civ-spouse,Prof-specialty,Wife,White,Male,0,0,34,United-States,>50K,0,0,0,1224,0.0,0.0,36-45
58,Private,452058,HS-grad,9,Married-civ-spouse,Adm-clerical,Wife,Black,Male,0,0,49,United-States,>50K,0,0,0,2842,0.0,0.0,56-65
58,Private,319290,Assoc-acdm,12,Married-civ-spouse,Handlers-cleaners,Unmarried,Other,Male,0,0,49,United-States,>50K,0,0,0,2842,0.0,0.0,56-65
55,Private,420858,Bachelors,13,Never-married,Machine-op-inspct,Unmarried,Asian-Pac-Islander,Male,0,0,24,United-States,<=50K,0,0,0,1320,0.0,0.0,46-55
22,Private,212582,Assoc-acdm,12,Widowed,Craft-repair,Not-in-family,Amer-Indian-Eskimo,Male,0,0,46,United-States,<=50K,0,0,0,1012,0.0,0.0,18-25
47,Private,70865,Some-college,10,Never-married,Armed-Forces,Own-child,Other,Female,0,0,29,United-States,<=50K,0,0,0,1363,0.0,0.0,46-55
56,Private,493474,Assoc-voc,11,Widowed,Machine-op-inspct,Husband,White,Female,0,0,36,United-States,<=50K,0,0,0,2016,0.0,0.0,56-65
76,Private,367246,Assoc-voc,11,Separated,Sales,Husband,White,Male,0,3927,48,Philippines,>50K,0,1,-3927,3648,0.0,8.275885669474356,66+
50,Self-emp-inc,337459,HS-grad,9,Married-civ-spouse,Adm-clerical,Not-in-family,White,Female,0,0,30,United-States,>50K,0,0,0,1500,0.0,0.0,46-55
39,Private,39985,Some-college,10,Married-civ-spouse,Prof-specialty,Husband,White,Female,50289,0,54,United-States,>50K,1,0,50289,2106,10.825561529166011,0.0,36-45
52,Private,40023,Assoc-acdm,12,Married-civ-spouse,Priv-house-serv,Not-in-family,White,Female,0,0,43,United-States,>50K,0,0,0,2236,0.0,0.0,46-55
28,Private,462082,HS-grad,9,Married-civ-spouse,Transport-moving,Husband,White,Male,48957,0,45,United-States,>50K,1,0,48957,1260,10.798718066678635,0.0,26-35
23,State-gov,425683,Some-college,10,Never-married,Prof-specialty,Other-relative,White,Male,0,0,51,United-States,<=50K,0,0,0,1173,0.0,0.0,18-25
60,Private,68793,HS-grad,9,Married-civ-spouse,Farming-fishing,Husband,Black,Female,0,0,49,India,<=50K,0,0,0,2940,0.0,0.0,56-65
79,Local-gov,283559,Some-college,10,Separated,Tech-support,Husband,White,Male,0,0,48,United-States,<=50K,0,0,0,3792,0.0,0.0,66+
70,Private,185844,9th,5,Never-married,Armed-Forces,Husband,White,Female,0,0,33,Philippines,<=50K,0,0,0,2310,0.0,0.0,66+
54,Federal-gov,320924,Some-college,10,Married-civ-spouse,Machine-op-inspct,Not-in-family,White,Male,0,0,29,Mexico,<=50K,0,0,0,1566,0.0,0.0,46-55
20,Private,430215,Bachelors,13,Married-spouse-absent,Farming-fishing,Unmarried,White,Female,0,0,37,Cuba,<=50K,0,0,0,740,0.0,0.0,18-25
79,Private,320210,10th,6,Widowed,Farming-fishing,Husband,White,Male,0,0,45,United-States,<=50K,0,0,0,3555,0.0,0.0,66+
45,Private,111371,HS-grad,9,Never-married,Exec-managerial,Unmarried,White,Male,0,0,27,United-States,<=50K,0,0,0,1215,0.0,0.0,36-45
35,State-gov,205868,7th-8th,4,Never-married,Farming-fishing,Husband,Black,Female,0,0,46,United-States,<=50K,0,0,0,1610,0.0,0.0,26-35
73,State-gov,464751,5th-6th,3,Married-spouse-absent,Prof-specialty,Husband,White,Male,0,0,44,United-States,<=50K,0,0,0,3212,0.0,0.0,66+
64,Private,41836,Doctorate,16,Never-married,Farming-fishing,Husband,White,Male,0,0,38,United-States,<=50K,0,0,0,2432,0.0,0.0,56-65
64,Private,336900,HS-grad,9,Separated,Craft-repair,Wife,White,Male,0,0,41,United-States,<=50K,0,0,0,2624,0.0,0.0,56-65
35,Private,254546,HS-grad,9,Married-civ-spouse,Other-service,Other-relative,White,Male,0,0,41,United-States,<=50K,0,0,0,1435,0.0,0.0,26-35
79,Private,242635,HS-grad,9,Never-married,Protective-serv,Own-child,White,Male,0,0,44,United-States,>50K,0,0,0,3476,0.0,0.0,66+
46,Private,22256,Prof-school,15,Divorced,Transport-moving,Husband,White,Female,0,0,47,United-States,>50K,0,0,0,2162,0.0,0.0,46-55
50,Private,70023,HS-grad,9,Married-civ-spouse,Craft-repair,Husband,White,Female,0,0,69,Other,<=50K,0,0,0,3450,0.0,0.0,46-55
64,Private,229867,Assoc-voc,11,Married-civ-spouse,Other-service,Not-in-family,Black,Female,0,0,42,United-States,<=50K,0,0,0,2688,0.0,0.0,56-65
58,Private,331795,HS-grad,9,Married-civ-spouse,Machine-op-inspct,Unmarried,White,Male,0,0,34,United-States,<=50K,0,0,0,1972,0.0,0.0,56-65
28,Local-gov,91552,7th-8th,4,Married-civ-spouse,Tech-support,Not-in-family,White,Male,0,0,21,United-States,<=50K,0,0,0,588,0.0,0.0,26-35
36,Private,298479,Assoc-voc,11,Married-civ-spouse,Prof-specialty,Husband,White,Female,0,0,26,United-States,<=50K,0,0,0,936,0.0,0.0,36-45
40,Private,449920,Preschool,1,Married-civ-spouse,Exec-managerial,Husband,White,Male,0,0,32,United-States,<=50K,0,0,0,1280,0.0,0.0,36-45
76,Private,216930,Assoc-voc,11,Never-married,Craft-repair,Husband,White,Male,0,0,47,United-States,<=50K,0,0,0,3572,0.0,0.0,66+
62,Private,359871,HS-grad,9,Never-married,Exec-managerial,Unmarried,White,Female,0,0,36,United-States,<=50K,0,0,0,2232,0.0,0.0,56-65
40,Private,207725,Assoc-acdm,12,Never-married,Exec-managerial,Own-child,White,Female,0,0,44,United-States,<=50K,0,0,0,1760,0.0,0.0,36-45
63,Private,48375,Assoc-acdm,12,Married-civ-spouse,Tech-support,Unmarried,White,Female,0,0,33,United-States,>50K,0,0,0,2079,0.0,0.0,56-65
63,Private,298690,Assoc-voc,11,Never-married,Adm-clerical,Not-in-family,White,Female,70934,0,45,Germany,>50K,1,0,70934,2835,11.169519243746086,0.0,56-65
42,Private,48259,5th-6th,3,Married-civ-spouse,Sales,Not-in-family,White,Male,0,0,49,Canada,<=50K,0,0,0,2058,0.0,0.0,36-45
42,Unknown,211495,Assoc-voc,11,Married-civ-spouse,Tech-support,Not-in-family,White,Male,0,0,36,United-States,>50K,0,0,0,1512,0.0,0.0,36-45
73,Private,155882,Doctorate,16,Divorced,Tech-support,Husband,White,Male,0,0,44,United-States,>50K,0,0,0,3212,0.0,0.0,66+
52,Private,344768,HS-grad,9,Widowed,Armed-Forces,Husband,White,Female,19740,0,36,Canada,>50K,1,0,19740,1872,9.890452970265668,0.0,46-55
27,Private,27716,HS-grad,9,Married-AF-spouse,Craft-repair,Husband,White,Male,0,0,28,United-States,<=50K,0,0,0,756,0.0,0.0,26-35
62,Private,223712,Bachelors,13,Never-married,Protective-serv,Own-child,Black,Female,0,0,46,United-States,<=50K,0,0,0,2852,0.0,0.0,56-65
54,Private,59521,11th,7,Never-married,Unknown,Not-in-family,Asian-Pac-Islander,Male,0,0,44,United-States,<=50K,0,0,0,2376,0.0,0.0,46-55
49,Private,490065,Some-college,10,Divorced,Craft-repair,Husband,White,Female,91874,3130,46,United-States,>50K,1,1,88744,2254,11.428184236515138,8.049107721326406,46-55
62,Private,350056,Assoc-acdm,12,Never-married,Machine-op-inspct,Unmarried,White,Male,0,0,50,United-States,>50K,0,0,0,3100,0.0,0.0,56-65
74,Self-emp-inc,281483,5th-6th,3,Married-civ-spouse,Protective-serv,Other-relative,White,Male,0,0,38,United-States,<=50K,0,0,0,2812,0.0,0.0,66+
38,Private,442345,Some-college,10,Married-civ-spouse,Craft-repair,Own-child,White,Female,0,0,38,United-States,<=50K,0,0,0,1444,0.0,0.0,36-45
43,Private,78987,Some-college,10,Married-spouse-absent,Exec-managerial,Own-child,White,Male,0,1141,37,United-States,<=50K,0,1,-1141,1591,0.0,7.040536390215956,36-45
29,Private,329411,HS-grad,9,Married-spouse-absent,Transport-moving,Husband,White,Male,0,0,43,United-States,<=50K,0,0,0,1247,0.0,0.0,26-35
58,Private,484357,Bachelors,13,Married-civ-spouse,Tech-support,Own-child,Black,Male,0,0,39,United-States,>50K,0,0,0,2262,0.0,0.0,56-65
42,Private,242743,11th,7,Married-civ-spouse,Other-service,Not-in-family,White,Male,0,0,41,United-States,<=50K,0,0,0,1722,0.0,0.0,36-45
39,Private,492944,HS-grad,9,Married-civ-spouse,Exec-managerial,Not-in-family,White,Female,0,0,33,United-States,<=50K,0,0,0,1287,0.0,0.0,36-45
61,Private,427477,Bachelors,13,Divorced,Unknown,Not-in-family,Other,Male,0,0,30,United-States,<=50K,0,0,0,1830,0.0,0.0,56-65
43,Private,496558,12th,8,Married-civ-spouse,Priv-house-serv,Husband,White,Female,86434,0,31,United-States,<=50K,1,0,86434,1333,11.367147965356887,0.0,36-45
46,Unknown,83616,Bachelors,13,Never-married,Farming-fishing,Other-relative,Black,Male,1507,0,44,United-States,>50K,1,0,1507,2024,7.318539548567902,0.0,46-55
45,Private,159737,9th,5,Married-civ-spouse,Farming-fishing,Not-in-family,White,Female,0,0,40,Mexico,<=50K,0,0,0,1800,0.0,0.0,36-45
34,Private,392948,HS-grad,9,Married-civ-spouse,Tech-support,Unmarried,White,Male,0,0,35,United-States,<=50K,0,0,0,1190,0.0,0.0,26-35
25,Private,178196,7th-8th,4,Married-civ-spouse,Sales,Not-in-family,White,Male,0,0,47,United-States,<=50K,0,0,0,1175,0.0,0.0,18-25
69,Private,362116,Assoc-voc,11,Never-married,Protective-serv,Not-in-family,White,Male,0,0,55,United-States,>50K,0,0,0,3795,0.0,0.0,66+
23,Private,13027,Assoc-acdm,12,Married-civ-spouse,Transport-moving,Own-child,White,Male,12158,0,35,Unknown,<=50K,1,0,12158,805,9.405824915296419,0.0,18-25
38,Private,313949,Bachelors,13,Divorced,Sales,Other-relative,White,Female,73861,0,29,United-States,>50K,1,0,73861,1102,11.209953766296104,0.0,36-45
59,Self-emp-inc,445005,Prof-school,15,Never-married,Farming-fishing,Husband,White,Male,0,0,49,United-States,>50K,0,0,0,2891,0.0,0.0,56-65
26,Self-emp-inc,141875,Some-college,10,Never-married,Transport-moving,Husband,White,Male,0,0,40,United-States,<=50K,0,0,0,1040,0.0,0.0,26-35
58,Federal-gov,357794,Assoc-acdm,12,Married-civ-spouse,Transport-moving,Husband,White,Male,0,0,38,United-States,<=50K,0,0,0,2204,0.0,0.0,56-65
63,Private,58309,Some-college,10,Never-married,Armed-Forces,Husband,Other,Female,0,2700,50,United-States,<=50K,0,1,-2700,3150,0.0,7.901377353792616,56-65
59,Private,147984,Bachelors,13,Married-civ-spouse,Machine-op-inspct,Own-child,White,Male,0,0,37,United-States,<=50K,0,0,0,2183,0.0,0.0,56-65
36,Self-emp-not-inc,98055,Some-college,10,Never-married,Tech-support,Own-child,White,Male,0,0,44,United-States,<=50K,0,0,0,1584,0.0,0.0,36-45
19,Unknown,101461,Bachelors,13,Divorced,Priv-house-serv,Not-in-family,White,Female,0,0,42,United-States,<=50K,0,0,0,798,0.0,0.0,18-25
73,Self-emp-not-inc,249262,HS-grad,9,Widowed,Tech-support,Not-in-family,White,Male,0,0,72,United-States,<=50K,0,0,0,5256,0.0,0.0,66+
38,Private,446077,HS-grad,9,Married-spouse-absent,Adm-clerical,Unmarried,White,Male,0,0,39,United-States,<=50K,0,0,0,1482,0.0,0.0,36-45
67,Unknown,60667,Assoc-voc,11,Never-married,Priv-house-serv,Not-in-family,Black,Male,0,0,49,Other,<=50K,0,0,0,3283,0.0,0.0,66+
30,Private,183850,12th,8,Separated,Craft-repair,Husband,White,Female,0,0,37,United-States,<=50K,0,0,0,1110,0.0,0.0,26-35
28,Private,32349,HS-grad,9,Married-civ-spouse,Priv-house-serv,Not-in-family,White,Male,0,0,45,United-States,<=50K,0,0,0,1260,0.0,0.0,26-35
66,Private,285853,Prof-school,15,Never-married,Priv-house-serv,Husband,Other,Female,0,0,38,United-States,<=50K,0,0,0,2508,0.0,0.0,66+
76,Private,319498,HS-grad,9,Married-civ-spouse,Farming-fishing,Husband,White,Female,0,0,48,United-States,>50K,0,0,0,3648,0.0,0.0,66+
71,Private,87445,11th,7,Married-civ-spouse,Exec-managerial,Unmarried,White,Female,0,0,39,United-States,<=50K,0,0,0,2769,0.0,0.0,66+
64,Self-emp-not-inc,125157,HS-grad,9,Divorced,Other-service,Unmarried,Black,Female,0,0,45,United-States,<=50K,0,0,0,2880,0.0,0.0,56-65
33,Private,96247,HS-grad,9,Never-married,Farming-fishing,Own-child,White,Male,0,0,32,United-States,<=50K,0,0,0,1056,0.0,0.0,26-35
74,Private,42670,Some-college,10,Never-married,Other-service,Other-relative,White,Female,0,0,32,United-States,<=50K,0,0,0,2368,0.0,0.0,66+
59,Private,199976,Masters,14,Never-married,Farming-fishing,Own-child,White,Female,0,0,21,United-States,>50K,0,0,0,1239,0.0,0.0,56-65
28,Private,157654,Doctorate,16,Never-married,Other-service,Unmarried,Asian-Pac-Islander,Male,0,0,44,United-States,<=50K,0,0,0,1232,0.0,0.0,26-35
26,Private,132814,Some-college,10,Widowed,Exec-managerial,Not-in-family,Asian-Pac-Islander,Male,0,844,34,United-States,<=50K,0,1,-844,884,0.0,6.739336627357174,26-35
72,Private,425873,Assoc-voc,11,Separated,Machine-op-inspct,Own-child,White,Male,0,0,62,United-States,<=50K,0,0,0,4464,0.0,0.0,66+
35,State-gov,119079,HS-grad,9,Never-married,Other-service,Not-in-family,White,Male,0,0,35,United-States,<=50K,0,0,0,1225,0.0,0.0,26-35
65,Private,137722,Bachelors,13,Married-civ-spouse,Priv-house-serv,Husband,White,Female,0,0,52,United-States,<=50K,0,0,0,3380,0.0,0.0,56-65
26,Private,209647,HS-grad,9,Divorced,Farming-fishing,Wife,White,Male,0,0,51,United-States,<=50K,0,0,0,1326,0.0,0.0,26-35
35,State-gov,431703,9th,5,Never-married,Tech-support,Not-in-family,Asian-Pac-Islander,Male,0,0,38,United-States,<=50K,0,0,0,1330,0.0,0.0,26-35
35,Private,112575,Prof-school,15,Married-spouse-absent,Priv-house-serv,Not-in-family,White,Female,0,0,33,United-States,<=50K,0,0,0,1155,0.0,0.0,26-35
35,State-gov,302442,Bachelors,13,Married-civ-spouse,Transport-moving,Husband,Asian-Pac-Islander,Female,5984,0,39,United-States,<=50K,1,0,5984,1365,8.697011617992073,0.0,26-35
59,Private,472670,HS-grad,9,Married-civ-spouse,Priv-house-serv,Not-in-family,White,Male,0,3878,51,United-States,<=50K,0,1,-3878,3009,0.0,8.263332667439967,56-65
74,Private,418804,Assoc-voc,11,Married-civ-spouse,Adm-clerical,Wife,White,Female,0,0,63,United-States,<=50K,0,0,0,4662,0.0,0.0,66+
74,Private,296075,HS-grad,9,Married-civ-spouse,Adm-clerical,Husband,White,Female,0,0,28,United-States,<=50K,0,0,0,2072,0.0,0.0,66+
63,Private,370600,HS-grad,9,Never-married,Unknown,Not-in-family,White,Female,0,0,40,United-States,<=50K,0,0,0,2520,0.0,0.0,56-65
30,Private,31394,HS-grad,9,Married-civ-spouse,Sales,Husband,White,Male,0,0,34,United-States,<=50K,0,0,0,1020,0.0,0.0,26-35
77,Private,351897,10th,6,Married-civ-spouse,Sales,Husband,White,Male,0,0,36,United-States,<=50K,0,0,0,2772,0.0,0.0,66+
51,Private,117921,Some-college,10,Never-married,Exec-managerial,Unmarried,Asian-Pac-Islander,Male,0,0,57,United-States,<=50K,0,0,0,2907,0.0,0.0,46-55
51,Private,148564,HS-grad,9,Married-civ-spouse,Exec-managerial,Not-in-family,White,Male,0,0,32,United-States,<=50K,0,0,0,1632,0.0,0.0,46-55
61,Self-emp-not-inc,229868,Some-college,10,Married-civ-spouse,Transport-moving,Husband,White,Male,0,0,24,United-States,<=50K,0,0,0,1464,0.0,0.0,56-65
65,Private,405154,HS-grad,9,Never-married,Machine-op-inspct,Husband,White,Female,0,0,42,United-States,<=50K,0,0,0,2730,0.0,0.0,56-65
77,Unknown,220808,Masters,14,Divorced,Prof-specialty,Unmarried,White,Male,0,0,44,United-States,>50K,0,0,0,3388,0.0,0.0,66+
54,State-gov,111627,Some-college,10,Married-spouse-absent,Transport-moving,Other-relative,White,Male,0,0,36,United-States,<=50K,0,0,0,1944,0.0,0.0,46-55
55,Unknown,346785,Bachelors,13,Never-married,Transport-moving,Own-child,White,Male,0,0,33,United-States,>50K,0,0,0,1815,0.0,0.0,46-55
64,Self-emp-not-inc,302771,10th,6,Married-spouse-absent,Armed-Forces,Husband,White,Male,0,0,42,United-States,<=50K,0,0,0,2688,0.0,0.0,56-65
33,Private,388577,Some-college,10,Married-civ-spouse,Exec-managerial,Own-child,White,Male,71740,0,27,United-States,<=50K,1,0,71740,891,11.180817690214102,0.0,26-35
37,Private,255244,Bachelors,13,Never-married,Sales,Own-child,White,Male,0,0,44,Mexico,<=50K,0,0,0,1628,0.0,0.0,36-45
56,Private,289468,HS-grad,9,Never-married,Tech-support,Husband,White,Male,0,0,37,United-States,<=50K,0,0,0,2072,0.0,0.0,56-65
21,State-gov,48850,12th,8,Never-married,Other-service,Not-in-family,Asian-Pac-Islander,Male,0,0,54,United-States,<=50K,0,0,0,1134,0.0,0.0,18-25
37,Private,184637,HS-grad,9,Divorced,Adm-clerical,Not-in-family,White,Male,0,0,43,United-States,<=50K,0,0,0,1591,0.0,0.0,36-45
62,Self-emp-not-inc,28122,HS-grad,9,Married-civ-spouse,Priv-house-serv,Unmarried,Asian-Pac-Islander,Female,0,0,38,China,<=50K,0,0,0,2356,0.0,0.0,56-65
78,State-gov,101929,HS-grad,9,Married-civ-spouse,Adm-clerical,Husband,White,Female,0,0,38,United-States,>50K,0,0,0,2964,0.0,0.0,66+
50,Private,409714,HS-grad,9,Never-married,Armed-Forces,Husband,White,Female,0,0,21,United-States,<=50K,0,0,0,1050,0.0,0.0,46-55
42,Private,28169,HS-grad,9,Never-married,Adm-clerical,Own-child,White,Female,0,0,39,United-States,<=50K,0,0,0,1638,0.0,0.0,36-45
45,Private,150377,Some-college,10,Married-civ-spouse,Protective-serv,Own-child,White,Female,0,0,38,United-States,<=50K,0,0,0,1710,0.0,0.0,36-45
60,Private,39527,7th-8th,4,Never-married,Sales,Own-child,Black,Male,0,0,41,United-States,<=50K,0,0,0,2460,0.0,0.0,56-65
51,Private,224506,HS-grad,9,Never-married,Exec-managerial,Unmarried,White,Male,0,0,38,United-States,>50K,0,0,0,1938,0.0,0.0,46-55
19,Self-emp-inc,211120,Assoc-voc,11,Never-married,Priv-house-serv,Own-child,White,Male,99138,0,54,United-States,>50K,1,0,99138,1026,11.504278184777677,0.0,18-25
51,Private,373769,11th,7,Married-civ-spouse,Farming-fishing,Not-in-family,White,Male,0,0,37,United-States,<=50K,0,0,0,1887,0.0,0.0,46-55
42,Private,10669,HS-grad,9,Separated,Handlers-cleaners,Husband,White,Male,0,0,32,United-States,<=50K,0,0,0,1344,0.0,0.0,36-45
61,Self-emp-not-inc,76116,12th,8,Never-married,Armed-Forces,Husband,White,Male,0,0,23,United-States,<=50K,0,0,0,1403,0.0,0.0,56-65
72,Private,175886,Preschool,1,Never-married,Transport-moving,Other-relative,White,Male,0,0,36,United-States,<=50K,0,0,0,2592,0.0,0.0,66+
77,Local-gov,38425,HS-grad,9,Never-married,Exec-managerial,Unmarried,White,Female,92212,0,30,United-States,>50K,1,0,92212,2310,11.431856397436228,0.0,66+
55,Private,13722,5th-6th,3,Never-married,Adm-clerical,Husband,White,Male,0,0,27,United-States,<=50K,0,0,0,1485,0.0,0.0,46-55
40,Federal-gov,295270,HS-grad,9,Married-civ-spouse,Prof-specialty,Unmarried,Black,Male,0,0,37,United-States,<=50K,0,0,0,1480,0.0,0.0,36-45
45,Private,431941,Doctorate,16,Widowed,Prof-specialty,Husband,White,Female,0,0,51,United-States,<=50K,0,0,0,2295,0.0,0.0,36-45
28,Private,44885,Masters,14,Married-civ-spouse,Priv-house-serv,Not-in-family,Black,Male,37276,0,49,China,>50K,1,0,37276,1372,10.52613179345847,0.0,26-35
76,Private,113463,HS-grad,9,Never-married,Farming-fishing,Wife,White,Female,0,0,27,United-States,<=50K,0,0,0,2052,0.0,0.0,66+
70,Private,441743,HS-grad,9,Separated,Tech-support,Husband,Black,Male,29924,0,40,United-States,>50K,1,0,29924,2800,10.306449530426175,0.0,66+
70,Unknown,335170,HS-grad,9,Never-married,Adm-clerical,Not-in-family,White,Male,0,0,44,United-States,<=50K,0,0,0,3080,0.0,0.0,66+
38,Federal-gov,153390,Bachelors,13,Never-married,Farming-fishing,Other-relative,White,Male,35483,0,46,United-States,>50K,1,0,35483,1748,10.476837169640477,0.0,36-45
37,Self-emp-inc,447131,Bachelors,13,Married-civ-spouse,Machine-op-inspct,Other-relative,White,Male,0,0,56,United-States,<=50K,0,0,0,2072,0.0,0.0,36-45
71,Unknown,284055,10th,6,Divorced,Exec-managerial,Husband,White,Male,0,0,28,United-States,<=50K,0,0,0,1988,0.0,0.0,66+
51,Private,445888,10th,6,Never-married,Farming-fishing,Other-relative,White,Female,0,0,31,United-States,<=50K,0,0,0,1581,0.0,0.0,46-55
61,Federal-gov,234362,HS-grad,9,Married-civ-spouse,Armed-Forces,Husband,White,Male,0,0,33,United-States,<=50K,0,0,0,2013,0.0,0.0,56-65
48,Self-emp-inc,413145,Bachelors,13,Married-civ-spouse,Craft-repair,Husband,Asian-Pac-Islander,Male,0,0,44,United-States,<=50K,0,0,0,2112,0.0,0.0,46-55
45,Private,188492,Bachelors,13,Married-spouse-absent,Adm-clerical,Wife,White,Female,0,0,13,United-States,<=50K,0,0,0,585,0.0,0.0,36-45
57,Private,320350,10th,6,Married-civ-spouse,Protective-serv,Husband,White,Female,0,708,38,United-States,<=50K,0,1,-708,2166,0.0,6.5638555265321274,56-65
68,Local-gov,124547,Some-college,10,Married-civ-spouse,Prof-specialty,Own-child,Asian-Pac-Islander,Male,0,0,22,United-States,>50K,0,0,0,1496,0.0,0.0,66+
38,Private,118871,11th,7,Married-civ-spouse,Unknown,Not-in-family,White,Female,0,0,40,United-States,<=50K,0,0,0,1520,0.0,0.0,36-45
68,Private,60972,Assoc-voc,11,Never-married,Sales,Own-child,White,Male,0,0,61,United-States,<=50K,0,0,0,4148,0.0,0.0,66+
33,Self-emp-not-inc,218024,Bachelors,13,Divorced,Sales,Not-in-family,White,Female,0,0,49,United-States,<=50K,0,0,0,1617,0.0,0.0,26-35
42,Private,100381,HS-grad,9,Never-married,Prof-specialty,Own-child,White,Male,0,0,28,United-States,<=50K,0,0,0,1176,0.0,0.0,36-45
74,Self-emp-inc,210492,9th,5,Divorced,Transport-moving,Not-in-family,White,Male,0,0,36,United-States,<=50K,0,0,0,2664,0.0,0.0,66+
77,Private,236271,Some-college,10,Married-civ-spouse,Other-service,Husband,White,Male,0,0,31,United-States,<=50K,0,0,0,2387,0.0,0.0,66+
75,Self-emp-not-inc,299206,HS-grad,9,Divorced,Sales,Husband,White,Male,0,0,53,United-States,>50K,0,0,0,3975,0.0,0.0,66+
37,State-gov,59898,Bachelors,13,Married-civ-spouse,Armed-Forces,Not-in-family,White,Male,0,0,18,United-States,<=50K,0,0,0,666,0.0,0.0,36-45
70,Unknown,200455,HS-grad,9,Never-married,Armed-Forces,Unmarried,Asian-Pac-Islander,Male,0,0,36,United-States,<=50K,0,0,0,2520,0.0,0.0,66+
76,Local-gov,452293,Bachelors,13,Married-civ-spouse,Sales,Unmarried,White,Male,0,2084,33,United-States,>50K,0,1,-2084,2508,0.0,7.642524134232902,66+
78,Federal-gov,55502,HS-grad,9,Married-civ-spouse,Prof-specialty,Husband,White,Male,0,0,28,United-States,<=50K,0,0,0,2184,0.0,0.0,66+
19,Private,462721,11th,7,Divorced,Prof-specialty,Unmarried,White,Male,0,0,57,Puerto-Rico,<=50K,0,0,0,1083,0.0,0.0,18-25
64,State-gov,31250,HS-grad,9,Married-civ-spouse,Exec-managerial,Not-in-family,White,Male,0,0,24,United-States,<=50K,0,0,0,1536,0.0,0.0,56-65
79,Local-gov,480425,5th-6th,3,Divorced,Other-service,Unmarried,Asian-Pac-Islander,Female,0,0,28,United-States,<=50K,0,0,0,2212,0.0,0.0,66+
65,Private,209401,HS-grad,9,Divorced,Tech-support,Wife,White,Female,0,0,56,United-States,<=50K,0,0,0,3640,0.0,0.0,56-65
32,Private,349832,Some-college,10,Widowed,Adm-clerical,Wife,White,Female,0,0,39,United-States,<=50K,0,0,0,1248,0.0,0.0,26-35
65,Private,436634,10th,6,Married-civ-spouse,Tech-support,Own-child,White,Male,0,0,38,United-States,<=50K,0,0,0,2470,0.0,0.0,56-65
24,Private,386006,10th,6,Never-married,Adm-clerical,Not-in-family,White,Male,0,0,34,United-States,<=50K,0,0,0,816,0.0,0.0,18-25
47,Private,355579,10th,6,Never-married,Craft-repair,Own-child,White,Female,0,0,40,United-States,<=50K,0,0,0,1880,0.0,0.0,46-55
56,Private,44450,7th-8th,4,Married-civ-spouse,Other-service,Own-child,White,Female,0,0,36,United-States,<=50K,0,0,0,2016,0.0,0.0,56-65
46,Private,159802,Bachelors,13,Never-married,Tech-support,Not-in-family,White,Male,0,0,33,United-States,<=50K,0,0,0,1518,0.0,0.0,46-55
61,Private,435172,Masters,14,Never-married,Prof-specialty,Unmarried,White,Male,0,0,26,United-States,<=50K,0,0,0,1586,0.0,0.0,56-65
32,Private,468141,5th-6th,3,Never-married,Exec-managerial,Husband,White,Male,0,0,40,United-States,<=50K,0,0,0,1280,0.0,0.0,26-35
55,State-gov,152780,Assoc-acdm,12,Widowed,Exec-managerial,Not-in-family,White,Male,0,0,34,United-States,>50K,0,0,0,1870,0.0,0.0,46-55
57,Private,331597,Assoc-acdm,12,Never-married,Exec-managerial,Own-child,Other,Male,0,0,35,United-States,>50K,0,0,0,1995,0.0,0.0,56-65
57,Private,232584,Doctorate,16,Married-civ-spouse,Armed-Forces,Unmarried,White,Male,0,0,47,United-States,>50K,0,0,0,2679,0.0,0.0,56-65
35,Private,421063,HS-grad,9,Widowed,Handlers-cleaners,Wife,Asian-Pac-Islander,Male,0,0,35,India,<=50K,0,0,0,1225,0.0,0.0,26-35
36,Federal-gov,438553,HS-grad,9,Married-civ-spouse,Priv-house-serv,Husband,White,Male,0,0,39,United-States,<=50K,0,0,0,1404,0.0,0.0,36-45
33,Federal-gov,413831,HS-grad,9,Never-married,Sales,Husband,White,Male,0,0,57,United-States,<=50K,0,0,0,1881,0.0,0.0,26-35
46,Private,385659,Bachelors,13,Never-married,Handlers-cleaners,Husband,White,Female,0,0,44,United-States,<=50K,0,0,0,2024,0.0,0.0,46-55
54,Private,314853,Assoc-voc,11,Separated,Tech-support,Not-in-family,White,Female,0,0,35,United-States,<=50K,0,0,0,1890,0.0,0.0,46-55
40,Private,497709,HS-grad,9,Separated,Unknown,Not-in-family,White,Male,57742,0,29,United-States,>50K,1,0,57742,1160,10.963757408916045,0.0,36-45
43,Private,470409,HS-grad,9,Married-civ-spouse,Tech-support,Own-child,White,Male,47577,0,39,United-States,<=50K,1,0,47577,1677,10.770125748505212,0.0,36-45
35,Self-emp-not-inc,202320,Assoc-voc,11,Never-married,Tech-support,Wife,White,Male,0,0,48,United-States,<=50K,0,0,0,1680,0.0,0.0,26-35
31,Private,230458,Bachelors,13,Married-civ-spouse,Other-service,Own-child,White,Female,0,0,34,England,>50K,0,0,0,1054,0.0,0.0,26-35
58,Private,196492,HS-grad,9,Never-married,Other-service,Wife,White,Male,0,0,40,United-States,<=50K,0,0,0,2320,0.0,0.0,56-65
68,Private,394897,Some-college,10,Never-married,Exec-managerial,Unmarried,Other,Female,0,0,34,United-States,<=50K,0,0,0,2312,0.0,0.0,66+
36,Unknown,443597,HS-grad,9,Married-civ-spouse,Transport-moving,Not-in-family,White,Male,0,2249,36,United-States,<=50K,0,1,-2249,1296,0.0,7.718685495198466,36-45
71,Private,109838,HS-grad,9,Never-married,Other-service,Own-child,White,Male,1932,0,27,United-States,<=50K,1,0,1932,1917,7.566828479208331,0.0,66+
53,Private,250369,Some-college,10,Divorced,Adm-clerical,Own-child,Black,Male,0,0,42,United-States,<=50K,0,0,0,2226,0.0,0.0,46-55
28,Private,471701,Assoc-acdm,12,Divorced,Prof-specialty,Not-in-family,White,Male,0,0,41,Other,<=50K,0,0,0,1148,0.0,0.0,26-35
40,Private,116951,Prof-school,15,Married-spouse-absent,Prof-specialty,Not-in-family,White,Male,0,0,54,United-States,>50K,0,0,0,2160,0.0,0.0,36-45
18,Private,367837,HS-grad,9,Never-married,Protective-serv,Unmarried,White,Male,0,0,40,United-States,<=50K,0,0,0,720,0.0,0.0,18-25
20,State-gov,410674,HS-grad,9,Never-married,Handlers-cleaners,Own-child,White,Female,0,0,32,United-States,<=50K,0,0,0,640,0.0,0.0,18-25
38,Private,142918,HS-grad,9,Married-civ-spouse,Sales,Husband,White,Female,0,0,54,United-States,<=50K,0,0,0,2052,0.0,0.0,36-45
46,Private,116645,10th,6,Married-civ-spouse,Sales,Own-child,Amer-Indian-Eskimo,Male,0,0,43,United-States,<=50K,0,0,0,1978,0.0,0.0,46-55
67,Private,297761,HS-grad,9,Married-civ-spouse,Other-service,Not-in-family,White,Female,0,531,41,United-States,<=50K,0,1,-531,2747,0.0,6.2766434893416445,66+
26,Self-emp-not-inc,410116,9th,5,Married-civ-spouse,Priv-house-serv,Husband,White,Female,0,0,39,United-States,<=50K,0,0,0,1014,0.0,0.0,26-35
70,Local-gov,20815,HS-grad,9,Married-civ-spouse,Farming-fishing,Not-in-family,White,Female,0,0,41,United-States,<=50K,0,0,0,2870,0.0,0.0,66+
32,Self-emp-not-inc,487562,11th,7,Divorced,Sales,Wife,White,Female,0,0,31,United-States,<=50K,0,0,0,992,0.0,0.0,26-35
26,Private,268047,HS-grad,9,Never-married,Handlers-cleaners,Not-in-family,White,Male,0,0,38,United-States,<=50K,0,0,0,988,0.0,0.0,26-35
61,Self-emp-inc,67638,Bachelors,13,Married-civ-spouse,Machine-op-inspct,Husband,White,Male,33171,0,37,United-States,>50K,1,0,33171,2257,10.409461425571095,0.0,56-65
66,Private,383046,HS-grad,9,Never-married,Tech-support,Other-relative,White,Male,17293,353,43,United-States,<=50K,1,1,16940,2838,9.758114899520375,5.869296913133774,66+
55,Federal-gov,261840,Some-college,10,Separated,Protective-serv,Own-child,White,Male,0,0,50,United-States,<=50K,0,0,0,2750,0.0,0.0,46-55
25,Self-emp-not-inc,188790,Bachelors,13,Married-civ-spouse,Priv-house-serv,Not-in-family,White,Female,0,0,49,United-States,<=50K,0,0,0,1225,0.0,0.0,18-25
25,Private,172772,Some-college,10,Never-married,Machine-op-inspct,Own-child,Asian-Pac-Islander,Male,0,0,44,United-States,<=50K,0,0,0,1100,0.0,0.0,18-25
42,Private,372337,12th,8,Married-civ-spouse,Transport-moving,Not-in-family,White,Male,0,0,22,United-States,>50K,0,0,0,924,0.0,0.0,36-45
45,Unknown,217077,HS-grad,9,Divorced,Craft-repair,Not-in-family,White,Male,0,0,35,United-States,<=50K,0,0,0,1575,0.0,0.0,36-45
79,Private,367684,Some-college,10,Never-married,Armed-Forces,Husband,White,Male,60494,0,21,United-States,>50K,1,0,60494,1659,11.010315995975578,0.0,66+
35,Federal-gov,411262,Some-college,10,Married-civ-spouse,Unknown,Husband,White,Male,0,2898,50,United-States,<=50K,0,1,-2898,1750,0.0,7.972121128921655,26-35
29,Private,467867,11th,7,Married-civ-spouse,Armed-Forces,Husband,White,Female,0,0,38,United-States,<=50K,0,0,0,1102,0.0,0.0,26-35
76,Self-emp-not-inc,455198,HS-grad,9,Separated,Protective-serv,Husband,White,Male,0,0,38,United-States,<=50K,0,0,0,2888,0.0,0.0,66+
27,State-gov,480570,Some-college,10,Married-civ-spouse,Adm-clerical,Not-in-family,White,Male,0,0,32,United-States,<=50K,0,0,0,864,0.0,0.0,26-35
19,Private,335028,HS-grad,9,Never-married,Exec-managerial,Wife,White,Male,0,0,52,China,<=50K,0,0,0,988,0.0,0.0,18-25
44,Private,112045,Some-college,10,Never-married,Farming-fishing,Wife,White,Male,0,0,40,Mexico,<=50K,0,0,0,1760,0.0,0.0,36-45
42,Private,24654,7th-8th,4,Married-civ-spouse,Machine-op-inspct,Husband,White,Female,0,0,38,United-States,<=50K,0,0,0,1596,0.0,0.0,36-45
56,Self-emp-inc,168647,HS-grad,9,Never-married,Prof-specialty,Husband,White,Female,0,0,41,United-States,<=50K,0,0,0,2296,0.0,0.0,56-65
72,Private,250927,Bachelors,13,Divorced,Farming-fishing,Own-child,White,Male,0,0,41,United-States,<=50K,0,0,0,2952,0.0,0.0,66+
75,Private,120189,HS-grad,9,Married-civ-spouse,Protective-serv,Not-in-family,White,Male,0,4093,38,China,>50K,0,1,-4093,2850,0.0,8.317277766221235,66+
35,Private,389302,Some-college,10,Widowed,Other-service,Wife,White,Female,0,0,52,United-States,<=50K,0,0,0,1820,0.0,0.0,26-35
78,Local-gov,200710,HS-grad,9,Divorced,Machine-op-inspct,Unmarried,White,Female,0,0,52,United-States,<=50K,0,0,0,4056,0.0,0.0,66+
57,Private,466191,HS-grad,9,Never-married,Transport-moving,Not-in-family,White,Female,0,0,40,United-States,<=50K,0,0,0,2280,0.0,0.0,56-65
22,Private,29323,Bachelors,13,Married-civ-spouse,Exec-managerial,Husband,White,Female,0,0,32,Philippines,<=50K,0,0,0,704,0.0,0.0,18-25
76,Without-pay,68625,HS-grad,9,Married-civ-spouse,Exec-managerial,Other-relative,Black,Male,0,4986,43,United-States,<=50K,0,1,-4986,3268,0.0,8.514589805546123,66+
26,Private,245807,HS-grad,9,Never-married,Tech-support,Not-in-family,White,Female,0,0,33,United-States,<=50K,0,0,0,858,0.0,0.0,26-35
54,Private,150054,Bachelors,13,Never-married,Exec-managerial,Husband,White,Male,59861,0,54,United-States,>50K,1,0,59861,2916,10.999797192141562,0.0,46-55
67,Private,444178,Assoc-acdm,12,Married-civ-spouse,Adm-clerical,Husband,White,Male,0,2891,55,United-States,>50K,0,1,-2891,3685,0.0,7.969703583278656,66+
33,Private,257918,Assoc-voc,11,Never-married,Armed-Forces,Not-in-family,White,Male,0,0,46,United-States,<=50K,0,0,0,1518,0.0,0.0,26-35
34,Private,365586,7th-8th,4,Divorced,Machine-op-inspct,Own-child,White,Male,0,0,28,United-States,<=50K,0,0,0,952,0.0,0.0,26-35
47,Private,352623,10th,6,Married-civ-spouse,Exec-managerial,Husband,White,Female,0,0,35,United-States,<=50K,0,0,0,1645,0.0,0.0,46-55
72,Private,286897,Some-college,10,Never-married,Priv-house-serv,Own-child,White,Female,0,0,37,United-States,>50K,0,0,0,2664,0.0,0.0,66+
31,Private,331612,HS-grad,9,Never-married,Unknown,Husband,White,Female,0,0,31,United-States,<=50K,0,0,0,961,0.0,0.0,26-35
59,Private,132411,HS-grad,9,Divorced,Other-service,Not-in-family,White,Male,0,0,36,Puerto-Rico,<=50K,0,0,0,2124,0.0,0.0,56-65
46,Private,209777,Assoc-acdm,12,Never-married,Machine-op-inspct,Own-child,White,Male,0,0,42,United-States,>50K,0,0,0,1932,0.0,0.0,46-55
24,Private,130934,HS-grad,9,Divorced,Priv-house-serv,Husband,White,Female,0,0,45,United-States,<=50K,0,0,0,1080,0.0,0.0,18-25
62,Self-emp-inc,442934,7th-8th,4,Widowed,Other-service,Not-in-family,White,Male,0,0,52,Mexico,<=50K,0,0,0,3224,0.0,0.0,56-65
69,Self-emp-not-inc,50395,5th-6th,3,Never-married,Tech-support,Husband,White,Male,0,0,39,Mexico,<=50K,0,0,0,2691,0.0,0.0,66+
53,Private,431185,HS-grad,9,Married-civ-spouse,Transport-moving,Own-child,White,Female,0,0,36,India,<=50K,0,0,0,1908,0.0,0.0,46-55
28,Local-gov,50540,Some-college,10,Divorced,Adm-clerical,Husband,White,Female,0,0,26,United-States,<=50K,0,0,0,728,0.0,0.0,26-35
27,Self-emp-inc,225787,Bachelors,13,Widowed,Farming-fishing,Unmarried,White,Male,0,0,43,United-States,<=50K,0,0,0,1161,0.0,0.0,26-35
44,Private,384471,10th,6,Separated,Prof-specialty,Not-in-family,White,Male,0,0,35,United-States,<=50K,0,0,0,1540,0.0,0.0,36-45
49,State-gov,236661,12th,8,Married-civ-spouse,Craft-repair,Husband,White,Female,0,0,37,United-States,<=50K,0,0,0,1813,0.0,0.0,46-55
52,Local-gov,471537,Some-college,10,Married-civ-spouse,Exec-managerial,Other-relative,White,Male,0,0,34,United-States,<=50K,0,0,0,1768,0.0,0.0,46-55
33,Private,433948,HS-grad,9,Married-civ-spouse,Handlers-cleaners,Not-in-family,White,Female,0,0,34,United-States,<=50K,0,0,0,1122,0.0,0.0,26-35
49,Private,424880,HS-grad,9,Separated,Handlers-cleaners,Not-in-family,Black,Male,0,0,46,United-States,>50K,0,0,0,2254,0.0,0.0,46-55
36,Private,359664,Masters,14,Widowed,Protective-serv,Not-in-family,White,Male,0,0,39,United-States,<=50K,0,0,0,1404,0.0,0.0,36-45
60,Private,469161,Some-college,10,Never-married,Sales,Other-relative,White,Female,0,0,55,United-States,<=50K,0,0,0,3300,0.0,0.0,56-65
67,Self-emp-not-inc,176769,HS-grad,9,Married-civ-spouse,Exec-managerial,Not-in-family,White,Female,0,0,28,United-States,<=50K,0,0,0,1876,0.0,0.0,66+
58,Private,50723,Doctorate,16,Separated,Other-service,Husband,White,Male,0,0,52,Germany,>50K,0,0,0,3016,0.0,0.0,56-65
18,Private,267693,7th-8th,4,Married-civ-spouse,Machine-op-inspct,Wife,White,Male,0,0,34,United-States,<=50K,0,0,0,612,0.0,0.0,18-25
79,Private,184290,Masters,14,Married-civ-spouse,Priv-house-serv,Own-child,Black,Male,0,0,39,United-States,>50K,0,0,0,3081,0.0,0.0,66+
19,Local-gov,45691,Some-college,10,Married-civ-spouse,Protective-serv,Husband,White,Male,0,0,44,United-States,<=50K,0,0,0,836,0.0,0.0,18-25
79,Unknown,126404,Some-college,10,Divorced,Sales,Unmarried,White,Male,0,0,50,United-States,<=50K,0,0,0,3950,0.0,0.0,66+
19,Self-emp-not-inc,37588,Masters,14,Never-married,Handlers-cleaners,Not-in-family,White,Male,0,0,50,United-States,<=50K,0,0,0,950,0.0,0.0,18-25
50,Private,57819,Some-college,10,Married-civ-spouse,Transport-moving,Not-in-family,White,Male,0,0,50,United-States,<=50K,0,0,0,2500,0.0,0.0,46-55
24,Private,401884,HS-grad,9,Married-civ-spouse,Tech-support,Not-in-family,White,Female,0,0,37,Mexico,<=50K,0,0,0,888,0.0,0.0,18-25
23,Private,125789,HS-grad,9,Never-married,Farming-fishing,Unmarried,White,Female,0,0,57,United-States,<=50K,0,0,0,1311,0.0,0.0,18-25
60,Private,273961,Some-college,10,Married-civ-spouse,Craft-repair,Not-in-family,White,Male,0,0,45,United-States,>50K,0,0,0,2700,0.0,0.0,56-65
63,Private,324181,Some-college,10,Divorced,Unknown,Husband,White,Female,0,0,10,United-States,<=50K,0,0,0,630,0.0,0.0,56-65
25,Private,158603,HS-grad,9,Married-civ-spouse,Craft-repair,Husband,Black,Female,0,0,40,United-States,<=50K,0,0,0,1000,0.0,0.0,18-25
78,Private,246903,Assoc-voc,11,Married-civ-spouse,Unknown,Husband,White,Female,0,0,36,United-States,<=50K,0,0,0,2808,0.0,0.0,66+
37,Private,238220,Some-college,10,Married-civ-spouse,Farming-fishing,Own-child,White,Male,0,0,36,United-States,<=50K,0,0,0,1332,0.0,0.0,36-45
37,Self-emp-not-inc,455458,HS-grad,9,Never-married,Priv-house-serv,Husband,White,Male,0,0,46,Unknown,<=50K,0,0,0,1702,0.0,0.0,36-45
36,Self-emp-not-inc,479031,Preschool,1,Divorced,Farming-fishing,Husband,White,Male,0,0,43,United-States,<=50K,0,0,0,1548,0.0,0.0,36-45
46,Private,74962,HS-grad,9,Married-civ-spouse,Priv-house-serv,Own-child,White,Male,0,0,33,United-States,<=50K,0,0,0,1518,0.0,0.0,46-55
29,Self-emp-not-inc,358957,1st-4th,2,Never-married,Handlers-cleaners,Own-child,White,Male,0,0,55,United-States,<=50K,0,0,0,1595,0.0,0.0,26-35
44,Private,344763,7th-8th,4,Married-civ-spouse,Priv-house-serv,Unmarried,White,Male,0,0,27,United-States,<=50K,0,0,0,1188,0.0,0.0,36-45
31,Private,473560,HS-grad,9,Never-married,Tech-support,Husband,White,Male,0,0,26,Cuba,<=50K,0,0,0,806,0.0,0.0,26-35
21,Private,298020,9th,5,Married-civ-spouse,Adm-clerical,Not-in-family,White,Male,0,0,29,United-States,<=50K,0,0,0,609,0.0,0.0,18-25
40,Private,224004,HS-grad,9,Separated,Transport-moving,Wife,White,Male,0,0,44,United-States,<=50K,0,0,0,1760,0.0,0.0,36-45
59,Self-emp-inc,372897,Some-college,10,Married-civ-spouse,Armed-Forces,Unmarried,White,Male,0,0,43,United-States,<=50K,0,0,0,2537,0.0,0.0,56-65
65,Private,345850,HS-grad,9,Never-married,Prof-specialty,Not-in-family,White,Male,0,0,31,United-States,<=50K,0,0,0,2015,0.0,0.0,56-65
39,Private,239471,Doctorate,16,Never-married,Other-service,Unmarried,White,Male,67368,0,34,United-States,>50K,1,0,67368,1326,11.117940250442434,0.0,36-45
38,Private,360653,Bachelors,13,Never-married,Transport-moving,Husband,White,Male,0,0,40,Mexico,>50K,0,0,0,1520,0.0,0.0,36-45
66,Private,27236,Some-college,10,Never-married,Craft-repair,Not-in-family,White,Male,68856,0,29,United-States,<=50K,1,0,68856,1914,11.139787169286475,0.0,66+
60,Private,473305,Prof-school,15,Married-civ-spouse,Transport-moving,Husband,White,Female,0,0,48,United-States,<=50K,0,0,0,2880,0.0,0.0,56-65
69,Private,202041,Bachelors,13,Married-civ-spouse,Farming-fishing,Husband,White,Female,0,0,55,Unknown,>50K,0,0,0,3795,0.0,0.0,66+
74,Private,157147,HS-grad,9,Never-married,Farming-fishing,Not-in-family,White,Female,0,0,38,United-States,<=50K,0,0,0,2812,0.0,0.0,66+
68,Private,113601,Assoc-acdm,12,Separated,Exec-managerial,Wife,White,Male,82072,0,43,United-States,>50K,1,0,82072,2924,11.315364374116752,0.0,66+
76,Private,72649,10th,6,Divorced,Craft-repair,Wife,White,Female,0,0,41,United-States,<=50K,0,0,0,3116,0.0,0.0,66+
43,Unknown,161177,Assoc-voc,11,Never-married,Adm-clerical,Other-relative,White,Male,0,0,53,United-States,<=50K,0,0,0,2279,0.0,0.0,36-45
42,Private,19005,HS-grad,9,Never-married,Prof-specialty,Own-child,White,Female,44871,0,59,United-States,<=50K,1,0,44871,2478,10.711569271188173,0.0,36-45
37,Private,120000,1st-4th,2,Never-married,Prof-specialty,Not-in-family,White,Female,0,0,36,United-States,<=50K,0,0,0,1332,0.0,0.0,36-45
32,Private,355088,HS-grad,9,Separated,Other-service,Own-child,White,Male,0,0,40,United-States,<=50K,0,0,0,1280,0.0,0.0,26-35
64,Private,320719,Masters,14,Never-married,Exec-managerial,Husband,White,Female,0,0,48,United-States,>50K,0,0,0,3072,0.0,0.0,56-65
62,Private,250276,HS-grad,9,Married-civ-spouse,Priv-house-serv,Husband,White,Female,0,0,43,United-States,<=50K,0,0,0,2666,0.0,0.0,56-65
67,Private,462190,11th,7,Never-married,Protective-serv,Husband,White,Female,0,0,30,United-States,<=50K,0,0,0,2010,0.0,0.0,66+
28,Private,382879,12th,8,Divorced,Exec-managerial,Not-in-family,White,Male,0,0,22,United-States,<=50K,0,0,0,616,0.0,0.0,26-35
48,Private,82148,HS-grad,9,Married-civ-spouse,Craft-repair,Other-relative,White,Female,0,0,34,United-States,<=50K,0,0,0,1632,0.0,0.0,46-55
31,Private,283176,Bachelors,13,Never-married,Tech-support,Husband,White,Male,0,0,43,United-States,<=50K,0,0,0,1333,0.0,0.0,26-35
73,Private,200321,Assoc-acdm,12,Never-married,Other-service,Husband,White,Female,0,0,36,United-States,<=50K,0,0,0,2628,0.0,0.0,66+
34,Private,244328,HS-grad,9,Married-civ-spouse,Tech-support,Other-relative,White,Female,0,0,29,Germany,<=50K,0,0,0,986,0.0,0.0,26-35
26,Private,150115,12th,8,Never-married,Farming-fishing,Own-child,White,Female,0,0,34,United-States,<=50K,0,0,0,884,0.0,0.0,26-35
53,Private,490255,5th-6th,3,Married-civ-spouse,Adm-clerical,Own-child,White,Female,0,0,58,United-States,<=50K,0,0,0,3074,0.0,0.0,46-55
72,Self-emp-not-inc,66496,HS-grad,9,Married-civ-spouse,Transport-moving,Husband,White,Male,0,0,28,United-States,<=50K,0,0,0,2016,0.0,0.0,66+
74,Private,61303,Bachelors,13,Never-married,Exec-managerial,Not-in-family,White,Male,0,4394,36,United-States,>50K,0,1,-4394,2664,0.0,8.388222810119277,66+
23,Federal-gov,205662,Assoc-voc,11,Never-married,Priv-house-serv,Husband,White,Male,0,0,34,United-States,<=50K,0,0,0,782,0.0,0.0,18-25
38,Private,431803,HS-grad,9,Divorced,Other-service,Wife,White,Male,0,0,59,United-States,<=50K,0,0,0,2242,0.0,0.0,36-45
27,Private,400019,Some-college,10,Married-civ-spouse,Sales,Unmarried,White,Female,0,2437,25,India,<=50K,0,1,-2437,675,0.0,7.798933310041217,26-35
37,Private,185756,HS-grad,9,Never-married,Protective-serv,Unmarried,White,Male,0,0,32,Philippines,<=50K,0,0,0,1184,0.0,0.0,36-45
51,Self-emp-not-inc,144757,Some-college,10,Married-civ-spouse,Protective-serv,Not-in-family,White,Male,0,0,40,United-States,<=50K,0,0,0,2040,0.0,0.0,46-55
35,Private,169013,Some-college,10,Widowed,Adm-clerical,Not-in-family,White,Male,0,0,41,United-States,<=50K,0,0,0,1435,0.0,0.0,26-35
22,Private,137409,Assoc-voc,11,Married-civ-spouse,Unknown,Unmarried,White,Male,0,0,51,United-States,<=50K,0,0,0,1122,0.0,0.0,18-25
49,Private,297930,Some-college,10,Separated,Farming-fishing,Not-in-family,Asian-Pac-Islander,Female,0,0,50,Cuba,<=50K,0,0,0,2450,0.0,0.0,46-55
21,Private,464719,Masters,14,Married-civ-spouse,Priv-house-serv,Not-in-family,Black,Male,0,0,33,Mexico,>50K,0,0,0,693,0.0,0.0,18-25
32,State-gov,304796,HS-grad,9,Married-civ-spouse,Sales,Husband,Black,Male,0,0,43,United-States,<=50K,0,0,0,1376,0.0,0.0,26-35
18,Private,326750,1st-4th,2,Divorced,Tech-support,Husband,White,Male,0,0,38,United-States,<=50K,0,0,0,684,0.0,0.0,18-25
23,Private,176088,HS-grad,9,Never-married,Other-service,Other-relative,White,Female,0,0,35,United-States,<=50K,0,0,0,805,0.0,0.0,18-25
45,Private,148852,Some-college,10,Widowed,Exec-managerial,Not-in-family,Amer-Indian-Eskimo,Female,0,0,50,United-States,<=50K,0,0,0,2250,0.0,0.0,36-45
70,Private,62347,Some-college,10,Divorced,Sales,Husband,White,Male,0,0,42,United-States,<=50K,0,0,0,2940,0.0,0.0,66+
66,Local-gov,25524,Some-college,10,Married-civ-spouse,Machine-op-inspct,Not-in-family,White,Male,467,0,56,United-States,<=50K,1,0,467,3696,6.148468295917647,0.0,66+
24,Self-emp-inc,226151,Assoc-voc,11,Married-civ-spouse,Craft-repair,Not-in-family,Asian-Pac-Islander,Female,0,0,44,United-States,<=50K,0,0,0,1056,0.0,0.0,18-25
20,Local-gov,495582,HS-grad,9,Never-married,Adm-clerical,Husband,White,Female,0,0,49,United-States,<=50K,0,0,0,980,0.0,0.0,18-25
38,Private,386865,Some-college,10,Married-civ-spouse,Farming-fishing,Not-in-family,White,Male,0,0,12,United-States,<=50K,0,0,0,456,0.0,0.0,36-45
58,Private,488248,Assoc-voc,11,Separated,Craft-repair,Own-child,Black,Female,0,0,41,United-States,<=50K,0,0,0,2378,0.0,0.0,56-65
64,Private,153416,HS-grad,9,Divorced,Exec-managerial,Not-in-family,Black,Female,0,0,44,United-States,<=50K,0,0,0,2816,0.0,0.0,56-65
69,Private,337776,HS-grad,9,Never-married,Machine-op-inspct,Unmarried,White,Male,0,0,45,United-States,<=50K,0,0,0,3105,0.0,0.0,66+
39,Local-gov,304473,11th,7,Never-married,Tech-support,Other-relative,White,Female,0,0,55,China,<=50K,0,0,0,2145,0.0,0.0,36-45
28,Private,71243,HS-grad,9,Married-civ-spouse,Farming-fishing,Other-relative,White,Female,0,0,46,United-States,<=50K,0,0,0,1288,0.0,0.0,26-35
19,Private,21408,Assoc-acdm,12,Divorced,Transport-moving,Not-in-family,White,Male,0,0,28,United-States,>50K,0,0,0,532,0.0,0.0,18-25
27,Private,364634,Bachelors,13,Separated,Prof-specialty,Husband,White,Female,0,0,45,United-States,<=50K,0,0,0,1215,0.0,0.0,26-35
22,Self-emp-not-inc,133269,Some-college,10,Married-civ-spouse,Tech-support,Not-in-family,White,Female,53540,0,48,United-States,<=50K,1,0,53540,1056,10.888202994524125,0.0,18-25
71,Private,231908,HS-grad,9,Never-married,Machine-op-inspct,Husband,White,Male,0,0,34,United-States,<=50K,0,0,0,2414,0.0,0.0,66+
34,Private,402214,Assoc-voc,11,Separated,Protective-serv,Husband,White,Male,0,0,36,United-States,<=50K,0,0,0,1224,0.0,0.0,26-35
69,Private,32953,Assoc-acdm,12,Married-civ-spouse,Exec-managerial,Husband,Black,Male,0,0,48,United-States,>50K,0,0,0,3312,0.0,0.0,66+
52,Federal-gov,93144,HS-grad,9,Separated,Priv-house-serv,Husband,Asian-Pac-Islander,Male,0,0,40,United-States,<=50K,0,0,0,2080,0.0,0.0,46-55
51,Private,74431,Bachelors,13,Married-civ-spouse,Protective-serv,Husband,White,Male,0,0,51,United-States,<=50K,0,0,0,2601,0.0,0.0,46-55
46,Private,305962,7th-8th,4,Never-married,Sales,Husband,White,Male,0,0,42,United-States,<=50K,0,0,0,1932,0.0,0.0,46-55
68,Private,30335,1st-4th,2,Married-civ-spouse,Adm-clerical,Husband,White,Male,0,0,18,United-States,<=50K,0,0,0,1224,0.0,0.0,66+
20,Federal-gov,343939,10th,6,Divorced,Tech-support,Husband,White,Male,0,4158,40,United-States,<=50K,0,1,-4158,800,0.0,8.33302993974291,18-25
23,State-gov,66339,11th,7,Married-civ-spouse,Machine-op-inspct,Husband,White,Female,0,0,36,United-States,<=50K,0,0,0,828,0.0,0.0,18-25
44,Private,276612,Bachelors,13,Married-civ-spouse,Protective-serv,Own-child,White,Male,0,0,46,United-States,<=50K,0,0,0,2024,0.0,0.0,36-45
42,Private,281767,HS-grad,9,Married-civ-spouse,Armed-Forces,Unmarried,White,Female,76740,0,44,Cuba,>50K,1,0,76740,1848,11.248191394729853,0.0,36-45
51,Private,389505,HS-grad,9,Married-civ-spouse,Other-service,Wife,White,Female,85214,0,30,United-States,<=50K,1,0,85214,1530,11.352932753659337,0.0,46-55
63,Private,370539,HS-grad,9,Never-married,Farming-fishing,Other-relative,Other,Male,0,0,42,United-States,<=50K,0,0,0,2646,0.0,0.0,56-65
54,Private,225830,HS-grad,9,Married-civ-spouse,Tech-support,Husband,Black,Female,0,0,45,United-States,<=50K,0,0,0,2430,0.0,0.0,46-55
33,Private,489385,HS-grad,9,Married-civ-spouse,Sales,Other-relative,White,Female,0,0,44,United-States,<=50K,0,0,0,1452,0.0,0.0,26-35
38,Self-emp-inc,131537,10th,6,Married-civ-spouse,Priv-house-serv,Not-in-family,Black,Female,0,0,50,United-States,<=50K,0,0,0,1900,0.0,0.0,36-45
64,Private,492304,Some-college,10,Divorced,Adm-clerical,Unmarried,White,Male,0,0,30,United-States,<=50K,0,0,0,1920,0.0,0.0,56-65
30,Private,494351,10th,6,Married-civ-spouse,Prof-specialty,Other-relative,Other,Male,0,0,38,United-States,<=50K,0,0,0,1140,0.0,0.0,26-35
49,Private,408138,Assoc-acdm,12,Married-civ-spouse,Armed-Forces,Not-in-family,Black,Male,0,0,17,Philippines,<=50K,0,0,0,833,0.0,0.0,46-55
51,Private,273824,12th,8,Never-married,Transport-moving,Own-child,White,Male,0,0,52,United-States,<=50K,0,0,0,2652,0.0,0.0,46-55
64,Private,33974,Assoc-voc,11,Never-married,Tech-support,Husband,White,Male,0,2893,41,United-States,>50K,0,1,-2893,2624,0.0,7.970394907191429,56-65
62,Private,231031,Bachelors,13,Never-married,Craft-repair,Husband,White,Male,0,0,39,United-States,<=50K,0,0,0,2418,0.0,0.0,56-65
46,Private,231638,10th,6,Married-civ-spouse,Adm-clerical,Unmarried,White,Male,0,0,39,United-States,<=50K,0,0,0,1794,0.0,0.0,46-55
37,Private,203153,9th,5,Never-married,Protective-serv,Other-relative,White,Female,0,0,45,United-States,<=50K,0,0,0,1665,0.0,0.0,36-45
40,Private,34053,Masters,14,Never-married,Other-service,Husband,White,Male,0,0,50,Unknown,<=50K,0,0,0,2000,0.0,0.0,36-45
43,Private,460203,HS-grad,9,Never-married,Machine-op-inspct,Not-in-family,White,Female,0,0,37,England,<=50K,0,0,0,1591,0.0,0.0,36-45
31,Private,322080,Some-college,10,Married-civ-spouse,Unknown,Husband,White,Male,0,0,44,United-States,<=50K,0,0,0,1364,0.0,0.0,26-35
56,Private,35033,1st-4th,2,Married-civ-spouse,Protective-serv,Not-in-family,White,Female,0,0,44,Mexico,<=50K,0,0,0,2464,0.0,0.0,56-65
30,Private,86635,HS-grad,9,Divorced,Adm-clerical,Not-in-family,White,Male,0,0,18,United-States,<=50K,0,0,0,540,0.0,0.0,26-35
58,Private,408226,Some-college,10,Married-civ-spouse,Armed-Forces,Husband,White,Male,0,0,33,United-States,<=50K,0,0,0,1914,0.0,0.0,56-65
64,Private,331913,Bachelors,13,Never-married,Armed-Forces,Other-relative,White,Male,0,0,44,United-States,<=50K,0,0,0,2816,0.0,0.0,56-65
77,Private,93913,HS-grad,9,Married-civ-spouse,Priv-house-serv,Husband,Black,Male,0,0,52,United-States,>50K,0,0,0,4004,0.0,0.0,66+
25,Local-gov,134003,Assoc-acdm,12,Married-civ-spouse,Farming-fishing,Not-in-family,Asian-Pac-Islander,Male,0,0,54,United-States,<=50K,0,0,0,1350,0.0,0.0,18-25
65,Private,70462,Some-college,10,Married-civ-spouse,Armed-Forces,Not-in-family,White,Male,0,0,28,United-States,<=50K,0,0,0,1820,0.0,0.0,56-65
23,Private,329523,10th,6,Married-civ-spouse,Tech-support,Husband,White,Female,0,0,50,United-States,<=50K,0,0,0,1150,0.0,0.0,18-25
38,Private,42985,HS-grad,9,Divorced,Craft-repair,Husband,Asian-Pac-Islander,Male,0,0,50,United-States,<=50K,0,0,0,1900,0.0,0.0,36-45
28,Self-emp-not-inc,368207,HS-grad,9,Married-civ-spouse,Machine-op-inspct,Wife,Asian-Pac-Islander,Female,0,0,44,United-States,<=50K,0,0,0,1232,0.0,0.0,26-35
28,Private,197399,HS-grad,9,Divorced,Farming-fishing,Not-in-family,White,Male,0,0,20,United-States,<=50K,0,0,0,560,0.0,0.0,26-35
28,Local-gov,151317,Some-college,10,Married-civ-spouse,Protective-serv,Unmarried,Black,Female,0,0,35,Other,<=50K,0,0,0,980,0.0,0.0,26-35
20,Private,201139,HS-grad,9,Never-married,Farming-fishing,Own-child,White,Female,0,1777,41,United-States,<=50K,0,1,-1777,820,0.0,7.48324441607385,18-25
69,Self-emp-inc,495909,HS-grad,9,Widowed,Sales,Own-child,White,Male,0,2027,38,United-States,<=50K,0,1,-2027,2622,0.0,7.614805364711073,66+
21,Private,218731,Assoc-voc,11,Never-married,Protective-serv,Husband,White,Female,0,0,18,United-States,<=50K,0,0,0,378,0.0,0.0,18-25
42,Private,122841,Some-college,10,Never-married,Craft-repair,Husband,White,Female,0,0,37,United-States,<=50K,0,0,0,1554,0.0,0.0,36-45
61,Private,487482,Some-college,10,Married-civ-spouse,Craft-repair,Husband,Black,Female,92973,0,31,United-States,>50K,1,0,92973,1891,11.440075163155973,0.0,56-65
79,Private,57768,Some-college,10,Never-married,Transport-moving,Not-in-family,White,Female,0,0,46,United-States,<=50K,0,0,0,3634,0.0,0.0,66+
70,Self-emp-inc,144855,HS-grad,9,Widowed,Armed-Forces,Husband,White,Male,0,0,45,United-States,<=50K,0,0,0,3150,0.0,0.0,66+
26,Federal-gov,296168,Assoc-voc,11,Divorced,Machine-op-inspct,Other-relative,White,Male,0,0,45,United-States,<=50K,0,0,0,1170,0.0,0.0,26-35
79,Private,287054,HS-grad,9,Married-civ-spouse,Craft-repair,Husband,Asian-Pac-Islander,Female,0,0,36,India,<=50K,0,0,0,2844,0.0,0.0,66+
58,Private,211429,HS-grad,9,Never-married,Tech-support,Not-in-family,White,Female,0,1766,40,United-States,<=50K,0,1,-1766,2320,0.0,7.4770384723196965,56-65
29,Private,179118,11th,7,Married-civ-spouse,Armed-Forces,Husband,White,Female,0,0,39,United-States,<=50K,0,0,0,1131,0.0,0.0,26-35
45,Private,416835,Some-college,10,Never-married,Sales,Husband,Asian-Pac-Islander,Male,0,0,49,China,<=50K,0,0,0,2205,0.0,0.0,36-45
74,Private,38893,Some-college,10,Married-civ-spouse,Adm-clerical,Husband,White,Male,0,0,35,United-States,<=50K,0,0,0,2590,0.0,0.0,66+
42,Private,262826,HS-grad,9,Married-civ-spouse,Exec-managerial,Not-in-family,Amer-Indian-Eskimo,Female,0,0,32,United-States,<=50K,0,0,0,1344,0.0,0.0,36-45
29,Private,344711,Bachelors,13,Never-married,Sales,Unmarried,Asian-Pac-Islander,Male,0,0,50,United-States,<=50K,0,0,0,1450,0.0,0.0,26-35
72,Federal-gov,135042,Bachelors,13,Never-married,Farming-fishing,Wife,White,Female,0,0,48,United-States,>50K,0,0,0,3456,0.0,0.0,66+
77,Self-emp-not-inc,395847,10th,6,Never-married,Transport-moving,Husband,Black,Male,0,0,45,United-States,<=50K,0,0,0,3465,0.0,0.0,66+
78,Self-emp-not-inc,266907,Assoc-voc,11,Never-married,Handlers-cleaners,Not-in-family,White,Male,0,0,56,United-States,<=50K,0,0,0,4368,0.0,0.0,66+
77,Private,218556,HS-grad,9,Never-married,Machine-op-inspct,Own-child,Black,Female,0,0,61,Mexico,<=50K,0,0,0,4697,0.0,0.0,66+
72,Local-gov,433113,Doctorate,16,Divorced,Handlers-cleaners,Not-in-family,White,Female,0,0,52,United-States,>50K,0,0,0,3744,0.0,0.0,66+
46,Private,62529,HS-grad,9,Married-AF-spouse,Adm-clerical,Husband,White,Male,0,0,33,United-States,<=50K,0,0,0,1518,0.0,0.0,46-55
29,Private,126037,HS-grad,9,Married-civ-spouse,Priv-house-serv,Other-relative,White,Male,0,0,48,United-States,<=50K,0,0,0,1392,0.0,0.0,26-35
56,Private,408946,HS-grad,9,Married-civ-spouse,Farming-fishing,Husband,White,Male,0,0,41,China,>50K,0,0,0,2296,0.0,0.0,56-65
31,Unknown,69342,HS-grad,9,Never-married,Sales,Own-child,Black,Male,0,0,34,Other,<=50K,0,0,0,1054,0.0,0.0,26-35
47,Private,22485,Assoc-voc,11,Married-civ-spouse,Sales,Not-in-family,White,Male,0,0,33,United-States,>50K,0,0,0,1551,0.0,0.0,46-55
58,Self-emp-inc,437798,HS-grad,9,Separated,Farming-fishing,Own-child,White,Male,0,1224,43,United-States,<=50K,0,1,-1224,2494,0.0,7.110696122978827,56-65
76,Unknown,14420,HS-grad,9,Married-civ-spouse,Farming-fishing,Not-in-family,Asian-Pac-Islander,Male,0,0,48,United-States,>50K,0,0,0,3648,0.0,0.0,66+
35,Self-emp-not-inc,432234,Some-college,10,Married-civ-spouse,Prof-specialty,Not-in-family,White,Female,0,0,54,United-States,<=50K,0,0,0,1890,0.0,0.0,26-35
33,Private,403097,Bachelors,13,Married-civ-spouse,Priv-house-serv,Husband,White,Male,0,0,47,England,>50K,0,0,0,1551,0.0,0.0,26-35
63,Local-gov,426712,Bachelors,13,Never-married,Prof-specialty,Husband,Black,Female,0,0,46,United-States,<=50K,0,0,0,2898,0.0,0.0,56-65
18,Private,35189,HS-grad,9,Never-married,Exec-managerial,Husband,White,Female,0,0,38,United-States,<=50K,0,0,0,684,0.0,0.0,18-25
53,Private,144317,HS-grad,9,Married-civ-spouse,Machine-op-inspct,Husband,White,Male,0,0,42,United-States,<=50K,0,0,0,2226,0.0,0.0,46-55
64,Private,100622,11th,7,Married-civ-spouse,Other-service,Not-in-family,White,Male,0,0,25,United-States,<=50K,0,0,0,1600,0.0,0.0,56-65
52,Private,400087,Bachelors,13,Married-civ-spouse,Farming-fishing,Not-in-family,White,Male,0,0,46,United-States,<=50K,0,0,0,2392,0.0,0.0,46-55
41,Unknown,141599,Assoc-voc,11,Married-civ-spouse,Protective-serv,Husband,White,Female,0,0,44,United-States,<=50K,0,0,0,1804,0.0,0.0,36-45
69,Private,135929,Some-college,10,Never-married,Armed-Forces,Not-in-family,White,Male,0,817,59,United-States,<=50K,0,1,-817,4071,0.0,6.706862336602747,66+
41,Private,297173,Bachelors,13,Never-married,Handlers-cleaners,Not-in-family,White,Male,0,0,40,United-States,<=50K,0,0,0,1640,0.0,0.0,36-45
62,Self-emp-not-inc,314177,10th,6,Married-civ-spouse,Sales,Not-in-family,White,Male,0,0,52,United-States,>50K,0,0,0,3224,0.0,0.0,56-65
46,Private,253767,Assoc-voc,11,Married-civ-spouse,Handlers-cleaners,Husband,White,Male,0,0,35,United-States,<=50K,0,0,0,1610,0.0,0.0,46-55
19,Federal-gov,69406,HS-grad,9,Never-married,Craft-repair,Husband,Other,Male,0,0,57,United-States,<=50K,0,0,0,1083,0.0,0.0,18-25
50,Private,214663,10th,6,Married-civ-spouse,Farming-fishing,Husband,White,Male,0,0,54,United-States,<=50K,0,0,0,2700,0.0,0.0,46-55
21,Private,215543,HS-grad,9,Married-civ-spouse,Handlers-cleaners,Not-in-family,White,Female,0,0,51,United-States,<=50K,0,0,0,1071,0.0,0.0,18-25
75,Local-gov,265150,HS-grad,9,Never-married,Craft-repair,Not-in-family,Black,Male,0,0,41,United-States,<=50K,0,0,0,3075,0.0,0.0,66+
55,Unknown,454627,Masters,14,Married-civ-spouse,Machine-op-inspct,Other-relative,White,Male,0,0,38,United-States,<=50K,0,0,0,2090,0.0,0.0,46-55
41,Private,186004,HS-grad,9,Married-civ-spouse,Transport-moving,Husband,Black,Male,68398,0,36,United-States,>50K,1,0,68398,1476,11.133113483620729,0.0,36-45
48,Private,19766,Bachelors,13,Married-civ-spouse,Sales,Not-in-family,Asian-Pac-Islander,Male,0,0,30,United-States,<=50K,0,0,0,1440,0.0,0.0,46-55
56,Unknown,60722,Assoc-acdm,12,Never-married,Prof-specialty,Other-relative,White,Female,0,0,45,United-States,<=50K,0,0,0,2520,0.0,0.0,56-65
34,Private,85337,Some-college,10,Married-civ-spouse,Protective-serv,Own-child,White,Male,0,0,38,Canada,<=50K,0,0,0,1292,0.0,0.0,26-35
35,Private,435684,Masters,14,Never-married,Farming-fishing,Wife,White,Male,0,0,44,United-States,<=50K,0,0,0,1540,0.0,0.0,26-35
43,Local-gov,323204,HS-grad,9,Divorced,Priv-house-serv,Own-child,White,Male,0,0,42,United-States,<=50K,0,0,0,1806,0.0,0.0,36-45
34,Private,153978,HS-grad,9,Divorced,Handlers-cleaners,Not-in-family,White,Female,0,0,29,United-States,<=50K,0,0,0,986,0.0,0.0,26-35
64,Private,399523,11th,7,Never-married,Handlers-cleaners,Husband,White,Male,0,0,51,United-States,<=50K,0,0,0,3264,0.0,0.0,56-65
24,Private,489250,HS-grad,9,Married-civ-spouse,Handlers-cleaners,Own-child,White,Male,0,0,41,Cuba,<=50K,0,0,0,984,0.0,0.0,18-25
69,Private,224161,Bachelors,13,Married-civ-spouse,Handlers-cleaners,Husband,White,Male,39315,0,49,United-States,>50K,1,0,39315,3381,10.57938683968652,0.0,66+
39,Private,394975,HS-grad,9,Married-civ-spouse,Other-service,Not-in-family,White,Female,0,0,28,Japan,<=50K,0,0,0,1092,0.0,0.0,36-45
52,State-gov,383617,HS-grad,9,Never-married,Tech-support,Other-relative,White,Female,0,1112,32,United-States,<=50K,0,1,-1112,1664,0.0,7.014814351275545,46-55
27,Private,140791,HS-grad,9,Divorced,Priv-house-serv,Not-in-family,White,Female,0,0,36,United-States,<=50K,0,0,0,972,0.0,0.0,26-35
41,Private,486896,HS-grad,9,Never-married,Machine-op-inspct,Unmarried,White,Female,4383,0,42,Germany,<=50K,1,0,4383,1722,8.385716828627851,0.0,36-45
64,Self-emp-not-inc,470409,Assoc-voc,11,Divorced,Machine-op-inspct,Not-in-family,White,Female,0,0,39,United-States,<=50K,0,0,0,2496,0.0,0.0,56-65
34,Private,350785,HS-grad,9,Married-civ-spouse,Adm-clerical,Other-relative,White,Male,0,0,54,United-States,<=50K,0,0,0,1836,0.0,0.0,26-35
26,Private,485667,Assoc-acdm,12,Married-civ-spouse,Prof-specialty,Husband,White,Male,0,0,50,United-States,<=50K,0,0,0,1300,0.0,0.0,26-35
50,Private,227006,Some-college,10,Married-civ-spouse,Protective-serv,Other-relative,White,Female,0,0,33,United-States,<=50K,0,0,0,1650,0.0,0.0,46-55
28,Private,354023,Assoc-acdm,12,Never-married,Handlers-cleaners,Unmarried,White,Male,0,0,69,United-States,<=50K,0,0,0,1932,0.0,0.0,26-35
37,Private,318786,HS-grad,9,Married-civ-spouse,Machine-op-inspct,Not-in-family,Amer-Indian-Eskimo,Male,0,0,39,United-States,<=50K,0,0,0,1443,0.0,0.0,36-45
45,Federal-gov,303323,Some-college,10,Separated,Unknown,Husband,White,Male,0,0,53,United-States,<=50K,0,0,0,2385,0.0,0.0,36-45
52,Private,160196,11th,7,Married-civ-spouse,Other-service,Husband,White,Male,0,0,37,United-States,<=50K,0,0,0,1924,0.0,0.0,46-55
57,Private,182759,HS-grad,9,Divorced,Other-service,Husband,White,Female,0,0,46,United-States,<=50K,0,0,0,2622,0.0,0.0,56-65
59,Private,56861,Assoc-voc,11,Married-civ-spouse,Other-service,Own-child,White,Male,0,0,49,United-States,>50K,0,0,0,2891,0.0,0.0,56-65
70,Self-emp-not-inc,253596,Some-college,10,Never-married,Sales,Wife,White,Female,0,0,25,United-States,>50K,0,0,0,1750,0.0,0.0,66+
22,Private,81112,12th,8,Married-civ-spouse,Other-service,Husband,White,Male,0,0,57,United-States,<=50K,0,0,0,1254,0.0,0.0,18-25
40,Local-gov,255656,Bachelors,13,Never-married,Sales,Wife,White,Male,0,0,32,United-States,>50K,0,0,0,1280,0.0,0.0,36-45
18,Private,224416,7th-8th,4,Separated,Armed-Forces,Unmarried,White,Male,0,0,37,United-States,<=50K,0,0,0,666,0.0,0.0,18-25
18,Self-emp-not-inc,75652,Some-college,10,Never-married,Prof-specialty,Not-in-family,White,Female,0,0,34,United-States,<=50K,0,0,0,612,0.0,0.0,18-25
31,Private,148805,Prof-school,15,Married-civ-spouse,Unknown,Other-relative,Black,Female,0,0,34,United-States,<=50K,0,0,0,1054,0.0,0.0,26-35
55,Private,444814,Some-college,10,Never-married,Prof-specialty,Husband,White,Female,0,0,35,United-States,<=50K,0,0,0,1925,0.0,0.0,46-55
73,Private,31868,Bachelors,13,Divorced,Priv-house-serv,Husband,Amer-Indian-Eskimo,Female,0,0,28,United-States,<=50K,0,0,0,2044,0.0,0.0,66+
65,Self-emp-inc,113860,Some-college,10,Married-civ-spouse,Transport-moving,Husband,White,Female,0,0,48,Other,<=50K,0,0,0,3120,0.0,0.0,56-65
58,Private,195178,Assoc-acdm,12,Divorced,Priv-house-serv,Other-relative,White,Female,0,0,41,United-States,<=50K,0,0,0,2378,0.0,0.0,56-65
66,Private,370116,Some-college,10,Never-married,Exec-managerial,Own-child,White,Male,57028,0,39,United-States,<=50K,1,0,57028,2574,10.951315189365955,0.0,66+
28,Private,427623,Assoc-voc,11,Married-civ-spouse,Craft-repair,Not-in-family,White,Female,0,0,50,United-States,<=50K,0,0,0,1400,0.0,0.0,26-35
70,Private,389401,HS-grad,9,Never-married,Exec-managerial,Husband,White,Male,0,0,58,United-States,>50K,0,0,0,4060,0.0,0.0,66+
73,Without-pay,49822,Assoc-acdm,12,Never-married,Farming-fishing,Husband,White,Male,0,0,24,United-States,<=50K,0,0,0,1752,0.0,0.0,66+
23,Self-emp-inc,191836,HS-grad,9,Divorced,Farming-fishing,Wife,White,Female,0,0,56,United-States,<=50K,0,0,0,1288,0.0,0.0,18-25
47,Private,451998,Prof-school,15,Married-civ-spouse,Unknown,Husband,White,Male,0,0,40,United-States,>50K,0,0,0,1880,0.0,0.0,46-55
69,Private,370139,HS-grad,9,Never-married,Armed-Forces,Own-child,White,Male,0,0,26,United-States,<=50K,0,0,0,1794,0.0,0.0,66+
47,Private,88074,HS-grad,9,Married-civ-spouse,Sales,Other-relative,Asian-Pac-Islander,Male,0,0,44,United-States,<=50K,0,0,0,2068,0.0,0.0,46-55
70,Self-emp-not-inc,207567,Bachelors,13,Married-civ-spouse,Handlers-cleaners,Own-child,White,Male,0,0,39,Mexico,<=50K,0,0,0,2730,0.0,0.0,66+
76,Private,234896,HS-grad,9,Married-civ-spouse,Handlers-cleaners,Husband,Asian-Pac-Islander,Male,0,0,49,United-States,>50K,0,0,0,3724,0.0,0.0,66+
47,Private,114619,HS-grad,9,Separated,Other-service,Wife,White,Male,0,0,41,United-States,<=50K,0,0,0,1927,0.0,0.0,46-55
21,Private,446664,Assoc-voc,11,Married-civ-spouse,Farming-fishing,Unmarried,White,Male,0,0,44,United-States,<=50K,0,0,0,924,0.0,0.0,18-25
39,Private,373289,11th,7,Married-civ-spouse,Tech-support,Not-in-family,White,Male,0,0,36,Other,<=50K,0,0,0,1404,0.0,0.0,36-45
31,Private,47854,11th,7,Married-civ-spouse,Protective-serv,Not-in-family,White,Male,0,0,30,Mexico,<=50K,0,0,0,930,0.0,0.0,26-35
47,Private,120573,HS-grad,9,Married-civ-spouse,Craft-repair,Husband,White,Male,0,0,47,Mexico,>50K,0,0,0,2209,0.0,0.0,46-55
54,State-gov,296641,HS-grad,9,Married-spouse-absent,Craft-repair,Other-relative,White,Male,0,2235,35,Mexico,<=50K,0,1,-2235,1890,0.0,7.71244383427499,46-55
46,Private,363227,HS-grad,9,Divorced,Other-service,Own-child,Black,Male,0,0,44,United-States,>50K,0,0,0,2024,0.0,0.0,46-55
30,Private,378463,1st-4th,2,Never-married,Protective-serv,Not-in-family,White,Male,0,898,55,United-States,<=50K,0,1,-898,1650,0.0,6.80128303447162,26-35
36,Private,471088,HS-grad,9,Never-married,Protective-serv,Not-in-family,White,Male,0,0,38,India,<=50K,0,0,0,1368,0.0,0.0,36-45
60,Private,292343,HS-grad,9,Married-civ-spouse,Protective-serv,Wife,White,Female,0,0,47,United-States,<=50K,0,0,0,2820,0.0,0.0,56-65
19,Private,102360,5th-6th,3,Never-married,Priv-house-serv,Own-child,White,Female,0,0,40,United-States,<=50K,0,0,0,760,0.0,0.0,18-25
31,Private,30045,Some-college,10,Widowed,Protective-serv,Husband,White,Male,0,0,36,United-States,<=50K,0,0,0,1116,0.0,0.0,26-35
73,Self-emp-not-inc,42972,Some-college,10,Never-married,Handlers-cleaners,Own-child,White,Male,0,0,24,United-States,<=50K,0,0,0,1752,0.0,0.0,66+
24,Private,277507,7th-8th,4,Never-married,Tech-support,Husband,White,Female,0,0,40,United-States,<=50K,0,0,0,960,0.0,0.0,18-25
43,State-gov,320593,HS-grad,9,Divorced,Handlers-cleaners,Husband,White,Male,0,0,38,United-States,<=50K,0,0,0,1634,0.0,0.0,36-45
30,Private,82365,Bachelors,13,Never-married,Sales,Own-child,White,Male,0,0,31,United-States,<=50K,0,0,0,930,0.0,0.0,26-35
24,Private,204088,Some-college,10,Married-civ-spouse,Sales,Not-in-family,White,Male,0,0,20,United-States,<=50K,0,0,0,480,0.0,0.0,18-25
44,Private,208388,HS-grad,9,Never-married,Farming-fishing,Husband,White,Male,0,0,23,United-States,<=50K,0,0,0,1012,0.0,0.0,36-45
50,Private,176665,HS-grad,9,Married-civ-spouse,Other-service,Not-in-family,White,Female,60596,0,58,United-States,>50K,1,0,60596,2900,11.0120006658815,0.0,46-55
28,Federal-gov,119841,12th,8,Never-married,Exec-managerial,Husband,White,Male,0,0,40,United-States,<=50K,0,0,0,1120,0.0,0.0,26-35
22,Private,159586,Bachelors,13,Separated,Prof-specialty,Husband,White,Female,0,0,26,United-States,<=50K,0,0,0,572,0.0,0.0,18-25
26,Private,380648,Bachelors,13,Never-married,Tech-support,Husband,White,Male,0,0,34,United-States,<=50K,0,0,0,884,0.0,0.0,26-35
58,Private,344802,Bachelors,13,Married-civ-spouse,Farming-fishing,Unmarried,Other,Female,0,0,40,United-States,<=50K,0,0,0,2320,0.0,0.0,56-65
71,Private,405522,HS-grad,9,Never-married,Transport-moving,Husband,White,Male,0,0,44,United-States,<=50K,0,0,0,3124,0.0,0.0,66+
29,State-gov,447151,HS-grad,9,Widowed,Machine-op-inspct,Not-in-family,White,Male,0,0,38,Unknown,<=50K,0,0,0,1102,0.0,0.0,26-35
37,Private,111216,11th,7,Never-married,Tech-support,Other-relative,White,Female,0,0,60,Other,<=50K,0,0,0,2220,0.0,0.0,36-45
39,Private,191624,HS-grad,9,Never-married,Priv-house-serv,Not-in-family,White,Male,0,0,61,United-States,<=50K,0,0,0,2379,0.0,0.0,36-45
40,State-gov,324195,HS-grad,9,Never-married,Handlers-cleaners,Husband,Amer-Indian-Eskimo,Male,0,0,44,United-States,>50K,0,0,0,1760,0.0,0.0,36-45
33,Unknown,282507,Some-college,10,Never-married,Sales,Own-child,White,Male,0,0,36,United-States,<=50K,0,0,0,1188,0.0,0.0,26-35
21,Self-emp-inc,405551,12th,8,Married-civ-spouse,Armed-Forces,Not-in-family,White,Male,0,0,44,United-States,<=50K,0,0,0,924,0.0,0.0,18-25
50,Private,466828,Masters,14,Divorced,Protective-serv,Not-in-family,White,Female,0,0,27,United-States,<=50K,0,0,0,1350,0.0,0.0,46-55
40,Private,223571,9th,5,Never-married,Handlers-cleaners,Not-in-family,Black,Female,0,1359,50,United-States,<=50K,0,1,-1359,2000,0.0,7.215239978730097,36-45
39,Private,323591,1st-4th,2,Separated,Handlers-cleaners,Not-in-family,White,Male,0,0,42,United-States,<=50K,0,0,0,1638,0.0,0.0,36-45
34,Private,459385,Bachelors,13,Married-civ-spouse,Protective-serv,Wife,White,Female,0,0,28,United-States,>50K,0,0,0,952,0.0,0.0,26-35
75,Private,272454,Assoc-voc,11,Married-civ-spouse,Other-service,Not-in-family,White,Male,0,0,34,United-States,<=50K,0,0,0,2550,0.0,0.0,66+
55,Private,116819,HS-grad,9,Married-civ-spouse,Prof-specialty,Not-in-family,White,Female,0,0,46,United-States,<=50K,0,0,0,2530,0.0,0.0,46-55
43,Private,402313,Some-college,10,Never-married,Machine-op-inspct,Unmarried,White,Male,0,0,23,United-States,<=50K,0,0,0,989,0.0,0.0,36-45
30,Private,71939,HS-grad,9,Separated,Exec-managerial,Not-in-family,White,Male,0,0,31,United-States,<=50K,0,0,0,930,0.0,0.0,26-35
67,Private,347453,11th,7,Never-married,Exec-managerial,Husband,White,Male,0,0,35,Cuba,>50K,0,0,0,2345,0.0,0.0,66+
73,Private,85029,HS-grad,9,Married-civ-spouse,Craft-repair,Not-in-family,White,Female,0,0,50,United-States,<=50K,0,0,0,3650,0.0,0.0,66+
20,Private,141034,HS-grad,9,Married-civ-spouse,Sales,Not-in-family,White,Male,0,0,57,United-States,<=50K,0,0,0,1140,0.0,0.0,18-25
75,Private,457275,Some-college,10,Never-married,Prof-specialty,Husband,White,Male,0,0,44,Other,>50K,0,0,0,3300,0.0,0.0,66+
61,Self-emp-not-inc,116730,HS-grad,9,Married-civ-spouse,Priv-house-serv,Husband,White,Male,0,0,8,United-States,<=50K,0,0,0,488,0.0,0.0,56-65
24,Private,313907,Some-college,10,Married-civ-spouse,Exec-managerial,Own-child,White,Male,0,0,29,United-States,<=50K,0,0,0,696,0.0,0.0,18-25
64,Private,253859,Assoc-acdm,12,Married-civ-spouse,Other-service,Own-child,White,Male,0,0,75,Other,>50K,0,0,0,4800,0.0,0.0,56-65
24,Private,67184,11th,7,Never-married,Priv-house-serv,Not-in-family,White,Male,0,0,42,United-States,<=50K,0,0,0,1008,0.0,0.0,18-25
21,Private,307749,5th-6th,3,Divorced,Exec-managerial,Husband,White,Male,0,0,14,United-States,<=50K,0,0,0,294,0.0,0.0,18-25
25,Private,200607,HS-grad,9,Married-civ-spouse,Protective-serv,Not-in-family,Black,Male,12597,0,64,United-States,<=50K,1,0,12597,1600,9.441293350181875,0.0,18-25
46,Private,479995,Assoc-acdm,12,Married-civ-spouse,Craft-repair,Husband,White,Male,0,0,27,United-States,<=50K,0,0,0,1242,0.0,0.0,46-55
56,State-gov,160112,Some-college,10,Widowed,Tech-support,Not-in-family,White,Male,0,0,46,United-States,<=50K,0,0,0,2576,0.0,0.0,56-65
43,Private,302940,Assoc-voc,11,Divorced,Protective-serv,Not-in-family,White,Female,0,0,29,United-States,<=50K,0,0,0,1247,0.0,0.0,36-45
25,Private,439726,HS-grad,9,Divorced,Craft-repair,Not-in-family,White,Female,0,0,62,United-States,<=50K,0,0,0,1550,0.0,0.0,18-25
30,Self-emp-not-inc,242093,HS-grad,9,Married-civ-spouse,Tech-support,Husband,Other,Male,0,0,26,United-States,<=50K,0,0,0,780,0.0,0.0,26-35
70,Private,183729,Some-college,10,Married-civ-spouse,Farming-fishing,Unmarried,White,Male,0,0,34,United-States,>50K,0,0,0,2380,0.0,0.0,66+
77,Private,200440,12th,8,Never-married,Exec-managerial,Husband,Other,Female,54719,0,50,Mexico,>50K,1,0,54719,3850,10.909984552296432,0.0,66+
64,Private,51936,Assoc-voc,11,Never-married,Handlers-cleaners,Not-in-family,White,Male,0,0,34,United-States,>50K,0,0,0,2176,0.0,0.0,56-65
24,Local-gov,378725,12th,8,Divorced,Prof-specialty,Husband,White,Female,0,0,45,United-States,<=50K,0,0,0,1080,0.0,0.0,18-25
68,Private,15378,HS-grad,9,Separated,Exec-managerial,Husband,White,Male,0,0,48,United-States,<=50K,0,0,0,3264,0.0,0.0,66+
60,Private,395394,Some-college,10,Married-civ-spouse,Handlers-cleaners,Not-in-family,White,Male,0,0,42,United-States,<=50K,0,0,0,2520,0.0,0.0,56-65
50,Self-emp-not-inc,289904,HS-grad,9,Never-married,Sales,Husband,White,Male,0,0,29,United-States,<=50K,0,0,0,1450,0.0,0.0,46-55
26,Unknown,13741,Some-college,10,Married-civ-spouse,Sales,Husband,Black,Male,0,0,32,United-States,<=50K,0,0,0,832,0.0,0.0,26-35
79,Self-emp-not-inc,84000,HS-grad,9,Married-civ-spouse,Sales,Husband,Asian-Pac-Islander,Male,0,0,36,United-States,<=50K,0,0,0,2844,0.0,0.0,66+
45,Private,54877,Masters,14,Never-married,Craft-repair,Own-child,White,Male,0,1553,46,United-States,<=50K,0,1,-1553,2070,0.0,7.348587530927593,36-45
20,Private,496424,Bachelors,13,Separated,Machine-op-inspct,Unmarried,White,Male,0,0,48,United-States,<=50K,0,0,0,960,0.0,0.0,18-25
31,Private,48481,Bachelors,13,Never-married,Machine-op-inspct,Not-in-family,White,Male,0,0,42,United-States,<=50K,0,0,0,1302,0.0,0.0,26-35
42,Never-worked,454302,Some-college,10,Never-married,Tech-support,Own-child,White,Male,0,0,47,United-States,<=50K,0,0,0,1974,0.0,0.0,36-45
21,Private,21713,Some-college,10,Never-married,Handlers-cleaners,Not-in-family,Black,Female,0,2731,24,United-States,<=50K,0,1,-2731,504,0.0,7.912789220690681,18-25
38,Private,264685,Some-college,10,Never-married,Transport-moving,Not-in-family,White,Female,0,0,43,United-States,<=50K,0,0,0,1634,0.0,0.0,36-45
47,Local-gov,288683,HS-grad,9,Married-civ-spouse,Tech-support,Not-in-family,White,Female,0,0,39,United-States,<=50K,0,0,0,1833,0.0,0.0,46-55
76,Private,352720,HS-grad,9,Divorced,Exec-managerial,Not-in-family,Asian-Pac-Islander,Female,0,0,45,United-States,<=50K,0,0,0,3420,0.0,0.0,66+
23,Federal-gov,232767,Some-college,10,Never-married,Armed-Forces,Wife,White,Female,0,0,48,United-States,<=50K,0,0,0,1104,0.0,0.0,18-25
53,Private,107376,5th-6th,3,Never-married,Prof-specialty,Own-child,Black,Female,95908,0,29,United-States,>50K,1,0,95908,1537,11.471155104226186,0.0,46-55
74,Private,141882,1st-4th,2,Separated,Tech-support,Not-in-family,White,Male,0,0,39,United-States,<=50K,0,0,0,2886,0.0,0.0,66+
67,Self-emp-not-inc,19928,Bachelors,13,Divorced,Machine-op-inspct,Not-in-family,White,Female,0,0,53,United-States,>50K,0,0,0,3551,0.0,0.0,66+
75,Self-emp-not-inc,419884,5th-6th,3,Married-civ-spouse,Prof-specialty,Not-in-family,White,Female,0,0,43,United-States,<=50K,0,0,0,3225,0.0,0.0,66+
28,Private,22922,Some-college,10,Married-civ-spouse,Other-service,Wife,White,Female,0,0,39,United-States,<=50K,0,0,0,1092,0.0,0.0,26-35
67,Never-worked,312551,Some-college,10,Never-married,Craft-repair,Not-in-family,White,Female,0,0,28,United-States,<=50K,0,0,0,1876,0.0,0.0,66+
78,State-gov,287748,12th,8,Married-civ-spouse,Protective-serv,Husband,White,Male,59716,0,45,United-States,<=50K,1,0,59716,3510,10.997372015964007,0.0,66+
38,Local-gov,156818,Bachelors,13,Never-married,Priv-house-serv,Not-in-family,White,Male,0,0,26,United-States,>50K,0,0,0,988,0.0,0.0,36-45
48,Private,93187,12th,8,Married-civ-spouse,Farming-fishing,Husband,White,Male,0,0,38,United-States,<=50K,0,0,0,1824,0.0,0.0,46-55
50,Private,299544,Bachelors,13,Married-civ-spouse,Tech-support,Not-in-family,White,Male,0,0,35,United-States,>50K,0,0,0,1750,0.0,0.0,46-55
48,Private,360236,Assoc-acdm,12,Never-married,Protective-serv,Unmarried,White,Male,0,0,44,United-States,<=50K,0,0,0,2112,0.0,0.0,46-55
35,Private,242423,HS-grad,9,Married-civ-spouse,Handlers-cleaners,Husband,Asian-Pac-Islander,Male,0,0,34,United-States,<=50K,0,0,0,1190,0.0,0.0,26-35
78,Private,354006,11th,7,Never-married,Handlers-cleaners,Not-in-family,White,Female,0,0,37,United-States,<=50K,0,0,0,2886,0.0,0.0,66+
77,Private,311095,HS-grad,9,Married-civ-spouse,Protective-serv,Not-in-family,White,Female,0,0,31,United-States,>50K,0,0,0,2387,0.0,0.0,66+
41,Private,481521,HS-grad,9,Divorced,Handlers-cleaners,Husband,White,Male,0,0,38,United-States,<=50K,0,0,0,1558,0.0,0.0,36-45
67,Private,145662,HS-grad,9,Never-married,Sales,Husband,White,Male,0,0,42,United-States,>50K,0,0,0,2814,0.0,0.0,66+
42,Private,388195,Doctorate,16,Separated,Sales,Not-in-family,Black,Male,0,0,37,Unknown,<=50K,0,0,0,1554,0.0,0.0,36-45
67,Private,196427,HS-grad,9,Married-civ-spouse,Protective-serv,Husband,White,Female,0,0,37,United-States,<=50K,0,0,0,2479,0.0,0.0,66+
54,Private,286171,Bachelors,13,Married-civ-spouse,Machine-op-inspct,Wife,White,Male,0,0,42,United-States,<=50K,0,0,0,2268,0.0,0.0,46-55
47,State-gov,247480,11th,7,Never-married,Adm-clerical,Other-relative,White,Male,0,0,50,United-States,<=50K,0,0,0,2350,0.0,0.0,46-55
25,Private,179397,Prof-school,15,Married-spouse-absent,Adm-clerical,Not-in-family,White,Male,0,0,47,United-States,<=50K,0,0,0,1175,0.0,0.0,18-25
58,Unknown,345380,HS-grad,9,Never-married,Sales,Not-in-family,White,Male,0,0,27,United-States,<=50K,0,0,0,1566,0.0,0.0,56-65
37,Private,479269,HS-grad,9,Never-married,Prof-specialty,Not-in-family,White,Female,0,0,48,Canada,<=50K,0,0,0,1776,0.0,0.0,36-45
31,Private,223931,Some-college,10,Divorced,Armed-Forces,Husband,White,Male,0,0,54,United-States,<=50K,0,0,0,1674,0.0,0.0,26-35
29,Private,101433,10th,6,Never-married,Other-service,Not-in-family,White,Female,55116,0,47,United-States,<=50K,1,0,55116,1363,10.917213477500983,0.0,26-35
78,Self-emp-inc,228615,Bachelors,13,Never-married,Armed-Forces,Wife,White,Female,0,0,16,United-States,>50K,0,0,0,1248,0.0,0.0,66+
24,Private,107861,HS-grad,9,Never-married,Sales,Husband,White,Male,0,0,43,United-States,<=50K,0,0,0,1032,0.0,0.0,18-25
67,Private,263726,Some-college,10,Never-married,Exec-managerial,Not-in-family,White,Male,0,0,54,United-States,>50K,0,0,0,3618,0.0,0.0,66+
71,Private,318959,Some-college,10,Never-married,Tech-support,Unmarried,White,Female,0,0,36,United-States,>50K,0,0,0,2556,0.0,0.0,66+
19,Self-emp-not-inc,240498,Some-college,10,Separated,Farming-fishing,Husband,White,Male,0,0,69,United-States,<=50K,0,0,0,1311,0.0,0.0,18-25
54,Unknown,493552,7th-8th,4,Married-civ-spouse,Exec-managerial,Unmarried,White,Male,0,0,18,United-States,<=50K,0,0,0,972,0.0,0.0,46-55
53,Local-gov,130015,11th,7,Married-civ-spouse,Handlers-cleaners,Not-in-family,White,Female,0,0,41,United-States,<=50K,0,0,0,2173,0.0,0.0,46-55
40,Private,50654,11th,7,Married-spouse-absent,Adm-clerical,Husband,White,Female,0,0,47,United-States,<=50K,0,0,0,1880,0.0,0.0,36-45
59,Self-emp-inc,352319,HS-grad,9,Divorced,Adm-clerical,Husband,White,Male,0,0,42,United-States,<=50K,0,0,0,2478,0.0,0.0,56-65
43,Private,495047,10th,6,Married-civ-spouse,Armed-Forces,Own-child,White,Female,95752,0,42,United-States,>50K,1,0,95752,1806,11.469527238144758,0.0,36-45
45,Unknown,34784,Masters,14,Divorced,Machine-op-inspct,Not-in-family,White,Male,0,0,30,United-States,<=50K,0,0,0,1350,0.0,0.0,36-45
44,Local-gov,202309,Some-college,10,Never-married,Other-service,Wife,White,Female,0,1446,34,United-States,<=50K,0,1,-1446,1496,0.0,7.277247726631484,36-45
67,Private,284820,Some-college,10,Never-married,Farming-fishing,Husband,White,Male,0,0,46,Mexico,<=50K,0,0,0,3082,0.0,0.0,66+
57,State-gov,323111,HS-grad,9,Never-married,Tech-support,Husband,White,Male,0,0,19,United-States,<=50K,0,0,0,1083,0.0,0.0,56-65
41,Private,437730,HS-grad,9,Married-civ-spouse,Priv-house-serv,Unmarried,White,Female,0,0,49,United-States,<=50K,0,0,0,2009,0.0,0.0,36-45
75,Private,345344,Some-college,10,Divorced,Exec-managerial,Husband,White,Male,0,0,39,United-States,<=50K,0,0,0,2925,0.0,0.0,66+
67,Private,453221,HS-grad,9,Married-civ-spouse,Transport-moving,Husband,Asian-Pac-Islander,Male,0,0,46,United-States,>50K,0,0,0,3082,0.0,0.0,66+
75,Local-gov,282948,HS-grad,9,Separated,Other-service,Husband,White,Male,0,0,48,United-States,<=50K,0,0,0,3600,0.0,0.0,66+
63,Private,114872,HS-grad,9,Married-civ-spouse,Prof-specialty,Own-child,White,Male,0,0,77,United-States,<=50K,0,0,0,4851,0.0,0.0,56-65
42,Self-emp-inc,459845,Some-college,10,Never-married,Farming-fishing,Husband,White,Male,0,508,54,Other,<=50K,0,1,-508,2268,0.0,6.2324480165505225,36-45
65,Private,196679,Prof-school,15,Never-married,Adm-clerical,Not-in-family,White,Female,0,0,28,United-States,<=50K,0,0,0,1820,0.0,0.0,56-65
38,Self-emp-not-inc,168328,HS-grad,9,Never-married,Tech-support,Not-in-family,White,Male,18070,0,62,United-States,<=50K,1,0,18070,2356,9.802063722398165,0.0,36-45
34,Unknown,343468,HS-grad,9,Never-married,Tech-support,Husband,White,Female,0,0,13,United-States,<=50K,0,0,0,442,0.0,0.0,26-35
45,Private,370332,11th,7,Never-married,Armed-Forces,Not-in-family,White,Female,0,0,36,United-States,<=50K,0,0,0,1620,0.0,0.0,36-45
78,Private,352724,HS-grad,9,Never-married,Machine-op-inspct,Wife,White,Female,0,0,42,United-States,>50K,0,0,0,3276,0.0,0.0,66+
53,Private,276265,Assoc-voc,11,Married-civ-spouse,Unknown,Not-in-family,White,Male,0,0,37,United-States,>50K,0,0,0,1961,0.0,0.0,46-55
41,Private,351816,11th,7,Married-civ-spouse,Unknown,Wife,Black,Male,0,0,43,United-States,<=50K,0,0,0,1763,0.0,0.0,36-45
46,Private,385763,Some-college,10,Divorced,Handlers-cleaners,Other-relative,White,Male,0,0,38,India,<=50K,0,0,0,1748,0.0,0.0,46-55
36,Private,113521,HS-grad,9,Married-civ-spouse,Adm-clerical,Unmarried,White,Male,30179,0,53,United-States,>50K,1,0,30179,1908,10.31493473232184,0.0,36-45
58,State-gov,279222,7th-8th,4,Never-married,Protective-serv,Not-in-family,White,Male,0,0,35,United-States,<=50K,0,0,0,2030,0.0,0.0,56-65
39,Private,201639,Masters,14,Married-civ-spouse,Farming-fishing,Wife,Black,Female,0,0,39,Mexico,<=50K,0,0,0,1521,0.0,0.0,36-45
52,Self-emp-inc,186032,HS-grad,9,Never-married,Adm-clerical,Husband,White,Female,0,0,58,United-States,<=50K,0,0,0,3016,0.0,0.0,46-55
40,Private,15171,Assoc-acdm,12,Married-civ-spouse,Exec-managerial,Not-in-family,White,Male,0,0,50,United-States,<=50K,0,0,0,2000,0.0,0.0,36-45
37,Self-emp-inc,241725,HS-grad,9,Never-married,Armed-Forces,Husband,White,Male,75730,0,38,United-States,<=50K,1,0,75730,1406,11.234942866827236,0.0,36-45
78,Private,395916,Masters,14,Married-civ-spouse,Exec-managerial,Husband,White,Female,7606,0,45,United-States,>50K,1,0,7606,3510,8.936824154997302,0.0,66+
39,Private,469183,HS-grad,9,Divorced,Sales,Husband,White,Female,0,0,59,Other,<=50K,0,0,0,2301,0.0,0.0,36-45
22,Private,75332,HS-grad,9,Married-civ-spouse,Transport-moving,Own-child,White,Male,0,0,26,United-States,<=50K,0,0,0,572,0.0,0.0,18-25
41,Private,357699,Assoc-acdm,12,Never-married,Armed-Forces,Husband,White,Male,0,0,29,United-States,<=50K,0,0,0,1189,0.0,0.0,36-45
50,Private,147633,HS-grad,9,Married-civ-spouse,Priv-house-serv,Wife,White,Male,0,0,34,United-States,<=50K,0,0,0,1700,0.0,0.0,46-55
23,Private,61174,HS-grad,9,Never-married,Other-service,Not-in-family,Black,Male,0,0,42,United-States,<=50K,0,0,0,966,0.0,0.0,18-25
36,Federal-gov,291706,Doctorate,16,Never-married,Priv-house-serv,Husband,Black,Male,0,0,50,United-States,<=50K,0,0,0,1800,0.0,0.0,36-45
28,Private,27958,Some-college,10,Widowed,Exec-managerial,Own-child,White,Male,92310,0,32,United-States,>50K,1,0,92310,896,11.432918589988027,0.0,26-35
49,Private,102101,Assoc-voc,11,Never-married,Sales,Wife,White,Male,27478,0,31,United-States,>50K,1,0,27478,1519,10.221177355572257,0.0,46-55
62,State-gov,134485,Some-college,10,Never-married,Armed-Forces,Unmarried,Amer-Indian-Eskimo,Male,0,0,27,United-States,>50K,0,0,0,1674,0.0,0.0,56-65
78,Private,429056,Bachelors,13,Never-married,Armed-Forces,Husband,White,Female,0,0,31,United-States,>50K,0,0,0,2418,0.0,0.0,66+
42,Private,88370,Bachelors,13,Married-civ-spouse,Prof-specialty,Not-in-family,Black,Male,0,0,33,United-States,>50K,0,0,0,1386,0.0,0.0,36-45
71,State-gov,148482,Some-college,10,Never-married,Unknown,Not-in-family,White,Male,0,0,18,United-States,<=50K,0,0,0,1278,0.0,0.0,66+
31,Self-emp-not-inc,485410,HS-grad,9,Married-civ-spouse,Other-service,Not-in-family,White,Female,0,0,34,United-States,<=50K,0,0,0,1054,0.0,0.0,26-35
66,Local-gov,171573,1st-4th,2,Never-married,Machine-op-inspct,Husband,White,Male,0,0,30,United-States,<=50K,0,0,0,1980,0.0,0.0,66+
52,Self-emp-inc,148344,Some-college,10,Married-civ-spouse,Unknown,Not-in-family,White,Male,0,0,38,United-States,>50K,0,0,0,1976,0.0,0.0,46-55
65,Private,364349,Bachelors,13,Married-civ-spouse,Sales,Husband,White,Male,0,0,57,United-States,<=50K,0,0,0,3705,0.0,0.0,56-65
64,Private,32225,HS-grad,9,Never-married,Other-service,Husband,White,Female,0,0,24,United-States,<=50K,0,0,0,1536,0.0,0.0,56-65
51,Private,66779,11th,7,Divorced,Armed-Forces,Own-child,White,Male,0,0,50,United-States,<=50K,0,0,0,2550,0.0,0.0,46-55
33,State-gov,196400,HS-grad,9,Married-civ-spouse,Exec-managerial,Unmarried,White,Male,0,0,57,United-States,<=50K,0,0,0,1881,0.0,0.0,26-35
50,Federal-gov,333371,Some-college,10,Divorced,Prof-specialty,Husband,White,Male,0,0,50,Philippines,<=50K,0,0,0,2500,0.0,0.0,46-55
69,Unknown,17870,Bachelors,13,Never-married,Prof-specialty,Husband,White,Female,0,0,43,United-States,>50K,0,0,0,2967,0.0,0.0,66+
78,Private,23412,11th,7,Married-civ-spouse,Tech-support,Not-in-family,White,Male,0,0,53,United-States,<=50K,0,0,0,4134,0.0,0.0,66+
75,Private,30867,Some-college,10,Married-civ-spouse,Machine-op-inspct,Own-child,White,Male,0,0,46,United-States,<=50K,0,0,0,3450,0.0,0.0,66+
29,Private,347752,Assoc-acdm,12,Married-spouse-absent,Protective-serv,Husband,White,Female,0,0,51,Other,<=50K,0,0,0,1479,0.0,0.0,26-35
55,Federal-gov,363731,Masters,14,Separated,Priv-house-serv,Other-relative,White,Female,0,0,41,United-States,<=50K,0,0,0,2255,0.0,0.0,46-55
24,Private,204577,10th,6,Married-civ-spouse,Sales,Not-in-family,Asian-Pac-Islander,Female,0,0,29,United-States,<=50K,0,0,0,696,0.0,0.0,18-25
59,Private,69448,Masters,14,Divorced,Tech-support,Not-in-family,White,Female,0,0,52,United-States,>50K,0,0,0,3068,0.0,0.0,56-65
79,State-gov,384298,Some-college,10,Married-civ-spouse,Transport-moving,Husband,White,Male,0,0,66,Mexico,>50K,0,0,0,5214,0.0,0.0,66+
21,Private,359564,Assoc-acdm,12,Widowed,Priv-house-serv,Husband,White,Male,0,0,37,United-States,<=50K,0,0,0,777,0.0,0.0,18-25
58,Private,35211,7th-8th,4,Divorced,Protective-serv,Wife,White,Male,0,608,40,Philippines,<=50K,0,1,-608,2320,0.0,6.411818267709897,56-65
76,Private,368497,Some-college,10,Married-civ-spouse,Adm-clerical,Not-in-family,White,Male,0,0,41,England,<=50K,0,0,0,3116,0.0,0.0,66+
70,Private,455717,Some-college,10,Married-civ-spouse,Handlers-cleaners,Husband,White,Male,48292,0,25,United-States,>50K,1,0,48292,1750,10.785041901601423,0.0,66+
42,Private,336806,HS-grad,9,Never-married,Transport-moving,Wife,White,Female,0,0,32,United-States,<=50K,0,0,0,1344,0.0,0.0,36-45
24,Private,180315,HS-grad,9,Married-civ-spouse,Farming-fishing,Own-child,White,Male,0,0,43,Japan,<=50K,0,0,0,1032,0.0,0.0,18-25
75,Private,118387,Some-college,10,Never-married,Transport-moving,Wife,White,Female,0,0,39,United-States,<=50K,0,0,0,2925,0.0,0.0,66+
75,Private,200671,Some-college,10,Divorced,Sales,Husband,White,Male,0,0,40,United-States,<=50K,0,0,0,3000,0.0,0.0,66+
53,Unknown,175430,5th-6th,3,Never-married,Protective-serv,Wife,Asian-Pac-Islander,Female,0,0,40,United-States,<=50K,0,0,0,2120,0.0,0.0,46-55
78,Private,94208,HS-grad,9,Never-married,Unknown,Husband,White,Male,0,0,39,United-States,<=50K,0,0,0,3042,0.0,0.0,66+
18,State-gov,475229,HS-grad,9,Married-civ-spouse,Craft-repair,Husband,White,Male,95651,0,32,China,<=50K,1,0,95651,576,11.468471884215923,0.0,18-25
56,Private,73178,Bachelors,13,Married-civ-spouse,Farming-fishing,Husband,White,Male,39408,0,44,Japan,<=50K,1,0,39408,2464,10.581749495596627,0.0,56-65
20,Private,148923,Prof-school,15,Married-civ-spouse,Adm-clerical,Own-child,White,Male,0,0,43,United-States,>50K,0,0,0,860,0.0,0.0,18-25
76,Federal-gov,36677,HS-grad,9,Never-married,Machine-op-inspct,Husband,White,Male,31810,0,31,United-States,<=50K,1,0,31810,2356,10.367567420904209,0.0,66+
60,Private,296634,11th,7,Married-civ-spouse,Protective-serv,Not-in-family,White,Male,0,0,44,India,<=50K,0,0,0,2640,0.0,0.0,56-65
74,Private,62668,HS-grad,9,Never-married,Protective-serv,Husband,White,Female,0,0,34,United-States,<=50K,0,0,0,2516,0.0,0.0,66+
52,Federal-gov,377623,HS-grad,9,Divorced,Transport-moving,Husband,Black,Male,0,0,47,United-States,<=50K,0,0,0,2444,0.0,0.0,46-55
23,Private,281665,Bachelors,13,Never-married,Other-service,Husband,White,Female,0,0,40,United-States,<=50K,0,0,0,920,0.0,0.0,18-25
19,Unknown,256868,Some-college,10,Never-married,Craft-repair,Husband,Black,Male,0,0,44,United-States,<=50K,0,0,0,836,0.0,0.0,18-25
38,Self-emp-not-inc,367059,7th-8th,4,Married-civ-spouse,Craft-repair,Husband,White,Male,0,0,42,United-States,<=50K,0,0,0,1596,0.0,0.0,36-45
64,Private,458276,5th-6th,3,Married-civ-spouse,Unknown,Husband,White,Male,0,0,39,United-States,<=50K,0,0,0,2496,0.0,0.0,56-65
27,Private,60024,HS-grad,9,Never-married,Farming-fishing,Husband,White,Female,0,0,43,Japan,<=50K,0,0,0,1161,0.0,0.0,26-35
70,Private,340967,Bachelors,13,Married-civ-spouse,Priv-house-serv,Not-in-family,Black,Male,0,0,48,Canada,>50K,0,0,0,3360,0.0,0.0,66+
32,Private,73228,Some-college,10,Never-married,Craft-repair,Other-relative,White,Female,0,0,41,United-States,<=50K,0,0,0,1312,0.0,0.0,26-35
48,Self-emp-inc,58987,Some-college,10,Widowed,Sales,Husband,White,Male,0,0,41,United-States,<=50K,0,0,0,1968,0.0,0.0,46-55
30,Private,54477,HS-grad,9,Married-civ-spouse,Exec-managerial,Husband,White,Male,0,0,36,United-States,<=50K,0,0,0,1080,0.0,0.0,26-35
46,Private,137864,Masters,14,Divorced,Adm-clerical,Unmarried,Asian-Pac-Islander,Female,0,0,22,United-States,<=50K,0,0,0,1012,0.0,0.0,46-55
46,Private,249656,HS-grad,9,Married-civ-spouse,Tech-support,Husband,White,Female,0,0,40,United-States,<=50K,0,0,0,1840,0.0,0.0,46-55
18,Local-gov,109164,Bachelors,13,Married-civ-spouse,Priv-house-serv,Unmarried,White,Male,0,0,27,Unknown,<=50K,0,0,0,486,0.0,0.0,18-25
53,Private,118546,Bachelors,13,Widowed,Craft-repair,Not-in-family,White,Female,0,0,34,United-States,<=50K,0,0,0,1802,0.0,0.0,46-55
66,Private,477238,HS-grad,9,Widowed,Machine-op-inspct,Husband,White,Male,0,0,31,United-States,<=50K,0,0,0,2046,0.0,0.0,66+
76,Private,81582,Bachelors,13,Married-civ-spouse,Armed-Forces,Husband,Black,Male,0,0,33,United-States,<=50K,0,0,0,2508,0.0,0.0,66+
38,Private,53119,HS-grad,9,Widowed,Other-service,Own-child,White,Male,0,0,33,United-States,<=50K,0,0,0,1254,0.0,0.0,36-45
72,Private,216129,Some-college,10,Married-civ-spouse,Farming-fishing,Not-in-family,White,Male,0,0,45,United-States,>50K,0,0,0,3240,0.0,0.0,66+
72,Local-gov,344239,9th,5,Married-spouse-absent,Machine-op-inspct,Husband,Asian-Pac-Islander,Male,0,0,43,United-States,<=50K,0,0,0,3096,0.0,0.0,66+
79,Private,300231,HS-grad,9,Never-married,Priv-house-serv,Not-in-family,White,Male,0,0,41,United-States,>50K,0,0,0,3239,0.0,0.0,66+
41,Private,327376,HS-grad,9,Married-civ-spouse,Adm-clerical,Husband,White,Male,0,0,52,United-States,<=50K,0,0,0,2132,0.0,0.0,36-45
70,Private,97143,7th-8th,4,Never-married,Priv-house-serv,Not-in-family,White,Male,0,0,71,United-States,<=50K,0,0,0,4970,0.0,0.0,66+
53,Private,207579,Preschool,1,Never-married,Prof-specialty,Not-in-family,White,Female,0,0,45,United-States,<=50K,0,0,0,2385,0.0,0.0,46-55
21,Private,390872,HS-grad,9,Married-civ-spouse,Other-service,Wife,White,Male,0,0,49,United-States,<=50K,0,0,0,1029,0.0,0.0,18-25
34,Self-emp-not-inc,178458,Some-college,10,Married-civ-spouse,Farming-fishing,Husband,White,Male,0,0,43,United-States,<=50K,0,0,0,1462,0.0,0.0,26-35
59,Private,302070,HS-grad,9,Never-married,Armed-Forces,Husband,Asian-Pac-Islander,Male,0,0,46,United-States,<=50K,0,0,0,2714,0.0,0.0,56-65
27,Self-emp-not-inc,75283,HS-grad,9,Married-civ-spouse,Handlers-cleaners,Not-in-family,White,Male,0,0,24,Japan,<=50K,0,0,0,648,0.0,0.0,26-35
44,Private,382436,Doctorate,16,Married-civ-spouse,Priv-house-serv,Not-in-family,Asian-Pac-Islander,Male,0,0,13,Mexico,<=50K,0,0,0,572,0.0,0.0,36-45
66,Private,488949,Masters,14,Married-civ-spouse,Protective-serv,Husband,White,Female,0,0,19,United-States,>50K,0,0,0,1254,0.0,0.0,66+
27,Private,171511,10th,6,Never-married,Farming-fishing,Not-in-family,Black,Male,0,0,34,United-States,<=50K,0,0,0,918,0.0,0.0,26-35
48,Private,52186,HS-grad,9,Married-civ-spouse,Priv-house-serv,Husband,White,Male,0,0,54,United-States,<=50K,0,0,0,2592,0.0,0.0,46-55
31,Private,202493,Some-college,10,Divorced,Machine-op-inspct,Wife,White,Male,0,0,43,United-States,<=50K,0,0,0,1333,0.0,0.0,26-35
51,State-gov,430540,Assoc-acdm,12,Married-civ-spouse,Priv-house-serv,Other-relative,Black,Male,0,0,36,United-States,>50K,0,0,0,1836,0.0,0.0,46-55
32,Local-gov,490513,HS-grad,9,Married-civ-spouse,Exec-managerial,Husband,White,Male,0,0,46,United-States,<=50K,0,0,0,1472,0.0,0.0,26-35
77,Self-emp-inc,274013,Assoc-acdm,12,Never-married,Machine-op-inspct,Not-in-family,Black,Male,0,0,44,United-States,<=50K,0,0,0,3388,0.0,0.0,66+
22,Local-gov,306374,10th,6,Married-civ-spouse,Craft-repair,Husband,White,Female,0,0,26,United-States,<=50K,0,0,0,572,0.0,0.0,18-25
77,Private,332235,HS-grad,9,Never-married,Other-service,Not-in-family,White,Female,0,0,45,United-States,<=50K,0,0,0,3465,0.0,0.0,66+
67,Private,84300,Assoc-voc,11,Married-civ-spouse,Adm-clerical,Husband,White,Male,0,0,48,United-States,>50K,0,0,0,3216,0.0,0.0,66+
71,Private,107935,Some-college,10,Never-married,Transport-moving,Husband,Asian-Pac-Islander,Male,0,0,61,United-States,<=50K,0,0,0,4331,0.0,0.0,66+
70,Local-gov,359995,Bachelors,13,Married-civ-spouse,Tech-support,Own-child,White,Female,0,0,39,United-States,>50K,0,0,0,2730,0.0,0.0,66+
29,Private,227319,5th-6th,3,Never-married,Tech-support,Not-in-family,White,Male,0,0,57,United-States,<=50K,0,0,0,1653,0.0,0.0,26-35
75,Unknown,374434,11th,7,Married-civ-spouse,Tech-support,Husband,White,Female,0,0,36,United-States,<=50K,0,0,0,2700,0.0,0.0,66+
54,Private,204022,5th-6th,3,Separated,Machine-op-inspct,Husband,White,Female,0,0,63,Unknown,<=50K,0,0,0,3402,0.0,0.0,46-55
77,Private,482717,12th,8,Married-civ-spouse,Exec-managerial,Husband,Asian-Pac-Islander,Male,0,0,34,United-States,<=50K,0,0,0,2618,0.0,0.0,66+
72,Self-emp-not-inc,386324,Preschool,1,Married-civ-spouse,Tech-support,Husband,Black,Female,0,0,46,England,<=50K,0,0,0,3312,0.0,0.0,66+
53,Private,278234,Some-college,10,Never-married,Priv-house-serv,Husband,White,Female,0,0,43,United-States,<=50K,0,0,0,2279,0.0,0.0,46-55
41,Private,410159,Some-college,10,Married-civ-spouse,Machine-op-inspct,Not-in-family,White,Female,0,0,55,United-States,<=50K,0,0,0,2255,0.0,0.0,36-45
25,Federal-gov,298858,Some-college,10,Divorced,Tech-support,Not-in-family,White,Male,0,0,54,United-States,<=50K,0,0,0,1350,0.0,0.0,18-25
24,Private,124853,HS-grad,9,Never-married,Unknown,Husband,White,Male,0,0,30,United-States,<=50K,0,0,0,720,0.0,0.0,18-25
42,Private,159555,Preschool,1,Never-married,Protective-serv,Husband,Asian-Pac-Islander,Female,0,0,37,Canada,<=50K,0,0,0,1554,0.0,0.0,36-45
68,Private,99243,Some-college,10,Never-married,Prof-specialty,Own-child,White,Male,0,0,61,United-States,<=50K,0,0,0,4148,0.0,0.0,66+
49,Private,282732,7th-8th,4,Married-spouse-absent,Armed-Forces,Husband,White,Female,0,0,41,United-States,<=50K,0,0,0,2009,0.0,0.0,46-55
47,Unknown,327945,Bachelors,13,Divorced,Prof-specialty,Other-relative,White,Male,0,0,48,United-States,<=50K,0,0,0,2256,0.0,0.0,46-55
33,Private,29033,1st-4th,2,Married-civ-spouse,Craft-repair,Husband,White,Female,0,2484,29,United-States,<=50K,0,1,-2484,957,0.0,7.818027938530729,26-35
52,Private,225830,Some-college,10,Never-married,Craft-repair,Unmarried,White,Male,0,0,38,United-States,<=50K,0,0,0,1976,0.0,0.0,46-55
57,Private,413475,Bachelors,13,Married-civ-spouse,Tech-support,Own-child,Other,Male,0,0,33,United-States,<=50K,0,0,0,1881,0.0,0.0,56-65
78,Private,385487,Some-college,10,Married-civ-spouse,Exec-managerial,Not-in-family,White,Male,9749,0,49,United-States,<=50K,1,0,9749,3822,9.185022563991893,0.0,66+
63,State-gov,350434,Some-college,10,Married-civ-spouse,Prof-specialty,Not-in-family,White,Female,0,0,47,United-States,<=50K,0,0,0,2961,0.0,0.0,56-65
55,Private,154490,Assoc-voc,11,Married-civ-spouse,Handlers-cleaners,Not-in-family,Amer-Indian-Eskimo,Male,0,0,52,United-States,<=50K,0,0,0,2860,0.0,0.0,46-55
74,Private,344502,10th,6,Married-civ-spouse,Handlers-cleaners,Not-in-family,White,Female,0,0,29,United-States,<=50K,0,0,0,2146,0.0,0.0,66+
44,Private,127193,Assoc-voc,11,Married-civ-spouse,Protective-serv,Wife,Black,Male,0,0,45,United-States,<=50K,0,0,0,1980,0.0,0.0,36-45
75,Private,343582,Bachelors,13,Never-married,Tech-support,Not-in-family,White,Male,0,0,40,United-States,>50K,0,0,0,3000,0.0,0.0,66+
40,Local-gov,409874,Prof-school,15,Never-married,Protective-serv,Husband,Other,Male,0,0,16,United-States,>50K,0,0,0,640,0.0,0.0,36-45
25,Private,116523,HS-grad,9,Widowed,Sales,Husband,White,Male,0,0,45,India,<=50K,0,0,0,1125,0.0,0.0,18-25
43,Private,371237,HS-grad,9,Married-civ-spouse,Armed-Forces,Wife,White,Male,744,0,53,Canada,<=50K,1,0,744,2279,6.61338421837956,0.0,36-45
25,Private,31637,Assoc-acdm,12,Married-civ-spouse,Craft-repair,Own-child,Asian-Pac-Islander,Male,0,0,56,United-States,>50K,0,0,0,1400,0.0,0.0,18-25
25,Self-emp-inc,326059,Some-college,10,Never-married,Craft-repair,Unmarried,Asian-Pac-Islander,Female,0,0,40,United-States,<=50K,0,0,0,1000,0.0,0.0,18-25
72,Private,268644,HS-grad,9,Married-civ-spouse,Craft-repair,Husband,Asian-Pac-Islander,Male,0,0,48,United-States,<=50K,0,0,0,3456,0.0,0.0,66+
67,Self-emp-not-inc,477103,11th,7,Married-civ-spouse,Exec-managerial,Husband,White,Male,0,0,45,United-States,<=50K,0,0,0,3015,0.0,0.0,66+
31,Private,274673,11th,7,Never-married,Armed-Forces,Own-child,White,Male,0,0,32,United-States,<=50K,0,0,0,992,0.0,0.0,26-35
69,Private,25903,HS-grad,9,Never-married,Handlers-cleaners,Not-in-family,White,Male,0,0,31,United-States,<=50K,0,0,0,2139,0.0,0.0,66+
22,Private,428048,11th,7,Married-civ-spouse,Other-service,Not-in-family,White,Male,1412,0,40,United-States,<=50K,1,0,1412,880,7.253470382684528,0.0,18-25
35,Private,140054,1st-4th,2,Never-married,Adm-clerical,Unmarried,White,Male,0,0,38,United-States,<=50K,0,0,0,1330,0.0,0.0,26-35
61,Private,342414,7th-8th,4,Never-married,Machine-op-inspct,Husband,White,Female,0,0,41,United-States,<=50K,0,0,0,2501,0.0,0.0,56-65
36,Private,390535,Masters,14,Never-married,Farming-fishing,Husband,White,Male,0,0,36,United-States,<=50K,0,0,0,1296,0.0,0.0,36-45
63,Private,170964,7th-8th,4,Married-civ-spouse,Transport-moving,Own-child,White,Male,0,0,42,United-States,<=50K,0,0,0,2646,0.0,0.0,56-65
72,Private,29975,7th-8th,4,Never-married,Priv-house-serv,Husband,White,Female,0,0,29,United-States,<=50K,0,0,0,2088,0.0,0.0,66+
22,Private,263899,HS-grad,9,Never-married,Other-service,Not-in-family,Black,Female,0,0,55,United-States,<=50K,0,0,0,1210,0.0,0.0,18-25
19,Private,207435,HS-grad,9,Married-civ-spouse,Handlers-cleaners,Unmarried,White,Male,0,0,22,United-States,<=50K,0,0,0,418,0.0,0.0,18-25
76,Private,270629,Masters,14,Never-married,Adm-clerical,Own-child,Asian-Pac-Islander,Female,0,0,39,United-States,>50K,0,0,0,2964,0.0,0.0,66+
50,Private,452198,Bachelors,13,Never-married,Machine-op-inspct,Husband,Asian-Pac-Islander,Male,0,0,38,United-States,<=50K,0,0,0,1900,0.0,0.0,46-55
49,Private,353159,HS-grad,9,Married-civ-spouse,Armed-Forces,Not-in-family,White,Male,0,1560,39,United-States,<=50K,0,1,-1560,1911,0.0,7.353081920515432,46-55
46,Private,119939,HS-grad,9,Divorced,Armed-Forces,Husband,White,Male,0,0,32,United-States,<=50K,0,0,0,1472,0.0,0.0,46-55
44,Private,379208,HS-grad,9,Divorced,Priv-house-serv,Not-in-family,Black,Male,0,0,25,England,<=50K,0,0,0,1100,0.0,0.0,36-45
60,Unknown,151167,5th-6th,3,Never-married,Sales,Husband,White,Male,0,0,42,United-States,<=50K,0,0,0,2520,0.0,0.0,56-65
53,Private,312315,HS-grad,9,Married-civ-spouse,Machine-op-inspct,Husband,White,Male,0,0,38,United-States,<=50K,0,0,0,2014,0.0,0.0,46-55
28,Private,135166,10th,6,Divorced,Priv-house-serv,Husband,White,Male,0,0,44,United-States,<=50K,0,0,0,1232,0.0,0.0,26-35
56,Self-emp-inc,428611,9th,5,Married-civ-spouse,Sales,Husband,White,Female,0,0,24,United-States,<=50K,0,0,0,1344,0.0,0.0,56-65
59,Private,248007,Some-college,10,Never-married,Farming-fishing,Not-in-family,White,Female,0,0,57,United-States,>50K,0,0,0,3363,0.0,0.0,56-65
25,Private,166422,9th,5,Never-married,Sales,Own-child,White,Male,0,0,39,Other,<=50K,0,0,0,975,0.0,0.0,18-25
41,Private,493156,9th,5,Divorced,Craft-repair,Husband,White,Male,0,0,10,United-States,<=50K,0,0,0,410,0.0,0.0,36-45
67,Self-emp-not-inc,411664,HS-grad,9,Divorced,Sales,Unmarried,White,Female,0,0,42,United-States,<=50K,0,0,0,2814,0.0,0.0,66+
56,Self-emp-not-inc,102366,HS-grad,9,Married-civ-spouse,Protective-serv,Husband,White,Male,0,3849,35,United-States,<=50K,0,1,-3849,1960,0.0,8.25582842728183,56-65
26,Self-emp-not-inc,27306,10th,6,Married-civ-spouse,Armed-Forces,Husband,Black,Female,0,0,29,United-States,<=50K,0,0,0,754,0.0,0.0,26-35
20,Private,430165,Preschool,1,Never-married,Priv-house-serv,Unmarried,White,Female,0,0,52,United-States,<=50K,0,0,0,1040,0.0,0.0,18-25
54,Private,419330,12th,8,Married-civ-spouse,Sales,Husband,Asian-Pac-Islander,Male,0,0,49,United-States,<=50K,0,0,0,2646,0.0,0.0,46-55
46,Private,135486,HS-grad,9,Never-married,Transport-moving,Not-in-family,White,Male,0,0,43,United-States,<=50K,0,0,0,1978,0.0,0.0,46-55
77,Unknown,161618,Bachelors,13,Never-married,Sales,Own-child,Asian-Pac-Islander,Male,0,0,41,United-States,>50K,0,0,0,3157,0.0,0.0,66+
50,Self-emp-not-inc,339206,Bachelors,13,Separated,Craft-repair,Other-relative,Asian-Pac-Islander,Male,0,2514,45,United-States,<=50K,0,1,-2514,2250,0.0,7.83002808253384,46-55
75,Private,350347,HS-grad,9,Married-civ-spouse,Sales,Own-child,White,Male,0,0,24,India,>50K,0,0,0,1800,0.0,0.0,66+
31,Private,234207,HS-grad,9,Divorced,Craft-repair,Husband,White,Female,0,0,42,United-States,<=50K,0,0,0,1302,0.0,0.0,26-35
45,Self-emp-not-inc,358564,Assoc-voc,11,Married-civ-spouse,Adm-clerical,Unmarried,Other,Male,0,2773,52,United-States,>50K,0,1,-2773,2340,0.0,7.928045600874777,36-45
26,Private,157049,Some-college,10,Separated,Farming-fishing,Husband,White,Male,0,0,50,United-States,<=50K,0,0,0,1300,0.0,0.0,26-35
53,Self-emp-inc,194251,11th,7,Never-married,Tech-support,Husband,White,Male,15074,0,29,United-States,<=50K,1,0,15074,1537,9.620793021595386,0.0,46-55
29,Private,245491,10th,6,Never-married,Craft-repair,Wife,White,Male,0,0,42,India,<=50K,0,0,0,1218,0.0,0.0,26-35
48,Private,122341,HS-grad,9,Never-married,Handlers-cleaners,Wife,Other,Male,0,0,29,United-States,<=50K,0,0,0,1392,0.0,0.0,46-55
39,Private,405692,Some-college,10,Married-civ-spouse,Craft-repair,Husband,White,Male,0,0,42,United-States,<=50K,0,0,0,1638,0.0,0.0,36-45
29,Private,379395,10th,6,Never-married,Priv-house-serv,Husband,White,Female,0,0,32,United-States,<=50K,0,0,0,928,0.0,0.0,26-35
24,Private,263182,HS-grad,9,Never-married,Prof-specialty,Husband,White,Male,0,0,31,United-States,<=50K,0,0,0,744,0.0,0.0,18-25
49,Private,160566,HS-grad,9,Married-civ-spouse,Prof-specialty,Unmarried,White,Female,0,0,44,United-States,>50K,0,0,0,2156,0.0,0.0,46-55
76,Private,256910,HS-grad,9,Widowed,Tech-support,Not-in-family,White,Male,0,0,33,United-States,<=50K,0,0,0,2508,0.0,0.0,66+
30,Private,168467,HS-grad,9,Separated,Farming-fishing,Unmarried,Asian-Pac-Islander,Male,0,0,32,United-States,<=50K,0,0,0,960,0.0,0.0,26-35
43,Self-emp-not-inc,125456,Some-college,10,Widowed,Transport-moving,Husband,White,Male,0,0,44,United-States,<=50K,0,0,0,1892,0.0,0.0,36-45
31,Private,325988,Some-college,10,Never-married,Transport-moving,Husband,White,Male,24940,0,25,United-States,<=50K,1,0,24940,775,10.12426831466115,0.0,26-35
68,Private,107310,12th,8,Married-civ-spouse,Machine-op-inspct,Husband,White,Male,0,0,37,United-States,<=50K,0,0,0,2516,0.0,0.0,66+
43,Private,348675,9th,5,Never-married,Sales,Husband,White,Male,0,0,25,United-States,<=50K,0,0,0,1075,0.0,0.0,36-45
78,Local-gov,341120,Bachelors,13,Married-civ-spouse,Craft-repair,Own-child,Black,Male,0,0,26,United-States,>50K,0,0,0,2028,0.0,0.0,66+
33,Self-emp-not-inc,12538,HS-grad,9,Never-married,Unknown,Other-relative,White,Male,0,0,52,China,<=50K,0,0,0,1716,0.0,0.0,26-35
23,State-gov,98710,7th-8th,4,Married-civ-spouse,Machine-op-inspct,Not-in-family,White,Male,0,0,36,United-States,<=50K,0,0,0,828,0.0,0.0,18-25
54,Local-gov,255937,HS-grad,9,Never-married,Craft-repair,Husband,White,Male,0,0,33,United-States,<=50K,0,0,0,1782,0.0,0.0,46-55
58,Private,22662,Bachelors,13,Married-civ-spouse,Tech-support,Husband,White,Male,0,0,49,United-States,>50K,0,0,0,2842,0.0,0.0,56-65
79,Private,413411,Assoc-acdm,12,Married-civ-spouse,Sales,Husband,White,Female,0,0,56,United-States,>50K,0,0,0,4424,0.0,0.0,66+
72,Private,289208,Bachelors,13,Married-civ-spouse,Tech-support,Husband,White,Male,0,0,43,United-States,<=50K,0,0,0,3096,0.0,0.0,66+
72,Local-gov,207603,Some-college,10,Never-married,Tech-support,Husband,White,Male,0,0,50,Cuba,<=50K,0,0,0,3600,0.0,0.0,66+
57,Private,213776,HS-grad,9,Married-civ-spouse,Handlers-cleaners,Other-relative,Black,Male,0,0,34,United-States,<=50K,0,0,0,1938,0.0,0.0,56-65
40,Private,182022,HS-grad,9,Married-civ-spouse,Transport-moving,Husband,White,Male,0,0,41,United-States,<=50K,0,0,0,1640,0.0,0.0,36-45
44,Local-gov,334347,12th,8,Married-civ-spouse,Handlers-cleaners,Husband,White,Male,0,0,40,United-States,<=50K,0,0,0,1760,0.0,0.0,36-45
26,Self-emp-inc,313946,Some-college,10,Married-civ-spouse,Craft-repair,Not-in-family,White,Female,0,0,43,United-States,<=50K,0,0,0,1118,0.0,0.0,26-35
44,State-gov,36228,Some-college,10,Widowed,Exec-managerial,Unmarried,White,Male,0,0,50,United-States,<=50K,0,0,0,2200,0.0,0.0,36-45
40,Private,104090,11th,7,Divorced,Tech-support,Not-in-family,Amer-Indian-Eskimo,Male,0,0,25,Other,<=50K,0,0,0,1000,0.0,0.0,36-45
20,Private,415486,Bachelors,13,Married-civ-spouse,Adm-clerical,Husband,White,Female,24195,0,31,Germany,<=50K,1,0,24195,620,10.093942609226804,0.0,18-25
30,Private,463478,HS-grad,9,Married-civ-spouse,Sales,Husband,White,Male,0,2636,35,United-States,<=50K,0,1,-2636,1050,0.0,7.877397186353287,26-35
51,Private,423991,7th-8th,4,Married-civ-spouse,Prof-specialty,Not-in-family,White,Male,0,0,30,United-States,<=50K,0,0,0,1530,0.0,0.0,46-55
40,Private,124312,HS-grad,9,Married-civ-spouse,Protective-serv,Not-in-family,White,Female,0,0,42,United-States,<=50K,0,0,0,1680,0.0,0.0,36-45
79,Private,426039,Bachelors,13,Married-civ-spouse,Adm-clerical,Unmarried,White,Male,0,0,42,Mexico,>50K,0,0,0,3318,0.0,0.0,66+
47,Self-emp-not-inc,350438,Bachelors,13,Married-civ-spouse,Transport-moving,Husband,White,Male,0,0,41,United-States,<=50K,0,0,0,1927,0.0,0.0,46-55
77,Private,113111,HS-grad,9,Married-civ-spouse,Exec-managerial,Not-in-family,White,Female,0,0,36,United-States,>50K,0,0,0,2772,0.0,0.0,66+
58,Private,341500,Masters,14,Married-civ-spouse,Armed-Forces,Husband,White,Male,14724,0,53,United-States,<=50K,1,0,14724,3074,9.597302008519787,0.0,56-65
20,Federal-gov,387369,Bachelors,13,Never-married,Transport-moving,Own-child,White,Female,0,2535,42,Philippines,<=50K,0,1,-2535,840,0.0,7.8383433155571165,18-25
30,Private,359361,Bachelors,13,Married-civ-spouse,Machine-op-inspct,Husband,White,Male,0,2295,38,United-States,<=50K,0,1,-2295,1140,0.0,7.738923757439457,26-35
61,Private,478038,Bachelors,13,Never-married,Adm-clerical,Wife,White,Male,0,0,41,United-States,>50K,0,0,0,2501,0.0,0.0,56-65
51,Private,421275,HS-grad,9,Never-married,Adm-clerical,Husband,White,Male,70860,0,47,United-States,<=50K,1,0,70860,2397,11.168475490654066,0.0,46-55
36,Private,357693,Assoc-acdm,12,Separated,Other-service,Husband,Asian-Pac-Islander,Male,0,0,42,United-States,<=50K,0,0,0,1512,0.0,0.0,36-45
50,Self-emp-not-inc,266139,Some-college,10,Married-civ-spouse,Sales,Not-in-family,Black,Male,0,0,31,United-States,<=50K,0,0,0,1550,0.0,0.0,46-55
73,Private,309075,Assoc-voc,11,Never-married,Farming-fishing,Not-in-family,White,Male,0,0,58,United-States,<=50K,0,0,0,4234,0.0,0.0,66+
42,Private,452566,11th,7,Never-married,Unknown,Own-child,White,Male,47416,0,45,United-States,<=50K,1,0,47416,1890,10.766736093172735,0.0,36-45
20,State-gov,206585,Assoc-voc,11,Married-spouse-absent,Transport-moving,Not-in-family,Asian-Pac-Islander,Male,0,0,28,United-States,<=50K,0,0,0,560,0.0,0.0,18-25
37,Private,309461,Masters,14,Never-married,Machine-op-inspct,Own-child,White,Male,0,0,22,United-States,<=50K,0,0,0,814,0.0,0.0,36-45
76,Federal-gov,183616,HS-grad,9,Married-civ-spouse,Tech-support,Wife,White,Female,0,0,47,United-States,<=50K,0,0,0,3572,0.0,0.0,66+
65,Private,481965,Doctorate,16,Widowed,Farming-fishing,Unmarried,White,Male,0,0,53,Puerto-Rico,>50K,0,0,0,3445,0.0,0.0,56-65
69,State-gov,447511,HS-grad,9,Never-married,Adm-clerical,Wife,White,Male,0,0,45,United-States,>50K,0,0,0,3105,0.0,0.0,66+
74,Private,54760,12th,8,Married-civ-spouse,Prof-specialty,Husband,White,Male,0,0,46,United-States,<=50K,0,0,0,3404,0.0,0.0,66+
25,Private,87797,10th,6,Married-civ-spouse,Priv-house-serv,Not-in-family,White,Male,0,0,46,United-States,<=50K,0,0,0,1150,0.0,0.0,18-25
35,Local-gov,423304,Assoc-acdm,12,Widowed,Exec-managerial,Husband,White,Male,0,0,40,United-States,<=50K,0,0,0,1400,0.0,0.0,26-35
21,Unknown,309971,Some-college,10,Married-civ-spouse,Craft-repair,Husband,White,Male,0,0,23,Philippines,<=50K,0,0,0,483,0.0,0.0,18-25
18,Private,317521,HS-grad,9,Never-married,Craft-repair,Not-in-family,White,Male,0,0,33,United-States,<=50K,0,0,0,594,0.0,0.0,18-25
69,Private,91068,Some-college,10,Married-civ-spouse,Protective-serv,Not-in-family,White,Male,0,0,48,United-States,<=50K,0,0,0,3312,0.0,0.0,66+
76,Private,445005,HS-grad,9,Never-married,Prof-specialty,Husband,Black,Female,0,0,46,United-States,>50K,0,0,0,3496,0.0,0.0,66+
27,Unknown,385072,HS-grad,9,Married-civ-spouse,Prof-specialty,Unmarried,White,Female,0,0,38,United-States,<=50K,0,0,0,1026,0.0,0.0,26-35
62,Unknown,181845,Bachelors,13,Never-married,Exec-managerial,Own-child,White,Male,0,0,35,United-States,<=50K,0,0,0,2170,0.0,0.0,56-65
51,Private,442962,Some-college,10,Divorced,Transport-moving,Husband,White,Male,0,0,42,Mexico,<=50K,0,0,0,2142,0.0,0.0,46-55
22,Private,330024,Assoc-acdm,12,Separated,Adm-clerical,Husband,White,Male,0,0,37,United-States,<=50K,0,0,0,814,0.0,0.0,18-25
74,Private,434719,Some-college,10,Married-civ-spouse,Protective-serv,Wife,Asian-Pac-Islander,Female,66538,0,39,United-States,>50K,1,0,66538,2886,11.105543520905284,0.0,66+
72,Self-emp-not-inc,261515,Doctorate,16,Married-civ-spouse,Protective-serv,Unmarried,Asian-Pac-Islander,Male,30121,0,41,United-States,>50K,1,0,30121,2952,10.313011080771794,0.0,66+
53,Private,207041,HS-grad,9,Married-civ-spouse,Armed-Forces,Not-in-family,White,Male,0,0,32,United-States,<=50K,0,0,0,1696,0.0,0.0,46-55
61,Private,382714,HS-grad,9,Married-civ-spouse,Unknown,Own-child,White,Male,0,0,48,United-States,>50K,0,0,0,2928,0.0,0.0,56-65
42,State-gov,43108,9th,5,Married-spouse-absent,Adm-clerical,Husband,White,Male,0,0,38,Cuba,<=50K,0,0,0,1596,0.0,0.0,36-45
67,Private,332636,Some-college,10,Married-civ-spouse,Exec-managerial,Husband,White,Male,234,0,45,United-States,>50K,1,0,234,3015,5.459585514144159,0.0,66+
45,Private,473144,Some-college,10,Married-civ-spouse,Farming-fishing,Not-in-family,White,Male,0,0,41,Cuba,>50K,0,0,0,1845,0.0,0.0,36-45
79,Private,447533,Assoc-voc,11,Never-married,Transport-moving,Husband,White,Male,0,0,55,United-States,>50K,0,0,0,4345,0.0,0.0,66+
21,Private,157758,HS-grad,9,Married-civ-spouse,Sales,Unmarried,White,Male,0,0,45,United-States,<=50K,0,0,0,945,0.0,0.0,18-25
28,Federal-gov,220530,1st-4th,2,Married-civ-spouse,Protective-serv,Own-child,White,Male,0,3919,44,United-States,<=50K,0,1,-3919,1232,0.0,8.273846932784508,26-35
78,Private,119414,Some-college,10,Never-married,Exec-managerial,Husband,White,Female,0,0,44,United-States,<=50K,0,0,0,3432,0.0,0.0,66+
35,Private,295262,Doctorate,16,Married-civ-spouse,Armed-Forces,Unmarried,White,Male,0,0,61,United-States,>50K,0,0,0,2135,0.0,0.0,26-35
37,Private,334899,HS-grad,9,Never-married,Unknown,Unmarried,White,Male,0,0,40,China,<=50K,0,0,0,1480,0.0,0.0,36-45
67,Private,426602,11th,7,Never-married,Tech-support,Husband,White,Female,0,0,42,United-States,>50K,0,0,0,2814,0.0,0.0,66+
29,Private,425292,HS-grad,9,Married-civ-spouse,Prof-specialty,Husband,White,Male,0,3351,41,United-States,<=50K,0,1,-3351,1189,0.0,8.117312461601975,26-35
49,Private,283066,HS-grad,9,Never-married,Unknown,Unmarried,White,Female,0,0,20,United-States,<=50K,0,0,0,980,0.0,0.0,46-55
35,Private,150267,HS-grad,9,Never-married,Priv-house-serv,Not-in-family,White,Male,0,0,41,United-States,<=50K,0,0,0,1435,0.0,0.0,26-35
30,Private,219347,HS-grad,9,Married-civ-spouse,Transport-moving,Not-in-family,White,Female,0,0,50,United-States,<=50K,0,0,0,1500,0.0,0.0,26-35
77,Never-worked,195192,Some-college,10,Never-married,Tech-support,Not-in-family,White,Female,0,0,45,United-States,<=50K,0,0,0,3465,0.0,0.0,66+
30,Private,239020,HS-grad,9,Married-civ-spouse,Priv-house-serv,Unmarried,White,Male,98903,4729,55,United-States,>50K,1,1,94174,1650,11.501904961686764,8.46168048148598,26-35
23,Federal-gov,143734,HS-grad,9,Divorced,Sales,Husband,White,Male,0,0,48,United-States,<=50K,0,0,0,1104,0.0,0.0,18-25
59,Private,388515,5th-6th,3,Never-married,Prof-specialty,Own-child,White,Female,0,0,45,United-States,<=50K,0,0,0,2655,0.0,0.0,56-65
71,Private,338300,Masters,14,Married-civ-spouse,Other-service,Husband,White,Female,0,0,49,United-States,>50K,0,0,0,3479,0.0,0.0,66+
25,State-gov,470488,HS-grad,9,Divorced,Other-service,Not-in-family,White,Female,0,0,44,United-States,<=50K,0,0,0,1100,0.0,0.0,18-25
61,Private,40540,HS-grad,9,Married-civ-spouse,Machine-op-inspct,Husband,White,Female,0,0,37,United-States,<=50K,0,0,0,2257,0.0,0.0,56-65
51,Self-emp-inc,109922,9th,5,Never-married,Craft-repair,Husband,White,Male,89641,0,39,United-States,<=50K,1,0,89641,1989,11.40357923913406,0.0,46-55
69,Private,14842,Some-college,10,Never-married,Craft-repair,Not-in-family,Black,Female,0,0,16,United-States,<=50K,0,0,0,1104,0.0,0.0,66+
25,Private,132442,Bachelors,13,Married-civ-spouse,Priv-house-serv,Husband,Asian-Pac-Islander,Male,0,0,56,United-States,<=50K,0,0,0,1400,0.0,0.0,18-25
78,Private,65107,5th-6th,3,Married-civ-spouse,Exec-managerial,Unmarried,Black,Male,0,0,38,United-States,<=50K,0,0,0,2964,0.0,0.0,66+
56,Private,104558,10th,6,Widowed,Farming-fishing,Husband,Black,Female,0,0,30,United-States,<=50K,0,0,0,1680,0.0,0.0,56-65
70,Private,287387,11th,7,Married-civ-spouse,Armed-Forces,Not-in-family,White,Male,0,0,36,Japan,<=50K,0,0,0,2520,0.0,0.0,66+
40,Private,102405,Some-college,10,Married-civ-spouse,Tech-support,Husband,White,Male,0,0,58,United-States,<=50K,0,0,0,2320,0.0,0.0,36-45
76,Private,293667,Masters,14,Married-civ-spouse,Priv-house-serv,Own-child,White,Male,0,0,41,United-States,>50K,0,0,0,3116,0.0,0.0,66+
56,Private,40453,HS-grad,9,Never-married,Craft-repair,Husband,White,Male,0,0,43,United-States,<=50K,0,0,0,2408,0.0,0.0,56-65
25,Local-gov,340806,HS-grad,9,Married-civ-spouse,Transport-moving,Wife,Asian-Pac-Islander,Female,0,0,61,United-States,<=50K,0,0,0,1525,0.0,0.0,18-25
75,Private,400845,Assoc-acdm,12,Never-married,Exec-managerial,Not-in-family,Amer-Indian-Eskimo,Male,0,0,48,United-States,>50K,0,0,0,3600,0.0,0.0,66+
67,Federal-gov,413701,Assoc-acdm,12,Never-married,Craft-repair,Not-in-family,White,Male,0,0,37,United-States,<=50K,0,0,0,2479,0.0,0.0,66+
36,Private,176301,HS-grad,9,Married-civ-spouse,Sales,Wife,Amer-Indian-Eskimo,Male,0,0,23,United-States,<=50K,0,0,0,828,0.0,0.0,36-45
51,Private,169029,11th,7,Never-married,Prof-specialty,Husband,White,Male,0,0,46,Cuba,<=50K,0,0,0,2346,0.0,0.0,46-55
42,Private,218079,HS-grad,9,Married-civ-spouse,Transport-moving,Unmarried,White,Male,0,0,33,United-States,<=50K,0,0,0,1386,0.0,0.0,36-45
51,Local-gov,444959,Assoc-acdm,12,Married-civ-spouse,Farming-fishing,Husband,White,Male,0,0,47,United-States,<=50K,0,0,0,2397,0.0,0.0,46-55
77,Private,434102,Assoc-voc,11,Never-married,Transport-moving,Unmarried,Black,Female,0,0,40,United-States,<=50K,0,0,0,3080,0.0,0.0,66+
73,Local-gov,264076,Some-college,10,Married-civ-spouse,Tech-support,Own-child,White,Male,0,0,44,United-States,<=50K,0,0,0,3212,0.0,0.0,66+
31,Private,458782,Bachelors,13,Separated,Armed-Forces,Wife,White,Male,0,0,49,India,<=50K,0,0,0,1519,0.0,0.0,26-35
78,Private,147643,HS-grad,9,Never-married,Handlers-cleaners,Husband,White,Male,0,0,23,United-States,<=50K,0,0,0,1794,0.0,0.0,66+
45,Self-emp-not-inc,277205,HS-grad,9,Married-civ-spouse,Craft-repair,Husband,White,Male,0,0,41,United-States,<=50K,0,0,0,1845,0.0,0.0,36-45
61,State-gov,102714,5th-6th,3,Married-spouse-absent,Unknown,Other-relative,White,Male,0,0,40,United-States,<=50K,0,0,0,2440,0.0,0.0,56-65
65,Private,57723,Bachelors,13,Divorced,Priv-house-serv,Not-in-family,White,Male,0,0,43,Canada,>50K,0,0,0,2795,0.0,0.0,56-65
47,State-gov,349020,Some-college,10,Married-civ-spouse,Craft-repair,Not-in-family,Black,Male,0,0,45,United-States,<=50K,0,0,0,2115,0.0,0.0,46-55
46,Private,233589,HS-grad,9,Divorced,Handlers-cleaners,Not-in-family,White,Female,0,0,42,United-States,<=50K,0,0,0,1932,0.0,0.0,46-55
46,Self-emp-inc,290162,7th-8th,4,Widowed,Protective-serv,Not-in-family,Black,Male,0,0,34,United-States,<=50K,0,0,0,1564,0.0,0.0,46-55
71,Private,457592,Assoc-voc,11,Married-civ-spouse,Farming-fishing,Not-in-family,White,Female,0,0,29,United-States,>50K,0,0,0,2059,0.0,0.0,66+
41,Private,250808,Assoc-acdm,12,Married-civ-spouse,Other-service,Not-in-family,White,Female,0,0,24,United-States,<=50K,0,0,0,984,0.0,0.0,36-45
35,Private,451858,Some-college,10,Divorced,Farming-fishing,Other-relative,Other,Female,0,0,41,United-States,<=50K,0,0,0,1435,0.0,0.0,26-35
40,Self-emp-inc,293852,12th,8,Married-civ-spouse,Other-service,Husband,Asian-Pac-Islander,Male,0,0,45,United-States,<=50K,0,0,0,1800,0.0,0.0,36-45
30,Private,169297,Bachelors,13,Married-civ-spouse,Exec-managerial,Husband,White,Male,0,0,37,United-States,>50K,0,0,0,1110,0.0,0.0,26-35
42,Private,50035,Assoc-acdm,12,Never-married,Other-service,Husband,Asian-Pac-Islander,Male,0,0,48,United-States,<=50K,0,0,0,2016,0.0,0.0,36-45
25,Private,485788,Some-college,10,Separated,Farming-fishing,Husband,White,Male,0,0,39,United-States,<=50K,0,0,0,975,0.0,0.0,18-25
23,Self-emp-not-inc,401473,Some-college,10,Never-married,Armed-Forces,Husband,White,Female,0,0,39,United-States,<=50K,0,0,0,897,0.0,0.0,18-25
62,Private,168924,Bachelors,13,Married-civ-spouse,Tech-support,Husband,White,Female,0,0,26,China,<=50K,0,0,0,1612,0.0,0.0,56-65
22,Private,357163,Masters,14,Married-civ-spouse,Adm-clerical,Husband,White,Male,42056,0,36,United-States,>50K,1,0,42056,792,10.646781120036646,0.0,18-25
53,Private,408976,Some-college,10,Married-civ-spouse,Sales,Own-child,White,Male,0,0,49,United-States,<=50K,0,0,0,2597,0.0,0.0,46-55
66,Private,21384,HS-grad,9,Married-civ-spouse,Transport-moving,Other-relative,White,Male,0,0,54,United-States,>50K,0,0,0,3564,0.0,0.0,66+
62,Private,468759,HS-grad,9,Never-married,Craft-repair,Not-in-family,White,Female,43779,0,38,United-States,<=50K,1,0,43779,2356,10.686932371076853,0.0,56-65
45,Private,76581,Bachelors,13,Married-civ-spouse,Prof-specialty,Husband,White,Male,0,0,49,United-States,<=50K,0,0,0,2205,0.0,0.0,36-45
30,Self-emp-inc,73674,Some-college,10,Never-married,Other-service,Unmarried,White,Male,0,2102,54,Mexico,<=50K,0,1,-2102,1620,0.0,7.6511201757027,26-35
75,Private,230155,7th-8th,4,Divorced,Protective-serv,Unmarried,White,Male,0,0,31,United-States,<=50K,0,0,0,2325,0.0,0.0,66+
69,Private,153182,10th,6,Never-married,Craft-repair,Other-relative,White,Male,0,0,43,United-States,<=50K,0,0,0,2967,0.0,0.0,66+
55,Private,197912,Bachelors,13,Separated,Adm-clerical,Wife,White,Female,0,0,42,United-States,<=50K,0,0,0,2310,0.0,0.0,46-55
23,Private,284856,Bachelors,13,Never-married,Craft-repair,Husband,White,Male,0,0,51,United-States,<=50K,0,0,0,1173,0.0,0.0,18-25
20,Private,215478,Masters,14,Separated,Adm-clerical,Husband,White,Male,0,0,32,United-States,<=50K,0,0,0,640,0.0,0.0,18-25
37,Self-emp-not-inc,190712,HS-grad,9,Never-married,Transport-moving,Not-in-family,White,Male,0,0,43,Unknown,<=50K,0,0,0,1591,0.0,0.0,36-45
27,Private,273254,Assoc-acdm,12,Never-married,Transport-moving,Not-in-family,Asian-Pac-Islander,Female,0,0,37,United-States,<=50K,0,0,0,999,0.0,0.0,26-35
71,Private,489824,Bachelors,13,Married-civ-spouse,Tech-support,Not-in-family,Black,Male,0,0,44,United-States,>50K,0,0,0,3124,0.0,0.0,66+
30,State-gov,352652,HS-grad,9,Married-civ-spouse,Transport-moving,Not-in-family,White,Male,0,0,52,United-States,<=50K,0,0,0,1560,0.0,0.0,26-35
35,Private,207558,10th,6,Separated,Exec-managerial,Unmarried,White,Male,90854,0,55,Cuba,<=50K,1,0,90854,1925,11.417020108083157,0.0,26-35
78,Private,350172,Doctorate,16,Married-civ-spouse,Farming-fishing,Husband,White,Male,0,0,52,United-States,>50K,0,0,0,4056,0.0,0.0,66+
68,Private,420613,5th-6th,3,Widowed,Armed-Forces,Unmarried,White,Male,0,0,30,United-States,<=50K,0,0,0,2040,0.0,0.0,66+
31,Private,32847,Some-college,10,Married-civ-spouse,Craft-repair,Not-in-family,White,Female,0,0,35,United-States,>50K,0,0,0,1085,0.0,0.0,26-35
41,Self-emp-not-inc,106946,Some-college,10,Never-married,Prof-specialty,Husband,White,Female,41691,0,50,Other,>50K,1,0,41691,2050,10.638064542859214,0.0,36-45
49,Self-emp-not-inc,497899,Assoc-voc,11,Married-civ-spouse,Protective-serv,Not-in-family,White,Female,0,0,46,United-States,<=50K,0,0,0,2254,0.0,0.0,46-55
59,Private,491733,HS-grad,9,Widowed,Craft-repair,Own-child,White,Male,0,2969,37,United-States,<=50K,0,1,-2969,2183,0.0,7.996317231796746,56-65
76,Private,355895,Assoc-voc,11,Married-civ-spouse,Sales,Own-child,Amer-Indian-Eskimo,Male,0,0,31,United-States,>50K,0,0,0,2356,0.0,0.0,66+
72,Private,367732,HS-grad,9,Married-civ-spouse,Machine-op-inspct,Unmarried,White,Male,0,0,1,United-States,<=50K,0,0,0,72,0.0,0.0,66+
78,Private,455579,Bachelors,13,Never-married,Armed-Forces,Husband,White,Male,0,408,24,United-States,<=50K,0,1,-408,1872,0.0,6.013715156042802,66+
20,Private,16834,HS-grad,9,Married-civ-spouse,Exec-managerial,Husband,Black,Male,0,0,37,United-States,<=50K,0,0,0,740,0.0,0.0,18-25
32,Private,267380,Assoc-voc,11,Married-civ-spouse,Prof-specialty,Unmarried,White,Female,0,0,37,United-States,<=50K,0,0,0,1184,0.0,0.0,26-35
52,Private,94460,Assoc-acdm,12,Separated,Priv-house-serv,Husband,White,Male,0,0,44,Japan,<=50K,0,0,0,2288,0.0,0.0,46-55
21,Self-emp-inc,477251,12th,8,Never-married,Craft-repair,Husband,White,Male,0,0,46,United-States,<=50K,0,0,0,966,0.0,0.0,18-25
40,Self-emp-not-inc,60098,HS-grad,9,Married-civ-spouse,Exec-managerial,Own-child,White,Male,0,0,63,United-States,<=50K,0,0,0,2520,0.0,0.0,36-45
27,Private,69078,Assoc-acdm,12,Never-married,Exec-managerial,Husband,White,Female,0,0,32,India,<=50K,0,0,0,864,0.0,0.0,26-35
75,Private,299857,9th,5,Married-civ-spouse,Prof-specialty,Own-child,White,Male,0,0,20,Mexico,<=50K,0,0,0,1500,0.0,0.0,66+
21,Private,169970,12th,8,Married-civ-spouse,Adm-clerical,Wife,White,Male,0,0,31,United-States,<=50K,0,0,0,651,0.0,0.0,18-25
27,Private,418580,HS-grad,9,Never-married,Sales,Not-in-family,White,Female,71812,0,57,United-States,<=50K,1,0,71812,1539,11.181820797143025,0.0,26-35
30,Private,155622,Masters,14,Married-civ-spouse,Prof-specialty,Husband,White,Male,0,0,40,United-States,<=50K,0,0,0,1200,0.0,0.0,26-35
27,Private,394752,Some-college,10,Divorced,Protective-serv,Husband,White,Female,0,0,50,United-States,<=50K,0,0,0,1350,0.0,0.0,26-35
53,Local-gov,202138,HS-grad,9,Married-civ-spouse,Priv-house-serv,Own-child,White,Male,0,0,34,Mexico,>50K,0,0,0,1802,0.0,0.0,46-55
40,Private,293324,Prof-school,15,Never-married,Armed-Forces,Husband,White,Female,0,0,35,United-States,<=50K,0,0,0,1400,0.0,0.0,36-45
74,Private,487217,HS-grad,9,Never-married,Farming-fishing,Not-in-family,White,Male,0,0,23,United-States,<=50K,0,0,0,1702,0.0,0.0,66+
34,Private,312394,HS-grad,9,Married-civ-spouse,Adm-clerical,Husband,White,Male,0,0,37,United-States,<=50K,0,0,0,1258,0.0,0.0,26-35
51,Private,101883,HS-grad,9,Widowed,Other-service,Husband,White,Female,0,0,40,United-States,<=50K,0,0,0,2040,0.0,0.0,46-55
58,Private,472162,HS-grad,9,Never-married,Other-service,Husband,White,Female,44485,0,49,England,<=50K,1,0,44485,2842,10.702929811913675,0.0,56-65
56,Private,470254,HS-grad,9,Married-civ-spouse,Machine-op-inspct,Own-child,White,Male,0,0,46,United-States,<=50K,0,0,0,2576,0.0,0.0,56-65
67,Local-gov,231685,Assoc-voc,11,Widowed,Prof-specialty,Own-child,White,Male,0,0,60,United-States,<=50K,0,0,0,4020,0.0,0.0,66+
30,Self-emp-inc,196607,5th-6th,3,Married-civ-spouse,Priv-house-serv,Husband,White,Female,0,0,38,United-States,<=50K,0,0,0,1140,0.0,0.0,26-35
49,Local-gov,377731,Assoc-voc,11,Married-civ-spouse,Tech-support,Own-child,White,Female,0,0,42,United-States,<=50K,0,0,0,2058,0.0,0.0,46-55
67,Private,280072,12th,8,Married-civ-spouse,Protective-serv,Husband,White,Male,0,0,40,United-States,>50K,0,0,0,2680,0.0,0.0,66+
71,Private,57604,HS-grad,9,Married-civ-spouse,Other-service,Own-child,White,Male,0,0,33,United-States,<=50K,0,0,0,2343,0.0,0.0,66+
56,Private,170962,11th,7,Never-married,Prof-specialty,Not-in-family,Asian-Pac-Islander,Male,0,0,44,United-States,>50K,0,0,0,2464,0.0,0.0,56-65
58,Private,51409,Some-college,10,Never-married,Exec-managerial,Husband,White,Female,0,0,37,United-States,<=50K,0,0,0,2146,0.0,0.0,56-65
71,Private,153932,Assoc-voc,11,Separated,Protective-serv,Husband,White,Male,0,0,57,United-States,<=50K,0,0,0,4047,0.0,0.0,66+
56,Self-emp-not-inc,94173,HS-grad,9,Married-civ-spouse,Transport-moving,Not-in-family,Amer-Indian-Eskimo,Female,0,0,32,United-States,<=50K,0,0,0,1792,0.0,0.0,56-65
76,Private,491647,11th,7,Married-civ-spouse,Tech-support,Husband,White,Male,0,0,37,United-States,<=50K,0,0,0,2812,0.0,0.0,66+
25,Private,479375,HS-grad,9,Married-civ-spouse,Priv-house-serv,Husband,White,Female,0,0,28,United-States,<=50K,0,0,0,700,0.0,0.0,18-25
39,Private,20663,Bachelors,13,Married-civ-spouse,Farming-fishing,Husband,White,Male,0,0,43,United-States,<=50K,0,0,0,1677,0.0,0.0,36-45
24,Private,382232,HS-grad,9,Widowed,Tech-support,Husband,White,Male,81924,0,27,United-States,<=50K,1,0,81924,648,11.313559473567015,0.0,18-25
23,Private,408884,Assoc-acdm,12,Never-married,Transport-moving,Husband,White,Male,0,0,40,United-States,<=50K,0,0,0,920,0.0,0.0,18-25
47,Private,456665,HS-grad,9,Never-married,Tech-support,Own-child,Asian-Pac-Islander,Male,0,0,28,United-States,<=50K,0,0,0,1316,0.0,0.0,46-55
32,Private,443973,12th,8,Never-married,Prof-specialty,Unmarried,White,Male,0,0,30,United-States,<=50K,0,0,0,960,0.0,0.0,26-35
43,Private,176559,Assoc-voc,11,Married-civ-spouse,Other-service,Not-in-family,White,Male,0,4131,32,Other,<=50K,0,1,-4131,1376,0.0,8.326516830239528,36-45
45,State-gov,247032,HS-grad,9,Married-civ-spouse,Tech-support,Wife,White,Male,0,0,47,Other,<=50K,0,0,0,2115,0.0,0.0,36-45
56,Private,92058,5th-6th,3,Married-civ-spouse,Machine-op-inspct,Unmarried,Asian-Pac-Islander,Male,14024,0,39,United-States,<=50K,1,0,14024,2184,9.548596730390898,0.0,56-65
76,Private,434055,Masters,14,Never-married,Farming-fishing,Own-child,White,Female,0,0,39,Mexico,>50K,0,0,0,2964,0.0,0.0,66+
70,Private,39362,11th,7,Married-civ-spouse,Handlers-cleaners,Own-child,White,Male,26565,0,46,United-States,>50K,1,0,26565,3220,10.187387481692449,0.0,66+
41,Self-emp-not-inc,256245,HS-grad,9,Married-civ-spouse,Exec-managerial,Own-child,White,Male,0,0,33,United-States,<=50K,0,0,0,1353,0.0,0.0,36-45
38,Private,224572,HS-grad,9,Never-married,Machine-op-inspct,Unmarried,White,Male,0,0,20,United-States,<=50K,0,0,0,760,0.0,0.0,36-45
65,Private,175412,HS-grad,9,Married-civ-spouse,Other-service,Husband,White,Male,0,0,29,United-States,<=50K,0,0,0,1885,0.0,0.0,56-65
25,Private,486213,Assoc-acdm,12,Divorced,Tech-support,Not-in-family,White,Male,0,882,37,United-States,<=50K,0,1,-882,925,0.0,6.78332520060396,18-25
51,Private,242802,1st-4th,2,Married-civ-spouse,Other-service,Not-in-family,Asian-Pac-Islander,Male,0,0,40,United-States,<=50K,0,0,0,2040,0.0,0.0,46-55
44,Private,30583,Masters,14,Divorced,Tech-support,Husband,White,Male,0,0,46,United-States,<=50K,0,0,0,2024,0.0,0.0,36-45
29,Private,425177,Some-college,10,Married-civ-spouse,Transport-moving,Husband,White,Male,0,0,39,India,<=50K,0,0,0,1131,0.0,0.0,26-35
56,Private,464305,Masters,14,Separated,Adm-clerical,Own-child,White,Female,0,0,50,United-States,<=50K,0,0,0,2800,0.0,0.0,56-65
37,Self-emp-not-inc,181400,Bachelors,13,Never-married,Other-service,Not-in-family,White,Female,0,0,44,United-States,<=50K,0,0,0,1628,0.0,0.0,36-45
29,Private,145245,Masters,14,Married-civ-spouse,Machine-op-inspct,Husband,White,Male,0,0,26,United-States,<=50K,0,0,0,754,0.0,0.0,26-35
58,Private,354461,Some-college,10,Never-married,Handlers-cleaners,Husband,White,Female,90981,0,15,Mexico,>50K,1,0,90981,870,11.41841696373575,0.0,56-65
28,Private,38106,HS-grad,9,Never-married,Craft-repair,Wife,White,Male,0,0,30,United-States,<=50K,0,0,0,840,0.0,0.0,26-35
59,Private,331133,HS-grad,9,Never-married,Armed-Forces,Not-in-family,White,Male,25249,4866,41,Unknown,<=50K,1,1,20383,2419,10.136581434703507,8.490233009833455,56-65
28,Private,94691,Some-college,10,Widowed,Armed-Forces,Not-in-family,White,Female,0,0,44,United-States,<=50K,0,0,0,1232,0.0,0.0,26-35
44,Private,116376,HS-grad,9,Never-married,Transport-moving,Husband,White,Male,0,0,39,United-States,<=50K,0,0,0,1716,0.0,0.0,36-45
68,Private,58501,Assoc-voc,11,Married-civ-spouse,Priv-house-serv,Husband,White,Male,0,0,41,United-States,>50K,0,0,0,2788,0.0,0.0,66+
32,Never-worked,322504,9th,5,Married-civ-spouse,Machine-op-inspct,Husband,White,Male,0,0,53,United-States,<=50K,0,0,0,1696,0.0,0.0,26-35
65,Private,343179,Bachelors,13,Married-civ-spouse,Priv-house-serv,Husband,White,Female,0,0,40,United-States,<=50K,0,0,0,2600,0.0,0.0,56-65
62,Local-gov,237644,12th,8,Divorced,Machine-op-inspct,Wife,White,Male,0,0,43,United-States,<=50K,0,0,0,2666,0.0,0.0,56-65
73,Local-gov,478311,Masters,14,Widowed,Other-service,Not-in-family,White,Male,0,0,56,United-States,>50K,0,0,0,4088,0.0,0.0,66+
28,Private,46822,11th,7,Never-married,Other-service,Wife,White,Male,0,0,22,United-States,<=50K,0,0,0,616,0.0,0.0,26-35
62,Private,494372,10th,6,Married-civ-spouse,Priv-house-serv,Wife,Asian-Pac-Islander,Male,0,0,57,United-States,<=50K,0,0,0,3534,0.0,0.0,56-65
76,Private,406149,Bachelors,13,Widowed,Handlers-cleaners,Wife,White,Male,0,0,14,United-States,>50K,0,0,0,1064,0.0,0.0,66+
65,State-gov,44730,Bachelors,13,Never-married,Transport-moving,Own-child,White,Female,0,0,32,United-States,>50K,0,0,0,2080,0.0,0.0,56-65
29,Private,220687,Assoc-acdm,12,Married-civ-spouse,Other-service,Husband,White,Male,0,0,34,United-States,<=50K,0,0,0,986,0.0,0.0,26-35
68,Private,278106,Masters,14,Separated,Handlers-cleaners,Not-in-family,White,Male,27985,0,24,United-States,>50K,1,0,27985,1632,10.239459664115659,0.0,66+
24,Private,308755,HS-grad,9,Married-civ-spouse,Craft-repair,Husband,Other,Female,0,0,38,United-States,<=50K,0,0,0,912,0.0,0.0,18-25
54,Federal-gov,223030,Bachelors,13,Divorced,Sales,Husband,White,Male,0,0,39,United-States,<=50K,0,0,0,2106,0.0,0.0,46-55
48,Private,157866,HS-grad,9,Divorced,Craft-repair,Husband,White,Male,0,0,47,United-States,<=50K,0,0,0,2256,0.0,0.0,46-55
50,Private,146962,Some-college,10,Widowed,Other-service,Not-in-family,White,Male,0,0,47,Philippines,<=50K,0,0,0,2350,0.0,0.0,46-55
50,Private,302333,HS-grad,9,Married-civ-spouse,Adm-clerical,Other-relative,White,Male,23393,0,42,China,<=50K,1,0,23393,2100,10.060234858210652,0.0,46-55
19,Private,273830,1st-4th,2,Married-civ-spouse,Tech-support,Not-in-family,White,Female,0,0,51,United-States,<=50K,0,0,0,969,0.0,0.0,18-25
49,Local-gov,198426,Some-college,10,Never-married,Other-service,Not-in-family,White,Male,0,0,46,United-States,<=50K,0,0,0,2254,0.0,0.0,46-55
76,Self-emp-not-inc,130253,Assoc-acdm,12,Separated,Farming-fishing,Other-relative,Asian-Pac-Islander,Male,94625,0,37,United-States,>50K,1,0,94625,2812,11.457687558715612,0.0,66+
45,Private,259852,11th,7,Married-civ-spouse,Other-service,Other-relative,White,Male,0,0,41,United-States,<=50K,0,0,0,1845,0.0,0.0,36-45
35,Private,127561,Masters,14,Married-civ-spouse,Machine-op-inspct,Husband,White,Male,0,0,34,England,<=50K,0,0,0,1190,0.0,0.0,26-35
79,Self-emp-not-inc,217923,Some-college,10,Widowed,Unknown,Not-in-family,White,Female,0,0,28,United-States,<=50K,0,0,0,2212,0.0,0.0,66+
24,Private,478050,11th,7,Never-married,Transport-moving,Not-in-family,White,Male,0,0,44,United-States,<=50K,0,0,0,1056,0.0,0.0,18-25
48,Private,374133,Some-college,10,Married-civ-spouse,Craft-repair,Own-child,White,Female,0,0,25,United-States,<=50K,0,0,0,1200,0.0,0.0,46-55
49,Private,376819,12th,8,Married-civ-spouse,Other-service,Husband,White,Male,0,0,38,United-States,<=50K,0,0,0,1862,0.0,0.0,46-55
47,Private,36449,7th-8th,4,Divorced,Farming-fishing,Unmarried,White,Male,0,0,17,United-States,<=50K,0,0,0,799,0.0,0.0,46-55
75,State-gov,385176,Assoc-voc,11,Never-married,Exec-managerial,Husband,White,Female,0,0,41,United-States,>50K,0,0,0,3075,0.0,0.0,66+
44,Private,318721,10th,6,Never-married,Unknown,Wife,Other,Female,0,0,33,United-States,<=50K,0,0,0,1452,0.0,0.0,36-45
78,Private,260410,9th,5,Never-married,Handlers-cleaners,Husband,White,Male,0,0,46,United-States,<=50K,0,0,0,3588,0.0,0.0,66+
22,Private,143775,Assoc-acdm,12,Married-civ-spouse,Adm-clerical,Own-child,White,Male,0,2977,38,United-States,<=50K,0,1,-2977,836,0.0,7.999007213243955,18-25
63,Private,218260,7th-8th,4,Never-married,Handlers-cleaners,Husband,White,Female,0,0,39,United-States,<=50K,0,0,0,2457,0.0,0.0,56-65
54,Federal-gov,189142,Bachelors,13,Married-civ-spouse,Tech-support,Husband,White,Female,0,0,41,United-States,>50K,0,0,0,2214,0.0,0.0,46-55
32,Private,197626,Bachelors,13,Separated,Craft-repair,Husband,White,Male,0,1503,34,United-States,<=50K,0,1,-1503,1088,0.0,7.315883504509785,26-35
32,Private,408121,10th,6,Married-civ-spouse,Tech-support,Husband,White,Male,0,0,34,United-States,<=50K,0,0,0,1088,0.0,0.0,26-35
62,Private,76955,Some-college,10,Married-civ-spouse,Sales,Wife,White,Female,0,0,34,United-States,<=50K,0,0,0,2108,0.0,0.0,56-65
57,Private,319439,9th,5,Married-civ-spouse,Priv-house-serv,Husband,White,Male,0,0,39,United-States,<=50K,0,0,0,2223,0.0,0.0,56-65
55,Private,486728,Some-college,10,Married-civ-spouse,Armed-Forces,Wife,White,Male,61218,0,34,China,>50K,1,0,61218,1870,11.022212877834795,0.0,46-55
21,Private,95844,7th-8th,4,Married-civ-spouse,Handlers-cleaners,Husband,White,Male,0,0,45,United-States,<=50K,0,0,0,945,0.0,0.0,18-25
55,Self-emp-not-inc,340998,Masters,14,Never-married,Tech-support,Not-in-family,Black,Female,0,0,22,Germany,<=50K,0,0,0,1210,0.0,0.0,46-55
78,Self-emp-inc,62247,12th,8,Separated,Tech-support,Own-child,White,Male,0,0,25,United-States,<=50K,0,0,0,1950,0.0,0.0,66+
19,Private,258790,Assoc-voc,11,Divorced,Priv-house-serv,Unmarried,White,Female,0,0,59,United-States,<=50K,0,0,0,1121,0.0,0.0,18-25
47,Private,170147,10th,6,Divorced,Exec-managerial,Not-in-family,White,Male,20128,0,36,United-States,<=50K,1,0,20128,1692,9.909916840301031,0.0,46-55
48,Private,318673,HS-grad,9,Married-civ-spouse,Protective-serv,Own-child,White,Male,0,0,30,United-States,<=50K,0,0,0,1440,0.0,0.0,46-55
73,Private,378779,HS-grad,9,Never-married,Machine-op-inspct,Husband,White,Female,0,0,40,United-States,<=50K,0,0,0,2920,0.0,0.0,66+
35,Private,498624,Some-college,10,Married-civ-spouse,Protective-serv,Own-child,White,Female,0,0,48,United-States,<=50K,0,0,0,1680,0.0,0.0,26-35
47,Local-gov,56221,Doctorate,16,Married-civ-spouse,Craft-repair,Wife,Black,Female,0,0,46,India,>50K,0,0,0,2162,0.0,0.0,46-55
62,State-gov,132612,5th-6th,3,Married-civ-spouse,Protective-serv,Unmarried,White,Female,0,0,33,Unknown,<=50K,0,0,0,2046,0.0,0.0,56-65
21,Private,355251,Preschool,1,Married-civ-spouse,Machine-op-inspct,Not-in-family,White,Female,0,0,35,United-States,<=50K,0,0,0,735,0.0,0.0,18-25
67,Self-emp-not-inc,440584,HS-grad,9,Never-married,Handlers-cleaners,Not-in-family,White,Male,0,0,37,United-States,>50K,0,0,0,2479,0.0,0.0,66+
68,Private,197740,HS-grad,9,Married-civ-spouse,Machine-op-inspct,Not-in-family,Other,Male,0,0,43,United-States,>50K,0,0,0,2924,0.0,0.0,66+
62,Private,59196,Bachelors,13,Married-civ-spouse,Exec-managerial,Unmarried,White,Female,0,0,40,United-States,<=50K,0,0,0,2480,0.0,0.0,56-65
58,Private,54613,Bachelors,13,Never-married,Adm-clerical,Unmarried,Black,Male,0,0,31,United-States,>50K,0,0,0,1798,0.0,0.0,56-65
64,Private,12739,Bachelors,13,Married-civ-spouse,Transport-moving,Wife,White,Male,0,0,35,United-States,<=50K,0,0,0,2240,0.0,0.0,56-65
66,Private,49362,10th,6,Never-married,Priv-house-serv,Own-child,White,Male,0,0,37,Mexico,<=50K,0,0,0,2442,0.0,0.0,66+
74,Without-pay,456952,HS-grad,9,Married-civ-spouse,Armed-Forces,Husband,White,Male,0,0,55,United-States,<=50K,0,0,0,4070,0.0,0.0,66+
44,Private,498668,Assoc-acdm,12,Separated,Prof-specialty,Husband,White,Male,0,0,38,United-States,<=50K,0,0,0,1672,0.0,0.0,36-45
46,Private,52429,HS-grad,9,Never-married,Unknown,Husband,White,Female,87441,0,73,United-States,<=50K,1,0,87441,3358,11.378730995415923,0.0,46-55
57,Private,499791,Some-college,10,Married-civ-spouse,Protective-serv,Husband,White,Female,0,0,37,United-States,<=50K,0,0,0,2109,0.0,0.0,56-65
29,State-gov,346243,HS-grad,9,Separated,Tech-support,Not-in-family,White,Male,0,0,23,United-States,<=50K,0,0,0,667,0.0,0.0,26-35
71,Private,278740,HS-grad,9,Married-civ-spouse,Handlers-cleaners,Wife,Black,Male,0,0,44,United-States,<=50K,0,0,0,3124,0.0,0.0,66+
65,Local-gov,244604,Bachelors,13,Married-civ-spouse,Farming-fishing,Not-in-family,Asian-Pac-Islander,Male,0,0,50,India,>50K,0,0,0,3250,0.0,0.0,56-65
57,Federal-gov,135068,HS-grad,9,Never-married,Handlers-cleaners,Husband,White,Male,0,0,45,United-States,<=50K,0,0,0,2565,0.0,0.0,56-65
36,Private,211316,Masters,14,Never-married,Craft-repair,Wife,White,Male,0,0,42,United-States,<=50K,0,0,0,1512,0.0,0.0,36-45
39,Private,487726,HS-grad,9,Married-civ-spouse,Farming-fishing,Other-relative,White,Female,0,0,36,United-States,<=50K,0,0,0,1404,0.0,0.0,36-45
44,Private,495007,1st-4th,2,Married-civ-spouse,Prof-specialty,Husband,White,Female,0,0,37,United-States,<=50K,0,0,0,1628,0.0,0.0,36-45
59,Unknown,329882,HS-grad,9,Married-civ-spouse,Adm-clerical,Not-in-family,White,Male,73183,0,17,United-States,<=50K,1,0,73183,1003,11.200732096822508,0.0,56-65
66,Private,168344,11th,7,Never-married,Tech-support,Other-relative,White,Female,0,0,49,United-States,<=50K,0,0,0,3234,0.0,0.0,66+
59,Private,181769,Some-college,10,Widowed,Tech-support,Wife,Asian-Pac-Islander,Male,40461,0,36,United-States,>50K,1,0,40461,2124,10.60811854103736,0.0,56-65
75,Private,55752,10th,6,Married-civ-spouse,Adm-clerical,Husband,White,Male,0,2425,51,United-States,<=50K,0,1,-2425,3825,0.0,7.793999089503996,66+
77,Private,133818,Some-college,10,Married-AF-spouse,Armed-Forces,Own-child,White,Male,66985,0,35,United-States,>50K,1,0,66985,2695,11.112238921315038,0.0,66+
61,Self-emp-not-inc,129714,Bachelors,13,Married-civ-spouse,Adm-clerical,Own-child,Black,Male,0,0,39,United-States,<=50K,0,0,0,2379,0.0,0.0,56-65
40,Self-emp-not-inc,484318,HS-grad,9,Never-married,Armed-Forces,Unmarried,Asian-Pac-Islander,Female,0,0,52,United-States,<=50K,0,0,0,2080,0.0,0.0,36-45
55,Private,482187,11th,7,Widowed,Priv-house-serv,Not-in-family,White,Male,0,0,53,United-States,<=50K,0,0,0,2915,0.0,0.0,46-55
44,Private,312998,HS-grad,9,Never-married,Sales,Husband,White,Female,93723,0,48,United-States,<=50K,1,0,93723,2112,11.448109572035323,0.0,36-45
57,Private,468384,Assoc-acdm,12,Married-civ-spouse,Craft-repair,Not-in-family,White,Female,0,1068,21,United-States,<=50K,0,1,-1068,1197,0.0,6.974478911025045,56-65
68,Self-emp-not-inc,290679,Some-college,10,Married-civ-spouse,Machine-op-inspct,Unmarried,White,Male,0,0,27,United-States,<=50K,0,0,0,1836,0.0,0.0,66+
40,Private,153083,9th,5,Married-civ-spouse,Adm-clerical,Husband,White,Male,0,0,47,United-States,<=50K,0,0,0,1880,0.0,0.0,36-45
49,Self-emp-not-inc,265961,Some-college,10,Never-married,Transport-moving,Wife,White,Male,0,0,33,United-States,<=50K,0,0,0,1617,0.0,0.0,46-55
20,Private,277542,HS-grad,9,Married-AF-spouse,Machine-op-inspct,Not-in-family,White,Female,0,0,41,United-States,<=50K,0,0,0,820,0.0,0.0,18-25
63,Private,154985,HS-grad,9,Married-civ-spouse,Protective-serv,Not-in-family,White,Male,0,0,42,United-States,<=50K,0,0,0,2646,0.0,0.0,56-65
48,Local-gov,299678,10th,6,Married-civ-spouse,Priv-house-serv,Own-child,Black,Female,0,0,43,Unknown,<=50K,0,0,0,2064,0.0,0.0,46-55
46,Private,446293,Prof-school,15,Married-civ-spouse,Adm-clerical,Husband,Asian-Pac-Islander,Male,15314,0,29,United-States,<=50K,1,0,15314,1334,9.636588019266876,0.0,46-55
51,Private,489971,11th,7,Never-married,Machine-op-inspct,Own-child,White,Male,0,0,50,United-States,<=50K,0,0,0,2550,0.0,0.0,46-55
31,Private,467071,12th,8,Never-married,Tech-support,Not-in-family,White,Male,0,0,35,Philippines,<=50K,0,0,0,1085,0.0,0.0,26-35
55,Private,315362,10th,6,Married-civ-spouse,Transport-moving,Not-in-family,White,Male,0,0,46,United-States,<=50K,0,0,0,2530,0.0,0.0,46-55
64,State-gov,315419,Some-college,10,Never-married,Farming-fishing,Husband,White,Male,0,0,38,Mexico,<=50K,0,0,0,2432,0.0,0.0,56-65
39,Local-gov,426312,HS-grad,9,Married-civ-spouse,Protective-serv,Not-in-family,White,Male,0,0,59,United-States,<=50K,0,0,0,2301,0.0,0.0,36-45
26,Self-emp-not-inc,162886,HS-grad,9,Never-married,Unknown,Husband,White,Female,0,0,54,United-States,<=50K,0,0,0,1404,0.0,0.0,26-35
41,Private,80969,HS-grad,9,Married-civ-spouse,Other-service,Not-in-family,White,Male,0,0,61,United-States,<=50K,0,0,0,2501,0.0,0.0,36-45
30,Private,18797,Some-college,10,Married-civ-spouse,Farming-fishing,Not-in-family,White,Male,0,0,57,United-States,<=50K,0,0,0,1710,0.0,0.0,26-35
41,Local-gov,251833,HS-grad,9,Never-married,Handlers-cleaners,Husband,White,Male,0,0,39,United-States,<=50K,0,0,0,1599,0.0,0.0,36-45
56,Private,81034,Bachelors,13,Never-married,Adm-clerical,Husband,White,Male,0,0,35,United-States,<=50K,0,0,0,1960,0.0,0.0,56-65
25,State-gov,384383,HS-grad,9,Divorced,Handlers-cleaners,Own-child,White,Male,29847,0,29,United-States,<=50K,1,0,29847,725,10.303873114900993,0.0,18-25
64,Private,112893,12th,8,Never-married,Adm-clerical,Not-in-family,White,Male,0,0,43,United-States,<=50K,0,0,0,2752,0.0,0.0,56-65
31,Private,30532,Masters,14,Divorced,Farming-fishing,Not-in-family,White,Male,0,0,40,United-States,<=50K,0,0,0,1240,0.0,0.0,26-35
73,Unknown,199048,Bachelors,13,Married-civ-spouse,Other-service,Husband,Asian-Pac-Islander,Male,0,0,40,United-States,>50K,0,0,0,2920,0.0,0.0,66+
63,Private,221595,HS-grad,9,Widowed,Transport-moving,Unmarried,White,Female,54890,0,32,United-States,<=50K,1,0,54890,2016,10.913104679632676,0.0,56-65
34,Private,274426,Bachelors,13,Widowed,Handlers-cleaners,Not-in-family,White,Male,0,0,44,United-States,<=50K,0,0,0,1496,0.0,0.0,26-35
52,Private,473057,Some-college,10,Married-civ-spouse,Adm-clerical,Own-child,White,Male,0,878,36,United-States,<=50K,0,1,-878,1872,0.0,6.778784897685177,46-55
24,Private,257660,HS-grad,9,Widowed,Adm-clerical,Own-child,Black,Male,0,0,35,United-States,<=50K,0,0,0,840,0.0,0.0,18-25
24,Private,392323,Bachelors,13,Never-married,Transport-moving,Husband,White,Female,0,0,42,United-States,<=50K,0,0,0,1008,0.0,0.0,18-25
77,Private,374021,Assoc-acdm,12,Married-civ-spouse,Exec-managerial,Own-child,White,Male,0,0,39,Mexico,>50K,0,0,0,3003,0.0,0.0,66+
67,Private,78124,HS-grad,9,Divorced,Tech-support,Unmarried,White,Male,0,0,26,United-States,<=50K,0,0,0,1742,0.0,0.0,66+
27,Self-emp-not-inc,125498,Some-college,10,Married-civ-spouse,Other-service,Not-in-family,White,Female,0,0,32,United-States,<=50K,0,0,0,864,0.0,0.0,26-35
35,Private,249739,HS-grad,9,Never-married,Armed-Forces,Wife,Amer-Indian-Eskimo,Male,0,0,45,United-States,<=50K,0,0,0,1575,0.0,0.0,26-35
30,State-gov,162219,Preschool,1,Widowed,Sales,Husband,White,Male,0,0,40,United-States,<=50K,0,0,0,1200,0.0,0.0,26-35
42,Local-gov,235279,Masters,14,Married-civ-spouse,Sales,Husband,White,Male,0,0,21,United-States,>50K,0,0,0,882,0.0,0.0,36-45
36,Private,109586,Some-college,10,Divorced,Protective-serv,Husband,Asian-Pac-Islander,Male,0,0,47,United-States,<=50K,0,0,0,1692,0.0,0.0,36-45
38,Private,69030,Some-college,10,Married-civ-spouse,Sales,Husband,White,Female,0,0,40,United-States,<=50K,0,0,0,1520,0.0,0.0,36-45
50,Self-emp-not-inc,205788,Some-college,10,Divorced,Handlers-cleaners,Other-relative,White,Male,97197,0,29,United-States,>50K,1,0,97197,1450,11.484505414105152,0.0,46-55
29,Private,161357,Some-college,10,Never-married,Prof-specialty,Not-in-family,White,Female,0,0,33,Other,<=50K,0,0,0,957,0.0,0.0,26-35
72,Federal-gov,293636,HS-grad,9,Married-civ-spouse,Farming-fishing,Unmarried,White,Male,0,0,42,United-States,>50K,0,0,0,3024,0.0,0.0,66+
63,Private,98532,Prof-school,15,Never-married,Adm-clerical,Own-child,Amer-Indian-Eskimo,Female,0,0,18,United-States,<=50K,0,0,0,1134,0.0,0.0,56-65
65,Private,319168,Some-college,10,Married-civ-spouse,Machine-op-inspct,Husband,White,Male,0,2987,44,Unknown,>50K,0,1,-2987,2860,0.0,8.002359546252707,56-65
28,Private,494309,Some-college,10,Never-married,Machine-op-inspct,Not-in-family,White,Male,0,0,50,United-States,<=50K,0,0,0,1400,0.0,0.0,26-35
61,Private,225623,HS-grad,9,Never-married,Priv-house-serv,Husband,Black,Male,0,0,49,United-States,<=50K,0,0,0,2989,0.0,0.0,56-65
69,Local-gov,257267,HS-grad,9,Never-married,Adm-clerical,Husband,White,Female,0,0,52,United-States,<=50K,0,0,0,3588,0.0,0.0,66+
28,Private,47572,7th-8th,4,Married-civ-spouse,Machine-op-inspct,Unmarried,White,Male,0,0,32,United-States,<=50K,0,0,0,896,0.0,0.0,26-35
64,Local-gov,85410,HS-grad,9,Never-married,Protective-serv,Not-in-family,White,Female,0,0,50,United-States,<=50K,0,0,0,3200,0.0,0.0,56-65
40,Private,25231,11th,7,Never-married,Craft-repair,Other-relative,White,Female,87890,0,43,Unknown,<=50K,1,0,87890,1720,11.38385268935265,0.0,36-45
66,Self-emp-not-inc,239025,Some-college,10,Never-married,Priv-house-serv,Husband,White,Male,0,0,32,United-States,>50K,0,0,0,2112,0.0,0.0,66+
47,Local-gov,253462,Bachelors,13,Never-married,Other-service,Not-in-family,White,Female,0,0,45,United-States,<=50K,0,0,0,2115,0.0,0.0,46-55
67,Private,54178,HS-grad,9,Never-married,Exec-managerial,Husband,White,Male,0,0,44,United-States,>50K,0,0,0,2948,0.0,0.0,66+
27,Private,216859,HS-grad,9,Married-civ-spouse,Tech-support,Husband,White,Male,0,0,55,United-States,<=50K,0,0,0,1485,0.0,0.0,26-35
42,Self-emp-inc,422394,Some-college,10,Married-civ-spouse,Machine-op-inspct,Own-child,White,Female,0,0,52,United-States,<=50K,0,0,0,2184,0.0,0.0,36-45
34,Unknown,433910,11th,7,Widowed,Priv-house-serv,Other-relative,White,Male,0,0,33,United-States,<=50K,0,0,0,1122,0.0,0.0,26-35
33,Private,323286,Masters,14,Married-civ-spouse,Prof-specialty,Husband,White,Female,0,0,43,United-States,<=50K,0,0,0,1419,0.0,0.0,26-35
37,Private,381011,HS-grad,9,Separated,Farming-fishing,Not-in-family,White,Male,0,0,43,England,<=50K,0,0,0,1591,0.0,0.0,36-45
41,Self-emp-inc,265211,9th,5,Never-married,Prof-specialty,Other-relative,White,Female,0,0,43,United-States,<=50K,0,0,0,1763,0.0,0.0,36-45
25,Private,168044,11th,7,Separated,Transport-moving,Not-in-family,White,Male,0,0,37,India,<=50K,0,0,0,925,0.0,0.0,18-25
61,Private,367651,Masters,14,Never-married,Armed-Forces,Own-child,Other,Male,0,0,58,United-States,>50K,0,0,0,3538,0.0,0.0,56-65
52,Private,424813,HS-grad,9,Never-married,Transport-moving,Not-in-family,Asian-Pac-Islander,Female,0,0,34,United-States,<=50K,0,0,0,1768,0.0,0.0,46-55
69,Private,161470,Some-college,10,Never-married,Exec-managerial,Husband,White,Male,0,0,57,United-States,<=50K,0,0,0,3933,0.0,0.0,66+
61,Self-emp-inc,206511,11th,7,Divorced,Priv-house-serv,Husband,Asian-Pac-Islander,Female,0,0,26,United-States,<=50K,0,0,0,1586,0.0,0.0,56-65
27,Private,209436,12th,8,Married-civ-spouse,Tech-support,Wife,White,Male,0,0,36,United-States,<=50K,0,0,0,972,0.0,0.0,26-35
22,Local-gov,360652,Bachelors,13,Married-civ-spouse,Armed-Forces,Not-in-family,Black,Female,0,0,48,United-States,<=50K,0,0,0,1056,0.0,0.0,18-25
44,Private,54319,11th,7,Married-civ-spouse,Priv-house-serv,Not-in-family,Black,Female,0,0,29,United-States,<=50K,0,0,0,1276,0.0,0.0,36-45
47,Private,375057,1st-4th,2,Widowed,Farming-fishing,Unmarried,White,Female,0,0,33,United-States,<=50K,0,0,0,1551,0.0,0.0,46-55
32,Private,128334,Some-college,10,Married-civ-spouse,Adm-clerical,Husband,White,Male,0,0,45,United-States,>50K,0,0,0,1440,0.0,0.0,26-35
66,Private,235161,Bachelors,13,Never-married,Sales,Husband,White,Male,5976,0,23,United-States,<=50K,1,0,5976,1518,8.695674048824253,0.0,66+
54,Self-emp-inc,25962,HS-grad,9,Divorced,Handlers-cleaners,Own-child,White,Male,0,0,51,Canada,<=50K,0,0,0,2754,0.0,0.0,46-55
64,Private,405315,10th,6,Married-civ-spouse,Craft-repair,Unmarried,White,Male,0,0,55,United-States,<=50K,0,0,0,3520,0.0,0.0,56-65
24,Self-emp-not-inc,61125,Prof-school,15,Married-spouse-absent,Exec-managerial,Other-relative,White,Male,0,0,55,United-States,<=50K,0,0,0,1320,0.0,0.0,18-25
68,Private,125867,Assoc-voc,11,Married-civ-spouse,Adm-clerical,Unmarried,White,Male,0,0,43,United-States,<=50K,0,0,0,2924,0.0,0.0,66+
30,Private,330629,Bachelors,13,Never-married,Prof-specialty,Husband,Asian-Pac-Islander,Male,0,0,36,United-States,>50K,0,0,0,1080,0.0,0.0,26-35
45,Private,174344,Assoc-acdm,12,Divorced,Transport-moving,Own-child,Black,Female,0,0,36,United-States,<=50K,0,0,0,1620,0.0,0.0,36-45
45,Self-emp-not-inc,120618,Assoc-voc,11,Married-civ-spouse,Priv-house-serv,Husband,White,Male,0,0,43,United-States,<=50K,0,0,0,1935,0.0,0.0,36-45
68,Private,279792,HS-grad,9,Married-civ-spouse,Machine-op-inspct,Husband,White,Female,0,0,41,United-States,<=50K,0,0,0,2788,0.0,0.0,66+
35,Private,13304,HS-grad,9,Never-married,Exec-managerial,Husband,White,Male,0,0,36,United-States,<=50K,0,0,0,1260,0.0,0.0,26-35
32,Private,188386,Assoc-voc,11,Married-civ-spouse,Unknown,Own-child,White,Male,0,0,56,India,<=50K,0,0,0,1792,0.0,0.0,26-35
39,Private,105914,Assoc-voc,11,Never-married,Machine-op-inspct,Own-child,Black,Female,0,0,38,United-States,<=50K,0,0,0,1482,0.0,0.0,36-45
40,Private,281756,Masters,14,Never-married,Transport-moving,Husband,White,Male,0,0,54,United-States,<=50K,0,0,0,2160,0.0,0.0,36-45
29,Private,160702,Some-college,10,Married-civ-spouse,Craft-repair,Unmarried,White,Female,0,0,41,United-States,<=50K,0,0,0,1189,0.0,0.0,26-35
28,State-gov,337188,HS-grad,9,Married-civ-spouse,Handlers-cleaners,Not-in-family,White,Male,0,0,40,United-States,<=50K,0,0,0,1120,0.0,0.0,26-35
32,Private,79264,HS-grad,9,Married-civ-spouse,Handlers-cleaners,Not-in-family,White,Male,76432,0,45,United-States,<=50K,1,0,76432,1440,11.244169819069379,0.0,26-35
46,Private,48576,Some-college,10,Never-married,Exec-managerial,Husband,White,Male,0,0,45,United-States,<=50K,0,0,0,2070,0.0,0.0,46-55
39,Unknown,114384,HS-grad,9,Divorced,Sales,Not-in-family,White,Male,0,0,39,United-States,<=50K,0,0,0,1521,0.0,0.0,36-45
42,Self-emp-inc,434545,Assoc-acdm,12,Married-civ-spouse,Priv-house-serv,Husband,White,Female,0,0,46,United-States,<=50K,0,0,0,1932,0.0,0.0,36-45
62,Private,488150,Some-college,10,Divorced,Handlers-cleaners,Wife,White,Male,0,0,47,United-States,<=50K,0,0,0,2914,0.0,0.0,56-65
32,Private,43588,1st-4th,2,Divorced,Adm-clerical,Husband,White,Male,0,0,57,United-States,<=50K,0,0,0,1824,0.0,0.0,26-35
74,Self-emp-inc,21776,Some-college,10,Never-married,Tech-support,Own-child,White,Female,72021,0,41,United-States,<=50K,1,0,72021,3034,11.184726906881156,0.0,66+
64,Private,88953,Some-college,10,Married-civ-spouse,Sales,Other-relative,White,Female,0,0,32,Mexico,>50K,0,0,0,2048,0.0,0.0,56-65
28,Private,286796,Bachelors,13,Married-civ-spouse,Sales,Other-relative,White,Male,0,0,33,United-States,>50K,0,0,0,924,0.0,0.0,26-35
37,Private,464721,HS-grad,9,Married-civ-spouse,Exec-managerial,Husband,White,Male,0,0,64,United-States,<=50K,0,0,0,2368,0.0,0.0,36-45
29,Private,394078,Some-college,10,Never-married,Priv-house-serv,Not-in-family,White,Male,0,0,21,United-States,<=50K,0,0,0,609,0.0,0.0,26-35
34,Local-gov,131254,HS-grad,9,Never-married,Adm-clerical,Husband,Black,Female,0,0,28,United-States,<=50K,0,0,0,952,0.0,0.0,26-35
40,Unknown,490925,Some-college,10,Married-civ-spouse,Protective-serv,Own-child,White,Female,0,0,40,United-States,<=50K,0,0,0,1600,0.0,0.0,36-45
26,Self-emp-not-inc,142132,7th-8th,4,Married-civ-spouse,Prof-specialty,Not-in-family,White,Male,0,0,34,United-States,<=50K,0,0,0,884,0.0,0.0,26-35
18,Federal-gov,185682,Bachelors,13,Never-married,Transport-moving,Not-in-family,Black,Female,0,0,48,United-States,<=50K,0,0,0,864,0.0,0.0,18-25
45,Self-emp-not-inc,411013,Bachelors,13,Married-civ-spouse,Other-service,Not-in-family,White,Female,0,0,47,United-States,<=50K,0,0,0,2115,0.0,0.0,36-45
61,Private,159279,Some-college,10,Never-married,Priv-house-serv,Own-child,White,Female,19641,0,35,United-States,<=50K,1,0,19641,2135,9.885425409717719,0.0,56-65
36,Private,373838,Some-college,10,Married-civ-spouse,Adm-clerical,Husband,White,Male,0,0,55,India,<=50K,0,0,0,1980,0.0,0.0,36-45
71,Private,217461,7th-8th,4,Married-civ-spouse,Tech-support,Wife,White,Female,0,0,29,United-States,>50K,0,0,0,2059,0.0,0.0,66+
40,Local-gov,418761,Some-college,10,Divorced,Farming-fishing,Own-child,White,Female,0,0,33,United-States,<=50K,0,0,0,1320,0.0,0.0,36-45
73,State-gov,317661,HS-grad,9,Married-civ-spouse,Handlers-cleaners,Own-child,White,Male,0,0,56,Other,>50K,0,0,0,4088,0.0,0.0,66+
32,Self-emp-not-inc,465501,Assoc-voc,11,Never-married,Tech-support,Wife,White,Female,0,0,27,United-States,<=50K,0,0,0,864,0.0,0.0,26-35
51,Private,225702,5th-6th,3,Married-civ-spouse,Priv-house-serv,Husband,White,Male,0,0,43,United-States,<=50K,0,0,0,2193,0.0,0.0,46-55
65,Private,190862,Assoc-voc,11,Married-civ-spouse,Machine-op-inspct,Husband,White,Male,0,0,56,United-States,<=50K,0,0,0,3640,0.0,0.0,56-65
21,Federal-gov,171536,HS-grad,9,Divorced,Unknown,Not-in-family,White,Male,0,0,14,United-States,<=50K,0,0,0,294,0.0,0.0,18-25
75,Private,276735,Some-college,10,Married-civ-spouse,Adm-clerical,Husband,White,Male,0,0,37,United-States,<=50K,0,0,0,2775,0.0,0.0,66+
40,Private,456916,Some-college,10,Never-married,Craft-repair,Own-child,White,Female,0,0,49,United-States,<=50K,0,0,0,1960,0.0,0.0,36-45
48,Private,88898,HS-grad,9,Never-married,Exec-managerial,Unmarried,White,Male,0,0,37,United-States,<=50K,0,0,0,1776,0.0,0.0,46-55
56,Private,211416,HS-grad,9,Widowed,Farming-fishing,Other-relative,White,Female,0,609,41,United-States,<=50K,0,1,-609,2296,0.0,6.413458957167357,56-65
57,Private,132184,Bachelors,13,Married-civ-spouse,Exec-managerial,Own-child,White,Male,0,0,42,United-States,>50K,0,0,0,2394,0.0,0.0,56-65
19,State-gov,101154,Some-college,10,Married-civ-spouse,Protective-serv,Husband,White,Female,0,0,43,United-States,<=50K,0,0,0,817,0.0,0.0,18-25
71,Unknown,343693,7th-8th,4,Married-civ-spouse,Exec-managerial,Own-child,White,Male,0,0,32,United-States,<=50K,0,0,0,2272,0.0,0.0,66+
56,Private,498128,HS-grad,9,Separated,Handlers-cleaners,Unmarried,White,Female,0,0,48,United-States,<=50K,0,0,0,2688,0.0,0.0,56-65
79,Private,495360,HS-grad,9,Married-civ-spouse,Handlers-cleaners,Husband,White,Male,0,0,43,United-States,<=50K,0,0,0,3397,0.0,0.0,66+
47,Local-gov,287425,Some-college,10,Married-civ-spouse,Tech-support,Own-child,White,Female,0,0,29,United-States,<=50K,0,0,0,1363,0.0,0.0,46-55
56,Private,12445,Some-college,10,Never-married,Priv-house-serv,Not-in-family,White,Female,0,0,35,United-States,<=50K,0,0,0,1960,0.0,0.0,56-65
45,Private,426833,1st-4th,2,Married-civ-spouse,Craft-repair,Not-in-family,White,Male,0,0,26,Mexico,<=50K,0,0,0,1170,0.0,0.0,36-45
73,Unknown,355808,Some-college,10,Divorced,Handlers-cleaners,Husband,White,Male,78168,0,42,United-States,>50K,1,0,78168,3066,11.266628428501106,0.0,66+
69,Private,167234,Assoc-acdm,12,Divorced,Protective-serv,Husband,White,Male,766,2385,45,United-States,>50K,1,1,-1619,3105,6.642486801367256,7.777373602657861,66+
74,Private,439577,Assoc-acdm,12,Never-married,Armed-Forces,Husband,White,Male,0,0,42,United-States,<=50K,0,0,0,3108,0.0,0.0,66+
49,Federal-gov,123401,7th-8th,4,Never-married,Sales,Husband,White,Female,0,0,45,United-States,<=50K,0,0,0,2205,0.0,0.0,46-55
67,Unknown,303768,HS-grad,9,Married-civ-spouse,Prof-specialty,Husband,White,Male,60254,0,41,Japan,<=50K,1,0,60254,2747,11.006340835461492,0.0,66+
40,Private,103103,HS-grad,9,Never-married,Machine-op-inspct,Not-in-family,White,Female,0,0,48,United-States,<=50K,0,0,0,1920,0.0,0.0,36-45
46,Private,256983,11th,7,Divorced,Farming-fishing,Not-in-family,White,Male,0,0,39,United-States,<=50K,0,0,0,1794,0.0,0.0,46-55
65,State-gov,380074,HS-grad,9,Married-civ-spouse,Sales,Not-in-family,White,Female,0,0,47,United-States,<=50K,0,0,0,3055,0.0,0.0,56-65
23,Private,362389,7th-8th,4,Separated,Machine-op-inspct,Not-in-family,White,Male,0,0,27,United-States,<=50K,0,0,0,621,0.0,0.0,18-25
62,Private,483664,10th,6,Never-married,Priv-house-serv,Husband,Amer-Indian-Eskimo,Male,0,0,26,United-States,<=50K,0,0,0,1612,0.0,0.0,56-65
18,Private,380093,Some-college,10,Widowed,Transport-moving,Husband,Asian-Pac-Islander,Female,0,0,41,United-States,<=50K,0,0,0,738,0.0,0.0,18-25
54,State-gov,471292,HS-grad,9,Never-married,Priv-house-serv,Not-in-family,White,Male,0,0,47,United-States,<=50K,0,0,0,2538,0.0,0.0,46-55
47,Local-gov,442797,Assoc-voc,11,Married-civ-spouse,Protective-serv,Own-child,White,Male,66047,0,37,United-States,>50K,1,0,66047,1739,11.09813702940118,0.0,46-55
47,Private,356510,5th-6th,3,Divorced,Protective-serv,Own-child,White,Male,0,0,46,Cuba,<=50K,0,0,0,2162,0.0,0.0,46-55
48,Private,183873,Some-college,10,Married-civ-spouse,Machine-op-inspct,Own-child,White,Male,0,0,43,United-States,<=50K,0,0,0,2064,0.0,0.0,46-55
48,Private,364264,HS-grad,9,Married-civ-spouse,Armed-Forces,Not-in-family,White,Male,0,0,20,United-States,<=50K,0,0,0,960,0.0,0.0,46-55
43,Self-emp-inc,30060,Bachelors,13,Married-civ-spouse,Handlers-cleaners,Not-in-family,White,Male,0,0,63,United-States,<=50K,0,0,0,2709,0.0,0.0,36-45
45,Self-emp-not-inc,139828,Assoc-acdm,12,Married-civ-spouse,Unknown,Husband,White,Male,0,0,27,Other,<=50K,0,0,0,1215,0.0,0.0,36-45
53,State-gov,240863,HS-grad,9,Married-civ-spouse,Armed-Forces,Husband,White,Male,0,0,31,United-States,<=50K,0,0,0,1643,0.0,0.0,46-55
65,Private,193892,Some-college,10,Never-married,Tech-support,Not-in-family,White,Male,0,0,51,United-States,<=50K,0,0,0,3315,0.0,0.0,56-65
52,Private,149395,HS-grad,9,Married-civ-spouse,Armed-Forces,Own-child,White,Male,0,0,40,United-States,<=50K,0,0,0,2080,0.0,0.0,46-55
57,Private,42469,Some-college,10,Divorced,Priv-house-serv,Husband,White,Male,0,0,32,United-States,<=50K,0,0,0,1824,0.0,0.0,56-65
69,Self-emp-inc,455254,9th,5,Never-married,Armed-Forces,Not-in-family,White,Female,0,2250,35,United-States,<=50K,0,1,-2250,2415,0.0,7.719129840906732,66+
79,Private,285812,HS-grad,9,Never-married,Transport-moving,Not-in-family,White,Female,0,0,31,United-States,<=50K,0,0,0,2449,0.0,0.0,66+
24,Private,225513,11th,7,Married-civ-spouse,Other-service,Husband,White,Female,0,0,32,United-States,<=50K,0,0,0,768,0.0,0.0,18-25
62,Self-emp-not-inc,479698,Bachelors,13,Never-married,Exec-managerial,Husband,White,Male,0,0,48,United-States,<=50K,0,0,0,2976,0.0,0.0,56-65
31,Private,382595,HS-grad,9,Never-married,Tech-support,Unmarried,White,Male,0,0,35,United-States,<=50K,0,0,0,1085,0.0,0.0,26-35
30,Self-emp-inc,335477,Some-college,10,Never-married,Adm-clerical,Husband,Black,Female,0,0,29,United-States,<=50K,0,0,0,870,0.0,0.0,26-35
67,Private,210528,HS-grad,9,Married-civ-spouse,Handlers-cleaners,Other-relative,White,Male,0,0,32,United-States,<=50K,0,0,0,2144,0.0,0.0,66+
22,Private,221720,HS-grad,9,Married-civ-spouse,Handlers-cleaners,Not-in-family,White,Female,0,0,38,United-States,<=50K,0,0,0,836,0.0,0.0,18-25
70,Private,214831,12th,8,Never-married,Transport-moving,Other-relative,Asian-Pac-Islander,Female,0,0,33,United-States,<=50K,0,0,0,2310,0.0,0.0,66+
65,Private,159873,Bachelors,13,Married-civ-spouse,Priv-house-serv,Wife,White,Female,0,0,37,Mexico,<=50K,0,0,0,2405,0.0,0.0,56-65
79,Self-emp-not-inc,470350,Bachelors,13,Never-married,Craft-repair,Husband,Black,Male,0,0,43,United-States,>50K,0,0,0,3397,0.0,0.0,66+
59,Private,251995,10th,6,Never-married,Protective-serv,Husband,White,Female,0,0,35,United-States,<=50K,0,0,0,2065,0.0,0.0,56-65
72,Private,243103,Assoc-acdm,12,Never-married,Prof-specialty,Husband,White,Female,0,0,31,Germany,<=50K,0,0,0,2232,0.0,0.0,66+
25,Private,179387,HS-grad,9,Widowed,Transport-moving,Husband,White,Male,0,0,33,United-States,<=50K,0,0,0,825,0.0,0.0,18-25
73,Private,199816,1st-4th,2,Never-married,Adm-clerical,Husband,White,Male,81759,0,54,United-States,<=50K,1,0,81759,3942,11.311543405437531,0.0,66+
27,Without-pay,463179,Some-college,10,Separated,Handlers-cleaners,Husband,Other,Male,0,0,62,England,<=50K,0,0,0,1674,0.0,0.0,26-35
37,Self-emp-not-inc,396709,10th,6,Never-married,Other-service,Not-in-family,Black,Female,0,0,40,United-States,<=50K,0,0,0,1480,0.0,0.0,36-45
25,Private,357727,HS-grad,9,Married-civ-spouse,Other-service,Husband,White,Male,0,0,47,United-States,<=50K,0,0,0,1175,0.0,0.0,18-25
42,Private,332643,Assoc-voc,11,Never-married,Transport-moving,Husband,White,Female,0,0,31,United-States,>50K,0,0,0,1302,0.0,0.0,36-45
64,Private,137721,HS-grad,9,Never-married,Unknown,Husband,White,Female,0,0,34,United-States,<=50K,0,0,0,2176,0.0,0.0,56-65
34,Private,75717,Bachelors,13,Married-spouse-absent,Sales,Not-in-family,White,Male,0,0,44,Mexico,<=50K,0,0,0,1496,0.0,0.0,26-35
68,Private,223505,Some-college,10,Married-civ-spouse,Tech-support,Wife,White,Male,0,0,16,United-States,<=50K,0,0,0,1088,0.0,0.0,66+
55,Private,322389,Bachelors,13,Married-civ-spouse,Priv-house-serv,Not-in-family,White,Male,0,0,48,United-States,<=50K,0,0,0,2640,0.0,0.0,46-55
56,Private,16261,Some-college,10,Never-married,Prof-specialty,Husband,White,Male,0,0,34,United-States,<=50K,0,0,0,1904,0.0,0.0,56-65
76,Self-emp-not-inc,11868,Bachelors,13,Married-civ-spouse,Exec-managerial,Husband,White,Female,0,0,29,Puerto-Rico,>50K,0,0,0,2204,0.0,0.0,66+
44,Private,20688,HS-grad,9,Never-married,Prof-specialty,Not-in-family,White,Female,0,0,44,Mexico,<=50K,0,0,0,1936,0.0,0.0,36-45
39,Self-emp-not-inc,19782,Some-college,10,Divorced,Adm-clerical,Husband,White,Male,0,0,54,United-States,<=50K,0,0,0,2106,0.0,0.0,36-45
79,State-gov,228182,Some-college,10,Married-civ-spouse,Handlers-cleaners,Not-in-family,White,Female,0,0,37,United-States,<=50K,0,0,0,2923,0.0,0.0,66+
52,Private,257695,Bachelors,13,Married-civ-spouse,Machine-op-inspct,Unmarried,White,Male,0,0,43,United-States,<=50K,0,0,0,2236,0.0,0.0,46-55
56,Private,224000,11th,7,Never-married,Sales,Wife,White,Male,0,0,45,United-States,<=50K,0,0,0,2520,0.0,0.0,56-65
36,Self-emp-not-inc,57081,Some-college,10,Married-civ-spouse,Unknown,Husband,White,Male,0,0,42,United-States,<=50K,0,0,0,1512,0.0,0.0,36-45
31,Private,15790,Assoc-acdm,12,Never-married,Protective-serv,Unmarried,White,Female,0,0,30,United-States,<=50K,0,0,0,930,0.0,0.0,26-35
28,Private,316079,HS-grad,9,Never-married,Handlers-cleaners,Other-relative,Asian-Pac-Islander,Female,0,0,42,United-States,<=50K,0,0,0,1176,0.0,0.0,26-35
31,Private,189825,Bachelors,13,Never-married,Armed-Forces,Not-in-family,White,Female,0,0,42,United-States,>50K,0,0,0,1302,0.0,0.0,26-35
30,Self-emp-inc,70442,HS-grad,9,Married-civ-spouse,Priv-house-serv,Husband,White,Female,90301,0,13,United-States,<=50K,1,0,90301,390,11.410914887554046,0.0,26-35
64,Self-emp-inc,143191,11th,7,Married-civ-spouse,Farming-fishing,Husband,White,Female,0,0,49,United-States,<=50K,0,0,0,3136,0.0,0.0,56-65
21,Federal-gov,134651,Some-college,10,Never-married,Machine-op-inspct,Other-relative,Black,Male,0,0,25,United-States,<=50K,0,0,0,525,0.0,0.0,18-25
57,Private,147027,HS-grad,9,Married-civ-spouse,Priv-house-serv,Not-in-family,White,Male,0,0,41,Mexico,<=50K,0,0,0,2337,0.0,0.0,56-65
76,Private,84917,1st-4th,2,Married-civ-spouse,Tech-support,Husband,White,Female,0,0,55,United-States,<=50K,0,0,0,4180,0.0,0.0,66+
65,Self-emp-inc,175009,7th-8th,4,Widowed,Unknown,Own-child,White,Female,0,0,38,Philippines,<=50K,0,0,0,2470,0.0,0.0,56-65
42,Federal-gov,89418,12th,8,Married-civ-spouse,Farming-fishing,Not-in-family,White,Male,0,0,30,United-States,<=50K,0,0,0,1260,0.0,0.0,36-45
21,Private,302997,Assoc-acdm,12,Married-civ-spouse,Craft-repair,Husband,White,Female,0,0,46,United-States,<=50K,0,0,0,966,0.0,0.0,18-25
69,State-gov,208994,Bachelors,13,Married-spouse-absent,Other-service,Unmarried,White,Female,0,0,54,United-States,>50K,0,0,0,3726,0.0,0.0,66+
18,Federal-gov,364974,Some-college,10,Married-civ-spouse,Tech-support,Husband,White,Male,0,0,29,United-States,<=50K,0,0,0,522,0.0,0.0,18-25
60,Unknown,390105,9th,5,Married-civ-spouse,Handlers-cleaners,Husband,White,Female,0,0,16,United-States,<=50K,0,0,0,960,0.0,0.0,56-65
59,Private,201921,Some-college,10,Divorced,Machine-op-inspct,Husband,White,Female,0,0,52,United-States,<=50K,0,0,0,3068,0.0,0.0,56-65
29,Private,445371,Bachelors,13,Never-married,Handlers-cleaners,Husband,White,Female,0,0,49,United-States,<=50K,0,0,0,1421,0.0,0.0,26-35
63,Self-emp-not-inc,490992,Assoc-acdm,12,Separated,Tech-support,Husband,Asian-Pac-Islander,Male,0,0,44,United-States,>50K,0,0,0,2772,0.0,0.0,56-65
28,Private,229041,HS-grad,9,Never-married,Handlers-cleaners,Own-child,White,Male,0,0,22,United-States,<=50K,0,0,0,616,0.0,0.0,26-35
31,Private,295163,10th,6,Married-spouse-absent,Protective-serv,Husband,White,Male,0,0,46,United-States,<=50K,0,0,0,1426,0.0,0.0,26-35
68,Private,228740,Bachelors,13,Married-civ-spouse,Tech-support,Own-child,Black,Male,0,0,50,United-States,>50K,0,0,0,3400,0.0,0.0,66+
78,Federal-gov,349719,Bachelors,13,Never-married,Transport-moving,Not-in-family,Black,Male,0,0,62,Cuba,>50K,0,0,0,4836,0.0,0.0,66+
34,Federal-gov,63865,7th-8th,4,Married-civ-spouse,Sales,Husband,White,Female,0,0,37,United-States,<=50K,0,0,0,1258,0.0,0.0,26-35
75,Self-emp-not-inc,231691,Bachelors,13,Separated,Craft-repair,Husband,White,Male,0,0,42,United-States,<=50K,0,0,0,3150,0.0,0.0,66+
74,Private,252133,9th,5,Widowed,Tech-support,Not-in-family,White,Male,0,0,18,United-States,<=50K,0,0,0,1332,0.0,0.0,66+
65,Private,470386,7th-8th,4,Married-civ-spouse,Tech-support,Own-child,White,Male,0,0,50,United-States,<=50K,0,0,0,3250,0.0,0.0,56-65
26,Private,421446,Assoc-acdm,12,Never-married,Prof-specialty,Husband,White,Male,0,0,49,Other,<=50K,0,0,0,1274,0.0,0.0,26-35
36,Private,273991,Some-college,10,Never-married,Handlers-cleaners,Other-relative,White,Female,0,0,44,United-States,<=50K,0,0,0,1584,0.0,0.0,36-45
60,Private,289741,HS-grad,9,Married-civ-spouse,Adm-clerical,Not-in-family,White,Female,0,0,52,United-States,<=50K,0,0,0,3120,0.0,0.0,56-65
79,State-gov,375004,Bachelors,13,Never-married,Craft-repair,Husband,Amer-Indian-Eskimo,Male,0,0,32,United-States,>50K,0,0,0,2528,0.0,0.0,66+
68,Private,41515,Bachelors,13,Married-spouse-absent,Farming-fishing,Other-relative,Black,Female,0,0,38,United-States,<=50K,0,0,0,2584,0.0,0.0,66+
44,Private,265171,7th-8th,4,Married-civ-spouse,Transport-moving,Unmarried,Black,Male,0,0,38,United-States,<=50K,0,0,0,1672,0.0,0.0,36-45
32,Private,245226,Some-college,10,Married-civ-spouse,Tech-support,Not-in-family,White,Male,0,0,51,United-States,<=50K,0,0,0,1632,0.0,0.0,26-35
77,Self-emp-inc,434977,Assoc-acdm,12,Married-spouse-absent,Unknown,Husband,White,Female,0,2650,51,United-States,<=50K,0,1,-2650,3927,0.0,7.8826922062890254,66+
35,Private,364296,Some-college,10,Married-civ-spouse,Craft-repair,Not-in-family,White,Male,0,0,43,United-States,<=50K,0,0,0,1505,0.0,0.0,26-35
39,Private,384757,Prof-school,15,Divorced,Handlers-cleaners,Husband,White,Male,0,0,43,United-States,<=50K,0,0,0,1677,0.0,0.0,36-45
77,Private,48551,Assoc-voc,11,Never-married,Farming-fishing,Husband,White,Male,0,0,46,United-States,>50K,0,0,0,3542,0.0,0.0,66+
52,Private,414288,9th,5,Never-married,Protective-serv,Husband,White,Male,0,0,37,United-States,<=50K,0,0,0,1924,0.0,0.0,46-55
34,Private,342078,12th,8,Married-civ-spouse,Machine-op-inspct,Not-in-family,White,Male,0,0,54,United-States,<=50K,0,0,0,1836,0.0,0.0,26-35
18,Private,40904,Bachelors,13,Married-civ-spouse,Handlers-cleaners,Husband,Amer-Indian-Eskimo,Female,0,252,35,United-States,<=50K,0,1,-252,630,0.0,5.53338948872752,18-25
44,Self-emp-not-inc,325294,Doctorate,16,Never-married,Priv-house-serv,Unmarried,White,Male,0,0,44,United-States,>50K,0,0,0,1936,0.0,0.0,36-45
79,Private,290452,9th,5,Divorced,Sales,Unmarried,White,Male,0,0,34,United-States,<=50K,0,0,0,2686,0.0,0.0,66+
44,Private,75394,9th,5,Never-married,Other-service,Husband,White,Male,0,0,49,India,<=50K,0,0,0,2156,0.0,0.0,36-45
61,Private,266191,Assoc-acdm,12,Never-married,Handlers-cleaners,Own-child,White,Male,73504,0,39,United-States,>50K,1,0,73504,2379,11.205108710098067,0.0,56-65
33,Private,418264,7th-8th,4,Married-civ-spouse,Craft-repair,Unmarried,White,Male,0,0,61,Philippines,<=50K,0,0,0,2013,0.0,0.0,26-35
66,Unknown,200934,7th-8th,4,Never-married,Tech-support,Own-child,White,Female,0,0,39,Mexico,<=50K,0,0,0,2574,0.0,0.0,66+
66,Private,140638,Bachelors,13,Never-married,Prof-specialty,Not-in-family,White,Male,0,0,49,United-States,>50K,0,0,0,3234,0.0,0.0,66+
55,State-gov,146095,Bachelors,13,Widowed,Other-service,Wife,White,Male,0,0,34,Unknown,>50K,0,0,0,1870,0.0,0.0,46-55
65,Never-worked,361833,Bachelors,13,Married-civ-spouse,Adm-clerical,Husband,White,Male,0,0,37,United-States,<=50K,0,0,0,2405,0.0,0.0,56-65
53,Private,410601,Some-college,10,Married-civ-spouse,Machine-op-inspct,Husband,Other,Male,0,0,40,United-States,<=50K,0,0,0,2120,0.0,0.0,46-55
41,Private,393434,HS-grad,9,Never-married,Handlers-cleaners,Husband,White,Male,0,0,44,United-States,<=50K,0,0,0,1804,0.0,0.0,36-45
63,Self-emp-not-inc,151834,Bachelors,13,Widowed,Handlers-cleaners,Unmarried,White,Male,0,0,33,United-States,>50K,0,0,0,2079,0.0,0.0,56-65
69,Local-gov,224349,HS-grad,9,Married-spouse-absent,Craft-repair,Own-child,White,Female,0,0,34,United-States,<=50K,0,0,0,2346,0.0,0.0,66+
70,Private,287987,HS-grad,9,Married-civ-spouse,Prof-specialty,Own-child,White,Female,0,0,41,United-States,>50K,0,0,0,2870,0.0,0.0,66+
31,Private,353003,Bachelors,13,Divorced,Tech-support,Not-in-family,Black,Male,0,0,44,United-States,<=50K,0,0,0,1364,0.0,0.0,26-35
59,Private,253515,Assoc-voc,11,Married-civ-spouse,Exec-managerial,Unmarried,White,Male,0,0,40,United-States,>50K,0,0,0,2360,0.0,0.0,56-65
18,State-gov,336064,Bachelors,13,Never-married,Farming-fishing,Husband,Asian-Pac-Islander,Female,0,0,38,United-States,<=50K,0,0,0,684,0.0,0.0,18-25
53,Private,259912,11th,7,Never-married,Armed-Forces,Not-in-family,Asian-Pac-Islander,Female,0,0,27,United-States,<=50K,0,0,0,1431,0.0,0.0,46-55
53,Private,32663,Masters,14,Never-married,Exec-managerial,Wife,White,Male,0,0,45,United-States,>50K,0,0,0,2385,0.0,0.0,46-55
40,Private,467562,Some-college,10,Married-civ-spouse,Sales,Not-in-family,White,Female,83938,0,48,United-States,<=50K,1,0,83938,1920,11.337845623545235,0.0,36-45
79,Private,147633,Some-college,10,Widowed,Farming-fishing,Not-in-family,Black,Male,0,0,50,United-States,<=50K,0,0,0,3950,0.0,0.0,66+
72,Unknown,447719,Bachelors,13,Married-civ-spouse,Protective-serv,Unmarried,Black,Male,0,0,42,United-States,<=50K,0,0,0,3024,0.0,0.0,66+
20,Private,244110,HS-grad,9,Divorced,Exec-managerial,Not-in-family,White,Female,0,0,34,United-States,<=50K,0,0,0,680,0.0,0.0,18-25
30,State-gov,298645,Assoc-voc,11,Never-married,Priv-house-serv,Unmarried,White,Male,0,0,37,United-States,<=50K,0,0,0,1110,0.0,0.0,26-35
30,Self-emp-not-inc,441553,Some-college,10,Divorced,Exec-managerial,Husband,White,Male,0,0,42,United-States,<=50K,0,0,0,1260,0.0,0.0,26-35
73,Private,109411,Assoc-acdm,12,Never-married,Adm-clerical,Not-in-family,White,Female,0,0,40,United-States,<=50K,0,0,0,2920,0.0,0.0,66+
50,Self-emp-inc,60379,Bachelors,13,Never-married,Other-service,Not-in-family,White,Male,0,0,32,United-States,>50K,0,0,0,1600,0.0,0.0,46-55
63,Self-emp-not-inc,100597,Assoc-voc,11,Married-civ-spouse,Sales,Husband,White,Male,0,0,23,United-States,<=50K,0,0,0,1449,0.0,0.0,56-65
68,Private,417927,7th-8th,4,Married-civ-spouse,Armed-Forces,Unmarried,White,Male,0,0,34,United-States,<=50K,0,0,0,2312,0.0,0.0,66+
65,Private,63486,11th,7,Divorced,Prof-specialty,Not-in-family,White,Male,0,0,37,United-States,>50K,0,0,0,2405,0.0,0.0,56-65
23,Self-emp-inc,322459,Masters,14,Never-married,Tech-support,Other-relative,White,Male,0,0,43,United-States,>50K,0,0,0,989,0.0,0.0,18-25
26,Private,236349,Prof-school,15,Divorced,Transport-moving,Husband,Other,Female,0,2138,36,United-States,<=50K,0,1,-2138,936,0.0,7.668093709082406,26-35
42,Private,51920,Prof-school,15,Married-civ-spouse,Craft-repair,Other-relative,White,Male,0,0,37,United-States,<=50K,0,0,0,1554,0.0,0.0,36-45
38,Private,102920,5th-6th,3,Married-civ-spouse,Craft-repair,Husband,White,Male,0,0,41,United-States,<=50K,0,0,0,1558,0.0,0.0,36-45
64,Private,410335,HS-grad,9,Never-married,Priv-house-serv,Unmarried,White,Male,0,0,56,United-States,<=50K,0,0,0,3584,0.0,0.0,56-65
27,Private,227971,Assoc-acdm,12,Divorced,Exec-managerial,Wife,White,Female,0,0,38,United-States,<=50K,0,0,0,1026,0.0,0.0,26-35
41,Private,303182,Assoc-acdm,12,Divorced,Craft-repair,Not-in-family,White,Female,0,0,25,United-States,<=50K,0,0,0,1025,0.0,0.0,36-45
32,Private,181120,9th,5,Divorced,Armed-Forces,Own-child,Black,Male,0,0,33,United-States,<=50K,0,0,0,1056,0.0,0.0,26-35
29,Private,263892,Some-college,10,Married-civ-spouse,Sales,Not-in-family,Other,Male,0,0,58,Japan,<=50K,0,0,0,1682,0.0,0.0,26-35
28,Unknown,25477,10th,6,Married-civ-spouse,Adm-clerical,Husband,White,Male,0,0,54,United-States,<=50K,0,0,0,1512,0.0,0.0,26-35
30,Private,497339,HS-grad,9,Married-civ-spouse,Sales,Other-relative,White,Female,0,0,49,Other,<=50K,0,0,0,1470,0.0,0.0,26-35
52,Local-gov,396627,HS-grad,9,Never-married,Adm-clerical,Other-relative,White,Female,0,0,47,United-States,<=50K,0,0,0,2444,0.0,0.0,46-55
43,Local-gov,305445,7th-8th,4,Married-civ-spouse,Farming-fishing,Husband,White,Male,0,0,47,United-States,<=50K,0,0,0,2021,0.0,0.0,36-45
44,Private,475695,9th,5,Married-civ-spouse,Transport-moving,Not-in-family,White,Male,0,0,38,United-States,<=50K,0,0,0,1672,0.0,0.0,36-45
47,Private,483306,Bachelors,13,Married-spouse-absent,Prof-specialty,Not-in-family,Black,Male,0,0,49,United-States,<=50K,0,0,0,2303,0.0,0.0,46-55
63,Private,209026,Assoc-acdm,12,Married-civ-spouse,Adm-clerical,Husband,White,Female,0,0,49,United-States,>50K,0,0,0,3087,0.0,0.0,56-65
71,Self-emp-inc,486067,Masters,14,Divorced,Priv-house-serv,Husband,White,Female,0,0,48,United-States,>50K,0,0,0,3408,0.0,0.0,66+
50,Private,163658,HS-grad,9,Married-civ-spouse,Priv-house-serv,Own-child,White,Female,0,0,34,China,<=50K,0,0,0,1700,0.0,0.0,46-55
57,Private,427168,HS-grad,9,Married-civ-spouse,Unknown,Wife,White,Male,0,0,37,United-States,<=50K,0,0,0,2109,0.0,0.0,56-65
63,Private,34122,HS-grad,9,Married-civ-spouse,Prof-specialty,Husband,White,Female,0,0,34,United-States,>50K,0,0,0,2142,0.0,0.0,56-65
60,Private,185694,Some-college,10,Never-married,Machine-op-inspct,Husband,White,Female,0,0,50,United-States,>50K,0,0,0,3000,0.0,0.0,56-65
26,Self-emp-inc,18767,HS-grad,9,Divorced,Armed-Forces,Husband,White,Male,0,0,43,United-States,<=50K,0,0,0,1118,0.0,0.0,26-35
78,Self-emp-not-inc,415295,Assoc-acdm,12,Never-married,Sales,Unmarried,Black,Male,0,0,44,United-States,>50K,0,0,0,3432,0.0,0.0,66+
28,Private,320863,Bachelors,13,Widowed,Farming-fishing,Wife,White,Male,0,0,46,United-States,<=50K,0,0,0,1288,0.0,0.0,26-35
43,Private,38629,Bachelors,13,Married-civ-spouse,Priv-house-serv,Other-relative,White,Male,0,0,26,United-States,<=50K,0,0,0,1118,0.0,0.0,36-45
58,Private,274395,HS-grad,9,Never-married,Handlers-cleaners,Not-in-family,White,Female,0,0,49,United-States,<=50K,0,0,0,2842,0.0,0.0,56-65
43,Private,122459,Some-college,10,Married-civ-spouse,Protective-serv,Not-in-family,White,Female,0,0,35,United-States,>50K,0,0,0,1505,0.0,0.0,36-45
33,Private,394488,HS-grad,9,Divorced,Prof-specialty,Husband,White,Male,94956,0,36,Unknown,<=50K,1,0,94956,1188,11.461179436535136,0.0,26-35
75,Private,106408,5th-6th,3,Never-married,Priv-house-serv,Own-child,White,Male,4399,0,32,United-States,<=50K,1,0,4399,2400,8.389359819906353,0.0,66+
22,Local-gov,276828,Assoc-voc,11,Married-civ-spouse,Farming-fishing,Other-relative,White,Male,0,0,41,United-States,<=50K,0,0,0,902,0.0,0.0,18-25
33,Private,336790,Some-college,10,Married-spouse-absent,Tech-support,Not-in-family,Asian-Pac-Islander,Male,0,0,39,United-States,<=50K,0,0,0,1287,0.0,0.0,26-35
79,Self-emp-not-inc,104739,Assoc-voc,11,Never-married,Priv-house-serv,Other-relative,Black,Male,0,0,26,United-States,<=50K,0,0,0,2054,0.0,0.0,66+
63,Private,34868,9th,5,Married-civ-spouse,Farming-fishing,Husband,Black,Male,0,0,22,United-States,<=50K,0,0,0,1386,0.0,0.0,56-65
23,Private,432840,Doctorate,16,Married-civ-spouse,Unknown,Husband,White,Female,0,0,38,United-States,<=50K,0,0,0,874,0.0,0.0,18-25
64,Private,66989,Doctorate,16,Never-married,Farming-fishing,Husband,White,Male,0,0,48,United-States,>50K,0,0,0,3072,0.0,0.0,56-65
78,Private,444892,HS-grad,9,Divorced,Machine-op-inspct,Not-in-family,White,Male,0,0,47,United-States,<=50K,0,0,0,3666,0.0,0.0,66+
24,Private,129834,Bachelors,13,Married-civ-spouse,Armed-Forces,Not-in-family,White,Female,0,0,50,United-States,<=50K,0,0,0,1200,0.0,0.0,18-25
43,State-gov,392462,HS-grad,9,Divorced,Unknown,Own-child,White,Male,0,0,38,United-States,<=50K,0,0,0,1634,0.0,0.0,36-45
47,Federal-gov,313276,Assoc-acdm,12,Married-civ-spouse,Sales,Own-child,White,Male,0,0,36,United-States,<=50K,0,0,0,1692,0.0,0.0,46-55
26,Self-emp-not-inc,476256,Bachelors,13,Married-AF-spouse,Tech-support,Wife,White,Female,0,0,39,United-States,<=50K,0,0,0,1014,0.0,0.0,26-35
30,Private,217371,Bachelors,13,Married-civ-spouse,Priv-house-serv,Own-child,White,Male,0,0,48,United-States,<=50K,0,0,0,1440,0.0,0.0,26-35
28,Unknown,439152,Bachelors,13,Divorced,Armed-Forces,Husband,White,Male,0,0,56,United-States,<=50K,0,0,0,1568,0.0,0.0,26-35
29,Private,248480,HS-grad,9,Never-married,Farming-fishing,Own-child,Black,Female,0,0,35,United-States,<=50K,0,0,0,1015,0.0,0.0,26-35
43,Local-gov,239492,Bachelors,13,Never-married,Prof-specialty,Husband,White,Male,0,0,37,United-States,>50K,0,0,0,1591,0.0,0.0,36-45
46,Self-emp-inc,426810,Assoc-voc,11,Separated,Protective-serv,Not-in-family,White,Male,0,0,40,Canada,>50K,0,0,0,1840,0.0,0.0,46-55
32,Private,422439,10th,6,Widowed,Sales,Not-in-family,White,Male,0,0,37,United-States,<=50K,0,0,0,1184,0.0,0.0,26-35
35,Unknown,28113,10th,6,Married-civ-spouse,Farming-fishing,Husband,White,Female,0,0,34,Unknown,<=50K,0,0,0,1190,0.0,0.0,26-35
29,Private,368287,Assoc-acdm,12,Married-civ-spouse,Adm-clerical,Own-child,White,Male,0,0,39,United-States,<=50K,0,0,0,1131,0.0,0.0,26-35
67,Private,440187,Some-college,10,Never-married,Priv-house-serv,Not-in-family,Asian-Pac-Islander,Male,42231,0,32,United-States,<=50K,1,0,42231,2144,10.650933506503453,0.0,66+
31,Private,251507,Some-college,10,Married-civ-spouse,Armed-Forces,Husband,White,Female,0,0,47,United-States,<=50K,0,0,0,1457,0.0,0.0,26-35
74,Private,309699,Bachelors,13,Never-married,Prof-specialty,Husband,White,Female,0,0,55,United-States,<=50K,0,0,0,4070,0.0,0.0,66+
51,State-gov,211152,Some-college,10,Married-civ-spouse,Craft-repair,Husband,Black,Male,0,0,37,United-States,<=50K,0,0,0,1887,0.0,0.0,46-55
67,Federal-gov,446786,HS-grad,9,Separated,Other-service,Unmarried,White,Female,0,0,57,United-States,<=50K,0,0,0,3819,0.0,0.0,66+
57,Private,351446,HS-grad,9,Never-married,Transport-moving,Husband,White,Male,0,0,39,United-States,<=50K,0,0,0,2223,0.0,0.0,56-65
34,Private,398923,Some-college,10,Never-married,Prof-specialty,Unmarried,White,Female,0,0,33,Unknown,<=50K,0,0,0,1122,0.0,0.0,26-35
55,Private,44816,Assoc-acdm,12,Married-civ-spouse,Craft-repair,Husband,White,Male,0,0,47,United-States,<=50K,0,0,0,2585,0.0,0.0,46-55
34,Private,79416,Some-college,10,Married-spouse-absent,Priv-house-serv,Own-child,White,Male,0,0,31,United-States,<=50K,0,0,0,1054,0.0,0.0,26-35
25,Private,341909,Some-college,10,Never-married,Farming-fishing,Own-child,White,Male,0,0,46,United-States,<=50K,0,0,0,1150,0.0,0.0,18-25
33,Private,55324,Assoc-voc,11,Never-married,Craft-repair,Not-in-family,White,Male,0,0,43,United-States,<=50K,0,0,0,1419,0.0,0.0,26-35
35,Private,215683,Assoc-voc,11,Never-married,Farming-fishing,Husband,Black,Female,0,0,36,Other,<=50K,0,0,0,1260,0.0,0.0,26-35
26,Private,458067,Bachelors,13,Married-civ-spouse,Adm-clerical,Not-in-family,White,Male,0,0,35,United-States,<=50K,0,0,0,910,0.0,0.0,26-35
19,Private,197135,7th-8th,4,Married-civ-spouse,Armed-Forces,Unmarried,White,Male,0,1322,31,United-States,<=50K,0,1,-1322,589,0.0,7.187657164114956,18-25
76,Local-gov,34041,Assoc-acdm,12,Married-civ-spouse,Armed-Forces,Husband,Asian-Pac-Islander,Male,0,0,50,United-States,>50K,0,0,0,3800,0.0,0.0,66+
49,Private,240390,Some-college,10,Never-married,Armed-Forces,Own-child,White,Male,0,0,38,United-States,<=50K,0,0,0,1862,0.0,0.0,46-55
42,Private,80046,7th-8th,4,Never-married,Unknown,Not-in-family,White,Male,0,0,43,United-States,<=50K,0,0,0,1806,0.0,0.0,36-45
75,Private,468063,Assoc-voc,11,Married-civ-spouse,Priv-house-serv,Own-child,White,Male,0,0,40,United-States,>50K,0,0,0,3000,0.0,0.0,66+
31,Private,370576,Assoc-voc,11,Married-spouse-absent,Farming-fishing,Not-in-family,White,Female,0,0,38,United-States,<=50K,0,0,0,1178,0.0,0.0,26-35
42,Private,489367,Some-college,10,Married-civ-spouse,Machine-op-inspct,Other-relative,Black,Male,0,0,43,United-States,<=50K,0,0,0,1806,0.0,0.0,36-45
70,Private,224303,Bachelors,13,Never-married,Priv-house-serv,Husband,White,Female,0,0,45,United-States,<=50K,0,0,0,3150,0.0,0.0,66+
57,Self-emp-not-inc,488183,HS-grad,9,Divorced,Armed-Forces,Husband,White,Male,0,0,41,United-States,<=50K,0,0,0,2337,0.0,0.0,56-65
42,Self-emp-not-inc,388504,12th,8,Married-civ-spouse,Craft-repair,Husband,White,Male,0,0,38,United-States,<=50K,0,0,0,1596,0.0,0.0,36-45
33,Private,326562,HS-grad,9,Married-civ-spouse,Craft-repair,Own-child,White,Male,0,0,29,United-States,<=50K,0,0,0,957,0.0,0.0,26-35
20,Private,192945,HS-grad,9,Never-married,Handlers-cleaners,Husband,White,Male,0,3869,34,United-States,<=50K,0,1,-3869,680,0.0,8.261009786023827,18-25
23,State-gov,406023,Assoc-voc,11,Never-married,Exec-managerial,Husband,White,Male,0,0,37,United-States,<=50K,0,0,0,851,0.0,0.0,18-25
28,Private,489350,Bachelors,13,Married-civ-spouse,Machine-op-inspct,Husband,White,Female,0,870,40,United-States,>50K,0,1,-870,1120,0.0,6.769641976852503,26-35
66,Private,91660,Assoc-voc,11,Divorced,Exec-managerial,Wife,White,Male,0,0,23,United-States,>50K,0,0,0,1518,0.0,0.0,66+
57,Private,394122,11th,7,Never-married,Transport-moving,Not-in-family,White,Male,0,0,46,United-States,<=50K,0,0,0,2622,0.0,0.0,56-65
44,Private,269156,HS-grad,9,Married-civ-spouse,Protective-serv,Husband,White,Male,0,4680,43,Other,<=50K,0,1,-4680,1892,0.0,8.45126704130007,36-45
66,Private,194593,11th,7,Never-married,Sales,Husband,White,Female,0,0,34,Japan,<=50K,0,0,0,2244,0.0,0.0,66+
27,Private,162627,Assoc-voc,11,Divorced,Transport-moving,Unmarried,Black,Female,0,0,31,United-States,<=50K,0,0,0,837,0.0,0.0,26-35
31,Private,113014,HS-grad,9,Separated,Craft-repair,Own-child,Amer-Indian-Eskimo,Male,0,0,33,United-States,<=50K,0,0,0,1023,0.0,0.0,26-35
42,Private,93986,Some-college,10,Never-married,Priv-house-serv,Own-child,Black,Male,0,0,27,United-States,<=50K,0,0,0,1134,0.0,0.0,36-45
74,Private,122226,Bachelors,13,Married-civ-spouse,Farming-fishing,Other-relative,White,Male,0,0,37,United-States,>50K,0,0,0,2738,0.0,0.0,66+
56,Self-emp-not-inc,354922,Some-college,10,Never-married,Farming-fishing,Own-child,White,Male,0,0,38,United-States,<=50K,0,0,0,2128,0.0,0.0,56-65
70,Private,155183,HS-grad,9,Married-civ-spouse,Handlers-cleaners,Unmarried,White,Male,0,0,49,United-States,<=50K,0,0,0,3430,0.0,0.0,66+
33,Private,14450,HS-grad,9,Widowed,Craft-repair,Not-in-family,Black,Male,0,0,45,United-States,<=50K,0,0,0,1485,0.0,0.0,26-35
70,Private,103531,Some-college,10,Never-married,Priv-house-serv,Husband,Amer-Indian-Eskimo,Male,0,0,52,Mexico,>50K,0,0,0,3640,0.0,0.0,66+
22,Private,434073,Some-college,10,Married-civ-spouse,Craft-repair,Husband,White,Male,1211,0,41,United-States,<=50K,1,0,1211,902,7.10002716662926,0.0,18-25
32,Private,204418,9th,5,Never-married,Handlers-cleaners,Husband,White,Female,0,1699,31,United-States,<=50K,0,1,-1699,992,0.0,7.438383530044307,26-35
50,Private,496150,Bachelors,13,Married-civ-spouse,Other-service,Not-in-family,White,Male,0,0,57,United-States,<=50K,0,0,0,2850,0.0,0.0,46-55
21,Private,158190,Some-college,10,Separated,Priv-house-serv,Wife,White,Male,0,0,37,United-States,<=50K,0,0,0,777,0.0,0.0,18-25
71,Private,167001,HS-grad,9,Widowed,Adm-clerical,Not-in-family,White,Male,0,0,25,United-States,<=50K,0,0,0,1775,0.0,0.0,66+
71,Self-emp-not-inc,246361,12th,8,Never-married,Machine-op-inspct,Not-in-family,White,Male,0,0,42,Canada,<=50K,0,0,0,2982,0.0,0.0,66+
51,Self-emp-not-inc,74948,HS-grad,9,Divorced,Exec-managerial,Not-in-family,White,Male,0,0,24,United-States,<=50K,0,0,0,1224,0.0,0.0,46-55
36,Private,86411,HS-grad,9,Never-married,Transport-moving,Wife,White,Female,0,0,39,United-States,<=50K,0,0,0,1404,0.0,0.0,36-45
24,Private,397194,HS-grad,9,Married-civ-spouse,Other-service,Not-in-family,White,Female,0,0,35,United-States,<=50K,0,0,0,840,0.0,0.0,18-25
56,Self-emp-inc,133713,Some-college,10,Married-civ-spouse,Transport-moving,Not-in-family,White,Male,0,0,45,United-States,>50K,0,0,0,2520,0.0,0.0,56-65
51,Private,402393,HS-grad,9,Widowed,Armed-Forces,Wife,White,Male,32466,0,50,United-States,<=50K,1,0,32466,2550,10.387979467850263,0.0,46-55
65,Local-gov,149451,Bachelors,13,Married-civ-spouse,Sales,Unmarried,White,Female,0,0,37,England,>50K,0,0,0,2405,0.0,0.0,56-65
55,Private,393082,Masters,14,Married-civ-spouse,Farming-fishing,Own-child,White,Male,0,0,36,United-States,<=50K,0,0,0,1980,0.0,0.0,46-55
25,Private,114996,HS-grad,9,Married-civ-spouse,Exec-managerial,Unmarried,White,Male,0,0,48,United-States,<=50K,0,0,0,1200,0.0,0.0,18-25
25,Self-emp-not-inc,355767,9th,5,Married-spouse-absent,Armed-Forces,Own-child,White,Male,0,0,32,United-States,<=50K,0,0,0,800,0.0,0.0,18-25
66,Private,122150,Assoc-acdm,12,Widowed,Protective-serv,Husband,White,Female,0,0,41,United-States,<=50K,0,0,0,2706,0.0,0.0,66+
27,Private,396679,Doctorate,16,Married-civ-spouse,Exec-managerial,Not-in-family,White,Female,0,0,45,United-States,<=50K,0,0,0,1215,0.0,0.0,26-35
76,Private,151266,Bachelors,13,Married-civ-spouse,Sales,Own-child,White,Male,0,0,32,United-States,<=50K,0,0,0,2432,0.0,0.0,66+
24,Private,432826,1st-4th,2,Never-married,Craft-repair,Own-child,White,Female,0,0,37,Germany,<=50K,0,0,0,888,0.0,0.0,18-25
63,Self-emp-not-inc,264030,HS-grad,9,Married-civ-spouse,Farming-fishing,Wife,White,Male,0,0,41,United-States,<=50K,0,0,0,2583,0.0,0.0,56-65
78,Local-gov,26858,5th-6th,3,Widowed,Protective-serv,Not-in-family,White,Male,0,0,53,United-States,<=50K,0,0,0,4134,0.0,0.0,66+
45,Private,362022,Bachelors,13,Separated,Other-service,Wife,White,Male,0,0,28,United-States,<=50K,0,0,0,1260,0.0,0.0,36-45
21,Private,495874,Some-college,10,Never-married,Priv-house-serv,Not-in-family,White,Male,0,0,39,United-States,<=50K,0,0,0,819,0.0,0.0,18-25
72,Private,113992,Some-college,10,Married-civ-spouse,Transport-moving,Not-in-family,White,Male,82619,0,54,United-States,>50K,1,0,82619,3888,11.322007060950755,0.0,66+
29,Private,384727,Some-college,10,Never-married,Handlers-cleaners,Husband,White,Male,0,0,50,United-States,<=50K,0,0,0,1450,0.0,0.0,26-35
50,Private,148367,HS-grad,9,Married-spouse-absent,Sales,Husband,Asian-Pac-Islander,Female,0,0,37,Unknown,<=50K,0,0,0,1850,0.0,0.0,46-55
79,Private,277041,Some-college,10,Married-civ-spouse,Farming-fishing,Husband,White,Female,0,183,39,United-States,<=50K,0,1,-183,3081,0.0,5.214935757608986,66+
64,Self-emp-not-inc,101048,5th-6th,3,Separated,Unknown,Unmarried,White,Male,0,0,45,United-States,<=50K,0,0,0,2880,0.0,0.0,56-65
20,Private,205614,Some-college,10,Married-civ-spouse,Priv-house-serv,Not-in-family,White,Female,0,0,45,United-States,<=50K,0,0,0,900,0.0,0.0,18-25
68,Private,362896,Assoc-acdm,12,Married-spouse-absent,Machine-op-inspct,Unmarried,White,Female,0,2873,54,United-States,<=50K,0,1,-2873,3672,0.0,7.96346006663897,66+
27,Private,494177,Some-college,10,Never-married,Tech-support,Not-in-family,Asian-Pac-Islander,Female,0,0,51,United-States,<=50K,0,0,0,1377,0.0,0.0,26-35
64,Private,143582,HS-grad,9,Married-civ-spouse,Other-service,Not-in-family,White,Male,0,0,26,Canada,<=50K,0,0,0,1664,0.0,0.0,56-65
56,Private,55497,Bachelors,13,Divorced,Prof-specialty,Unmarried,White,Male,0,0,24,United-States,<=50K,0,0,0,1344,0.0,0.0,56-65
35,Private,354456,Assoc-voc,11,Married-civ-spouse,Handlers-cleaners,Husband,Asian-Pac-Islander,Male,0,0,35,United-States,<=50K,0,0,0,1225,0.0,0.0,26-35
44,Private,386392,10th,6,Married-civ-spouse,Exec-managerial,Unmarried,White,Male,0,0,21,United-States,<=50K,0,0,0,924,0.0,0.0,36-45
25,State-gov,187896,12th,8,Separated,Protective-serv,Wife,White,Female,0,0,53,United-States,<=50K,0,0,0,1325,0.0,0.0,18-25
79,Private,76482,Some-college,10,Married-civ-spouse,Sales,Own-child,White,Male,0,0,25,United-States,<=50K,0,0,0,1975,0.0,0.0,66+
32,Private,128442,HS-grad,9,Widowed,Farming-fishing,Husband,White,Male,0,0,37,United-States,<=50K,0,0,0,1184,0.0,0.0,26-35
37,Self-emp-inc,284002,10th,6,Married-civ-spouse,Prof-specialty,Husband,White,Male,0,0,31,United-States,<=50K,0,0,0,1147,0.0,0.0,36-45
49,Private,72546,11th,7,Never-married,Armed-Forces,Husband,White,Male,0,0,24,United-States,<=50K,0,0,0,1176,0.0,0.0,46-55
59,Never-worked,238209,11th,7,Widowed,Unknown,Husband,White,Female,0,0,52,Other,<=50K,0,0,0,3068,0.0,0.0,56-65
49,Private,159818,HS-grad,9,Never-married,Transport-moving,Husband,White,Male,0,0,34,United-States,<=50K,0,0,0,1666,0.0,0.0,46-55
49,Private,62691,Some-college,10,Separated,Transport-moving,Other-relative,White,Male,0,0,59,United-States,<=50K,0,0,0,2891,0.0,0.0,46-55
54,Private,34273,11th,7,Married-spouse-absent,Farming-fishing,Husband,White,Male,0,0,54,United-States,<=50K,0,0,0,2916,0.0,0.0,46-55
71,Unknown,97461,Assoc-voc,11,Never-married,Adm-clerical,Husband,White,Female,0,0,40,United-States,>50K,0,0,0,2840,0.0,0.0,66+
42,Self-emp-not-inc,372236,HS-grad,9,Never-married,Machine-op-inspct,Not-in-family,White,Male,0,0,19,United-States,<=50K,0,0,0,798,0.0,0.0,36-45
69,Private,187133,HS-grad,9,Married-civ-spouse,Tech-support,Not-in-family,White,Female,0,0,37,United-States,>50K,0,0,0,2553,0.0,0.0,66+
66,Federal-gov,164418,HS-grad,9,Married-civ-spouse,Armed-Forces,Not-in-family,Asian-Pac-Islander,Male,0,0,63,United-States,<=50K,0,0,0,4158,0.0,0.0,66+
77,Self-emp-not-inc,169262,Assoc-acdm,12,Married-civ-spouse,Armed-Forces,Husband,White,Female,0,0,44,United-States,>50K,0,0,0,3388,0.0,0.0,66+
74,Federal-gov,12756,Masters,14,Never-married,Machine-op-inspct,Wife,White,Female,0,0,38,England,<=50K,0,0,0,2812,0.0,0.0,66+
67,Local-gov,125092,HS-grad,9,Never-married,Protective-serv,Unmarried,White,Male,0,0,34,United-States,>50K,0,0,0,2278,0.0,0.0,66+
33,Private,412015,5th-6th,3,Never-married,Prof-specialty,Wife,White,Male,0,0,49,United-States,<=50K,0,0,0,1617,0.0,0.0,26-35
66,Private,248370,HS-grad,9,Widowed,Craft-repair,Not-in-family,White,Female,0,0,44,United-States,<=50K,0,0,0,2904,0.0,0.0,66+
63,Federal-gov,357782,11th,7,Married-civ-spouse,Priv-house-serv,Husband,White,Male,0,0,43,United-States,<=50K,0,0,0,2709,0.0,0.0,56-65
35,Private,301519,Bachelors,13,Widowed,Machine-op-inspct,Husband,White,Male,0,0,51,United-States,<=50K,0,0,0,1785,0.0,0.0,26-35
60,Private,22806,9th,5,Married-civ-spouse,Armed-Forces,Other-relative,White,Male,0,0,51,United-States,<=50K,0,0,0,3060,0.0,0.0,56-65
33,Private,360550,Prof-school,15,Married-civ-spouse,Other-service,Husband,Other,Female,0,0,44,United-States,<=50K,0,0,0,1452,0.0,0.0,26-35
50,Private,254415,Some-college,10,Never-married,Handlers-cleaners,Own-child,White,Male,0,0,24,United-States,<=50K,0,0,0,1200,0.0,0.0,46-55
67,Federal-gov,168326,Some-college,10,Married-civ-spouse,Farming-fishing,Not-in-family,White,Male,0,0,30,United-States,<=50K,0,0,0,2010,0.0,0.0,66+
29,Private,48972,Bachelors,13,Never-married,Craft-repair,Wife,White,Male,0,0,34,United-States,<=50K,0,0,0,986,0.0,0.0,26-35
38,Private,328100,5th-6th,3,Never-married,Armed-Forces,Husband,White,Female,0,0,40,United-States,<=50K,0,0,0,1520,0.0,0.0,36-45
67,State-gov,289267,Assoc-acdm,12,Never-married,Adm-clerical,Husband,White,Female,0,0,55,United-States,>50K,0,0,0,3685,0.0,0.0,66+
46,Private,307972,10th,6,Married-civ-spouse,Other-service,Husband,White,Male,0,0,61,United-States,<=50K,0,0,0,2806,0.0,0.0,46-55
77,Self-emp-not-inc,301966,Bachelors,13,Married-civ-spouse,Transport-moving,Not-in-family,Black,Male,0,0,44,United-States,>50K,0,0,0,3388,0.0,0.0,66+
18,Private,354713,Some-college,10,Married-civ-spouse,Protective-serv,Husband,White,Female,0,0,46,United-States,<=50K,0,0,0,828,0.0,0.0,18-25
62,Private,394386,7th-8th,4,Divorced,Prof-specialty,Husband,White,Female,0,0,25,United-States,<=50K,0,0,0,1550,0.0,0.0,56-65
68,Private,478546,Bachelors,13,Married-civ-spouse,Adm-clerical,Husband,White,Female,0,0,36,United-States,>50K,0,0,0,2448,0.0,0.0,66+
74,Private,484686,5th-6th,3,Married-civ-spouse,Transport-moving,Unmarried,White,Male,0,0,34,United-States,<=50K,0,0,0,2516,0.0,0.0,66+
27,Private,451449,10th,6,Never-married,Other-service,Wife,White,Female,0,0,34,United-States,<=50K,0,0,0,918,0.0,0.0,26-35
79,Private,493420,Bachelors,13,Widowed,Machine-op-inspct,Unmarried,White,Male,0,1178,46,United-States,>50K,0,1,-1178,3634,0.0,7.072421900537371,66+
42,Private,420348,HS-grad,9,Never-married,Machine-op-inspct,Husband,White,Female,0,0,35,United-States,<=50K,0,0,0,1470,0.0,0.0,36-45
39,Private,203922,Bachelors,13,Married-civ-spouse,Exec-managerial,Husband,White,Male,0,0,21,United-States,>50K,0,0,0,819,0.0,0.0,36-45
40,Private,358258,Some-college,10,Never-married,Exec-managerial,Not-in-family,White,Male,0,0,48,United-States,>50K,0,0,0,1920,0.0,0.0,36-45
57,Private,288725,Some-college,10,Married-civ-spouse,Adm-clerical,Husband,Other,Female,0,0,52,United-States,<=50K,0,0,0,2964,0.0,0.0,56-65
58,Self-emp-inc,147872,HS-grad,9,Married-civ-spouse,Transport-moving,Not-in-family,Black,Male,0,0,43,United-States,<=50K,0,0,0,2494,0.0,0.0,56-65
47,Local-gov,14366,10th,6,Married-civ-spouse,Prof-specialty,Unmarried,White,Male,0,3946,38,United-States,<=50K,0,1,-3946,1786,0.0,8.280711075662847,46-55
22,Private,81941,Masters,14,Widowed,Other-service,Other-relative,White,Male,0,0,31,United-States,<=50K,0,0,0,682,0.0,0.0,18-25
79,Private,487069,9th,5,Never-married,Priv-house-serv,Husband,White,Female,0,0,32,United-States,<=50K,0,0,0,2528,0.0,0.0,66+
31,Private,350500,Some-college,10,Married-civ-spouse,Other-service,Not-in-family,White,Male,0,0,51,Philippines,<=50K,0,0,0,1581,0.0,0.0,26-35
23,Private,437248,HS-grad,9,Never-married,Tech-support,Husband,White,Female,0,0,33,Other,<=50K,0,0,0,759,0.0,0.0,18-25
55,Local-gov,298681,HS-grad,9,Widowed,Exec-managerial,Not-in-family,White,Male,0,3477,60,United-States,<=50K,0,1,-3477,3300,0.0,8.154212694914229,46-55
43,State-gov,83576,Some-college,10,Married-civ-spouse,Priv-house-serv,Own-child,White,Male,0,0,49,United-States,<=50K,0,0,0,2107,0.0,0.0,36-45
56,Private,287845,Bachelors,13,Never-married,Transport-moving,Wife,White,Male,0,0,43,China,>50K,0,0,0,2408,0.0,0.0,56-65
72,Private,459446,Assoc-acdm,12,Married-civ-spouse,Exec-managerial,Husband,White,Male,0,0,67,United-States,<=50K,0,0,0,4824,0.0,0.0,66+
24,Self-emp-inc,356774,Bachelors,13,Married-civ-spouse,Machine-op-inspct,Own-child,White,Female,0,0,53,United-States,<=50K,0,0,0,1272,0.0,0.0,18-25
35,Private,156192,HS-grad,9,Separated,Armed-Forces,Not-in-family,White,Male,0,0,36,United-States,<=50K,0,0,0,1260,0.0,0.0,26-35
50,Private,318041,HS-grad,9,Married-civ-spouse,Transport-moving,Own-child,Asian-Pac-Islander,Male,0,0,30,United-States,<=50K,0,0,0,1500,0.0,0.0,46-55
66,Private,317618,1st-4th,2,Never-married,Transport-moving,Wife,White,Male,0,0,36,United-States,<=50K,0,0,0,2376,0.0,0.0,66+
55,Private,122976,Assoc-acdm,12,Married-civ-spouse,Craft-repair,Not-in-family,White,Male,0,0,39,United-States,>50K,0,0,0,2145,0.0,0.0,46-55
41,Private,254343,HS-grad,9,Never-married,Sales,Husband,White,Male,55303,0,32,United-States,<=50K,1,0,55303,1312,10.9206005176251,0.0,36-45
55,Private,457562,Some-college,10,Never-married,Craft-repair,Unmarried,White,Male,0,0,29,United-States,<=50K,0,0,0,1595,0.0,0.0,46-55
78,Private,286852,11th,7,Never-married,Armed-Forces,Husband,White,Male,0,0,42,United-States,<=50K,0,0,0,3276,0.0,0.0,66+
47,Private,441556,Bachelors,13,Never-married,Exec-managerial,Own-child,White,Female,0,0,49,United-States,<=50K,0,0,0,2303,0.0,0.0,46-55
72,Local-gov,352509,Bachelors,13,Never-married,Handlers-cleaners,Wife,Other,Male,0,0,59,United-States,<=50K,0,0,0,4248,0.0,0.0,66+
66,Local-gov,71746,Bachelors,13,Married-civ-spouse,Machine-op-inspct,Husband,White,Male,0,3204,41,United-States,>50K,0,1,-3204,2706,0.0,8.07246736935477,66+
36,Private,279441,5th-6th,3,Married-civ-spouse,Machine-op-inspct,Own-child,White,Female,0,0,46,United-States,<=50K,0,0,0,1656,0.0,0.0,36-45
33,Private,301931,Doctorate,16,Never-married,Tech-support,Not-in-family,White,Female,0,0,21,United-States,<=50K,0,0,0,693,0.0,0.0,26-35
65,Self-emp-not-inc,332778,HS-grad,9,Divorced,Protective-serv,Own-child,White,Female,92350,0,49,United-States,<=50K,1,0,92350,3185,11.43335181393909,0.0,56-65
30,Self-emp-not-inc,455791,HS-grad,9,Married-civ-spouse,Prof-specialty,Unmarried,White,Male,0,0,30,United-States,<=50K,0,0,0,900,0.0,0.0,26-35
38,Private,193681,HS-grad,9,Widowed,Protective-serv,Husband,Black,Male,0,0,43,United-States,<=50K,0,0,0,1634,0.0,0.0,36-45
32,Private,337058,HS-grad,9,Married-civ-spouse,Transport-moving,Not-in-family,White,Female,0,0,40,United-States,<=50K,0,0,0,1280,0.0,0.0,26-35
55,Private,420520,Some-college,10,Married-civ-spouse,Unknown,Own-child,White,Male,0,0,38,United-States,<=50K,0,0,0,2090,0.0,0.0,46-55
36,Self-emp-not-inc,266412,HS-grad,9,Separated,Farming-fishing,Own-child,Black,Male,0,0,25,United-States,<=50K,0,0,0,900,0.0,0.0,36-45
58,Private,29774,HS-grad,9,Never-married,Armed-Forces,Husband,White,Female,19186,0,32,United-States,<=50K,1,0,19186,1856,9.861988245358098,0.0,56-65
75,Private,457427,Some-college,10,Never-married,Exec-managerial,Husband,Black,Male,0,0,30,Canada,<=50K,0,0,0,2250,0.0,0.0,66+
69,Local-gov,117194,Bachelors,13,Married-civ-spouse,Exec-managerial,Husband,White,Male,0,0,34,United-States,>50K,0,0,0,2346,0.0,0.0,66+
76,Private,387813,Assoc-voc,11,Married-civ-spouse,Farming-fishing,Husband,White,Male,0,0,52,Mexico,>50K,0,0,0,3952,0.0,0.0,66+
19,Local-gov,371196,Some-college,10,Never-married,Sales,Husband,White,Male,0,0,36,United-States,<=50K,0,0,0,684,0.0,0.0,18-25
46,Private,332100,11th,7,Married-civ-spouse,Priv-house-serv,Unmarried,Asian-Pac-Islander,Male,0,678,33,United-States,<=50K,0,1,-678,1518,0.0,6.520621127558696,46-55
31,Private,390865,Bachelors,13,Never-married,Tech-support,Husband,Other,Male,0,0,46,United-States,<=50K,0,0,0,1426,0.0,0.0,26-35
74,Local-gov,221860,5th-6th,3,Married-civ-spouse,Protective-serv,Own-child,White,Male,0,0,43,United-States,<=50K,0,0,0,3182,0.0,0.0,66+
62,State-gov,61538,HS-grad,9,Married-civ-spouse,Exec-managerial,Husband,White,Female,0,0,60,United-States,<=50K,0,0,0,3720,0.0,0.0,56-65
37,State-gov,390299,7th-8th,4,Married-civ-spouse,Tech-support,Husband,White,Male,0,0,50,United-States,<=50K,0,0,0,1850,0.0,0.0,36-45
52,Self-emp-inc,280419,Some-college,10,Married-civ-spouse,Adm-clerical,Husband,White,Male,86762,0,20,United-States,<=50K,1,0,86762,1040,11.370935542489612,0.0,46-55
55,Private,436722,HS-grad,9,Married-civ-spouse,Sales,Not-in-family,White,Female,0,0,48,United-States,<=50K,0,0,0,2640,0.0,0.0,46-55
48,Private,165282,Some-college,10,Never-married,Exec-managerial,Not-in-family,White,Male,0,0,47,United-States,<=50K,0,0,0,2256,0.0,0.0,46-55
47,Private,90527,HS-grad,9,Never-married,Handlers-cleaners,Not-in-family,White,Male,0,0,57,United-States,>50K,0,0,0,2679,0.0,0.0,46-55
21,Local-gov,93849,HS-grad,9,Married-civ-spouse,Adm-clerical,Own-child,White,Female,0,0,38,United-States,<=50K,0,0,0,798,0.0,0.0,18-25
46,Private,351461,HS-grad,9,Never-married,Craft-repair,Wife,White,Male,0,0,51,Mexico,<=50K,0,0,0,2346,0.0,0.0,46-55
39,Self-emp-not-inc,51038,5th-6th,3,Married-civ-spouse,Tech-support,Not-in-family,White,Female,68788,0,36,United-States,<=50K,1,0,68788,1404,11.138799127417741,0.0,36-45
68,Local-gov,352044,HS-grad,9,Married-civ-spouse,Handlers-cleaners,Own-child,White,Female,0,0,43,United-States,<=50K,0,0,0,2924,0.0,0.0,66+
71,State-gov,126844,Some-college,10,Separated,Exec-managerial,Husband,White,Male,0,0,29,Mexico,<=50K,0,0,0,2059,0.0,0.0,66+
64,State-gov,81881,Some-college,10,Never-married,Adm-clerical,Husband,Asian-Pac-Islander,Female,0,0,26,Philippines,<=50K,0,0,0,1664,0.0,0.0,56-65
19,Private,181447,7th-8th,4,Never-married,Transport-moving,Not-in-family,White,Male,0,0,49,United-States,<=50K,0,0,0,931,0.0,0.0,18-25
70,Private,425465,Some-college,10,Married-civ-spouse,Adm-clerical,Own-child,Other,Female,0,0,40,United-States,>50K,0,0,0,2800,0.0,0.0,66+
42,State-gov,38975,HS-grad,9,Married-civ-spouse,Craft-repair,Unmarried,White,Male,0,0,27,United-States,>50K,0,0,0,1134,0.0,0.0,36-45
43,Private,434108,1st-4th,2,Never-married,Armed-Forces,Husband,White,Male,0,0,48,United-States,<=50K,0,0,0,2064,0.0,0.0,36-45
76,Private,456323,11th,7,Never-married,Transport-moving,Unmarried,White,Female,0,0,13,United-States,>50K,0,0,0,988,0.0,0.0,66+
71,State-gov,76259,HS-grad,9,Never-married,Tech-support,Husband,White,Female,0,0,32,United-States,<=50K,0,0,0,2272,0.0,0.0,66+
21,Private,186021,HS-grad,9,Married-spouse-absent,Transport-moving,Not-in-family,White,Female,97279,0,23,United-States,>50K,1,0,97279,483,11.485348697199994,0.0,18-25
40,Private,368656,Assoc-voc,11,Married-civ-spouse,Protective-serv,Husband,White,Female,0,0,52,United-States,<=50K,0,0,0,2080,0.0,0.0,36-45
64,Private,236741,HS-grad,9,Never-married,Machine-op-inspct,Other-relative,White,Male,0,0,36,United-States,>50K,0,0,0,2304,0.0,0.0,56-65
51,Private,125382,Assoc-acdm,12,Never-married,Priv-house-serv,Husband,White,Male,0,0,41,United-States,<=50K,0,0,0,2091,0.0,0.0,46-55
33,State-gov,271111,HS-grad,9,Married-civ-spouse,Protective-serv,Other-relative,White,Male,0,0,43,United-States,<=50K,0,0,0,1419,0.0,0.0,26-35
50,Private,123268,Some-college,10,Married-civ-spouse,Armed-Forces,Not-in-family,White,Male,0,0,48,United-States,<=50K,0,0,0,2400,0.0,0.0,46-55
71,Private,14395,Bachelors,13,Never-married,Armed-Forces,Not-in-family,White,Male,0,0,47,United-States,<=50K,0,0,0,3337,0.0,0.0,66+
31,Unknown,71890,HS-grad,9,Married-civ-spouse,Other-service,Husband,White,Male,0,0,48,United-States,<=50K,0,0,0,1488,0.0,0.0,26-35
64,Local-gov,457274,5th-6th,3,Never-married,Tech-support,Husband,White,Male,0,0,37,United-States,<=50K,0,0,0,2368,0.0,0.0,56-65
63,Local-gov,346730,Some-college,10,Never-married,Farming-fishing,Unmarried,Black,Male,0,0,49,United-States,<=50K,0,0,0,3087,0.0,0.0,56-65
72,Private,411745,Doctorate,16,Divorced,Farming-fishing,Unmarried,White,Male,0,0,33,United-States,>50K,0,0,0,2376,0.0,0.0,66+
36,Private,454717,Prof-school,15,Divorced,Machine-op-inspct,Own-child,White,Female,0,0,36,United-States,<=50K,0,0,0,1296,0.0,0.0,36-45
31,Private,95925,HS-grad,9,Never-married,Sales,Own-child,White,Female,0,0,25,Cuba,<=50K,0,0,0,775,0.0,0.0,26-35
51,Private,291424,Assoc-acdm,12,Divorced,Armed-Forces,Own-child,Black,Female,0,0,57,United-States,<=50K,0,0,0,2907,0.0,0.0,46-55
50,Private,179916,HS-grad,9,Separated,Prof-specialty,Own-child,White,Female,0,0,30,United-States,<=50K,0,0,0,1500,0.0,0.0,46-55
43,Private,136620,11th,7,Married-civ-spouse,Unknown,Husband,White,Male,23770,0,54,United-States,<=50K,1,0,23770,2322,10.076221629305257,0.0,36-45
66,Private,185872,Some-college,10,Married-spouse-absent,Adm-clerical,Other-relative,White,Male,82410,0,45,United-States,>50K,1,0,82410,2970,11.31947420213351,0.0,66+
67,Private,102727,Some-college,10,Married-civ-spouse,Protective-serv,Own-child,White,Male,0,2630,42,United-States,>50K,0,1,-2630,2814,0.0,7.875119281040293,66+
33,Private,286475,Some-college,10,Married-civ-spouse,Farming-fishing,Unmarried,White,Male,0,0,44,United-States,<=50K,0,0,0,1452,0.0,0.0,26-35
67,Private,92017,Bachelors,13,Never-married,Adm-clerical,Unmarried,White,Female,0,0,29,United-States,<=50K,0,0,0,1943,0.0,0.0,66+
32,Private,66916,HS-grad,9,Married-civ-spouse,Priv-house-serv,Husband,White,Male,0,2563,56,United-States,<=50K,0,1,-2563,1792,0.0,7.849323818040561,26-35
43,Private,110421,Some-college,10,Married-civ-spouse,Tech-support,Husband,White,Female,0,0,36,United-States,<=50K,0,0,0,1548,0.0,0.0,36-45
19,Private,314615,HS-grad,9,Married-civ-spouse,Farming-fishing,Husband,White,Female,0,0,50,United-States,<=50K,0,0,0,950,0.0,0.0,18-25
39,Private,281149,5th-6th,3,Never-married,Adm-clerical,Own-child,White,Female,0,0,35,United-States,<=50K,0,0,0,1365,0.0,0.0,36-45
77,Never-worked,415400,HS-grad,9,Never-married,Transport-moving,Not-in-family,White,Female,0,0,26,Cuba,<=50K,0,0,0,2002,0.0,0.0,66+
45,Private,497536,Masters,14,Married-civ-spouse,Unknown,Husband,White,Female,92000,0,60,United-States,>50K,1,0,92000,2700,11.429554725537322,0.0,36-45
62,Local-gov,123478,HS-grad,9,Divorced,Adm-clerical,Own-child,White,Male,0,0,34,United-States,<=50K,0,0,0,2108,0.0,0.0,56-65
24,Private,468013,10th,6,Married-civ-spouse,Sales,Unmarried,White,Female,0,719,45,Unknown,<=50K,0,1,-719,1080,0.0,6.579251212010101,18-25
57,Private,147839,Assoc-voc,11,Widowed,Craft-repair,Husband,White,Female,0,0,10,United-States,<=50K,0,0,0,570,0.0,0.0,56-65
41,Private,56020,Masters,14,Married-civ-spouse,Adm-clerical,Own-child,White,Female,0,0,39,United-States,<=50K,0,0,0,1599,0.0,0.0,36-45
64,Private,405170,Bachelors,13,Never-married,Tech-support,Unmarried,White,Male,0,0,46,Mexico,<=50K,0,0,0,2944,0.0,0.0,56-65
75,Federal-gov,108856,Some-college,10,Divorced,Craft-repair,Own-child,White,Male,0,0,41,United-States,>50K,0,0,0,3075,0.0,0.0,66+
50,Self-emp-inc,142403,HS-grad,9,Never-married,Machine-op-inspct,Wife,White,Female,0,0,39,United-States,<=50K,0,0,0,1950,0.0,0.0,46-55
24,Private,343883,Some-college,10,Widowed,Protective-serv,Husband,White,Female,0,0,38,United-States,<=50K,0,0,0,912,0.0,0.0,18-25
47,Self-emp-not-inc,404706,Bachelors,13,Married-civ-spouse,Transport-moving,Husband,White,Male,0,0,49,United-States,>50K,0,0,0,2303,0.0,0.0,46-55
25,Private,347946,Bachelors,13,Never-married,Tech-support,Husband,White,Male,0,0,27,United-States,<=50K,0,0,0,675,0.0,0.0,18-25
45,Local-gov,79882,Bachelors,13,Divorced,Craft-repair,Not-in-family,White,Male,0,0,38,United-States,<=50K,0,0,0,1710,0.0,0.0,36-45
21,Self-emp-inc,113012,HS-grad,9,Never-married,Handlers-cleaners,Husband,White,Male,0,0,54,United-States,<=50K,0,0,0,1134,0.0,0.0,18-25
57,Unknown,266679,10th,6,Married-civ-spouse,Handlers-cleaners,Husband,White,Female,42406,0,25,United-States,<=50K,1,0,42406,1425,10.655068721933102,0.0,56-65
37,Federal-gov,478628,Some-college,10,Married-civ-spouse,Tech-support,Wife,White,Male,0,0,39,Puerto-Rico,<=50K,0,0,0,1443,0.0,0.0,36-45
30,State-gov,92280,11th,7,Married-civ-spouse,Sales,Husband,White,Male,0,0,29,United-States,<=50K,0,0,0,870,0.0,0.0,26-35
19,Self-emp-not-inc,297607,7th-8th,4,Married-civ-spouse,Craft-repair,Unmarried,White,Male,0,0,43,United-States,<=50K,0,0,0,817,0.0,0.0,18-25
73,Private,499441,HS-grad,9,Widowed,Machine-op-inspct,Not-in-family,White,Male,0,0,40,United-States,>50K,0,0,0,2920,0.0,0.0,66+
69,Self-emp-inc,269171,Some-college,10,Never-married,Farming-fishing,Not-in-family,White,Male,0,0,31,United-States,<=50K,0,0,0,2139,0.0,0.0,66+
68,Private,140435,Bachelors,13,Married-civ-spouse,Prof-specialty,Husband,White,Male,0,0,40,United-States,>50K,0,0,0,2720,0.0,0.0,66+
21,Private,413184,Assoc-acdm,12,Divorced,Adm-clerical,Husband,Black,Male,0,0,41,United-States,<=50K,0,0,0,861,0.0,0.0,18-25
39,Local-gov,94516,Bachelors,13,Never-married,Other-service,Other-relative,White,Male,67175,0,34,United-States,>50K,1,0,67175,1326,11.115071319863398,0.0,36-45
78,Private,193879,Assoc-acdm,12,Married-civ-spouse,Priv-house-serv,Unmarried,White,Male,45229,0,36,United-States,>50K,1,0,45229,2808,10.719515862471889,0.0,66+
53,Federal-gov,100747,Assoc-voc,11,Divorced,Tech-support,Not-in-family,White,Female,0,0,34,United-States,<=50K,0,0,0,1802,0.0,0.0,46-55
25,Private,360096,1st-4th,2,Never-married,Machine-op-inspct,Husband,White,Female,0,0,17,Unknown,<=50K,0,0,0,425,0.0,0.0,18-25
26,Private,490354,Some-college,10,Married-civ-spouse,Exec-managerial,Own-child,White,Female,0,0,49,United-States,<=50K,0,0,0,1274,0.0,0.0,26-35
34,State-gov,459987,10th,6,Divorced,Handlers-cleaners,Own-child,White,Male,0,0,52,Cuba,<=50K,0,0,0,1768,0.0,0.0,26-35
78,Private,48394,7th-8th,4,Married-civ-spouse,Machine-op-inspct,Wife,White,Male,0,0,22,China,<=50K,0,0,0,1716,0.0,0.0,66+
28,Private,475119,11th,7,Married-civ-spouse,Farming-fishing,Husband,Black,Male,0,0,52,United-States,<=50K,0,0,0,1456,0.0,0.0,26-35
73,Private,302236,Bachelors,13,Never-married,Armed-Forces,Wife,White,Male,0,0,44,United-States,<=50K,0,0,0,3212,0.0,0.0,66+
60,Private,29492,Assoc-acdm,12,Never-married,Machine-op-inspct,Husband,Black,Male,0,2449,29,United-States,<=50K,0,1,-2449,1740,0.0,7.803843303538772,56-65
75,Private,72901,Masters,14,Married-AF-spouse,Sales,Not-in-family,White,Male,0,0,38,United-States,<=50K,0,0,0,2850,0.0,0.0,66+
69,Private,45681,Prof-school,15,Married-civ-spouse,Unknown,Not-in-family,Black,Female,0,0,33,Other,>50K,0,0,0,2277,0.0,0.0,66+
38,Local-gov,236323,Bachelors,13,Never-married,Machine-op-inspct,Husband,White,Female,28769,0,49,United-States,<=50K,1,0,28769,1862,10.267088456545594,0.0,36-45
69,State-gov,357065,10th,6,Widowed,Protective-serv,Husband,White,Female,0,0,31,United-States,<=50K,0,0,0,2139,0.0,0.0,66+
28,Self-emp-not-inc,233301,Bachelors,13,Never-married,Machine-op-inspct,Husband,White,Male,0,0,61,United-States,<=50K,0,0,0,1708,0.0,0.0,26-35
36,Private,12177,Bachelors,13,Widowed,Protective-serv,Unmarried,White,Female,0,0,52,United-States,<=50K,0,0,0,1872,0.0,0.0,36-45
31,Private,157574,Bachelors,13,Married-spouse-absent,Farming-fishing,Husband,White,Female,72651,0,28,United-States,<=50K,1,0,72651,868,11.193436197869334,0.0,26-35
26,Private,334988,11th,7,Never-married,Adm-clerical,Other-relative,White,Female,0,0,56,United-States,<=50K,0,0,0,1456,0.0,0.0,26-35
23,Self-emp-inc,247749,10th,6,Married-AF-spouse,Exec-managerial,Husband,White,Male,0,0,47,United-States,<=50K,0,0,0,1081,0.0,0.0,18-25
29,Private,412908,Masters,14,Never-married,Sales,Not-in-family,White,Male,0,0,38,United-States,<=50K,0,0,0,1102,0.0,0.0,26-35
25,Local-gov,381632,11th,7,Divorced,Craft-repair,Husband,White,Male,0,0,47,United-States,<=50K,0,0,0,1175,0.0,0.0,18-25
41,Private,54060,HS-grad,9,Separated,Machine-op-inspct,Not-in-family,Asian-Pac-Islander,Female,0,0,49,United-States,<=50K,0,0,0,2009,0.0,0.0,36-45
22,Private,357509,HS-grad,9,Never-married,Protective-serv,Unmarried,White,Male,0,0,32,United-States,<=50K,0,0,0,704,0.0,0.0,18-25
21,Never-worked,21490,10th,6,Married-civ-spouse,Tech-support,Husband,White,Female,0,0,48,United-States,<=50K,0,0,0,1008,0.0,0.0,18-25
79,Private,30137,1st-4th,2,Married-civ-spouse,Unknown,Not-in-family,White,Male,0,0,36,United-States,<=50K,0,0,0,2844,0.0,0.0,66+
23,Federal-gov,259172,Doctorate,16,Married-civ-spouse,Protective-serv,Unmarried,Asian-Pac-Islander,Male,0,0,48,United-States,<=50K,0,0,0,1104,0.0,0.0,18-25
22,Local-gov,491125,Bachelors,13,Never-married,Handlers-cleaners,Not-in-family,White,Female,0,0,39,England,<=50K,0,0,0,858,0.0,0.0,18-25
19,Private,493787,Bachelors,13,Married-civ-spouse,Exec-managerial,Wife,White,Male,0,0,30,United-States,<=50K,0,0,0,570,0.0,0.0,18-25
26,Private,385555,HS-grad,9,Married-civ-spouse,Adm-clerical,Wife,Black,Male,0,0,46,India,<=50K,0,0,0,1196,0.0,0.0,26-35
50,Private,272138,HS-grad,9,Divorced,Priv-house-serv,Unmarried,White,Male,0,0,36,United-States,<=50K,0,0,0,1800,0.0,0.0,46-55
69,Federal-gov,374017,HS-grad,9,Married-civ-spouse,Tech-support,Not-in-family,White,Female,0,0,42,United-States,<=50K,0,0,0,2898,0.0,0.0,66+
63,State-gov,487845,HS-grad,9,Widowed,Handlers-cleaners,Unmarried,White,Male,0,0,44,Mexico,<=50K,0,0,0,2772,0.0,0.0,56-65
53,Private,495228,1st-4th,2,Divorced,Tech-support,Husband,White,Female,0,0,55,China,<=50K,0,0,0,2915,0.0,0.0,46-55
23,Self-emp-not-inc,353821,Assoc-acdm,12,Married-civ-spouse,Farming-fishing,Not-in-family,Black,Female,0,0,36,United-States,<=50K,0,0,0,828,0.0,0.0,18-25
66,Private,106388,Doctorate,16,Married-civ-spouse,Craft-repair,Not-in-family,Black,Male,0,0,32,Cuba,>50K,0,0,0,2112,0.0,0.0,66+
20,Private,158197,Some-college,10,Never-married,Exec-managerial,Other-relative,White,Male,0,0,56,United-States,<=50K,0,0,0,1120,0.0,0.0,18-25
57,Self-emp-inc,176994,HS-grad,9,Never-married,Transport-moving,Not-in-family,White,Male,0,0,40,United-States,<=50K,0,0,0,2280,0.0,0.0,56-65
43,Local-gov,128395,HS-grad,9,Divorced,Transport-moving,Own-child,Asian-Pac-Islander,Male,0,0,35,United-States,<=50K,0,0,0,1505,0.0,0.0,36-45
72,Private,479490,9th,5,Married-civ-spouse,Sales,Not-in-family,White,Male,85827,0,44,United-States,<=50K,1,0,85827,3168,11.360100572564972,0.0,66+
37,Private,306857,HS-grad,9,Separated,Machine-op-inspct,Not-in-family,White,Female,0,0,37,Germany,<=50K,0,0,0,1369,0.0,0.0,36-45
57,Private,209353,Some-college,10,Never-married,Other-service,Husband,Black,Male,0,0,37,United-States,<=50K,0,0,0,2109,0.0,0.0,56-65
45,Private,172947,HS-grad,9,Never-married,Adm-clerical,Own-child,White,Male,0,0,66,United-States,<=50K,0,0,0,2970,0.0,0.0,36-45
50,Private,411079,Some-college,10,Divorced,Tech-support,Unmarried,White,Male,0,0,30,United-States,<=50K,0,0,0,1500,0.0,0.0,46-55
76,Federal-gov,126968,Bachelors,13,Married-spouse-absent,Priv-house-serv,Own-child,White,Male,0,0,26,United-States,>50K,0,0,0,1976,0.0,0.0,66+
62,Private,365524,HS-grad,9,Never-married,Tech-support,Husband,White,Female,0,0,52,United-States,<=50K,0,0,0,3224,0.0,0.0,56-65
43,Private,203286,5th-6th,3,Married-civ-spouse,Adm-clerical,Not-in-family,White,Male,4197,0,36,United-States,<=50K,1,0,4197,1548,8.342363500380579,0.0,36-45
45,Unknown,34988,5th-6th,3,Widowed,Prof-specialty,Unmarried,White,Male,0,0,43,Germany,<=50K,0,0,0,1935,0.0,0.0,36-45
61,Private,271030,10th,6,Separated,Sales,Not-in-family,White,Male,25169,0,46,United-States,<=50K,1,0,25169,2806,10.133408088129361,0.0,56-65
39,Unknown,59918,Some-college,10,Never-married,Machine-op-inspct,Husband,White,Male,0,0,23,United-States,<=50K,0,0,0,897,0.0,0.0,36-45
28,Local-gov,462487,Bachelors,13,Never-married,Craft-repair,Wife,Amer-Indian-Eskimo,Male,0,0,51,United-States,<=50K,0,0,0,1428,0.0,0.0,26-35
46,Private,115243,Bachelors,13,Married-civ-spouse,Adm-clerical,Husband,Asian-Pac-Islander,Male,0,0,34,United-States,<=50K,0,0,0,1564,0.0,0.0,46-55
22,Private,478278,Some-college,10,Divorced,Farming-fishing,Husband,White,Male,0,0,59,United-States,<=50K,0,0,0,1298,0.0,0.0,18-25
28,Private,334257,HS-grad,9,Married-civ-spouse,Handlers-cleaners,Not-in-family,White,Female,0,0,32,United-States,<=50K,0,0,0,896,0.0,0.0,26-35
44,Private,367872,11th,7,Never-married,Prof-specialty,Husband,White,Male,0,825,56,United-States,<=50K,0,1,-825,2464,0.0,6.716594773520978,36-45
67,Private,68449,HS-grad,9,Married-civ-spouse,Unknown,Own-child,White,Male,0,0,57,United-States,>50K,0,0,0,3819,0.0,0.0,66+
66,Private,128472,HS-grad,9,Married-civ-spouse,Armed-Forces,Other-relative,White,Male,0,0,35,United-States,<=50K,0,0,0,2310,0.0,0.0,66+
34,Private,12293,Bachelors,13,Widowed,Transport-moving,Wife,White,Male,0,0,38,United-States,<=50K,0,0,0,1292,0.0,0.0,26-35
44,Local-gov,235778,HS-grad,9,Married-civ-spouse,Tech-support,Wife,Amer-Indian-Eskimo,Female,0,0,37,United-States,<=50K,0,0,0,1628,0.0,0.0,36-45
27,Private,150232,HS-grad,9,Never-married,Exec-managerial,Husband,Asian-Pac-Islander,Female,0,0,55,United-States,<=50K,0,0,0,1485,0.0,0.0,26-35
64,Unknown,58075,HS-grad,9,Married-civ-spouse,Tech-support,Wife,White,Female,0,0,42,United-States,<=50K,0,0,0,2688,0.0,0.0,56-65
33,Private,163908,10th,6,Married-civ-spouse,Sales,Own-child,Asian-Pac-Islander,Male,0,0,45,United-States,<=50K,0,0,0,1485,0.0,0.0,26-35
67,State-gov,289513,Masters,14,Married-civ-spouse,Transport-moving,Unmarried,White,Male,0,0,39,United-States,>50K,0,0,0,2613,0.0,0.0,66+
70,Private,274839,7th-8th,4,Married-civ-spouse,Priv-house-serv,Other-relative,White,Male,0,0,45,United-States,<=50K,0,0,0,3150,0.0,0.0,66+
60,Federal-gov,323923,1st-4th,2,Divorced,Handlers-cleaners,Not-in-family,White,Male,0,0,45,United-States,<=50K,0,0,0,2700,0.0,0.0,56-65
38,Private,418112,11th,7,Married-civ-spouse,Farming-fishing,Not-in-family,Asian-Pac-Islander,Male,0,4874,34,United-States,<=50K,0,1,-4874,1292,0.0,8.491875383431948,36-45
77,State-gov,204793,Bachelors,13,Never-married,Prof-specialty,Wife,White,Male,0,0,58,Philippines,>50K,0,0,0,4466,0.0,0.0,66+
60,Private,441633,Some-college,10,Divorced,Handlers-cleaners,Other-relative,White,Male,0,0,38,United-States,<=50K,0,0,0,2280,0.0,0.0,56-65
58,Private,117163,Some-college,10,Married-civ-spouse,Priv-house-serv,Husband,White,Female,0,0,50,United-States,<=50K,0,0,0,2900,0.0,0.0,56-65
71,Private,264282,HS-grad,9,Married-civ-spouse,Sales,Own-child,White,Male,0,0,27,Cuba,<=50K,0,0,0,1917,0.0,0.0,66+
72,Private,493746,7th-8th,4,Married-civ-spouse,Exec-managerial,Husband,White,Female,0,0,47,United-States,<=50K,0,0,0,3384,0.0,0.0,66+
22,Self-emp-not-inc,15195,Bachelors,13,Married-civ-spouse,Craft-repair,Husband,White,Female,0,0,51,United-States,<=50K,0,0,0,1122,0.0,0.0,18-25
72,Private,29416,12th,8,Married-civ-spouse,Sales,Wife,Other,Male,54874,0,43,United-States,>50K,1,0,54874,3096,10.912813150377472,0.0,66+
65,Private,276599,5th-6th,3,Never-married,Tech-support,Husband,White,Female,0,0,51,United-States,<=50K,0,0,0,3315,0.0,0.0,56-65
30,Private,368416,Some-college,10,Never-married,Priv-house-serv,Husband,White,Male,0,0,33,United-States,<=50K,0,0,0,990,0.0,0.0,26-35
37,Private,75538,9th,5,Never-married,Priv-house-serv,Husband,White,Female,0,0,45,Mexico,<=50K,0,0,0,1665,0.0,0.0,36-45
64,Private,346880,9th,5,Never-married,Prof-specialty,Wife,White,Male,0,0,25,United-States,<=50K,0,0,0,1600,0.0,0.0,56-65
31,Never-worked,27848,Bachelors,13,Divorced,Adm-clerical,Husband,White,Female,0,0,41,United-States,<=50K,0,0,0,1271,0.0,0.0,26-35
46,Self-emp-not-inc,284755,HS-grad,9,Married-civ-spouse,Sales,Own-child,White,Male,0,0,32,United-States,>50K,0,0,0,1472,0.0,0.0,46-55
60,Private,109414,HS-grad,9,Married-civ-spouse,Tech-support,Not-in-family,White,Male,0,0,39,United-States,<=50K,0,0,0,2340,0.0,0.0,56-65
58,Unknown,101673,HS-grad,9,Never-married,Machine-op-inspct,Husband,White,Male,0,0,54,Mexico,>50K,0,0,0,3132,0.0,0.0,56-65
74,Private,490544,Assoc-voc,11,Married-civ-spouse,Other-service,Husband,Asian-Pac-Islander,Male,0,0,57,United-States,>50K,0,0,0,4218,0.0,0.0,66+
24,Private,428527,7th-8th,4,Married-civ-spouse,Priv-house-serv,Not-in-family,White,Female,32111,0,27,United-States,<=50K,1,0,32111,648,10.376985071036119,0.0,18-25
36,Unknown,182831,10th,6,Married-spouse-absent,Sales,Not-in-family,White,Male,0,0,52,United-States,<=50K,0,0,0,1872,0.0,0.0,36-45
79,Private,309083,Some-college,10,Married-civ-spouse,Transport-moving,Wife,White,Female,0,0,54,United-States,<=50K,0,0,0,4266,0.0,0.0,66+
53,Private,490460,Some-college,10,Married-civ-spouse,Sales,Husband,White,Male,61796,0,43,United-States,<=50K,1,0,61796,2279,11.031610098578179,0.0,46-55
33,Private,342267,Prof-school,15,Widowed,Craft-repair,Not-in-family,White,Male,0,0,54,United-States,<=50K,0,0,0,1782,0.0,0.0,26-35
35,Self-emp-inc,365647,HS-grad,9,Married-civ-spouse,Machine-op-inspct,Own-child,White,Male,0,0,36,United-States,<=50K,0,0,0,1260,0.0,0.0,26-35
39,Private,357380,7th-8th,4,Married-civ-spouse,Other-service,Husband,White,Male,0,0,35,United-States,<=50K,0,0,0,1365,0.0,0.0,36-45
52,Private,258793,Some-college,10,Married-civ-spouse,Prof-specialty,Husband,White,Female,0,0,35,United-States,>50K,0,0,0,1820,0.0,0.0,46-55
35,Private,68944,Some-college,10,Married-civ-spouse,Exec-managerial,Other-relative,White,Male,0,0,47,United-States,>50K,0,0,0,1645,0.0,0.0,26-35
56,Private,21809,10th,6,Married-spouse-absent,Protective-serv,Husband,White,Male,0,0,39,United-States,<=50K,0,0,0,2184,0.0,0.0,56-65
45,Federal-gov,238496,Some-college,10,Never-married,Machine-op-inspct,Unmarried,White,Male,0,0,33,United-States,<=50K,0,0,0,1485,0.0,0.0,36-45
55,Private,294522,12th,8,Divorced,Transport-moving,Not-in-family,White,Male,0,0,33,United-States,<=50K,0,0,0,1815,0.0,0.0,46-55
27,Private,396821,Bachelors,13,Married-civ-spouse,Adm-clerical,Husband,White,Male,0,0,40,United-States,<=50K,0,0,0,1080,0.0,0.0,26-35
56,Private,25871,Bachelors,13,Married-civ-spouse,Unknown,Husband,White,Female,0,0,32,United-States,<=50K,0,0,0,1792,0.0,0.0,56-65
75,Federal-gov,204951,HS-grad,9,Never-married,Handlers-cleaners,Not-in-family,White,Male,0,0,47,United-States,<=50K,0,0,0,3525,0.0,0.0,66+
26,Private,186410,Prof-school,15,Married-civ-spouse,Protective-serv,Own-child,White,Male,0,0,52,United-States,<=50K,0,0,0,1352,0.0,0.0,26-35
38,Self-emp-not-inc,368392,Prof-school,15,Married-civ-spouse,Protective-serv,Husband,White,Male,0,0,50,United-States,<=50K,0,0,0,1900,0.0,0.0,36-45
60,Private,284915,10th,6,Never-married,Protective-serv,Husband,White,Male,0,0,69,United-States,<=50K,0,0,0,4140,0.0,0.0,56-65
56,Private,194136,HS-grad,9,Never-married,Farming-fishing,Not-in-family,White,Male,0,0,44,England,<=50K,0,0,0,2464,0.0,0.0,56-65
59,Private,363487,Some-college,10,Separated,Armed-Forces,Not-in-family,Asian-Pac-Islander,Female,0,0,57,United-States,<=50K,0,0,0,3363,0.0,0.0,56-65
52,Private,403760,9th,5,Never-married,Unknown,Unmarried,White,Male,0,0,42,Mexico,<=50K,0,0,0,2184,0.0,0.0,46-55
60,Private,318573,HS-grad,9,Divorced,Exec-managerial,Husband,White,Male,0,0,37,Germany,<=50K,0,0,0,2220,0.0,0.0,56-65
55,Private,424348,HS-grad,9,Never-married,Other-service,Unmarried,White,Male,0,0,41,China,<=50K,0,0,0,2255,0.0,0.0,46-55
22,Private,274197,Masters,14,Widowed,Other-service,Other-relative,White,Male,0,0,42,United-States,<=50K,0,0,0,924,0.0,0.0,18-25
64,Private,418501,HS-grad,9,Married-civ-spouse,Unknown,Other-relative,Black,Male,22331,0,39,United-States,<=50K,1,0,22331,2496,10.01377590643025,0.0,56-65
45,Unknown,369115,Assoc-acdm,12,Married-civ-spouse,Other-service,Not-in-family,Asian-Pac-Islander,Male,0,0,29,United-States,>50K,0,0,0,1305,0.0,0.0,36-45
21,Private,330026,HS-grad,9,Married-civ-spouse,Sales,Husband,White,Female,52076,0,30,United-States,<=50K,1,0,52076,630,10.86047867153666,0.0,18-25
43,Private,247931,10th,6,Married-AF-spouse,Adm-clerical,Other-relative,White,Female,0,0,51,United-States,<=50K,0,0,0,2193,0.0,0.0,36-45
44,Private,257142,Bachelors,13,Widowed,Exec-managerial,Not-in-family,Asian-Pac-Islander,Male,0,0,48,United-States,<=50K,0,0,0,2112,0.0,0.0,36-45
23,Private,341522,Preschool,1,Never-married,Farming-fishing,Not-in-family,White,Male,0,0,58,United-States,<=50K,0,0,0,1334,0.0,0.0,18-25
79,Unknown,428758,7th-8th,4,Married-civ-spouse,Armed-Forces,Own-child,Black,Female,0,0,36,United-States,<=50K,0,0,0,2844,0.0,0.0,66+
31,Private,364147,HS-grad,9,Widowed,Craft-repair,Own-child,White,Male,0,0,35,United-States,>50K,0,0,0,1085,0.0,0.0,26-35
38,Private,195858,Assoc-voc,11,Married-civ-spouse,Adm-clerical,Husband,White,Male,0,0,29,United-States,<=50K,0,0,0,1102,0.0,0.0,36-45
45,Unknown,31670,HS-grad,9,Married-civ-spouse,Priv-house-serv,Husband,White,Female,0,3750,51,United-States,<=50K,0,1,-3750,2295,0.0,8.229777750081887,36-45
69,State-gov,481523,7th-8th,4,Never-married,Craft-repair,Husband,White,Female,0,0,31,United-States,<=50K,0,0,0,2139,0.0,0.0,66+
64,Unknown,135035,HS-grad,9,Never-married,Transport-moving,Unmarried,White,Male,0,0,40,United-States,<=50K,0,0,0,2560,0.0,0.0,56-65
65,Private,417223,HS-grad,9,Separated,Machine-op-inspct,Wife,White,Male,0,0,43,United-States,<=50K,0,0,0,2795,0.0,0.0,56-65
32,Private,58724,1st-4th,2,Married-civ-spouse,Adm-clerical,Own-child,Other,Male,38195,2272,24,United-States,<=50K,1,1,35923,768,10.550486077070094,7.728855823852543,26-35
70,Private,141739,Some-college,10,Married-civ-spouse,Tech-support,Husband,White,Male,0,0,48,United-States,<=50K,0,0,0,3360,0.0,0.0,66+
69,Self-emp-not-inc,22468,10th,6,Divorced,Handlers-cleaners,Own-child,White,Female,0,0,50,United-States,<=50K,0,0,0,3450,0.0,0.0,66+
46,Private,194132,HS-grad,9,Married-civ-spouse,Prof-specialty,Husband,White,Male,0,0,43,United-States,<=50K,0,0,0,1978,0.0,0.0,46-55
51,Private,54856,Some-college,10,Never-married,Other-service,Not-in-family,White,Female,0,0,39,United-States,<=50K,0,0,0,1989,0.0,0.0,46-55
20,Private,449010,Assoc-voc,11,Married-civ-spouse,Transport-moving,Unmarried,White,Male,0,0,40,United-States,<=50K,0,0,0,800,0.0,0.0,18-25
65,State-gov,209961,HS-grad,9,Married-civ-spouse,Machine-op-inspct,Own-child,White,Male,0,0,54,United-States,<=50K,0,0,0,3510,0.0,0.0,56-65
77,Self-emp-not-inc,133775,HS-grad,9,Married-civ-spouse,Protective-serv,Husband,White,Male,0,0,41,United-States,>50K,0,0,0,3157,0.0,0.0,66+
47,Local-gov,161114,HS-grad,9,Never-married,Other-service,Not-in-family,Asian-Pac-Islander,Male,0,0,40,United-States,<=50K,0,0,0,1880,0.0,0.0,46-55
51,Federal-gov,50245,Masters,14,Separated,Transport-moving,Husband,Other,Female,0,0,33,United-States,<=50K,0,0,0,1683,0.0,0.0,46-55
48,Local-gov,110339,12th,8,Married-civ-spouse,Adm-clerical,Not-in-family,White,Male,0,0,12,United-States,<=50K,0,0,0,576,0.0,0.0,46-55
23,Private,48377,11th,7,Married-civ-spouse,Farming-fishing,Not-in-family,White,Female,0,0,51,United-States,<=50K,0,0,0,1173,0.0,0.0,18-25
56,Private,12089,HS-grad,9,Widowed,Exec-managerial,Other-relative,White,Female,0,0,40,United-States,<=50K,0,0,0,2240,0.0,0.0,56-65
62,Private,434581,12th,8,Never-married,Farming-fishing,Wife,White,Male,0,0,31,Japan,<=50K,0,0,0,1922,0.0,0.0,56-65
75,Private,344154,11th,7,Married-civ-spouse,Sales,Unmarried,White,Male,0,0,61,United-States,<=50K,0,0,0,4575,0.0,0.0,66+
75,Private,191842,9th,5,Married-civ-spouse,Transport-moving,Unmarried,White,Male,0,0,44,United-States,<=50K,0,0,0,3300,0.0,0.0,66+
48,Private,133391,Some-college,10,Married-AF-spouse,Handlers-cleaners,Wife,Black,Female,0,0,38,United-States,<=50K,0,0,0,1824,0.0,0.0,46-55
77,Private,113477,Some-college,10,Never-married,Handlers-cleaners,Husband,White,Male,0,0,50,United-States,>50K,0,0,0,3850,0.0,0.0,66+
50,Private,191766,Some-college,10,Married-civ-spouse,Adm-clerical,Husband,White,Male,0,2366,44,United-States,<=50K,0,1,-2366,2200,0.0,7.769378609513984,46-55
57,Unknown,140915,Assoc-acdm,12,Married-civ-spouse,Craft-repair,Husband,White,Male,0,0,43,United-States,<=50K,0,0,0,2451,0.0,0.0,56-65
55,Private,406797,HS-grad,9,Married-civ-spouse,Unknown,Unmarried,White,Male,0,0,34,United-States,<=50K,0,0,0,1870,0.0,0.0,46-55
79,Private,300441,Masters,14,Married-civ-spouse,Other-service,Own-child,White,Male,0,0,47,United-States,>50K,0,0,0,3713,0.0,0.0,66+
63,Private,52389,Assoc-acdm,12,Married-civ-spouse,Armed-Forces,Husband,White,Male,58402,0,49,United-States,>50K,1,0,58402,3087,10.975122537359946,0.0,56-65
25,Private,215229,Bachelors,13,Married-civ-spouse,Prof-specialty,Wife,Asian-Pac-Islander,Male,0,0,34,United-States,<=50K,0,0,0,850,0.0,0.0,18-25
22,Private,80427,Assoc-voc,11,Married-civ-spouse,Tech-support,Not-in-family,White,Male,0,0,21,United-States,<=50K,0,0,0,462,0.0,0.0,18-25
43,Private,79837,HS-grad,9,Married-civ-spouse,Tech-support,Other-relative,White,Female,0,0,50,United-States,<=50K,0,0,0,2150,0.0,0.0,36-45
49,Self-emp-not-inc,322565,HS-grad,9,Divorced,Protective-serv,Not-in-family,White,Female,63285,0,46,United-States,<=50K,1,0,63285,2254,11.055419414634455,0.0,46-55
59,Private,250987,HS-grad,9,Divorced,Other-service,Not-in-family,White,Male,0,406,48,United-States,<=50K,0,1,-406,2832,0.0,6.008813185442595,56-65
47,Private,101612,9th,5,Never-married,Tech-support,Wife,White,Female,0,0,40,United-States,<=50K,0,0,0,1880,0.0,0.0,46-55
49,Local-gov,330277,HS-grad,9,Married-civ-spouse,Other-service,Not-in-family,Asian-Pac-Islander,Female,91157,0,50,United-States,>50K,1,0,91157,2450,11.420349543671822,0.0,46-55
75,Unknown,228710,5th-6th,3,Separated,Sales,Husband,White,Female,0,0,33,United-States,<=50K,0,0,0,2475,0.0,0.0,66+
38,Private,203434,Preschool,1,Separated,Craft-repair,Husband,Black,Male,0,0,38,United-States,<=50K,0,0,0,1444,0.0,0.0,36-45
48,Private,22540,Masters,14,Widowed,Armed-Forces,Not-in-family,White,Male,0,0,30,United-States,<=50K,0,0,0,1440,0.0,0.0,46-55
52,Unknown,312250,Assoc-voc,11,Married-civ-spouse,Tech-support,Unmarried,Amer-Indian-Eskimo,Male,0,0,52,United-States,<=50K,0,0,0,2704,0.0,0.0,46-55
47,Private,145239,Some-college,10,Married-civ-spouse,Transport-moving,Not-in-family,White,Female,0,0,40,United-States,<=50K,0,0,0,1880,0.0,0.0,46-55
78,Private,354045,HS-grad,9,Never-married,Priv-house-serv,Not-in-family,White,Male,0,0,42,United-States,<=50K,0,0,0,3276,0.0,0.0,66+
77,Local-gov,171610,Some-college,10,Married-civ-spouse,Farming-fishing,Husband,White,Female,0,0,44,Philippines,>50K,0,0,0,3388,0.0,0.0,66+
49,Self-emp-inc,328767,Bachelors,13,Married-civ-spouse,Craft-repair,Wife,White,Female,0,0,38,United-States,<=50K,0,0,0,1862,0.0,0.0,46-55
45,Private,315992,Some-college,10,Married-civ-spouse,Transport-moving,Husband,White,Male,0,0,48,United-States,<=50K,0,0,0,2160,0.0,0.0,36-45
54,Private,79787,Some-college,10,Never-married,Exec-managerial,Not-in-family,White,Female,0,3243,57,United-States,<=50K,0,1,-3243,3078,0.0,8.084562415235304,46-55
29,Local-gov,55367,HS-grad,9,Never-married,Prof-specialty,Not-in-family,White,Male,58643,0,50,United-States,>50K,1,0,58643,1450,10.979240547058156,0.0,26-35
44,Self-emp-not-inc,223811,HS-grad,9,Married-civ-spouse,Sales,Not-in-family,White,Male,0,0,23,United-States,<=50K,0,0,0,1012,0.0,0.0,36-45
31,Self-emp-not-inc,144300,Assoc-voc,11,Widowed,Transport-moving,Husband,White,Male,0,0,41,United-States,<=50K,0,0,0,1271,0.0,0.0,26-35
26,Private,455477,Prof-school,15,Never-married,Adm-clerical,Husband,White,Male,0,0,42,United-States,<=50K,0,0,0,1092,0.0,0.0,26-35
23,Private,69528,HS-grad,9,Married-civ-spouse,Other-service,Own-child,White,Male,60827,0,52,United-States,<=50K,1,0,60827,1196,11.01580548826035,0.0,18-25
54,Self-emp-inc,87741,HS-grad,9,Married-civ-spouse,Prof-specialty,Not-in-family,White,Female,0,0,35,United-States,<=50K,0,0,0,1890,0.0,0.0,46-55
18,State-gov,242944,HS-grad,9,Married-civ-spouse,Priv-house-serv,Unmarried,Asian-Pac-Islander,Male,72754,0,30,United-States,<=50K,1,0,72754,540,11.19485291119438,0.0,18-25
58,Private,438750,HS-grad,9,Separated,Armed-Forces,Husband,White,Female,0,0,48,United-States,<=50K,0,0,0,2784,0.0,0.0,56-65
44,Private,218707,Doctorate,16,Never-married,Armed-Forces,Not-in-family,Other,Male,0,0,40,United-States,>50K,0,0,0,1760,0.0,0.0,36-45
40,Private,228762,Assoc-voc,11,Never-married,Craft-repair,Not-in-family,Black,Male,0,0,34,United-States,<=50K,0,0,0,1360,0.0,0.0,36-45
65,Private,457781,HS-grad,9,Never-married,Protective-serv,Own-child,White,Female,0,0,37,United-States,<=50K,0,0,0,2405,0.0,0.0,56-65
51,Local-gov,305591,HS-grad,9,Married-civ-spouse,Machine-op-inspct,Own-child,White,Male,0,0,26,United-States,<=50K,0,0,0,1326,0.0,0.0,46-55
63,Private,434722,HS-grad,9,Widowed,Transport-moving,Own-child,White,Male,0,0,42,United-States,<=50K,0,0,0,2646,0.0,0.0,56-65
61,Private,164267,5th-6th,3,Widowed,Prof-specialty,Unmarried,Asian-Pac-Islander,Male,0,0,37,United-States,<=50K,0,0,0,2257,0.0,0.0,56-65
19,Unknown,93698,Some-college,10,Never-married,Farming-fishing,Wife,White,Female,0,0,45,United-States,<=50K,0,0,0,855,0.0,0.0,18-25
31,Private,366275,Bachelors,13,Divorced,Sales,Husband,White,Male,0,0,38,Other,<=50K,0,0,0,1178,0.0,0.0,26-35
53,Federal-gov,133559,Some-college,10,Married-civ-spouse,Machine-op-inspct,Husband,White,Female,0,0,40,United-States,<=50K,0,0,0,2120,0.0,0.0,46-55
78,Private,97753,12th,8,Married-civ-spouse,Sales,Not-in-family,White,Female,0,0,35,United-States,<=50K,0,0,0,2730,0.0,0.0,66+
27,Private,309914,Assoc-voc,11,Married-civ-spouse,Prof-specialty,Husband,White,Male,0,0,37,United-States,<=50K,0,0,0,999,0.0,0.0,26-35
24,State-gov,383753,Assoc-voc,11,Never-married,Prof-specialty,Unmarried,White,Male,0,0,29,United-States,<=50K,0,0,0,696,0.0,0.0,18-25
76,Private,453071,HS-grad,9,Never-married,Protective-serv,Husband,Asian-Pac-Islander,Male,0,0,50,United-States,>50K,0,0,0,3800,0.0,0.0,66+
77,Private,79978,Some-college,10,Widowed,Adm-clerical,Unmarried,White,Male,0,0,40,United-States,<=50K,0,0,0,3080,0.0,0.0,66+
28,Private,444033,Some-college,10,Married-civ-spouse,Farming-fishing,Not-in-family,White,Male,0,0,20,United-States,<=50K,0,0,0,560,0.0,0.0,26-35
42,Private,94444,Bachelors,13,Married-civ-spouse,Sales,Husband,White,Male,0,0,24,United-States,<=50K,0,0,0,1008,0.0,0.0,36-45
56,Private,349636,10th,6,Married-civ-spouse,Handlers-cleaners,Not-in-family,White,Male,0,0,50,United-States,<=50K,0,0,0,2800,0.0,0.0,56-65
30,Private,14199,12th,8,Married-spouse-absent,Handlers-cleaners,Husband,White,Male,0,0,40,United-States,<=50K,0,0,0,1200,0.0,0.0,26-35
38,Private,264100,HS-grad,9,Never-married,Transport-moving,Own-child,White,Male,0,0,40,United-States,<=50K,0,0,0,1520,0.0,0.0,36-45
42,Private,432963,5th-6th,3,Divorced,Other-service,Not-in-family,Black,Female,0,0,40,United-States,<=50K,0,0,0,1680,0.0,0.0,36-45
57,Private,91737,HS-grad,9,Never-married,Tech-support,Husband,White,Male,0,0,45,Mexico,<=50K,0,0,0,2565,0.0,0.0,56-65
37,Unknown,423642,Assoc-acdm,12,Never-married,Machine-op-inspct,Husband,White,Female,0,0,55,United-States,<=50K,0,0,0,2035,0.0,0.0,36-45
43,Private,50723,11th,7,Married-civ-spouse,Priv-house-serv,Not-in-family,Asian-Pac-Islander,Male,0,0,44,United-States,<=50K,0,0,0,1892,0.0,0.0,36-45
35,Private,201557,HS-grad,9,Married-civ-spouse,Transport-moving,Not-in-family,White,Female,0,0,43,United-States,<=50K,0,0,0,1505,0.0,0.0,26-35
65,Private,99697,Doctorate,16,Married-civ-spouse,Priv-house-serv,Husband,White,Male,0,0,34,United-States,>50K,0,0,0,2210,0.0,0.0,56-65
27,Self-emp-not-inc,11538,Some-college,10,Married-civ-spouse,Prof-specialty,Husband,White,Male,0,0,25,United-States,<=50K,0,0,0,675,0.0,0.0,26-35
32,Private,145769,HS-grad,9,Never-married,Sales,Husband,White,Male,0,0,45,United-States,<=50K,0,0,0,1440,0.0,0.0,26-35
33,Private,467205,Some-college,10,Married-civ-spouse,Farming-fishing,Husband,White,Male,0,0,46,United-States,<=50K,0,0,0,1518,0.0,0.0,26-35
74,Unknown,449350,12th,8,Never-married,Tech-support,Husband,White,Male,13394,0,51,United-States,<=50K,1,0,13394,3774,9.502636781978708,0.0,66+
76,Private,93972,11th,7,Never-married,Protective-serv,Own-child,White,Male,0,0,57,United-States,<=50K,0,0,0,4332,0.0,0.0,66+
49,Private,279674,Assoc-voc,11,Divorced,Farming-fishing,Not-in-family,White,Female,0,0,28,United-States,<=50K,0,0,0,1372,0.0,0.0,46-55
27,Private,83046,HS-grad,9,Widowed,Machine-op-inspct,Own-child,White,Male,0,0,34,United-States,<=50K,0,0,0,918,0.0,0.0,26-35
64,Private,452336,HS-grad,9,Married-civ-spouse,Other-service,Own-child,White,Male,0,0,47,United-States,<=50K,0,0,0,3008,0.0,0.0,56-65
48,Self-emp-inc,113477,5th-6th,3,Never-married,Sales,Other-relative,White,Female,0,0,40,United-States,<=50K,0,0,0,1920,0.0,0.0,46-55
70,Private,443941,Bachelors,13,Married-civ-spouse,Armed-Forces,Not-in-family,White,Male,0,0,54,United-States,>50K,0,0,0,3780,0.0,0.0,66+
40,Private,136056,5th-6th,3,Never-married,Tech-support,Not-in-family,White,Female,0,0,38,United-States,<=50K,0,0,0,1520,0.0,0.0,36-45
79,Self-emp-not-inc,80397,Assoc-acdm,12,Divorced,Tech-support,Husband,White,Male,45678,0,60,United-States,>50K,1,0,45678,4740,10.729393952671707,0.0,66+
68,Private,466341,HS-grad,9,Married-civ-spouse,Exec-managerial,Not-in-family,White,Male,0,0,41,United-States,<=50K,0,0,0,2788,0.0,0.0,66+
31,Private,78005,Some-college,10,Married-civ-spouse,Sales,Unmarried,White,Female,23597,0,56,United-States,>50K,1,0,23597,1736,10.068917241659864,0.0,26-35
62,Private,317743,HS-grad,9,Never-married,Farming-fishing,Husband,White,Male,39415,0,16,United-States,>50K,1,0,39415,992,10.5819271042238,0.0,56-65
35,Private,319543,11th,7,Never-married,Tech-support,Wife,White,Male,0,0,45,United-States,<=50K,0,0,0,1575,0.0,0.0,26-35
39,Local-gov,177158,Some-college,10,Never-married,Transport-moving,Own-child,White,Male,0,0,40,Other,<=50K,0,0,0,1560,0.0,0.0,36-45
33,Private,358052,Assoc-voc,11,Divorced,Transport-moving,Unmarried,White,Male,0,0,19,China,<=50K,0,0,0,627,0.0,0.0,26-35
60,Private,384314,12th,8,Never-married,Sales,Husband,White,Male,0,0,40,Mexico,<=50K,0,0,0,2400,0.0,0.0,56-65
34,Self-emp-not-inc,312151,HS-grad,9,Never-married,Adm-clerical,Husband,White,Male,0,0,28,United-States,<=50K,0,0,0,952,0.0,0.0,26-35
57,Private,388743,HS-grad,9,Married-civ-spouse,Farming-fishing,Husband,White,Male,16658,0,35,United-States,>50K,1,0,16658,1995,9.720705889909716,0.0,56-65
54,Private,144705,HS-grad,9,Divorced,Priv-house-serv,Unmarried,White,Male,0,0,43,United-States,<=50K,0,0,0,2322,0.0,0.0,46-55
64,Private,130726,Some-college,10,Divorced,Transport-moving,Husband,White,Male,0,0,39,United-States,<=50K,0,0,0,2496,0.0,0.0,56-65
79,Private,251894,11th,7,Never-married,Unknown,Husband,Black,Female,0,0,44,Philippines,<=50K,0,0,0,3476,0.0,0.0,66+
18,Private,95432,Some-college,10,Divorced,Craft-repair,Unmarried,White,Male,0,0,42,United-States,<=50K,0,0,0,756,0.0,0.0,18-25
79,Private,65155,10th,6,Divorced,Adm-clerical,Own-child,White,Female,0,0,64,United-States,<=50K,0,0,0,5056,0.0,0.0,66+
24,Private,84756,HS-grad,9,Married-spouse-absent,Transport-moving,Not-in-family,White,Male,0,0,43,Other,<=50K,0,0,0,1032,0.0,0.0,18-25
50,Private,24357,HS-grad,9,Separated,Sales,Wife,White,Male,0,0,41,Philippines,<=50K,0,0,0,2050,0.0,0.0,46-55
39,Private,184654,HS-grad,9,Married-civ-spouse,Sales,Husband,White,Male,0,0,44,United-States,<=50K,0,0,0,1716,0.0,0.0,36-45
57,Self-emp-not-inc,153352,HS-grad,9,Separated,Craft-repair,Wife,White,Male,0,0,40,Other,<=50K,0,0,0,2280,0.0,0.0,56-65
62,Private,23826,Bachelors,13,Married-civ-spouse,Armed-Forces,Husband,White,Female,0,0,24,United-States,>50K,0,0,0,1488,0.0,0.0,56-65
71,Without-pay,339607,HS-grad,9,Never-married,Protective-serv,Own-child,White,Male,0,0,47,United-States,>50K,0,0,0,3337,0.0,0.0,66+
42,Private,226084,Bachelors,13,Married-civ-spouse,Craft-repair,Not-in-family,White,Male,0,0,53,United-States,<=50K,0,0,0,2226,0.0,0.0,36-45
75,Self-emp-inc,157551,HS-grad,9,Married-civ-spouse,Unknown,Husband,White,Male,0,0,56,United-States,>50K,0,0,0,4200,0.0,0.0,66+
37,Self-emp-not-inc,108563,HS-grad,9,Married-spouse-absent,Handlers-cleaners,Husband,White,Female,0,0,47,United-States,<=50K,0,0,0,1739,0.0,0.0,36-45
30,Private,245023,7th-8th,4,Married-civ-spouse,Protective-serv,Not-in-family,White,Male,0,0,37,United-States,<=50K,0,0,0,1110,0.0,0.0,26-35
41,Private,386010,HS-grad,9,Never-married,Priv-house-serv,Unmarried,White,Male,0,0,43,United-States,<=50K,0,0,0,1763,0.0,0.0,36-45
50,Self-emp-not-inc,24881,Some-college,10,Divorced,Unknown,Husband,White,Male,0,0,58,United-States,<=50K,0,0,0,2900,0.0,0.0,46-55
59,Self-emp-not-inc,171585,Bachelors,13,Married-civ-spouse,Priv-house-serv,Wife,Asian-Pac-Islander,Male,0,0,38,United-States,>50K,0,0,0,2242,0.0,0.0,56-65
69,Private,212826,Some-college,10,Widowed,Adm-clerical,Own-child,White,Male,0,0,28,United-States,<=50K,0,0,0,1932,0.0,0.0,66+
31,Self-emp-not-inc,328988,Some-college,10,Divorced,Exec-managerial,Other-relative,White,Female,0,0,62,United-States,<=50K,0,0,0,1922,0.0,0.0,26-35
36,Unknown,416397,11th,7,Separated,Adm-clerical,Other-relative,White,Female,0,0,30,United-States,<=50K,0,0,0,1080,0.0,0.0,36-45
76,Private,344372,5th-6th,3,Never-married,Handlers-cleaners,Husband,White,Female,32130,0,24,United-States,<=50K,1,0,32130,1824,10.377576575186112,0.0,66+
45,Private,313184,Bachelors,13,Married-civ-spouse,Armed-Forces,Own-child,White,Male,0,0,43,United-States,<=50K,0,0,0,1935,0.0,0.0,36-45
32,Self-emp-inc,399781,11th,7,Married-civ-spouse,Handlers-cleaners,Husband,White,Male,0,0,44,Canada,<=50K,0,0,0,1408,0.0,0.0,26-35
79,Private,320510,9th,5,Married-civ-spouse,Transport-moving,Not-in-family,White,Male,0,0,45,China,<=50K,0,0,0,3555,0.0,0.0,66+
45,Private,242869,Masters,14,Divorced,Other-service,Husband,Black,Male,0,0,49,United-States,>50K,0,0,0,2205,0.0,0.0,36-45
79,Private,337418,Masters,14,Married-civ-spouse,Farming-fishing,Own-child,White,Male,0,0,38,United-States,>50K,0,0,0,3002,0.0,0.0,66+
74,Private,205937,Some-college,10,Married-civ-spouse,Handlers-cleaners,Husband,Asian-Pac-Islander,Male,0,493,39,United-States,<=50K,0,1,-493,2886,0.0,6.202535517187923,66+
74,Private,447906,HS-grad,9,Never-married,Handlers-cleaners,Not-in-family,White,Male,0,0,34,United-States,<=50K,0,0,0,2516,0.0,0.0,66+
54,Private,136026,Bachelors,13,Married-civ-spouse,Transport-moving,Unmarried,White,Male,0,0,41,United-States,<=50K,0,0,0,2214,0.0,0.0,46-55
67,Self-emp-not-inc,323648,12th,8,Never-married,Handlers-cleaners,Own-child,White,Female,0,0,45,United-States,<=50K,0,0,0,3015,0.0,0.0,66+
77,Private,14716,HS-grad,9,Divorced,Tech-support,Unmarried,White,Male,0,0,49,United-States,<=50K,0,0,0,3773,0.0,0.0,66+
34,Private,366266,HS-grad,9,Married-civ-spouse,Prof-specialty,Husband,White,Male,0,0,31,United-States,<=50K,0,0,0,1054,0.0,0.0,26-35
20,Private,87157,Bachelors,13,Married-civ-spouse,Armed-Forces,Not-in-family,White,Male,0,0,28,United-States,>50K,0,0,0,560,0.0,0.0,18-25
37,Private,294906,Masters,14,Married-civ-spouse,Armed-Forces,Other-relative,White,Male,0,4558,49,United-States,<=50K,0,1,-4558,1813,0.0,8.424858580213442,36-45
57,Private,118803,Some-college,10,Never-married,Adm-clerical,Husband,Asian-Pac-Islander,Male,0,0,35,United-States,<=50K,0,0,0,1995,0.0,0.0,56-65
51,Private,26899,10th,6,Married-civ-spouse,Adm-clerical,Wife,White,Male,10234,0,30,United-States,<=50K,1,0,10234,1530,9.23356849809539,0.0,46-55
22,Private,332570,HS-grad,9,Never-married,Sales,Husband,White,Female,0,0,21,United-States,>50K,0,0,0,462,0.0,0.0,18-25
52,Private,346380,HS-grad,9,Never-married,Transport-moving,Not-in-family,White,Male,0,0,54,United-States,<=50K,0,0,0,2808,0.0,0.0,46-55
28,Private,397597,Bachelors,13,Married-civ-spouse,Adm-clerical,Husband,White,Female,0,0,43,United-States,<=50K,0,0,0,1204,0.0,0.0,26-35
49,Federal-gov,382789,10th,6,Separated,Tech-support,Husband,White,Male,0,0,45,United-States,<=50K,0,0,0,2205,0.0,0.0,46-55
53,Private,234814,7th-8th,4,Widowed,Armed-Forces,Not-in-family,White,Male,0,0,44,United-States,<=50K,0,0,0,2332,0.0,0.0,46-55
57,Private,465848,Assoc-voc,11,Married-civ-spouse,Priv-house-serv,Husband,Asian-Pac-Islander,Male,0,0,42,United-States,<=50K,0,0,0,2394,0.0,0.0,56-65
43,Private,412668,HS-grad,9,Widowed,Craft-repair,Husband,White,Male,0,0,40,United-States,<=50K,0,0,0,1720,0.0,0.0,36-45
43,Private,36982,Bachelors,13,Married-civ-spouse,Prof-specialty,Not-in-family,White,Male,0,0,39,United-States,<=50K,0,0,0,1677,0.0,0.0,36-45
60,Private,193171,7th-8th,4,Never-married,Transport-moving,Husband,White,Female,0,0,30,United-States,<=50K,0,0,0,1800,0.0,0.0,56-65
64,Private,341369,Bachelors,13,Married-civ-spouse,Transport-moving,Husband,White,Male,0,0,22,United-States,>50K,0,0,0,1408,0.0,0.0,56-65
68,Private,330609,5th-6th,3,Never-married,Other-service,Husband,White,Female,0,0,62,Mexico,<=50K,0,0,0,4216,0.0,0.0,66+
38,Private,433318,5th-6th,3,Never-married,Tech-support,Unmarried,White,Female,0,0,40,United-States,<=50K,0,0,0,1520,0.0,0.0,36-45
44,Private,283016,HS-grad,9,Married-spouse-absent,Armed-Forces,Own-child,White,Male,0,0,36,Mexico,<=50K,0,0,0,1584,0.0,0.0,36-45
38,Private,211150,HS-grad,9,Married-spouse-absent,Protective-serv,Own-child,Other,Male,95415,0,32,United-States,<=50K,1,0,95415,1216,11.466001558258505,0.0,36-45
50,State-gov,83599,Some-college,10,Married-civ-spouse,Transport-moving,Husband,Other,Male,0,0,50,United-States,<=50K,0,0,0,2500,0.0,0.0,46-55
25,Private,486354,5th-6th,3,Never-married,Farming-fishing,Wife,White,Male,0,0,41,United-States,<=50K,0,0,0,1025,0.0,0.0,18-25
44,Private,236437,5th-6th,3,Married-civ-spouse,Farming-fishing,Own-child,White,Male,0,4912,31,United-States,<=50K,0,1,-4912,1364,0.0,8.499640032168648,36-45
29,Private,413065,Assoc-voc,11,Married-civ-spouse,Handlers-cleaners,Wife,White,Female,69020,0,37,United-States,<=50K,1,0,69020,1073,11.142166085101078,0.0,26-35
51,Unknown,484158,HS-grad,9,Married-civ-spouse,Farming-fishing,Own-child,White,Female,0,426,43,United-States,>50K,0,1,-426,2193,0.0,6.056784013228625,46-55
70,Private,338518,Some-college,10,Widowed,Exec-managerial,Not-in-family,White,Male,1989,0,36,United-States,>50K,1,0,1989,2520,7.595889917718538,0.0,66+
79,Private,83495,Assoc-acdm,12,Never-married,Craft-repair,Own-child,White,Male,57383,0,48,United-States,<=50K,1,0,57383,3792,10.95752079780627,0.0,66+
45,Private,267910,7th-8th,4,Married-civ-spouse,Exec-managerial,Husband,White,Male,63108,0,61,Mexico,>50K,1,0,63108,2745,11.052618669103357,0.0,36-45
21,Private,208822,Assoc-acdm,12,Married-spouse-absent,Exec-managerial,Not-in-family,White,Female,0,0,36,United-States,<=50K,0,0,0,756,0.0,0.0,18-25
32,Private,309901,HS-grad,9,Never-married,Exec-managerial,Wife,White,Male,0,0,37,United-States,<=50K,0,0,0,1184,0.0,0.0,26-35
24,Private,172889,HS-grad,9,Married-civ-spouse,Handlers-cleaners,Own-child,White,Female,78333,0,32,United-States,<=50K,1,0,78333,768,11.26873701506027,0.0,18-25
65,Private,81336,9th,5,Divorced,Craft-repair,Unmarried,White,Male,0,0,38,United-States,<=50K,0,0,0,2470,0.0,0.0,56-65
79,Federal-gov,375648,Bachelors,13,Never-married,Prof-specialty,Not-in-family,White,Female,0,0,20,United-States,>50K,0,0,0,1580,0.0,0.0,66+
52,Private,451028,Some-college,10,Never-married,Handlers-cleaners,Not-in-family,White,Male,0,0,51,United-States,<=50K,0,0,0,2652,0.0,0.0,46-55
28,State-gov,28876,Some-college,10,Divorced,Other-service,Husband,White,Male,0,0,27,Mexico,<=50K,0,0,0,756,0.0,0.0,26-35
19,Local-gov,116294,Prof-school,15,Divorced,Handlers-cleaners,Unmarried,White,Female,0,0,32,United-States,<=50K,0,0,0,608,0.0,0.0,18-25
78,Private,232013,HS-grad,9,Married-civ-spouse,Farming-fishing,Own-child,White,Male,67015,0,41,United-States,>50K,1,0,67015,3198,11.112686675833645,0.0,66+
37,Private,360175,Bachelors,13,Divorced,Prof-specialty,Wife,White,Male,0,0,54,United-States,<=50K,0,0,0,1998,0.0,0.0,36-45
24,Self-emp-inc,139606,Assoc-voc,11,Married-civ-spouse,Tech-support,Not-in-family,White,Female,0,3474,31,United-States,<=50K,0,1,-3474,744,0.0,8.153349757998892,18-25
28,Unknown,290662,Masters,14,Married-civ-spouse,Farming-fishing,Wife,White,Male,0,0,38,United-States,>50K,0,0,0,1064,0.0,0.0,26-35
33,Private,155908,Bachelors,13,Married-civ-spouse,Adm-clerical,Husband,White,Male,0,0,43,United-States,<=50K,0,0,0,1419,0.0,0.0,26-35
58,Private,184305,Doctorate,16,Never-married,Prof-specialty,Wife,Asian-Pac-Islander,Female,0,0,33,United-States,<=50K,0,0,0,1914,0.0,0.0,56-65
73,Private,209561,10th,6,Married-civ-spouse,Tech-support,Husband,White,Female,0,0,39,United-States,<=50K,0,0,0,2847,0.0,0.0,66+
35,Federal-gov,194460,Bachelors,13,Married-civ-spouse,Craft-repair,Not-in-family,White,Male,0,0,24,United-States,<=50K,0,0,0,840,0.0,0.0,26-35
60,Self-emp-not-inc,152912,Bachelors,13,Married-civ-spouse,Craft-repair,Husband,White,Male,0,0,35,United-States,<=50K,0,0,0,2100,0.0,0.0,56-65
22,Federal-gov,91058,Some-college,10,Widowed,Priv-house-serv,Husband,White,Male,6122,0,52,Puerto-Rico,<=50K,1,0,6122,1144,8.719807451477955,0.0,18-25
18,Self-emp-not-inc,288194,HS-grad,9,Married-civ-spouse,Exec-managerial,Own-child,White,Female,0,0,48,United-States,<=50K,0,0,0,864,0.0,0.0,18-25
21,Private,388369,Masters,14,Married-civ-spouse,Prof-specialty,Husband,Black,Male,0,0,36,United-States,<=50K,0,0,0,756,0.0,0.0,18-25
75,Private,150721,12th,8,Married-civ-spouse,Farming-fishing,Not-in-family,White,Male,0,0,30,United-States,<=50K,0,0,0,2250,0.0,0.0,66+
54,State-gov,157922,HS-grad,9,Never-married,Farming-fishing,Wife,White,Female,0,0,38,United-States,<=50K,0,0,0,2052,0.0,0.0,46-55
67,State-gov,459497,Some-college,10,Divorced,Tech-support,Not-in-family,White,Male,0,0,25,United-States,<=50K,0,0,0,1675,0.0,0.0,66+
19,Federal-gov,158732,11th,7,Married-civ-spouse,Armed-Forces,Husband,Asian-Pac-Islander,Male,0,0,38,United-States,<=50K,0,0,0,722,0.0,0.0,18-25
19,Self-emp-not-inc,229237,Assoc-voc,11,Separated,Sales,Husband,White,Female,0,0,36,United-States,<=50K,0,0,0,684,0.0,0.0,18-25
70,Private,177603,9th,5,Never-married,Transport-moving,Husband,Other,Female,0,0,36,United-States,<=50K,0,0,0,2520,0.0,0.0,66+
24,Private,85991,Assoc-voc,11,Divorced,Priv-house-serv,Not-in-family,White,Female,0,0,39,United-States,<=50K,0,0,0,936,0.0,0.0,18-25
27,Federal-gov,195569,Bachelors,13,Divorced,Machine-op-inspct,Husband,White,Male,64184,0,45,United-States,>50K,1,0,64184,1215,11.069524817519026,0.0,26-35
50,Private,151673,HS-grad,9,Widowed,Other-service,Own-child,White,Female,0,1702,30,United-States,<=50K,0,1,-1702,1500,0.0,7.440146680662688,46-55
55,Private,171036,Assoc-voc,11,Widowed,Machine-op-inspct,Unmarried,White,Female,0,0,50,United-States,<=50K,0,0,0,2750,0.0,0.0,46-55
32,Private,400672,11th,7,Never-married,Sales,Own-child,White,Male,0,0,51,United-States,<=50K,0,0,0,1632,0.0,0.0,26-35
45,Private,450785,Bachelors,13,Never-married,Priv-house-serv,Not-in-family,White,Male,0,0,62,United-States,<=50K,0,0,0,2790,0.0,0.0,36-45
59,Unknown,63375,Masters,14,Separated,Transport-moving,Wife,White,Male,0,0,43,United-States,>50K,0,0,0,2537,0.0,0.0,56-65
45,Private,95232,11th,7,Widowed,Priv-house-serv,Husband,White,Female,0,0,55,Mexico,>50K,0,0,0,2475,0.0,0.0,36-45
41,Private,196063,Assoc-voc,11,Married-civ-spouse,Priv-house-serv,Husband,White,Male,11980,0,50,Mexico,<=50K,1,0,11980,2050,9.3910773406399,0.0,36-45
22,Private,274111,Some-college,10,Married-AF-spouse,Other-service,Wife,White,Male,0,0,42,United-States,<=50K,0,0,0,924,0.0,0.0,18-25
46,Private,474897,Some-college,10,Never-married,Tech-support,Not-in-family,White,Male,0,0,28,United-States,<=50K,0,0,0,1288,0.0,0.0,46-55
67,Private,415896,Assoc-voc,11,Never-married,Adm-clerical,Husband,White,Male,0,0,49,United-States,<=50K,0,0,0,3283,0.0,0.0,66+
56,Private,10576,HS-grad,9,Married-civ-spouse,Adm-clerical,Husband,White,Male,22668,0,42,England,>50K,1,0,22668,2352,10.028753631368525,0.0,56-65
73,Private,355957,Some-college,10,Married-civ-spouse,Protective-serv,Not-in-family,Black,Male,0,0,58,United-States,>50K,0,0,0,4234,0.0,0.0,66+
25,Private,485911,HS-grad,9,Never-married,Unknown,Not-in-family,White,Male,0,0,47,United-States,<=50K,0,0,0,1175,0.0,0.0,18-25
18,Private,98602,HS-grad,9,Never-married,Priv-house-serv,Husband,White,Male,0,0,51,United-States,<=50K,0,0,0,918,0.0,0.0,18-25
51,Private,185950,Bachelors,13,Married-civ-spouse,Exec-managerial,Husband,Black,Male,0,0,34,United-States,<=50K,0,0,0,1734,0.0,0.0,46-55
29,Federal-gov,136736,10th,6,Never-married,Craft-repair,Wife,Black,Male,0,0,42,Mexico,<=50K,0,0,0,1218,0.0,0.0,26-35
54,Private,113422,Some-college,10,Married-civ-spouse,Tech-support,Unmarried,Black,Male,0,0,21,United-States,<=50K,0,0,0,1134,0.0,0.0,46-55
74,Private,205335,11th,7,Divorced,Handlers-cleaners,Not-in-family,White,Male,0,0,46,United-States,<=50K,0,0,0,3404,0.0,0.0,66+
38,Private,414496,Bachelors,13,Never-married,Tech-support,Not-in-family,White,Male,0,0,52,United-States,<=50K,0,0,0,1976,0.0,0.0,36-45
52,Private,47089,Some-college,10,Never-married,Machine-op-inspct,Husband,Black,Male,0,0,54,United-States,<=50K,0,0,0,2808,0.0,0.0,46-55
60,Self-emp-inc,239939,HS-grad,9,Married-civ-spouse,Prof-specialty,Husband,White,Male,20103,0,36,Cuba,<=50K,1,0,20103,2160,9.908674079223427,0.0,56-65
27,State-gov,457509,HS-grad,9,Married-civ-spouse,Sales,Wife,White,Female,0,0,22,United-States,<=50K,0,0,0,594,0.0,0.0,26-35
73,Private,61764,HS-grad,9,Married-civ-spouse,Adm-clerical,Own-child,Black,Male,6132,0,35,United-States,>50K,1,0,6132,2555,8.721439305625983,0.0,66+
30,State-gov,389142,Masters,14,Never-married,Farming-fishing,Husband,Asian-Pac-Islander,Male,0,0,39,United-States,<=50K,0,0,0,1170,0.0,0.0,26-35
68,Private,336724,Some-college,10,Widowed,Tech-support,Husband,White,Female,0,0,44,United-States,>50K,0,0,0,2992,0.0,0.0,66+
58,Private,110299,HS-grad,9,Never-married,Handlers-cleaners,Wife,White,Female,0,0,20,United-States,<=50K,0,0,0,1160,0.0,0.0,56-65
26,Unknown,391241,Assoc-acdm,12,Never-married,Armed-Forces,Husband,Asian-Pac-Islander,Female,0,0,39,United-States,<=50K,0,0,0,1014,0.0,0.0,26-35
62,Private,118930,HS-grad,9,Married-civ-spouse,Exec-managerial,Husband,White,Male,0,0,30,United-States,<=50K,0,0,0,1860,0.0,0.0,56-65
30,Private,230963,HS-grad,9,Married-civ-spouse,Transport-moving,Husband,White,Female,0,0,54,United-States,<=50K,0,0,0,1620,0.0,0.0,26-35
55,Private,450067,HS-grad,9,Separated,Exec-managerial,Not-in-family,White,Female,0,0,17,United-States,<=50K,0,0,0,935,0.0,0.0,46-55
77,Private,360095,11th,7,Divorced,Unknown,Not-in-family,White,Female,0,0,50,United-States,<=50K,0,0,0,3850,0.0,0.0,66+
77,Private,249033,Assoc-voc,11,Married-civ-spouse,Priv-house-serv,Wife,White,Female,0,0,38,Other,<=50K,0,0,0,2926,0.0,0.0,66+
72,Private,62499,Bachelors,13,Divorced,Exec-managerial,Not-in-family,Black,Male,0,0,20,United-States,>50K,0,0,0,1440,0.0,0.0,66+
48,Private,58666,Bachelors,13,Never-married,Protective-serv,Husband,White,Male,0,0,57,United-States,<=50K,0,0,0,2736,0.0,0.0,46-55
52,Private,25610,Bachelors,13,Married-civ-spouse,Farming-fishing,Husband,White,Female,0,0,54,Canada,<=50K,0,0,0,2808,0.0,0.0,46-55
36,Private,39821,HS-grad,9,Married-civ-spouse,Priv-house-serv,Unmarried,White,Male,0,0,52,United-States,<=50K,0,0,0,1872,0.0,0.0,36-45
75,Private,117288,HS-grad,9,Never-married,Priv-house-serv,Own-child,White,Male,48620,0,41,Japan,>50K,1,0,48620,3075,10.79181081532623,0.0,66+
47,Private,260541,Some-college,10,Married-civ-spouse,Protective-serv,Not-in-family,Black,Male,0,0,33,United-States,>50K,0,0,0,1551,0.0,0.0,46-55
65,Self-emp-not-inc,490613,Masters,14,Divorced,Machine-op-inspct,Husband,White,Male,80973,0,41,United-States,>50K,1,0,80973,2665,11.301883394472691,0.0,56-65
40,Private,424330,Assoc-voc,11,Never-married,Unknown,Wife,Black,Male,0,0,45,United-States,<=50K,0,0,0,1800,0.0,0.0,36-45
63,Private,95962,HS-grad,9,Married-AF-spouse,Tech-support,Husband,Asian-Pac-Islander,Female,0,0,35,United-States,<=50K,0,0,0,2205,0.0,0.0,56-65
31,State-gov,434270,Assoc-voc,11,Married-civ-spouse,Handlers-cleaners,Husband,White,Female,0,0,31,United-States,<=50K,0,0,0,961,0.0,0.0,26-35
63,Private,460655,Assoc-acdm,12,Married-civ-spouse,Prof-specialty,Wife,White,Male,0,0,45,United-States,>50K,0,0,0,2835,0.0,0.0,56-65
20,Private,296594,Masters,14,Divorced,Unknown,Husband,Black,Male,0,393,42,United-States,<=50K,0,1,-393,840,0.0,5.976350909297934,18-25
24,Private,155576,Assoc-acdm,12,Married-civ-spouse,Unknown,Husband,White,Female,0,0,49,United-States,<=50K,0,0,0,1176,0.0,0.0,18-25
39,Private,181907,HS-grad,9,Separated,Priv-house-serv,Husband,Asian-Pac-Islander,Female,0,0,55,Mexico,<=50K,0,0,0,2145,0.0,0.0,36-45
47,Private,250901,HS-grad,9,Never-married,Unknown,Wife,White,Male,0,0,49,United-States,<=50K,0,0,0,2303,0.0,0.0,46-55
62,Private,126612,HS-grad,9,Married-civ-spouse,Adm-clerical,Husband,White,Female,0,0,28,United-States,<=50K,0,0,0,1736,0.0,0.0,56-65
40,Private,355060,HS-grad,9,Never-married,Adm-clerical,Husband,White,Male,0,0,40,United-States,<=50K,0,0,0,1600,0.0,0.0,36-45
19,Local-gov,336255,Masters,14,Married-civ-spouse,Prof-specialty,Husband,White,Female,0,0,44,United-States,<=50K,0,0,0,836,0.0,0.0,18-25
38,Private,93248,Some-college,10,Divorced,Farming-fishing,Not-in-family,White,Female,0,0,48,United-States,<=50K,0,0,0,1824,0.0,0.0,36-45
45,Private,27059,HS-grad,9,Widowed,Armed-Forces,Unmarried,White,Male,0,0,49,United-States,<=50K,0,0,0,2205,0.0,0.0,36-45
51,Self-emp-inc,107832,HS-grad,9,Married-civ-spouse,Sales,Wife,White,Female,0,0,39,India,<=50K,0,0,0,1989,0.0,0.0,46-55
57,Private,196926,Some-college,10,Married-civ-spouse,Exec-managerial,Husband,White,Male,0,0,35,United-States,<=50K,0,0,0,1995,0.0,0.0,56-65
33,Local-gov,134008,Some-college,10,Separated,Craft-repair,Other-relative,White,Female,0,0,50,United-States,<=50K,0,0,0,1650,0.0,0.0,26-35
55,Private,285496,10th,6,Divorced,Unknown,Not-in-family,Black,Male,0,0,44,United-States,<=50K,0,0,0,2420,0.0,0.0,46-55
57,Private,243762,Bachelors,13,Married-civ-spouse,Machine-op-inspct,Unmarried,Amer-Indian-Eskimo,Male,0,0,43,United-States,>50K,0,0,0,2451,0.0,0.0,56-65
66,Local-gov,201488,HS-grad,9,Married-civ-spouse,Adm-clerical,Not-in-family,White,Female,0,0,33,United-States,<=50K,0,0,0,2178,0.0,0.0,66+
50,Private,179567,HS-grad,9,Married-civ-spouse,Sales,Not-in-family,Black,Female,0,413,61,United-States,<=50K,0,1,-413,3050,0.0,6.025865973825314,46-55
68,Self-emp-inc,365334,12th,8,Divorced,Tech-support,Own-child,White,Male,0,0,42,United-States,<=50K,0,0,0,2856,0.0,0.0,66+
31,Private,52115,Some-college,10,Married-civ-spouse,Priv-house-serv,Husband,White,Male,0,0,39,United-States,<=50K,0,0,0,1209,0.0,0.0,26-35
62,Self-emp-inc,182317,Assoc-voc,11,Married-civ-spouse,Protective-serv,Not-in-family,White,Male,0,0,42,United-States,>50K,0,0,0,2604,0.0,0.0,56-65
20,Private,140953,Bachelors,13,Married-civ-spouse,Exec-managerial,Husband,Asian-Pac-Islander,Female,83206,0,39,United-States,>50K,1,0,83206,780,11.329086757885566,0.0,18-25
24,Private,388896,7th-8th,4,Never-married,Transport-moving,Not-in-family,White,Male,0,0,27,Other,<=50K,0,0,0,648,0.0,0.0,18-25
71,Private,415448,Prof-school,15,Separated,Adm-clerical,Unmarried,Asian-Pac-Islander,Female,0,0,43,United-States,>50K,0,0,0,3053,0.0,0.0,66+
47,State-gov,423668,Assoc-voc,11,Never-married,Adm-clerical,Own-child,White,Female,0,0,25,United-States,<=50K,0,0,0,1175,0.0,0.0,46-55
56,Private,263110,HS-grad,9,Never-married,Other-service,Husband,White,Male,0,0,41,United-States,<=50K,0,0,0,2296,0.0,0.0,56-65
55,Private,460374,12th,8,Never-married,Adm-clerical,Other-relative,White,Male,0,0,24,United-States,<=50K,0,0,0,1320,0.0,0.0,46-55
61,Local-gov,474238,HS-grad,9,Married-civ-spouse,Other-service,Other-relative,White,Male,0,0,18,United-States,<=50K,0,0,0,1098,0.0,0.0,56-65
33,Private,455778,Bachelors,13,Married-civ-spouse,Unknown,Not-in-family,White,Female,99344,0,46,United-States,>50K,1,0,99344,1518,11.50635391958719,0.0,26-35
29,Private,145915,HS-grad,9,Married-civ-spouse,Exec-managerial,Not-in-family,Asian-Pac-Islander,Female,0,0,29,United-States,<=50K,0,0,0,841,0.0,0.0,26-35
20,Private,188393,HS-grad,9,Married-civ-spouse,Sales,Unmarried,White,Male,0,0,44,United-States,<=50K,0,0,0,880,0.0,0.0,18-25
71,Private,138391,Assoc-voc,11,Married-AF-spouse,Protective-serv,Husband,White,Male,0,1414,42,United-States,>50K,0,1,-1414,2982,0.0,7.254884810077338,66+
31,Private,332406,Bachelors,13,Married-civ-spouse,Tech-support,Own-child,White,Male,97566,0,41,United-States,<=50K,1,0,97566,1271,11.488294600473404,0.0,26-35
53,Private,218590,Some-college,10,Never-married,Protective-serv,Own-child,White,Male,0,0,34,United-States,<=50K,0,0,0,1802,0.0,0.0,46-55
46,Private,323024,Assoc-acdm,12,Married-civ-spouse,Other-service,Husband,Asian-Pac-Islander,Male,0,0,39,United-States,<=50K,0,0,0,1794,0.0,0.0,46-55
28,Private,48913,11th,7,Divorced,Protective-serv,Not-in-family,White,Male,66211,929,33,United-States,>50K,1,1,65282,924,11.100616994380056,6.835184586147301,26-35
43,Private,76293,Bachelors,13,Married-civ-spouse,Exec-managerial,Husband,White,Male,0,0,49,United-States,>50K,0,0,0,2107,0.0,0.0,36-45
23,Private,164966,HS-grad,9,Married-civ-spouse,Protective-serv,Not-in-family,White,Male,0,0,35,United-States,<=50K,0,0,0,805,0.0,0.0,18-25
28,Private,488102,10th,6,Married-civ-spouse,Machine-op-inspct,Husband,White,Male,0,1757,38,United-States,<=50K,0,1,-1757,1064,0.0,7.471932078245122,26-35
26,Private,186629,Prof-school,15,Never-married,Unknown,Not-in-family,White,Male,0,0,47,United-States,<=50K,0,0,0,1222,0.0,0.0,26-35
69,Private,143473,12th,8,Divorced,Craft-repair,Own-child,White,Female,0,0,34,United-States,<=50K,0,0,0,2346,0.0,0.0,66+
53,Private,314606,10th,6,Never-married,Handlers-cleaners,Husband,White,Female,0,0,22,United-States,<=50K,0,0,0,1166,0.0,0.0,46-55
75,Private,497570,Some-college,10,Separated,Machine-op-inspct,Own-child,White,Female,0,0,29,United-States,<=50K,0,0,0,2175,0.0,0.0,66+
45,Private,79570,HS-grad,9,Divorced,Armed-Forces,Husband,White,Male,0,0,51,United-States,<=50K,0,0,0,2295,0.0,0.0,36-45
30,Private,192330,10th,6,Married-spouse-absent,Sales,Husband,White,Male,0,0,41,United-States,<=50K,0,0,0,1230,0.0,0.0,26-35
55,Federal-gov,445441,Some-college,10,Married-civ-spouse,Craft-repair,Not-in-family,White,Male,0,0,43,United-States,<=50K,0,0,0,2365,0.0,0.0,46-55
75,Private,477422,Assoc-acdm,12,Married-civ-spouse,Sales,Husband,White,Male,0,0,43,United-States,<=50K,0,0,0,3225,0.0,0.0,66+
51,Self-emp-inc,439349,Bachelors,13,Married-civ-spouse,Unknown,Unmarried,White,Female,0,0,58,United-States,>50K,0,0,0,2958,0.0,0.0,46-55
19,Private,184626,11th,7,Never-married,Armed-Forces,Unmarried,White,Male,6058,0,19,United-States,<=50K,1,0,6058,361,8.70930004894499,0.0,18-25
36,Private,269582,Some-college,10,Divorced,Other-service,Husband,White,Female,0,0,39,United-States,<=50K,0,0,0,1404,0.0,0.0,36-45
75,State-gov,438211,Bachelors,13,Never-married,Armed-Forces,Own-child,White,Male,0,0,40,United-States,<=50K,0,0,0,3000,0.0,0.0,66+
50,Self-emp-not-inc,216214,11th,7,Separated,Craft-repair,Wife,Asian-Pac-Islander,Female,0,0,40,United-States,<=50K,0,0,0,2000,0.0,0.0,46-55
77,Private,444935,12th,8,Married-civ-spouse,Priv-house-serv,Own-child,White,Female,0,0,48,Unknown,>50K,0,0,0,3696,0.0,0.0,66+
49,Private,352286,Preschool,1,Never-married,Prof-specialty,Husband,White,Male,0,0,48,United-States,<=50K,0,0,0,2352,0.0,0.0,46-55
18,Private,102540,Some-college,10,Never-married,Tech-support,Unmarried,White,Female,0,0,38,Mexico,<=50K,0,0,0,684,0.0,0.0,18-25
72,Private,109911,12th,8,Divorced,Adm-clerical,Unmarried,White,Female,0,0,23,United-States,<=50K,0,0,0,1656,0.0,0.0,66+
65,Private,295789,Assoc-voc,11,Married-civ-spouse,Transport-moving,Husband,White,Male,0,0,65,United-States,>50K,0,0,0,4225,0.0,0.0,56-65
62,Private,286353,Masters,14,Married-civ-spouse,Priv-house-serv,Not-in-family,White,Male,0,0,40,United-States,>50K,0,0,0,2480,0.0,0.0,56-65
78,Private,440520,HS-grad,9,Married-civ-spouse,Other-service,Other-relative,White,Female,0,0,41,United-States,<=50K,0,0,0,3198,0.0,0.0,66+
30,Private,150693,Some-college,10,Never-married,Adm-clerical,Husband,White,Male,0,0,53,Other,<=50K,0,0,0,1590,0.0,0.0,26-35
74,Private,363108,HS-grad,9,Divorced,Machine-op-inspct,Other-relative,White,Male,0,0,36,United-States,<=50K,0,0,0,2664,0.0,0.0,66+
32,Private,462187,1st-4th,2,Married-civ-spouse,Handlers-cleaners,Unmarried,White,Female,0,0,53,United-States,<=50K,0,0,0,1696,0.0,0.0,26-35
78,Private,356875,Assoc-acdm,12,Never-married,Protective-serv,Unmarried,White,Male,0,0,37,Other,>50K,0,0,0,2886,0.0,0.0,66+
29,Self-emp-inc,245423,HS-grad,9,Never-married,Prof-specialty,Not-in-family,White,Male,0,0,58,United-States,<=50K,0,0,0,1682,0.0,0.0,26-35
52,Private,473888,Masters,14,Widowed,Prof-specialty,Husband,White,Male,0,0,45,United-States,>50K,0,0,0,2340,0.0,0.0,46-55
66,State-gov,257963,Some-college,10,Divorced,Machine-op-inspct,Husband,White,Male,0,0,33,China,>50K,0,0,0,2178,0.0,0.0,66+
22,Self-emp-not-inc,220690,11th,7,Never-married,Armed-Forces,Unmarried,White,Male,0,0,62,United-States,<=50K,0,0,0,1364,0.0,0.0,18-25
22,Self-emp-not-inc,383644,HS-grad,9,Divorced,Protective-serv,Husband,White,Male,0,0,46,United-States,<=50K,0,0,0,1012,0.0,0.0,18-25
70,Private,82058,12th,8,Never-married,Farming-fishing,Husband,White,Male,0,0,34,United-States,<=50K,0,0,0,2380,0.0,0.0,66+
21,Self-emp-inc,394314,Bachelors,13,Divorced,Craft-repair,Husband,Asian-Pac-Islander,Male,0,3024,26,United-States,<=50K,0,1,-3024,546,0.0,8.014666370464942,18-25
56,State-gov,126322,Assoc-voc,11,Married-civ-spouse,Exec-managerial,Husband,White,Male,0,0,47,United-States,>50K,0,0,0,2632,0.0,0.0,56-65
76,Self-emp-not-inc,125300,HS-grad,9,Married-spouse-absent,Tech-support,Own-child,White,Female,0,0,54,United-States,<=50K,0,0,0,4104,0.0,0.0,66+
56,Private,63935,Some-college,10,Never-married,Craft-repair,Not-in-family,White,Male,0,0,44,United-States,<=50K,0,0,0,2464,0.0,0.0,56-65
47,Private,308722,Some-college,10,Never-married,Priv-house-serv,Husband,White,Male,10861,0,43,India,<=50K,1,0,10861,2021,9.29302573859479,0.0,46-55
43,Private,73531,Assoc-acdm,12,Divorced,Priv-house-serv,Husband,White,Male,0,0,56,United-States,<=50K,0,0,0,2408,0.0,0.0,36-45
57,Private,434312,9th,5,Never-married,Craft-repair,Husband,White,Male,0,0,46,Philippines,<=50K,0,0,0,2622,0.0,0.0,56-65
53,Private,40843,1st-4th,2,Married-civ-spouse,Handlers-cleaners,Husband,White,Female,0,0,33,United-States,<=50K,0,0,0,1749,0.0,0.0,46-55
49,Self-emp-inc,212422,10th,6,Married-civ-spouse,Unknown,Not-in-family,White,Male,0,0,34,United-States,<=50K,0,0,0,1666,0.0,0.0,46-55
27,Private,218592,HS-grad,9,Married-civ-spouse,Craft-repair,Unmarried,White,Male,0,0,46,India,<=50K,0,0,0,1242,0.0,0.0,26-35
59,Private,64445,HS-grad,9,Married-civ-spouse,Prof-specialty,Other-relative,White,Male,0,0,45,Germany,<=50K,0,0,0,2655,0.0,0.0,56-65
63,Unknown,452165,10th,6,Married-civ-spouse,Craft-repair,Husband,White,Female,0,0,51,Philippines,<=50K,0,0,0,3213,0.0,0.0,56-65
61,Private,435557,HS-grad,9,Never-married,Transport-moving,Other-relative,White,Male,0,0,44,United-States,<=50K,0,0,0,2684,0.0,0.0,56-65
22,Private,479765,HS-grad,9,Married-civ-spouse,Armed-Forces,Husband,Asian-Pac-Islander,Male,0,0,47,United-States,<=50K,0,0,0,1034,0.0,0.0,18-25
61,Self-emp-not-inc,448975,10th,6,Never-married,Prof-specialty,Not-in-family,White,Male,0,0,43,United-States,<=50K,0,0,0,2623,0.0,0.0,56-65
63,Federal-gov,64634,Bachelors,13,Separated,Sales,Not-in-family,White,Female,0,0,50,United-States,<=50K,0,0,0,3150,0.0,0.0,56-65
29,Private,85006,Some-college,10,Married-civ-spouse,Handlers-cleaners,Husband,Other,Male,0,0,47,United-States,<=50K,0,0,0,1363,0.0,0.0,26-35
70,Private,468219,HS-grad,9,Never-married,Armed-Forces,Husband,White,Female,48151,0,37,India,<=50K,1,0,48151,2590,10.782117953227607,0.0,66+
50,Private,115298,Some-college,10,Divorced,Other-service,Not-in-family,White,Male,0,0,38,United-States,<=50K,0,0,0,1900,0.0,0.0,46-55
47,Private,323044,HS-grad,9,Separated,Farming-fishing,Husband,White,Male,0,0,43,United-States,<=50K,0,0,0,2021,0.0,0.0,46-55
62,Self-emp-not-inc,127182,Bachelors,13,Divorced,Craft-repair,Not-in-family,White,Male,0,0,41,United-States,<=50K,0,0,0,2542,0.0,0.0,56-65
49,Federal-gov,369954,Some-college,10,Married-civ-spouse,Exec-managerial,Husband,White,Male,18470,0,53,United-States,<=50K,1,0,18470,2597,9.82395721357932,0.0,46-55
51,Private,419136,HS-grad,9,Married-civ-spouse,Handlers-cleaners,Not-in-family,White,Female,692,0,42,United-States,<=50K,1,0,692,2142,6.541029999189903,0.0,46-55
37,Private,73925,Bachelors,13,Separated,Prof-specialty,Other-relative,White,Male,0,0,26,India,<=50K,0,0,0,962,0.0,0.0,36-45
75,Private,478330,Bachelors,13,Married-civ-spouse,Other-service,Wife,White,Male,0,0,28,United-States,>50K,0,0,0,2100,0.0,0.0,66+
78,Private,188524,Bachelors,13,Never-married,Transport-moving,Husband,White,Male,0,0,38,United-States,<=50K,0,0,0,2964,0.0,0.0,66+
26,Private,203512,HS-grad,9,Married-civ-spouse,Farming-fishing,Husband,White,Male,0,0,47,United-States,<=50K,0,0,0,1222,0.0,0.0,26-35
63,Private,491520,11th,7,Never-married,Handlers-cleaners,Own-child,White,Male,0,3499,33,United-States,<=50K,0,1,-3499,2079,0.0,8.160518247477505,56-65
19,Self-emp-not-inc,467830,Assoc-voc,11,Divorced,Prof-specialty,Own-child,White,Male,0,0,47,United-States,<=50K,0,0,0,893,0.0,0.0,18-25
40,Private,335715,HS-grad,9,Married-civ-spouse,Craft-repair,Not-in-family,White,Female,0,4371,32,United-States,<=50K,0,1,-4371,1280,0.0,8.382975849296429,36-45
78,Private,20114,Assoc-voc,11,Married-civ-spouse,Farming-fishing,Wife,White,Female,0,0,42,United-States,<=50K,0,0,0,3276,0.0,0.0,66+
28,Private,176040,Assoc-acdm,12,Married-civ-spouse,Sales,Not-in-family,White,Male,0,2363,44,United-States,<=50K,0,1,-2363,1232,0.0,7.768110378525988,26-35
41,Self-emp-inc,204279,HS-grad,9,Never-married,Exec-managerial,Wife,White,Female,0,0,29,United-States,<=50K,0,0,0,1189,0.0,0.0,36-45
31,State-gov,452757,HS-grad,9,Never-married,Protective-serv,Own-child,White,Male,0,0,44,Germany,<=50K,0,0,0,1364,0.0,0.0,26-35
63,Private,66891,HS-grad,9,Married-civ-spouse,Adm-clerical,Husband,White,Male,0,0,56,United-States,<=50K,0,0,0,3528,0.0,0.0,56-65
46,Private,443620,HS-grad,9,Divorced,Farming-fishing,Unmarried,White,Male,78046,0,38,United-States,>50K,1,0,78046,1748,11.265066488305438,0.0,46-55
54,Self-emp-not-inc,492870,Some-college,10,Married-civ-spouse,Sales,Husband,White,Female,0,0,41,United-States,<=50K,0,0,0,2214,0.0,0.0,46-55
76,Private,123496,Assoc-acdm,12,Never-married,Machine-op-inspct,Husband,White,Male,0,0,43,Mexico,<=50K,0,0,0,3268,0.0,0.0,66+
50,Private,106252,HS-grad,9,Never-married,Tech-support,Husband,Asian-Pac-Islander,Male,0,4196,41,United-States,<=50K,0,1,-4196,2050,0.0,8.34212526333359,46-55
63,Private,492945,Assoc-voc,11,Separated,Sales,Husband,White,Male,0,0,40,United-States,<=50K,0,0,0,2520,0.0,0.0,56-65
24,Local-gov,467788,Some-college,10,Separated,Priv-house-serv,Not-in-family,White,Male,0,0,39,United-States,<=50K,0,0,0,936,0.0,0.0,18-25
31,Private,217578,Assoc-voc,11,Married-civ-spouse,Handlers-cleaners,Husband,White,Male,0,0,24,Other,<=50K,0,0,0,744,0.0,0.0,26-35
76,Private,390524,HS-grad,9,Married-civ-spouse,Adm-clerical,Own-child,White,Female,0,0,45,United-States,<=50K,0,0,0,3420,0.0,0.0,66+
71,Unknown,486732,Assoc-acdm,12,Separated,Priv-house-serv,Husband,White,Female,0,0,29,United-States,<=50K,0,0,0,2059,0.0,0.0,66+
58,Private,446480,Assoc-voc,11,Married-civ-spouse,Armed-Forces,Not-in-family,White,Male,0,0,44,United-States,<=50K,0,0,0,2552,0.0,0.0,56-65
41,Private,167169,HS-grad,9,Married-civ-spouse,Craft-repair,Not-in-family,White,Male,0,0,47,United-States,<=50K,0,0,0,1927,0.0,0.0,36-45
30,Federal-gov,258975,Some-college,10,Married-civ-spouse,Adm-clerical,Not-in-family,White,Male,0,0,44,Germany,<=50K,0,0,0,1320,0.0,0.0,26-35
70,Self-emp-not-inc,55905,Bachelors,13,Never-married,Armed-Forces,Not-in-family,Amer-Indian-Eskimo,Male,0,0,31,United-States,>50K,0,0,0,2170,0.0,0.0,66+
66,Private,260807,HS-grad,9,Never-married,Other-service,Husband,White,Female,0,0,43,United-States,<=50K,0,0,0,2838,0.0,0.0,66+
32,Private,31589,Assoc-acdm,12,Married-spouse-absent,Unknown,Husband,White,Female,0,0,38,United-States,<=50K,0,0,0,1216,0.0,0.0,26-35
54,Self-emp-inc,82302,Masters,14,Married-civ-spouse,Adm-clerical,Not-in-family,Asian-Pac-Islander,Male,0,0,34,United-States,<=50K,0,0,0,1836,0.0,0.0,46-55
56,Self-emp-not-inc,203183,Bachelors,13,Married-civ-spouse,Exec-managerial,Husband,White,Male,0,2834,61,United-States,>50K,0,1,-2834,3416,0.0,7.949797216161852,56-65
47,Private,71157,HS-grad,9,Married-civ-spouse,Transport-moving,Unmarried,White,Male,0,0,31,United-States,>50K,0,0,0,1457,0.0,0.0,46-55
75,Private,146468,Some-college,10,Never-married,Protective-serv,Husband,Black,Male,31969,0,45,United-States,<=50K,1,0,31969,3375,10.372553242053888,0.0,66+
25,Private,333816,Doctorate,16,Married-civ-spouse,Craft-repair,Not-in-family,White,Female,0,0,55,United-States,<=50K,0,0,0,1375,0.0,0.0,18-25
33,Private,476369,Some-college,10,Widowed,Farming-fishing,Husband,White,Male,0,3724,44,Canada,<=50K,0,1,-3724,1452,0.0,8.22282213081366,26-35
23,Private,144524,10th,6,Divorced,Armed-Forces,Other-relative,White,Male,0,0,34,United-States,<=50K,0,0,0,782,0.0,0.0,18-25
60,Private,321695,5th-6th,3,Never-married,Farming-fishing,Own-child,White,Male,0,0,34,United-States,<=50K,0,0,0,2040,0.0,0.0,56-65
57,Private,242624,Assoc-acdm,12,Never-married,Machine-op-inspct,Unmarried,Asian-Pac-Islander,Male,0,0,26,United-States,>50K,0,0,0,1482,0.0,0.0,56-65
79,Federal-gov,332269,HS-grad,9,Divorced,Craft-repair,Own-child,White,Male,0,0,41,United-States,<=50K,0,0,0,3239,0.0,0.0,66+
51,Self-emp-not-inc,70098,HS-grad,9,Never-married,Handlers-cleaners,Own-child,White,Male,0,0,41,United-States,<=50K,0,0,0,2091,0.0,0.0,46-55
27,Federal-gov,366777,HS-grad,9,Married-civ-spouse,Protective-serv,Other-relative,White,Male,0,0,37,United-States,<=50K,0,0,0,999,0.0,0.0,26-35
45,Private,298811,Assoc-acdm,12,Never-married,Priv-house-serv,Husband,White,Female,0,0,54,United-States,<=50K,0,0,0,2430,0.0,0.0,36-45
23,Private,294298,HS-grad,9,Never-married,Handlers-cleaners,Not-in-family,White,Male,0,0,40,United-States,<=50K,0,0,0,920,0.0,0.0,18-25
59,Private,48119,Bachelors,13,Never-married,Exec-managerial,Husband,White,Male,0,0,24,Philippines,<=50K,0,0,0,1416,0.0,0.0,56-65
59,Private,483377,Assoc-acdm,12,Married-civ-spouse,Priv-house-serv,Unmarried,White,Male,68742,0,55,United-States,>50K,1,0,68742,3245,11.138130192163176,0.0,56-65
71,Private,95355,Prof-school,15,Married-spouse-absent,Armed-Forces,Not-in-family,White,Male,0,0,29,United-States,>50K,0,0,0,2059,0.0,0.0,66+
39,Private,16896,Bachelors,13,Widowed,Exec-managerial,Husband,White,Female,0,0,45,Puerto-Rico,<=50K,0,0,0,1755,0.0,0.0,36-45
37,State-gov,82006,HS-grad,9,Never-married,Priv-house-serv,Not-in-family,White,Male,65878,0,47,United-States,<=50K,1,0,65878,1739,11.095575005062832,0.0,36-45
22,Federal-gov,343794,Some-college,10,Married-spouse-absent,Exec-managerial,Husband,White,Female,18106,0,40,United-States,<=50K,1,0,18106,880,9.804053882820643,0.0,18-25
43,Private,77436,1st-4th,2,Divorced,Priv-house-serv,Not-in-family,White,Female,0,0,50,United-States,<=50K,0,0,0,2150,0.0,0.0,36-45
47,Self-emp-not-inc,470560,Doctorate,16,Married-civ-spouse,Armed-Forces,Not-in-family,Asian-Pac-Islander,Male,0,0,41,United-States,<=50K,0,0,0,1927,0.0,0.0,46-55
64,Private,316353,HS-grad,9,Divorced,Farming-fishing,Not-in-family,White,Male,0,0,37,United-States,>50K,0,0,0,2368,0.0,0.0,56-65
64,Private,166145,Some-college,10,Married-civ-spouse,Handlers-cleaners,Not-in-family,White,Male,0,0,20,United-States,<=50K,0,0,0,1280,0.0,0.0,56-65
26,Private,27904,Bachelors,13,Divorced,Exec-managerial,Not-in-family,White,Male,0,0,23,United-States,<=50K,0,0,0,598,0.0,0.0,26-35
35,Private,57212,11th,7,Never-married,Tech-support,Husband,White,Male,0,0,68,Canada,<=50K,0,0,0,2380,0.0,0.0,26-35
49,Unknown,339915,Bachelors,13,Married-civ-spouse,Tech-support,Unmarried,White,Female,0,0,48,United-States,<=50K,0,0,0,2352,0.0,0.0,46-55
38,Private,246726,1st-4th,2,Married-civ-spouse,Priv-house-serv,Own-child,White,Female,0,0,53,United-States,<=50K,0,0,0,2014,0.0,0.0,36-45
19,Private,340164,HS-grad,9,Never-married,Farming-fishing,Husband,White,Male,0,0,66,Mexico,<=50K,0,0,0,1254,0.0,0.0,18-25
70,State-gov,202155,HS-grad,9,Never-married,Sales,Not-in-family,Asian-Pac-Islander,Male,0,0,37,United-States,<=50K,0,0,0,2590,0.0,0.0,66+
63,Private,107721,HS-grad,9,Married-spouse-absent,Machine-op-inspct,Husband,White,Male,0,0,39,United-States,<=50K,0,0,0,2457,0.0,0.0,56-65
50,Private,443484,Some-college,10,Married-civ-spouse,Protective-serv,Husband,White,Female,0,0,24,United-States,<=50K,0,0,0,1200,0.0,0.0,46-55
37,Private,241795,Bachelors,13,Never-married,Farming-fishing,Not-in-family,White,Male,0,0,38,United-States,<=50K,0,0,0,1406,0.0,0.0,36-45
70,Private,463676,HS-grad,9,Married-civ-spouse,Protective-serv,Husband,White,Male,0,0,37,United-States,<=50K,0,0,0,2590,0.0,0.0,66+
20,Private,96265,Some-college,10,Married-civ-spouse,Craft-repair,Own-child,White,Female,0,0,37,United-States,<=50K,0,0,0,740,0.0,0.0,18-25
45,Private,305881,Bachelors,13,Never-married,Craft-repair,Own-child,White,Male,0,0,51,United-States,<=50K,0,0,0,2295,0.0,0.0,36-45
67,Local-gov,156092,Assoc-acdm,12,Divorced,Farming-fishing,Husband,Amer-Indian-Eskimo,Male,0,0,48,United-States,<=50K,0,0,0,3216,0.0,0.0,66+
77,Private,154021,5th-6th,3,Never-married,Adm-clerical,Husband,Asian-Pac-Islander,Male,0,0,50,United-States,<=50K,0,0,0,3850,0.0,0.0,66+
33,Private,391227,Masters,14,Married-civ-spouse,Farming-fishing,Own-child,Asian-Pac-Islander,Female,0,0,28,Canada,>50K,0,0,0,924,0.0,0.0,26-35
58,Private,19594,5th-6th,3,Married-civ-spouse,Armed-Forces,Other-relative,Black,Female,0,0,41,United-States,<=50K,0,0,0,2378,0.0,0.0,56-65
29,Federal-gov,258184,Some-college,10,Divorced,Craft-repair,Husband,White,Female,0,0,44,United-States,<=50K,0,0,0,1276,0.0,0.0,26-35
25,Private,239282,Some-college,10,Married-civ-spouse,Armed-Forces,Not-in-family,White,Male,0,0,59,United-States,<=50K,0,0,0,1475,0.0,0.0,18-25
39,Private,482703,Assoc-acdm,12,Married-civ-spouse,Tech-support,Unmarried,White,Female,0,0,42,Puerto-Rico,<=50K,0,0,0,1638,0.0,0.0,36-45
72,Never-worked,32347,11th,7,Married-civ-spouse,Machine-op-inspct,Husband,White,Male,0,0,39,United-States,>50K,0,0,0,2808,0.0,0.0,66+
60,Private,469720,11th,7,Married-civ-spouse,Priv-house-serv,Unmarried,White,Male,0,0,51,United-States,<=50K,0,0,0,3060,0.0,0.0,56-65
48,Private,492057,Assoc-acdm,12,Never-married,Farming-fishing,Own-child,White,Female,0,0,38,Mexico,<=50K,0,0,0,1824,0.0,0.0,46-55
35,Private,116200,11th,7,Married-civ-spouse,Sales,Not-in-family,White,Female,0,0,45,United-States,<=50K,0,0,0,1575,0.0,0.0,26-35
26,Private,311861,HS-grad,9,Never-married,Adm-clerical,Unmarried,White,Female,0,0,45,United-States,<=50K,0,0,0,1170,0.0,0.0,26-35
34,State-gov,408402,Assoc-voc,11,Never-married,Protective-serv,Not-in-family,White,Male,0,0,35,Other,<=50K,0,0,0,1190,0.0,0.0,26-35
27,Private,492976,Some-college,10,Divorced,Other-service,Husband,Other,Female,0,4080,34,United-States,<=50K,0,1,-4080,918,0.0,8.314097335405807,26-35
29,Private,177647,HS-grad,9,Divorced,Armed-Forces,Husband,White,Male,0,0,40,Unknown,<=50K,0,0,0,1160,0.0,0.0,26-35
60,Private,144526,HS-grad,9,Never-married,Farming-fishing,Husband,White,Male,0,0,36,Cuba,<=50K,0,0,0,2160,0.0,0.0,56-65
26,Private,197886,Prof-school,15,Never-married,Craft-repair,Unmarried,White,Female,0,0,25,United-States,<=50K,0,0,0,650,0.0,0.0,26-35
20,Private,153724,HS-grad,9,Married-civ-spouse,Exec-managerial,Husband,Asian-Pac-Islander,Male,0,0,47,Japan,<=50K,0,0,0,940,0.0,0.0,18-25
51,Federal-gov,301825,5th-6th,3,Never-married,Protective-serv,Husband,White,Male,0,0,46,United-States,<=50K,0,0,0,2346,0.0,0.0,46-55
35,Private,466850,HS-grad,9,Married-civ-spouse,Exec-managerial,Husband,White,Male,96395,0,33,United-States,>50K,1,0,96395,1155,11.476219985961812,0.0,26-35
46,Local-gov,257088,HS-grad,9,Divorced,Armed-Forces,Husband,White,Female,0,0,32,United-States,<=50K,0,0,0,1472,0.0,0.0,46-55
26,Self-emp-not-inc,407640,Doctorate,16,Divorced,Prof-specialty,Husband,White,Female,0,0,45,United-States,<=50K,0,0,0,1170,0.0,0.0,26-35
31,Private,468352,HS-grad,9,Married-civ-spouse,Exec-managerial,Husband,Amer-Indian-Eskimo,Female,0,0,58,United-States,<=50K,0,0,0,1798,0.0,0.0,26-35
45,Self-emp-not-inc,486674,5th-6th,3,Married-civ-spouse,Priv-house-serv,Not-in-family,White,Male,0,0,50,United-States,<=50K,0,0,0,2250,0.0,0.0,36-45
60,Self-emp-not-inc,453762,Some-college,10,Married-civ-spouse,Transport-moving,Husband,White,Male,89105,0,52,United-States,>50K,1,0,89105,3120,11.397581951259,0.0,56-65
43,Private,187473,9th,5,Married-civ-spouse,Sales,Husband,White,Male,97790,0,37,United-States,<=50K,1,0,97790,1591,11.490587827248513,0.0,36-45
51,Private,229430,HS-grad,9,Never-married,Transport-moving,Husband,White,Female,0,0,44,United-States,<=50K,0,0,0,2244,0.0,0.0,46-55
50,Private,139718,Doctorate,16,Married-civ-spouse,Sales,Husband,White,Female,0,0,39,Other,>50K,0,0,0,1950,0.0,0.0,46-55
34,Private,415113,Assoc-voc,11,Never-married,Protective-serv,Not-in-family,White,Male,0,0,33,United-States,<=50K,0,0,0,1122,0.0,0.0,26-35
35,Unknown,304801,7th-8th,4,Separated,Tech-support,Husband,White,Female,0,0,42,United-States,<=50K,0,0,0,1470,0.0,0.0,26-35
44,Private,457805,HS-grad,9,Married-civ-spouse,Farming-fishing,Husband,White,Male,1080,0,31,United-States,<=50K,1,0,1080,1364,6.985641817639208,0.0,36-45
19,Private,446421,11th,7,Married-civ-spouse,Other-service,Own-child,White,Male,0,0,33,Other,<=50K,0,0,0,627,0.0,0.0,18-25
60,Private,364670,10th,6,Married-civ-spouse,Farming-fishing,Wife,Asian-Pac-Islander,Male,0,0,36,United-States,<=50K,0,0,0,2160,0.0,0.0,56-65
56,Private,489290,Some-college,10,Separated,Armed-Forces,Not-in-family,White,Female,0,0,37,United-States,<=50K,0,0,0,2072,0.0,0.0,56-65
36,Self-emp-not-inc,351981,Some-college,10,Married-civ-spouse,Farming-fishing,Other-relative,White,Female,0,0,40,United-States,<=50K,0,0,0,1440,0.0,0.0,36-45
41,Self-emp-inc,88005,Assoc-acdm,12,Married-civ-spouse,Handlers-cleaners,Husband,White,Male,0,0,19,England,<=50K,0,0,0,779,0.0,0.0,36-45
38,Federal-gov,286458,Bachelors,13,Married-spouse-absent,Priv-house-serv,Husband,Black,Female,0,0,31,United-States,<=50K,0,0,0,1178,0.0,0.0,36-45
58,Private,364239,HS-grad,9,Divorced,Other-service,Husband,White,Male,0,0,56,United-States,<=50K,0,0,0,3248,0.0,0.0,56-65
65,Private,349207,Masters,14,Married-civ-spouse,Machine-op-inspct,Not-in-family,White,Male,0,0,40,United-States,<=50K,0,0,0,2600,0.0,0.0,56-65
24,Federal-gov,207870,Some-college,10,Separated,Armed-Forces,Own-child,White,Male,0,0,46,United-States,<=50K,0,0,0,1104,0.0,0.0,18-25
43,Private,82645,HS-grad,9,Widowed,Exec-managerial,Unmarried,White,Male,0,1109,44,United-States,<=50K,0,1,-1109,1892,0.0,7.01211529430638,36-45
18,Private,236663,Bachelors,13,Divorced,Tech-support,Wife,Black,Female,0,0,39,United-States,<=50K,0,0,0,702,0.0,0.0,18-25
46,Private,110982,5th-6th,3,Married-civ-spouse,Handlers-cleaners,Unmarried,White,Female,0,0,31,Cuba,<=50K,0,0,0,1426,0.0,0.0,46-55
33,Private,396705,Some-college,10,Divorced,Handlers-cleaners,Wife,White,Male,0,0,35,United-States,<=50K,0,0,0,1155,0.0,0.0,26-35
38,Private,190183,Assoc-voc,11,Married-civ-spouse,Priv-house-serv,Husband,White,Female,37477,0,60,United-States,<=50K,1,0,37477,2280,10.531509373135611,0.0,36-45
46,Private,494061,HS-grad,9,Divorced,Priv-house-serv,Husband,White,Female,0,0,35,Mexico,<=50K,0,0,0,1610,0.0,0.0,46-55
38,Private,472266,Bachelors,13,Married-civ-spouse,Exec-managerial,Husband,White,Male,0,0,57,United-States,<=50K,0,0,0,2166,0.0,0.0,36-45
42,Federal-gov,406960,HS-grad,9,Never-married,Transport-moving,Unmarried,White,Male,0,0,36,United-States,<=50K,0,0,0,1512,0.0,0.0,36-45
65,Private,156359,Bachelors,13,Never-married,Other-service,Husband,White,Female,0,0,37,United-States,>50K,0,0,0,2405,0.0,0.0,56-65
68,Private,177628,9th,5,Widowed,Other-service,Own-child,Black,Male,0,0,41,United-States,<=50K,0,0,0,2788,0.0,0.0,66+
18,Private,73056,11th,7,Never-married,Adm-clerical,Unmarried,Asian-Pac-Islander,Female,0,0,38,Mexico,<=50K,0,0,0,684,0.0,0.0,18-25
41,Private,54320,HS-grad,9,Married-civ-spouse,Farming-fishing,Husband,White,Male,0,0,31,United-States,<=50K,0,0,0,1271,0.0,0.0,36-45
70,Private,236827,Bachelors,13,Married-civ-spouse,Priv-house-serv,Own-child,Amer-Indian-Eskimo,Male,0,0,40,United-States,>50K,0,0,0,2800,0.0,0.0,66+
50,State-gov,170697,10th,6,Divorced,Adm-clerical,Wife,White,Male,0,0,25,United-States,<=50K,0,0,0,1250,0.0,0.0,46-55
30,Private,176248,Bachelors,13,Married-civ-spouse,Unknown,Husband,White,Male,0,0,44,United-States,<=50K,0,0,0,1320,0.0,0.0,26-35
54,Private,364020,HS-grad,9,Married-civ-spouse,Farming-fishing,Unmarried,White,Female,0,0,42,United-States,<=50K,0,0,0,2268,0.0,0.0,46-55
26,Federal-gov,495339,HS-grad,9,Never-married,Handlers-cleaners,Wife,Asian-Pac-Islander,Male,0,0,47,United-States,<=50K,0,0,0,1222,0.0,0.0,26-35
19,Private,17943,HS-grad,9,Married-civ-spouse,Sales,Not-in-family,White,Female,0,0,35,United-States,<=50K,0,0,0,665,0.0,0.0,18-25
57,Private,199684,10th,6,Married-civ-spouse,Exec-managerial,Husband,White,Male,0,0,47,Other,<=50K,0,0,0,2679,0.0,0.0,56-65
49,Private,126370,Masters,14,Divorced,Priv-house-serv,Own-child,White,Female,0,0,44,United-States,>50K,0,0,0,2156,0.0,0.0,46-55
64,Private,285926,HS-grad,9,Married-spouse-absent,Other-service,Not-in-family,White,Female,0,0,41,China,<=50K,0,0,0,2624,0.0,0.0,56-65
39,Private,101624,Assoc-voc,11,Never-married,Machine-op-inspct,Not-in-family,White,Female,0,0,60,United-States,<=50K,0,0,0,2340,0.0,0.0,36-45
70,Private,483090,Some-college,10,Married-civ-spouse,Craft-repair,Husband,White,Male,0,0,45,United-States,>50K,0,0,0,3150,0.0,0.0,66+
44,Self-emp-not-inc,314295,Some-college,10,Divorced,Transport-moving,Own-child,White,Male,0,0,35,United-States,<=50K,0,0,0,1540,0.0,0.0,36-45
63,Private,446609,Some-college,10,Separated,Other-service,Wife,Black,Male,0,0,55,Mexico,<=50K,0,0,0,3465,0.0,0.0,56-65
24,Private,320446,Bachelors,13,Married-civ-spouse,Armed-Forces,Not-in-family,White,Male,0,0,45,United-States,<=50K,0,0,0,1080,0.0,0.0,18-25
24,Self-emp-inc,452315,Assoc-voc,11,Never-married,Protective-serv,Not-in-family,Black,Male,0,0,58,Mexico,<=50K,0,0,0,1392,0.0,0.0,18-25
66,Without-pay,178796,Some-college,10,Never-married,Priv-house-serv,Husband,White,Male,0,0,21,United-States,<=50K,0,0,0,1386,0.0,0.0,66+
69,Private,398163,Some-college,10,Never-married,Exec-managerial,Own-child,Asian-Pac-Islander,Female,0,0,37,United-States,<=50K,0,0,0,2553,0.0,0.0,66+
76,Local-gov,191410,Some-college,10,Married-civ-spouse,Transport-moving,Not-in-family,White,Male,0,0,37,United-States,>50K,0,0,0,2812,0.0,0.0,66+
38,Self-emp-inc,187550,HS-grad,9,Separated,Craft-repair,Own-child,Asian-Pac-Islander,Male,0,0,21,Canada,<=50K,0,0,0,798,0.0,0.0,36-45
19,Private,208743,Some-college,10,Married-civ-spouse,Exec-managerial,Not-in-family,White,Male,0,0,42,United-States,<=50K,0,0,0,798,0.0,0.0,18-25
78,Private,389212,HS-grad,9,Married-civ-spouse,Craft-repair,Not-in-family,White,Male,0,0,36,United-States,<=50K,0,0,0,2808,0.0,0.0,66+
55,Private,398763,Assoc-acdm,12,Married-civ-spouse,Tech-support,Husband,White,Male,0,0,20,United-States,<=50K,0,0,0,1100,0.0,0.0,46-55
33,Private,303287,Prof-school,15,Divorced,Prof-specialty,Husband,White,Female,0,0,32,United-States,<=50K,0,0,0,1056,0.0,0.0,26-35
65,Private,136070,Masters,14,Married-civ-spouse,Adm-clerical,Husband,White,Male,0,0,54,United-States,>50K,0,0,0,3510,0.0,0.0,56-65
74,Private,187862,Bachelors,13,Never-married,Protective-serv,Not-in-family,White,Female,0,0,49,United-States,<=50K,0,0,0,3626,0.0,0.0,66+
35,Self-emp-not-inc,273868,Some-college,10,Never-married,Tech-support,Unmarried,White,Male,0,2676,33,Canada,<=50K,0,1,-2676,1155,0.0,7.892452043520352,26-35
65,Private,270237,Assoc-acdm,12,Married-civ-spouse,Prof-specialty,Husband,White,Female,0,1633,33,United-States,<=50K,0,1,-1633,2145,0.0,7.3987862754199485,56-65
66,Private,238324,11th,7,Never-married,Farming-fishing,Wife,Asian-Pac-Islander,Female,0,0,49,Germany,<=50K,0,0,0,3234,0.0,0.0,66+
49,Federal-gov,433625,HS-grad,9,Married-spouse-absent,Other-service,Husband,White,Female,0,0,20,United-States,<=50K,0,0,0,980,0.0,0.0,46-55
57,State-gov,18899,HS-grad,9,Married-civ-spouse,Transport-moving,Not-in-family,Asian-Pac-Islander,Male,0,0,46,United-States,<=50K,0,0,0,2622,0.0,0.0,56-65
34,Self-emp-not-inc,42146,Preschool,1,Never-married,Machine-op-inspct,Husband,White,Male,0,0,22,United-States,<=50K,0,0,0,748,0.0,0.0,26-35
75,Private,115219,Prof-school,15,Married-AF-spouse,Machine-op-inspct,Not-in-family,White,Male,0,0,56,United-States,>50K,0,0,0,4200,0.0,0.0,66+
78,Private,450366,Bachelors,13,Never-married,Craft-repair,Own-child,White,Male,0,0,47,United-States,<=50K,0,0,0,3666,0.0,0.0,66+
78,Private,92618,Some-college,10,Divorced,Other-service,Own-child,Black,Female,0,0,22,United-States,<=50K,0,0,0,1716,0.0,0.0,66+
63,Unknown,357956,HS-grad,9,Separated,Protective-serv,Husband,Black,Male,0,0,36,Other,<=50K,0,0,0,2268,0.0,0.0,56-65
20,Private,479677,Assoc-voc,11,Never-married,Protective-serv,Other-relative,White,Male,0,0,43,United-States,<=50K,0,0,0,860,0.0,0.0,18-25
40,Local-gov,170174,HS-grad,9,Married-civ-spouse,Handlers-cleaners,Not-in-family,White,Male,0,0,20,United-States,<=50K,0,0,0,800,0.0,0.0,36-45
45,Private,428602,Bachelors,13,Married-civ-spouse,Adm-clerical,Husband,White,Male,0,0,40,Other,<=50K,0,0,0,1800,0.0,0.0,36-45
77,Private,207203,Doctorate,16,Divorced,Machine-op-inspct,Husband,White,Male,0,0,45,United-States,>50K,0,0,0,3465,0.0,0.0,66+
51,Private,251046,HS-grad,9,Married-civ-spouse,Unknown,Unmarried,White,Female,0,0,19,Unknown,<=50K,0,0,0,969,0.0,0.0,46-55
51,Private,221728,HS-grad,9,Married-civ-spouse,Farming-fishing,Unmarried,White,Female,0,0,47,United-States,<=50K,0,0,0,2397,0.0,0.0,46-55
27,Private,155376,HS-grad,9,Married-civ-spouse,Machine-op-inspct,Husband,White,Male,0,0,39,United-States,<=50K,0,0,0,1053,0.0,0.0,26-35
67,Private,222217,9th,5,Never-married,Craft-repair,Not-in-family,Black,Female,40692,0,49,United-States,<=50K,1,0,40692,3283,10.61381136646669,0.0,66+
38,Private,85852,HS-grad,9,Never-married,Craft-repair,Unmarried,White,Female,0,0,38,United-States,<=50K,0,0,0,1444,0.0,0.0,36-45
23,Federal-gov,20098,1st-4th,2,Married-civ-spouse,Priv-house-serv,Husband,White,Female,0,0,29,Mexico,<=50K,0,0,0,667,0.0,0.0,18-25
79,Private,161904,10th,6,Married-civ-spouse,Transport-moving,Husband,White,Female,94388,0,28,Cuba,>50K,1,0,94388,2212,11.455179819920248,0.0,66+
29,Private,98691,HS-grad,9,Married-civ-spouse,Unknown,Husband,White,Male,0,0,37,Other,<=50K,0,0,0,1073,0.0,0.0,26-35
19,Without-pay,210401,11th,7,Married-civ-spouse,Tech-support,Husband,White,Female,0,0,38,United-States,<=50K,0,0,0,722,0.0,0.0,18-25
22,Private,223550,Assoc-voc,11,Never-married,Sales,Not-in-family,Other,Male,0,0,51,United-States,<=50K,0,0,0,1122,0.0,0.0,18-25
46,Private,295015,9th,5,Married-civ-spouse,Adm-clerical,Husband,White,Male,0,2758,37,United-States,>50K,0,1,-2758,1702,0.0,7.922623574217286,46-55
24,Private,54482,Bachelors,13,Widowed,Adm-clerical,Own-child,White,Female,0,0,24,Japan,<=50K,0,0,0,576,0.0,0.0,18-25
70,Private,361385,HS-grad,9,Married-civ-spouse,Other-service,Husband,White,Female,0,0,35,United-States,<=50K,0,0,0,2450,0.0,0.0,66+
49,Private,78788,10th,6,Married-civ-spouse,Other-service,Not-in-family,White,Male,0,0,25,United-States,<=50K,0,0,0,1225,0.0,0.0,46-55
38,Private,123244,1st-4th,2,Never-married,Other-service,Wife,White,Female,0,0,43,England,<=50K,0,0,0,1634,0.0,0.0,36-45
18,Private,465000,Assoc-voc,11,Married-civ-spouse,Handlers-cleaners,Husband,Black,Female,0,0,46,United-States,<=50K,0,0,0,828,0.0,0.0,18-25
47,Private,426588,HS-grad,9,Married-civ-spouse,Sales,Wife,White,Male,0,0,48,United-States,<=50K,0,0,0,2256,0.0,0.0,46-55
27,Private,287371,Some-college,10,Married-civ-spouse,Handlers-cleaners,Not-in-family,Asian-Pac-Islander,Female,0,0,37,United-States,<=50K,0,0,0,999,0.0,0.0,26-35
78,Self-emp-not-inc,127049,10th,6,Never-married,Tech-support,Own-child,White,Male,0,0,33,United-States,<=50K,0,0,0,2574,0.0,0.0,66+
36,Federal-gov,453058,Prof-school,15,Married-civ-spouse,Armed-Forces,Own-child,Asian-Pac-Islander,Male,0,0,35,United-States,<=50K,0,0,0,1260,0.0,0.0,36-45
47,Private,494764,10th,6,Never-married,Protective-serv,Not-in-family,Asian-Pac-Islander,Female,0,0,39,United-States,<=50K,0,0,0,1833,0.0,0.0,46-55
19,Private,328325,HS-grad,9,Never-married,Exec-managerial,Own-child,White,Female,0,0,35,United-States,<=50K,0,0,0,665,0.0,0.0,18-25
26,Private,136299,Bachelors,13,Separated,Priv-house-serv,Not-in-family,White,Female,0,0,56,Mexico,<=50K,0,0,0,1456,0.0,0.0,26-35
30,Private,184444,HS-grad,9,Never-married,Machine-op-inspct,Husband,Asian-Pac-Islander,Female,0,0,36,India,<=50K,0,0,0,1080,0.0,0.0,26-35
21,Private,16380,HS-grad,9,Never-married,Tech-support,Not-in-family,Amer-Indian-Eskimo,Male,0,0,39,United-States,<=50K,0,0,0,819,0.0,0.0,18-25
63,Self-emp-not-inc,407544,Bachelors,13,Never-married,Sales,Own-child,White,Male,0,0,32,United-States,<=50K,0,0,0,2016,0.0,0.0,56-65
76,Private,481511,HS-grad,9,Divorced,Tech-support,Own-child,Black,Female,0,0,33,United-States,<=50K,0,0,0,2508,0.0,0.0,66+
79,Private,293213,Preschool,1,Never-married,Unknown,Husband,Asian-Pac-Islander,Female,0,0,27,United-States,<=50K,0,0,0,2133,0.0,0.0,66+
34,Private,276164,HS-grad,9,Never-married,Transport-moving,Unmarried,White,Female,0,0,30,Philippines,<=50K,0,0,0,1020,0.0,0.0,26-35
66,Unknown,267898,1st-4th,2,Married-civ-spouse,Adm-clerical,Not-in-family,White,Male,0,0,59,United-States,<=50K,0,0,0,3894,0.0,0.0,66+
49,Private,146998,Bachelors,13,Never-married,Tech-support,Husband,White,Male,0,0,45,United-States,<=50K,0,0,0,2205,0.0,0.0,46-55
20,Private,55017,Some-college,10,Married-civ-spouse,Sales,Own-child,White,Male,0,0,37,United-States,<=50K,0,0,0,740,0.0,0.0,18-25
23,State-gov,157977,Some-college,10,Divorced,Handlers-cleaners,Own-child,Asian-Pac-Islander,Male,0,0,33,Japan,<=50K,0,0,0,759,0.0,0.0,18-25
51,Private,110649,12th,8,Married-civ-spouse,Other-service,Husband,Asian-Pac-Islander,Male,0,0,52,United-States,<=50K,0,0,0,2652,0.0,0.0,46-55
44,Private,389352,Assoc-voc,11,Married-civ-spouse,Craft-repair,Own-child,White,Male,0,0,32,United-States,<=50K,0,0,0,1408,0.0,0.0,36-45
18,Private,29864,Assoc-voc,11,Married-civ-spouse,Exec-managerial,Unmarried,White,Female,0,0,23,Other,<=50K,0,0,0,414,0.0,0.0,18-25
75,Private,432922,7th-8th,4,Married-civ-spouse,Adm-clerical,Wife,White,Male,0,0,45,United-States,<=50K,0,0,0,3375,0.0,0.0,66+
63,Private,51876,Bachelors,13,Married-civ-spouse,Craft-repair,Unmarried,White,Male,0,0,31,United-States,<=50K,0,0,0,1953,0.0,0.0,56-65
49,Private,266256,Some-college,10,Married-civ-spouse,Armed-Forces,Wife,White,Male,0,0,27,United-States,<=50K,0,0,0,1323,0.0,0.0,46-55
79,Private,446624,Bachelors,13,Never-married,Handlers-cleaners,Not-in-family,White,Male,0,0,29,United-States,>50K,0,0,0,2291,0.0,0.0,66+
78,Private,144461,HS-grad,9,Married-civ-spouse,Other-service,Husband,White,Male,0,0,44,United-States,<=50K,0,0,0,3432,0.0,0.0,66+
78,Self-emp-not-inc,397677,10th,6,Married-spouse-absent,Tech-support,Own-child,White,Male,0,0,39,United-States,>50K,0,0,0,3042,0.0,0.0,66+
34,Private,57011,Assoc-voc,11,Never-married,Armed-Forces,Not-in-family,Asian-Pac-Islander,Female,0,0,30,United-States,<=50K,0,0,0,1020,0.0,0.0,26-35
72,Local-gov,118650,Bachelors,13,Married-civ-spouse,Adm-clerical,Husband,White,Male,43964,0,45,United-States,<=50K,1,0,43964,3240,10.691149141813103,0.0,66+
49,State-gov,455388,HS-grad,9,Married-civ-spouse,Protective-serv,Other-relative,White,Female,0,0,32,United-States,<=50K,0,0,0,1568,0.0,0.0,46-55
63,Self-emp-not-inc,128627,1st-4th,2,Divorced,Transport-moving,Not-in-family,Black,Female,0,0,24,United-States,<=50K,0,0,0,1512,0.0,0.0,56-65
71,Private,333498,Bachelors,13,Married-civ-spouse,Armed-Forces,Unmarried,Asian-Pac-Islander,Female,0,0,27,United-States,>50K,0,0,0,1917,0.0,0.0,66+
28,Private,250210,12th,8,Divorced,Protective-serv,Other-relative,White,Male,0,0,40,United-States,<=50K,0,0,0,1120,0.0,0.0,26-35
45,Private,96509,HS-grad,9,Never-married,Transport-moving,Husband,White,Male,33285,0,32,United-States,<=50K,1,0,33285,1440,10.412892167146671,0.0,36-45
25,Private,171878,Some-college,10,Never-married,Priv-house-serv,Husband,White,Male,0,0,41,United-States,<=50K,0,0,0,1025,0.0,0.0,18-25
35,Private,303975,9th,5,Married-civ-spouse,Priv-house-serv,Not-in-family,White,Male,0,0,51,United-States,<=50K,0,0,0,1785,0.0,0.0,26-35
43,Private,281859,7th-8th,4,Never-married,Sales,Husband,White,Male,0,0,34,United-States,<=50K,0,0,0,1462,0.0,0.0,36-45
71,Private,415721,5th-6th,3,Married-civ-spouse,Adm-clerical,Husband,White,Male,0,0,67,United-States,<=50K,0,0,0,4757,0.0,0.0,66+
71,Private,116245,Bachelors,13,Never-married,Armed-Forces,Husband,White,Female,0,0,43,United-States,>50K,0,0,0,3053,0.0,0.0,66+
42,Self-emp-inc,242226,HS-grad,9,Widowed,Protective-serv,Not-in-family,White,Male,0,0,38,United-States,<=50K,0,0,0,1596,0.0,0.0,36-45
38,Private,209625,Some-college,10,Married-civ-spouse,Craft-repair,Husband,Black,Female,0,0,27,United-States,<=50K,0,0,0,1026,0.0,0.0,36-45
50,Private,96218,Doctorate,16,Never-married,Craft-repair,Wife,White,Female,0,0,37,United-States,>50K,0,0,0,1850,0.0,0.0,46-55
74,Private,458869,Some-college,10,Never-married,Other-service,Unmarried,White,Male,0,0,38,United-States,>50K,0,0,0,2812,0.0,0.0,66+
78,Private,153600,Some-college,10,Divorced,Transport-moving,Other-relative,White,Female,34858,0,48,Other,>50K,1,0,34858,3744,10.459066632489291,0.0,66+
32,Private,235081,Some-college,10,Married-civ-spouse,Prof-specialty,Husband,White,Male,0,0,34,United-States,<=50K,0,0,0,1088,0.0,0.0,26-35
29,Private,328033,HS-grad,9,Never-married,Adm-clerical,Own-child,White,Male,0,0,44,United-States,<=50K,0,0,0,1276,0.0,0.0,26-35
61,Private,438899,Some-college,10,Married-civ-spouse,Craft-repair,Not-in-family,White,Male,0,0,40,United-States,<=50K,0,0,0,2440,0.0,0.0,56-65
36,Private,91369,Masters,14,Married-civ-spouse,Tech-support,Husband,Black,Male,0,0,50,United-States,<=50K,0,0,0,1800,0.0,0.0,36-45
30,Private,270414,Assoc-acdm,12,Never-married,Transport-moving,Not-in-family,Other,Male,0,0,51,United-States,<=50K,0,0,0,1530,0.0,0.0,26-35
19,Without-pay,39717,HS-grad,9,Divorced,Exec-managerial,Not-in-family,Black,Male,0,0,43,United-States,<=50K,0,0,0,817,0.0,0.0,18-25
42,Self-emp-not-inc,219162,HS-grad,9,Married-civ-spouse,Tech-support,Husband,White,Male,0,0,48,United-States,<=50K,0,0,0,2016,0.0,0.0,36-45
42,Private,487272,Bachelors,13,Married-spouse-absent,Sales,Husband,Asian-Pac-Islander,Male,0,1256,51,United-States,<=50K,0,1,-1256,2142,0.0,7.136483208590247,36-45
52,Private,260117,10th,6,Married-civ-spouse,Exec-managerial,Wife,White,Male,27516,0,45,United-States,<=50K,1,0,27516,2340,10.222559274477174,0.0,46-55
30,Private,486322,Bachelors,13,Divorced,Prof-specialty,Husband,White,Male,53997,0,43,United-States,>50K,1,0,53997,1290,10.896702287823487,0.0,26-35
62,Self-emp-not-inc,373107,HS-grad,9,Never-married,Protective-serv,Not-in-family,White,Male,0,0,44,United-States,<=50K,0,0,0,2728,0.0,0.0,56-65
60,Private,151238,Assoc-voc,11,Married-civ-spouse,Other-service,Own-child,White,Male,0,0,56,United-States,<=50K,0,0,0,3360,0.0,0.0,56-65
46,Private,499255,Bachelors,13,Never-married,Adm-clerical,Unmarried,White,Male,0,0,41,United-States,>50K,0,0,0,1886,0.0,0.0,46-55
29,Local-gov,357343,HS-grad,9,Never-married,Sales,Not-in-family,Amer-Indian-Eskimo,Female,0,0,47,Mexico,<=50K,0,0,0,1363,0.0,0.0,26-35
49,Private,24486,12th,8,Divorced,Handlers-cleaners,Own-child,White,Female,0,0,33,United-States,<=50K,0,0,0,1617,0.0,0.0,46-55
59,Private,396695,Bachelors,13,Divorced,Exec-managerial,Husband,Black,Male,0,0,55,United-States,<=50K,0,0,0,3245,0.0,0.0,56-65
41,Private,263303,HS-grad,9,Widowed,Exec-managerial,Husband,White,Male,5671,0,44,United-States,<=50K,1,0,5671,1804,8.643297068211963,0.0,36-45
34,Private,487865,HS-grad,9,Separated,Adm-clerical,Husband,White,Male,0,0,37,United-States,<=50K,0,0,0,1258,0.0,0.0,26-35
49,Private,339304,Some-college,10,Married-civ-spouse,Unknown,Husband,White,Female,0,0,39,United-States,<=50K,0,0,0,1911,0.0,0.0,46-55
40,Self-emp-not-inc,71831,HS-grad,9,Married-civ-spouse,Unknown,Own-child,White,Female,0,0,38,United-States,<=50K,0,0,0,1520,0.0,0.0,36-45
42,Private,208294,Assoc-voc,11,Divorced,Other-service,Own-child,Other,Male,0,0,40,United-States,<=50K,0,0,0,1680,0.0,0.0,36-45
39,Private,386083,10th,6,Separated,Sales,Own-child,White,Male,0,0,42,Mexico,<=50K,0,0,0,1638,0.0,0.0,36-45
36,Private,290088,HS-grad,9,Never-married,Protective-serv,Own-child,White,Male,0,0,38,United-States,<=50K,0,0,0,1368,0.0,0.0,36-45
62,State-gov,27026,Bachelors,13,Married-civ-spouse,Exec-managerial,Not-in-family,White,Female,0,0,24,United-States,<=50K,0,0,0,1488,0.0,0.0,56-65
46,Private,36243,5th-6th,3,Separated,Adm-clerical,Unmarried,White,Male,0,0,58,United-States,<=50K,0,0,0,2668,0.0,0.0,46-55
46,Private,147971,HS-grad,9,Married-civ-spouse,Unknown,Not-in-family,White,Male,0,0,43,United-States,<=50K,0,0,0,1978,0.0,0.0,46-55
58,Private,147397,Some-college,10,Married-civ-spouse,Exec-managerial,Unmarried,White,Male,0,0,43,United-States,<=50K,0,0,0,2494,0.0,0.0,56-65
40,Private,287406,Bachelors,13,Never-married,Tech-support,Husband,White,Female,0,0,40,United-States,<=50K,0,0,0,1600,0.0,0.0,36-45
24,Federal-gov,194828,Some-college,10,Married-civ-spouse,Handlers-cleaners,Husband,White,Male,0,0,49,United-States,<=50K,0,0,0,1176,0.0,0.0,18-25
70,State-gov,148796,Bachelors,13,Never-married,Armed-Forces,Other-relative,White,Male,0,0,40,United-States,>50K,0,0,0,2800,0.0,0.0,66+
21,Federal-gov,209064,HS-grad,9,Married-civ-spouse,Armed-Forces,Wife,White,Male,0,0,37,Unknown,<=50K,0,0,0,777,0.0,0.0,18-25
53,Federal-gov,101429,HS-grad,9,Never-married,Exec-managerial,Own-child,White,Male,0,0,38,United-States,<=50K,0,0,0,2014,0.0,0.0,46-55
34,Private,343979,Masters,14,Widowed,Machine-op-inspct,Unmarried,White,Male,0,0,53,Mexico,<=50K,0,0,0,1802,0.0,0.0,26-35
31,Private,32255,Bachelors,13,Married-civ-spouse,Exec-managerial,Not-in-family,White,Female,0,0,42,United-States,<=50K,0,0,0,1302,0.0,0.0,26-35
20,Private,452161,Some-college,10,Divorced,Protective-serv,Unmarried,White,Male,0,0,40,United-States,<=50K,0,0,0,800,0.0,0.0,18-25
73,Private,384897,HS-grad,9,Never-married,Machine-op-inspct,Own-child,White,Male,0,0,36,United-States,<=50K,0,0,0,2628,0.0,0.0,66+
44,Private,39924,HS-grad,9,Married-civ-spouse,Protective-serv,Not-in-family,White,Male,0,0,37,United-States,<=50K,0,0,0,1628,0.0,0.0,36-45
39,Self-emp-not-inc,329799,7th-8th,4,Never-married,Priv-house-serv,Husband,White,Male,25304,0,51,United-States,<=50K,1,0,25304,1989,10.138757283648179,0.0,36-45
63,Private,230132,Bachelors,13,Never-married,Unknown,Husband,White,Male,0,0,31,United-States,<=50K,0,0,0,1953,0.0,0.0,56-65
20,Private,296561,Bachelors,13,Married-civ-spouse,Handlers-cleaners,Unmarried,White,Male,0,0,47,United-States,>50K,0,0,0,940,0.0,0.0,18-25
53,Private,204920,HS-grad,9,Never-married,Machine-op-inspct,Husband,Asian-Pac-Islander,Female,0,0,47,United-States,<=50K,0,0,0,2491,0.0,0.0,46-55
48,Federal-gov,156237,HS-grad,9,Married-civ-spouse,Unknown,Not-in-family,Asian-Pac-Islander,Male,0,0,42,United-States,<=50K,0,0,0,2016,0.0,0.0,46-55
52,Self-emp-not-inc,482742,HS-grad,9,Married-civ-spouse,Priv-house-serv,Unmarried,White,Female,0,0,38,United-States,<=50K,0,0,0,1976,0.0,0.0,46-55
25,Private,99148,10th,6,Married-civ-spouse,Machine-op-inspct,Other-relative,White,Female,0,0,25,United-States,<=50K,0,0,0,625,0.0,0.0,18-25
77,Self-emp-inc,355931,Assoc-voc,11,Never-married,Other-service,Wife,White,Male,52040,0,47,United-States,>50K,1,0,52040,3619,10.859787148429518,0.0,66+
32,Unknown,257822,Some-college,10,Widowed,Handlers-cleaners,Own-child,White,Female,0,0,24,Other,<=50K,0,0,0,768,0.0,0.0,26-35
60,Private,477893,HS-grad,9,Married-civ-spouse,Priv-house-serv,Unmarried,White,Female,0,0,42,United-States,<=50K,0,0,0,2520,0.0,0.0,56-65
64,Self-emp-not-inc,243192,Some-college,10,Married-civ-spouse,Prof-specialty,Husband,Black,Male,0,0,41,United-States,>50K,0,0,0,2624,0.0,0.0,56-65
39,Private,256597,Prof-school,15,Married-civ-spouse,Farming-fishing,Husband,White,Female,0,0,48,United-States,<=50K,0,0,0,1872,0.0,0.0,36-45
26,Private,443047,10th,6,Never-married,Armed-Forces,Wife,White,Male,0,0,31,United-States,<=50K,0,0,0,806,0.0,0.0,26-35
36,Private,317586,HS-grad,9,Married-civ-spouse,Exec-managerial,Wife,White,Female,0,0,31,United-States,<=50K,0,0,0,1116,0.0,0.0,36-45
68,Private,230521,HS-grad,9,Married-civ-spouse,Armed-Forces,Unmarried,White,Male,0,0,45,United-States,>50K,0,0,0,3060,0.0,0.0,66+
74,Private,428664,11th,7,Married-civ-spouse,Prof-specialty,Husband,Black,Male,0,0,38,United-States,<=50K,0,0,0,2812,0.0,0.0,66+
76,Private,423511,Some-college,10,Divorced,Machine-op-inspct,Not-in-family,White,Male,0,0,20,Other,<=50K,0,0,0,1520,0.0,0.0,66+
32,Private,27954,Some-college,10,Never-married,Transport-moving,Husband,White,Male,0,0,40,United-States,<=50K,0,0,0,1280,0.0,0.0,26-35
55,Private,123296,11th,7,Divorced,Tech-support,Husband,White,Male,0,0,58,Mexico,<=50K,0,0,0,3190,0.0,0.0,46-55
27,Private,463397,11th,7,Married-civ-spouse,Farming-fishing,Husband,White,Female,0,0,45,United-States,<=50K,0,0,0,1215,0.0,0.0,26-35
62,Private,458202,Bachelors,13,Divorced,Machine-op-inspct,Other-relative,White,Female,0,0,28,United-States,<=50K,0,0,0,1736,0.0,0.0,56-65
43,Private,243335,HS-grad,9,Divorced,Farming-fishing,Husband,White,Male,0,0,45,United-States,<=50K,0,0,0,1935,0.0,0.0,36-45
62,Private,190339,Some-college,10,Divorced,Armed-Forces,Husband,White,Male,90413,0,50,United-States,>50K,1,0,90413,3100,11.412154401646209,0.0,56-65
60,Federal-gov,481078,Some-college,10,Married-civ-spouse,Handlers-cleaners,Husband,White,Male,0,0,23,United-States,<=50K,0,0,0,1380,0.0,0.0,56-65
79,Federal-gov,29982,Bachelors,13,Married-civ-spouse,Protective-serv,Wife,White,Female,0,0,37,United-States,>50K,0,0,0,2923,0.0,0.0,66+
48,Private,14583,Assoc-acdm,12,Divorced,Machine-op-inspct,Husband,Asian-Pac-Islander,Male,0,0,53,United-States,>50K,0,0,0,2544,0.0,0.0,46-55
39,Private,321810,Bachelors,13,Married-civ-spouse,Sales,Husband,White,Female,0,0,25,United-States,<=50K,0,0,0,975,0.0,0.0,36-45
50,Private,56048,Some-college,10,Never-married,Farming-fishing,Wife,White,Male,0,0,37,Cuba,<=50K,0,0,0,1850,0.0,0.0,46-55
28,State-gov,106579,HS-grad,9,Married-civ-spouse,Other-service,Not-in-family,Amer-Indian-Eskimo,Female,0,0,38,United-States,<=50K,0,0,0,1064,0.0,0.0,26-35
24,Private,46676,HS-grad,9,Married-civ-spouse,Protective-serv,Wife,White,Male,50303,0,36,United-States,>50K,1,0,50303,864,10.825839875788878,0.0,18-25
50,Private,467333,HS-grad,9,Never-married,Other-service,Not-in-family,Black,Male,2584,0,54,United-States,<=50K,1,0,2584,2700,7.85748078694253,0.0,46-55
69,Private,37439,HS-grad,9,Married-civ-spouse,Handlers-cleaners,Not-in-family,White,Male,0,0,52,United-States,<=50K,0,0,0,3588,0.0,0.0,66+
51,Private,458390,10th,6,Married-civ-spouse,Priv-house-serv,Other-relative,Asian-Pac-Islander,Female,0,0,37,United-States,<=50K,0,0,0,1887,0.0,0.0,46-55
66,Private,75519,HS-grad,9,Never-married,Tech-support,Not-in-family,White,Male,0,0,30,United-States,<=50K,0,0,0,1980,0.0,0.0,66+
29,Private,449091,HS-grad,9,Divorced,Handlers-cleaners,Husband,Black,Female,0,0,53,United-States,<=50K,0,0,0,1537,0.0,0.0,26-35
45,Private,173261,5th-6th,3,Separated,Machine-op-inspct,Husband,White,Male,0,0,48,United-States,<=50K,0,0,0,2160,0.0,0.0,36-45
56,Private,218697,HS-grad,9,Married-civ-spouse,Exec-managerial,Husband,White,Female,0,0,40,United-States,<=50K,0,0,0,2240,0.0,0.0,56-65
39,Private,75711,Assoc-acdm,12,Separated,Farming-fishing,Own-child,Asian-Pac-Islander,Male,0,0,47,United-States,<=50K,0,0,0,1833,0.0,0.0,36-45
18,Private,147261,Some-college,10,Never-married,Exec-managerial,Not-in-family,White,Male,0,0,46,United-States,<=50K,0,0,0,828,0.0,0.0,18-25
22,Federal-gov,81114,Bachelors,13,Married-civ-spouse,Prof-specialty,Wife,White,Male,21275,0,31,China,>50K,1,0,21275,682,9.965334955862208,0.0,18-25
75,Private,112896,Some-college,10,Divorced,Sales,Husband,White,Male,0,0,34,United-States,<=50K,0,0,0,2550,0.0,0.0,66+
55,State-gov,230499,Bachelors,13,Never-married,Adm-clerical,Husband,White,Male,0,0,40,United-States,<=50K,0,0,0,2200,0.0,0.0,46-55
34,Private,248247,Bachelors,13,Divorced,Protective-serv,Not-in-family,White,Male,0,0,21,United-States,<=50K,0,0,0,714,0.0,0.0,26-35
34,Self-emp-inc,317056,9th,5,Married-civ-spouse,Other-service,Husband,White,Female,0,0,37,United-States,<=50K,0,0,0,1258,0.0,0.0,26-35
20,Local-gov,459424,Prof-school,15,Widowed,Prof-specialty,Husband,White,Male,0,2063,32,United-States,>50K,0,1,-2063,640,0.0,7.6324011266014535,18-25
76,Self-emp-inc,32027,1st-4th,2,Never-married,Sales,Not-in-family,White,Male,0,0,42,United-States,<=50K,0,0,0,3192,0.0,0.0,66+
24,Self-emp-inc,143770,Some-college,10,Widowed,Sales,Unmarried,Asian-Pac-Islander,Female,0,0,29,United-States,<=50K,0,0,0,696,0.0,0.0,18-25
65,Private,291495,Bachelors,13,Never-married,Armed-Forces,Not-in-family,White,Male,0,0,44,Cuba,<=50K,0,0,0,2860,0.0,0.0,56-65
32,Private,240451,HS-grad,9,Never-married,Farming-fishing,Husband,White,Female,77500,0,42,United-States,<=50K,1,0,77500,1344,11.258046118484,0.0,26-35
38,Private,295138,Some-college,10,Never-married,Armed-Forces,Other-relative,White,Male,0,0,39,United-States,<=50K,0,0,0,1482,0.0,0.0,36-45
34,Private,153983,HS-grad,9,Never-married,Adm-clerical,Wife,Asian-Pac-Islander,Male,0,0,45,United-States,<=50K,0,0,0,1530,0.0,0.0,26-35
69,Without-pay,167242,7th-8th,4,Separated,Farming-fishing,Husband,White,Male,0,0,46,United-States,<=50K,0,0,0,3174,0.0,0.0,66+
20,Private,358293,1st-4th,2,Never-married,Transport-moving,Own-child,White,Male,0,0,38,United-States,<=50K,0,0,0,760,0.0,0.0,18-25
39,Private,102369,9th,5,Married-civ-spouse,Farming-fishing,Husband,White,Male,0,0,40,United-States,<=50K,0,0,0,1560,0.0,0.0,36-45
35,Local-gov,51409,9th,5,Never-married,Priv-house-serv,Not-in-family,White,Female,0,0,33,United-States,<=50K,0,0,0,1155,0.0,0.0,26-35
34,Private,319941,Some-college,10,Married-civ-spouse,Exec-managerial,Husband,White,Female,0,0,33,United-States,<=50K,0,0,0,1122,0.0,0.0,26-35
29,Private,287885,Some-college,10,Widowed,Craft-repair,Not-in-family,White,Male,0,0,56,United-States,<=50K,0,0,0,1624,0.0,0.0,26-35
74,Private,392839,HS-grad,9,Never-married,Handlers-cleaners,Husband,White,Male,7600,0,38,Japan,>50K,1,0,7600,2812,8.936035096566041,0.0,66+
41,Self-emp-not-inc,331150,Assoc-voc,11,Never-married,Tech-support,Husband,White,Female,0,0,40,United-States,<=50K,0,0,0,1640,0.0,0.0,36-45
43,Federal-gov,149193,1st-4th,2,Married-civ-spouse,Tech-support,Husband,White,Male,0,0,39,United-States,<=50K,0,0,0,1677,0.0,0.0,36-45
41,Private,242359,HS-grad,9,Divorced,Tech-support,Not-in-family,White,Female,0,0,44,United-States,<=50K,0,0,0,1804,0.0,0.0,36-45
78,Private,259823,Assoc-acdm,12,Married-civ-spouse,Craft-repair,Husband,White,Female,0,0,35,United-States,<=50K,0,0,0,2730,0.0,0.0,66+
39,Private,59311,Bachelors,13,Never-married,Farming-fishing,Husband,Asian-Pac-Islander,Female,0,0,36,United-States,<=50K,0,0,0,1404,0.0,0.0,36-45
39,Private,58458,HS-grad,9,Never-married,Adm-clerical,Husband,White,Female,0,0,49,Mexico,<=50K,0,0,0,1911,0.0,0.0,36-45
38,Private,484842,9th,5,Divorced,Armed-Forces,Husband,White,Male,0,0,25,United-States,<=50K,0,0,0,950,0.0,0.0,36-45
38,State-gov,393114,Bachelors,13,Married-civ-spouse,Exec-managerial,Husband,White,Female,0,0,42,United-States,>50K,0,0,0,1596,0.0,0.0,36-45
23,Unknown,412698,Bachelors,13,Divorced,Exec-managerial,Other-relative,White,Female,32033,0,32,United-States,<=50K,1,0,32033,736,10.374553117728242,0.0,18-25
55,Private,334727,HS-grad,9,Divorced,Handlers-cleaners,Own-child,Black,Male,0,0,20,United-States,>50K,0,0,0,1100,0.0,0.0,46-55
19,Private,426921,HS-grad,9,Never-married,Transport-moving,Wife,White,Male,47146,0,39,United-States,<=50K,1,0,47146,741,10.761025659314114,0.0,18-25
32,Private,219900,5th-6th,3,Separated,Armed-Forces,Not-in-family,White,Male,0,0,28,United-States,<=50K,0,0,0,896,0.0,0.0,26-35
30,Private,89756,Some-college,10,Never-married,Transport-moving,Other-relative,White,Male,0,3308,27,United-States,<=50K,0,1,-3308,810,0.0,8.104401307921613,26-35
36,Private,306572,Bachelors,13,Married-civ-spouse,Machine-op-inspct,Not-in-family,Asian-Pac-Islander,Male,50931,0,66,United-States,>50K,1,0,50931,2376,10.838246688693326,0.0,36-45
64,Private,35753,Assoc-voc,11,Married-civ-spouse,Armed-Forces,Husband,White,Male,0,0,45,United-States,>50K,0,0,0,2880,0.0,0.0,56-65
55,Local-gov,477985,HS-grad,9,Widowed,Other-service,Unmarried,White,Female,0,0,46,United-States,<=50K,0,0,0,2530,0.0,0.0,46-55
79,Private,309121,Some-college,10,Married-spouse-absent,Handlers-cleaners,Husband,White,Male,0,0,39,United-States,<=50K,0,0,0,3081,0.0,0.0,66+
39,Private,285339,Bachelors,13,Married-civ-spouse,Sales,Husband,White,Male,0,0,28,United-States,<=50K,0,0,0,1092,0.0,0.0,36-45
75,Self-emp-not-inc,356017,HS-grad,9,Never-married,Other-service,Not-in-family,Black,Male,0,0,38,United-States,>50K,0,0,0,2850,0.0,0.0,66+
20,Private,219314,Bachelors,13,Married-civ-spouse,Prof-specialty,Husband,Asian-Pac-Islander,Female,0,0,36,United-States,<=50K,0,0,0,720,0.0,0.0,18-25
49,Private,322081,HS-grad,9,Married-civ-spouse,Transport-moving,Husband,Asian-Pac-Islander,Male,0,0,21,United-States,<=50K,0,0,0,1029,0.0,0.0,46-55
67,Private,231830,HS-grad,9,Married-AF-spouse,Exec-managerial,Unmarried,Asian-Pac-Islander,Male,0,3893,58,United-States,<=50K,0,1,-3893,3886,0.0,8.267192185932146,66+
50,Private,118796,Some-college,10,Widowed,Priv-house-serv,Husband,Black,Male,0,0,39,United-States,<=50K,0,0,0,1950,0.0,0.0,46-55
75,Private,99136,HS-grad,9,Married-spouse-absent,Unknown,Own-child,White,Male,0,1804,32,United-States,<=50K,0,1,-1804,2400,0.0,7.498315870766981,66+
37,Unknown,80446,Prof-school,15,Married-civ-spouse,Farming-fishing,Husband,Other,Male,0,0,41,United-States,>50K,0,0,0,1517,0.0,0.0,36-45
20,Private,455890,Some-college,10,Divorced,Sales,Husband,White,Female,0,0,26,Other,<=50K,0,0,0,520,0.0,0.0,18-25
65,Private,188037,HS-grad,9,Separated,Protective-serv,Not-in-family,White,Male,0,0,31,United-States,<=50K,0,0,0,2015,0.0,0.0,56-65
22,Private,279954,HS-grad,9,Never-married,Other-service,Unmarried,White,Male,0,0,55,Japan,<=50K,0,0,0,1210,0.0,0.0,18-25
65,Private,105730,Some-college,10,Divorced,Prof-specialty,Not-in-family,White,Male,0,0,35,United-States,<=50K,0,0,0,2275,0.0,0.0,56-65
63,Private,203544,HS-grad,9,Divorced,Transport-moving,Unmarried,White,Male,0,0,40,United-States,<=50K,0,0,0,2520,0.0,0.0,56-65
70,State-gov,244355,Assoc-voc,11,Married-civ-spouse,Farming-fishing,Husband,White,Male,0,0,41,United-States,<=50K,0,0,0,2870,0.0,0.0,66+
47,Private,468778,HS-grad,9,Never-married,Exec-managerial,Own-child,White,Male,0,0,38,United-States,<=50K,0,0,0,1786,0.0,0.0,46-55
73,Unknown,450272,HS-grad,9,Never-married,Sales,Husband,White,Female,0,0,35,Mexico,<=50K,0,0,0,2555,0.0,0.0,66+
28,Private,279983,Some-college,10,Married-civ-spouse,Handlers-cleaners,Not-in-family,White,Female,0,0,63,United-States,<=50K,0,0,0,1764,0.0,0.0,26-35
44,Private,162317,7th-8th,4,Married-civ-spouse,Handlers-cleaners,Own-child,White,Male,0,0,33,United-States,<=50K,0,0,0,1452,0.0,0.0,36-45
25,Private,81642,Some-college,10,Divorced,Tech-support,Own-child,White,Male,0,0,31,United-States,<=50K,0,0,0,775,0.0,0.0,18-25
65,Private,476002,Some-college,10,Never-married,Sales,Husband,White,Male,0,0,45,United-States,<=50K,0,0,0,2925,0.0,0.0,56-65
62,Private,349758,HS-grad,9,Married-civ-spouse,Other-service,Husband,White,Male,0,0,27,United-States,<=50K,0,0,0,1674,0.0,0.0,56-65
67,Private,177219,Assoc-voc,11,Married-civ-spouse,Other-service,Not-in-family,White,Male,0,0,50,United-States,>50K,0,0,0,3350,0.0,0.0,66+
65,Self-emp-not-inc,483843,Assoc-acdm,12,Never-married,Exec-managerial,Unmarried,White,Male,16693,0,38,United-States,>50K,1,0,16693,2470,9.722804652410682,0.0,56-65
37,Private,345894,Bachelors,13,Married-civ-spouse,Tech-support,Own-child,White,Male,0,0,41,United-States,<=50K,0,0,0,1517,0.0,0.0,36-45
22,Private,415145,HS-grad,9,Never-married,Farming-fishing,Husband,White,Male,0,0,43,United-States,<=50K,0,0,0,946,0.0,0.0,18-25
75,Private,139982,HS-grad,9,Never-married,Farming-fishing,Own-child,White,Female,0,0,37,United-States,<=50K,0,0,0,2775,0.0,0.0,66+
48,Private,196398,Assoc-voc,11,Divorced,Sales,Husband,Amer-Indian-Eskimo,Male,0,0,49,Mexico,<=50K,0,0,0,2352,0.0,0.0,46-55
23,Private,209011,Some-college,10,Never-married,Protective-serv,Husband,White,Female,0,0,46,United-States,<=50K,0,0,0,1058,0.0,0.0,18-25
75,Private,406247,Some-college,10,Never-married,Adm-clerical,Husband,Black,Male,0,0,45,United-States,>50K,0,0,0,3375,0.0,0.0,66+
79,Self-emp-not-inc,429017,Some-college,10,Never-married,Exec-managerial,Husband,White,Female,0,0,25,United-States,<=50K,0,0,0,1975,0.0,0.0,66+
45,Private,245819,Assoc-acdm,12,Never-married,Other-service,Not-in-family,White,Male,0,1266,37,United-States,<=50K,0,1,-1266,1665,0.0,7.144407180321139,36-45
65,Unknown,304779,12th,8,Divorced,Handlers-cleaners,Not-in-family,White,Male,76272,0,39,United-States,<=50K,1,0,76272,2535,11.24207428832992,0.0,56-65
20,Private,208288,Some-college,10,Divorced,Armed-Forces,Own-child,Other,Female,66804,0,57,United-States,<=50K,1,0,66804,1140,11.109533207022995,0.0,18-25
23,Private,204471,11th,7,Divorced,Tech-support,Not-in-family,Asian-Pac-Islander,Female,0,0,26,United-States,<=50K,0,0,0,598,0.0,0.0,18-25
35,Self-emp-not-inc,282220,HS-grad,9,Divorced,Tech-support,Not-in-family,White,Female,32126,0,34,United-States,<=50K,1,0,32126,1190,10.377452077068984,0.0,26-35
58,Private,451836,Some-college,10,Divorced,Prof-specialty,Own-child,White,Male,0,0,51,United-States,<=50K,0,0,0,2958,0.0,0.0,56-65
26,Private,47627,HS-grad,9,Married-civ-spouse,Protective-serv,Husband,White,Male,0,0,31,United-States,<=50K,0,0,0,806,0.0,0.0,26-35
20,Self-emp-not-inc,148535,HS-grad,9,Never-married,Sales,Wife,White,Male,0,0,33,United-States,<=50K,0,0,0,660,0.0,0.0,18-25
59,Private,139481,Bachelors,13,Married-civ-spouse,Transport-moving,Own-child,White,Male,0,0,57,United-States,>50K,0,0,0,3363,0.0,0.0,56-65
65,Private,296539,Assoc-acdm,12,Separated,Adm-clerical,Husband,Black,Male,0,3808,44,United-States,<=50K,0,1,-3808,2860,0.0,8.245121966478605,56-65
63,Private,293830,Some-college,10,Never-married,Other-service,Husband,White,Female,0,0,49,India,<=50K,0,0,0,3087,0.0,0.0,56-65
67,Private,453861,Masters,14,Married-civ-spouse,Protective-serv,Unmarried,White,Female,0,0,47,United-States,>50K,0,0,0,3149,0.0,0.0,66+
67,Private,67465,HS-grad,9,Never-married,Other-service,Unmarried,White,Male,0,0,41,United-States,<=50K,0,0,0,2747,0.0,0.0,66+
55,Federal-gov,358685,Assoc-acdm,12,Married-civ-spouse,Machine-op-inspct,Husband,White,Female,0,0,41,United-States,<=50K,0,0,0,2255,0.0,0.0,46-55
50,State-gov,211021,11th,7,Widowed,Farming-fishing,Not-in-family,White,Male,0,0,49,United-States,<=50K,0,0,0,2450,0.0,0.0,46-55
71,Private,42535,HS-grad,9,Widowed,Farming-fishing,Unmarried,White,Female,0,0,32,United-States,<=50K,0,0,0,2272,0.0,0.0,66+
39,Local-gov,415478,HS-grad,9,Never-married,Priv-house-serv,Husband,White,Male,0,0,57,United-States,<=50K,0,0,0,2223,0.0,0.0,36-45
24,Never-worked,12782,9th,5,Never-married,Farming-fishing,Husband,White,Female,0,0,35,Mexico,<=50K,0,0,0,840,0.0,0.0,18-25
64,Private,447982,Some-college,10,Separated,Farming-fishing,Not-in-family,Black,Female,0,0,50,India,<=50K,0,0,0,3200,0.0,0.0,56-65
35,Self-emp-not-inc,141952,12th,8,Never-married,Other-service,Unmarried,White,Female,0,0,45,United-States,<=50K,0,0,0,1575,0.0,0.0,26-35
78,Private,99473,Some-college,10,Separated,Exec-managerial,Not-in-family,White,Male,0,0,35,Mexico,>50K,0,0,0,2730,0.0,0.0,66+
43,Private,159692,12th,8,Married-civ-spouse,Exec-managerial,Wife,White,Female,0,0,45,United-States,<=50K,0,0,0,1935,0.0,0.0,36-45
70,Private,472866,10th,6,Separated,Prof-specialty,Not-in-family,White,Male,0,0,41,Mexico,<=50K,0,0,0,2870,0.0,0.0,66+
20,Private,404353,Prof-school,15,Never-married,Craft-repair,Husband,White,Male,0,0,22,United-States,<=50K,0,0,0,440,0.0,0.0,18-25
58,Self-emp-not-inc,238847,Some-college,10,Married-civ-spouse,Craft-repair,Husband,Asian-Pac-Islander,Female,0,0,39,United-States,<=50K,0,0,0,2262,0.0,0.0,56-65
45,Private,177339,Masters,14,Married-AF-spouse,Handlers-cleaners,Husband,Black,Male,0,0,28,United-States,<=50K,0,0,0,1260,0.0,0.0,36-45
46,Self-emp-not-inc,84511,HS-grad,9,Never-married,Transport-moving,Not-in-family,White,Male,0,0,45,United-States,<=50K,0,0,0,2070,0.0,0.0,46-55
34,Unknown,270143,5th-6th,3,Separated,Protective-serv,Own-child,White,Male,90862,0,39,United-States,<=50K,1,0,90862,1326,11.417108156597946,0.0,26-35
78,Private,377774,Some-college,10,Married-civ-spouse,Armed-Forces,Husband,Black,Male,0,0,49,United-States,<=50K,0,0,0,3822,0.0,0.0,66+
42,Private,62436,Some-college,10,Never-married,Handlers-cleaners,Not-in-family,White,Male,0,0,33,United-States,<=50K,0,0,0,1386,0.0,0.0,36-45
70,Private,51791,1st-4th,2,Never-married,Protective-serv,Own-child,Asian-Pac-Islander,Male,0,0,27,Mexico,<=50K,0,0,0,1890,0.0,0.0,66+
44,Private,387744,Bachelors,13,Married-civ-spouse,Handlers-cleaners,Other-relative,Asian-Pac-Islander,Female,0,0,29,United-States,>50K,0,0,0,1276,0.0,0.0,36-45
20,Private,368498,Some-college,10,Never-married,Handlers-cleaners,Husband,White,Male,0,0,60,Mexico,<=50K,0,0,0,1200,0.0,0.0,18-25
72,Private,221651,Assoc-acdm,12,Never-married,Other-service,Not-in-family,White,Male,18249,0,70,United-States,>50K,1,0,18249,5040,9.811920359010637,0.0,66+
29,Private,352218,HS-grad,9,Married-civ-spouse,Adm-clerical,Own-child,White,Male,0,0,60,United-States,<=50K,0,0,0,1740,0.0,0.0,26-35
34,Private,259593,Some-college,10,Never-married,Exec-managerial,Unmarried,White,Male,0,0,25,United-States,<=50K,0,0,0,850,0.0,0.0,26-35
71,Private,322368,HS-grad,9,Married-civ-spouse,Handlers-cleaners,Unmarried,White,Male,0,0,26,United-States,<=50K,0,0,0,1846,0.0,0.0,66+
73,Private,105185,Prof-school,15,Never-married,Armed-Forces,Own-child,White,Male,26562,0,29,United-States,<=50K,1,0,26562,2117,10.187274549019024,0.0,66+
74,Private,415637,HS-grad,9,Never-married,Machine-op-inspct,Not-in-family,White,Female,0,0,48,United-States,<=50K,0,0,0,3552,0.0,0.0,66+
44,Federal-gov,400020,11th,7,Divorced,Exec-managerial,Not-in-family,White,Male,0,0,61,United-States,<=50K,0,0,0,2684,0.0,0.0,36-45
64,Private,413263,7th-8th,4,Divorced,Farming-fishing,Own-child,White,Male,0,0,49,United-States,<=50K,0,0,0,3136,0.0,0.0,56-65
38,Local-gov,91989,Some-college,10,Married-civ-spouse,Transport-moving,Husband,White,Female,0,0,42,United-States,<=50K,0,0,0,1596,0.0,0.0,36-45
63,Unknown,225984,Prof-school,15,Married-civ-spouse,Adm-clerical,Other-relative,White,Male,0,0,31,United-States,>50K,0,0,0,1953,0.0,0.0,56-65
49,Private,153601,Bachelors,13,Separated,Tech-support,Husband,White,Female,28680,0,37,Philippines,>50K,1,0,28680,1813,10.263990161609186,0.0,46-55
21,Local-gov,262941,Assoc-voc,11,Married-civ-spouse,Sales,Unmarried,White,Female,0,0,41,United-States,<=50K,0,0,0,861,0.0,0.0,18-25
43,Federal-gov,219648,Doctorate,16,Married-civ-spouse,Craft-repair,Wife,Other,Male,0,0,49,United-States,>50K,0,0,0,2107,0.0,0.0,36-45
46,Private,214696,Assoc-voc,11,Married-civ-spouse,Armed-Forces,Unmarried,White,Female,0,0,35,United-States,<=50K,0,0,0,1610,0.0,0.0,46-55
33,Private,456052,HS-grad,9,Never-married,Exec-managerial,Unmarried,White,Male,0,0,44,United-States,<=50K,0,0,0,1452,0.0,0.0,26-35
41,Private,310607,Some-college,10,Never-married,Handlers-cleaners,Own-child,White,Female,0,0,43,United-States,<=50K,0,0,0,1763,0.0,0.0,36-45
49,Private,481742,9th,5,Married-civ-spouse,Protective-serv,Husband,White,Male,0,0,41,United-States,<=50K,0,0,0,2009,0.0,0.0,46-55
21,Self-emp-not-inc,266053,HS-grad,9,Married-civ-spouse,Armed-Forces,Not-in-family,White,Male,0,0,36,United-States,>50K,0,0,0,756,0.0,0.0,18-25
27,Private,376789,HS-grad,9,Married-civ-spouse,Sales,Unmarried,White,Male,0,0,41,United-States,<=50K,0,0,0,1107,0.0,0.0,26-35
65,Private,155242,12th,8,Married-civ-spouse,Protective-serv,Own-child,White,Female,0,0,39,Mexico,<=50K,0,0,0,2535,0.0,0.0,56-65
39,Private,240929,Masters,14,Married-civ-spouse,Transport-moving,Husband,White,Male,0,0,32,United-States,>50K,0,0,0,1248,0.0,0.0,36-45
55,Private,217313,Doctorate,16,Never-married,Adm-clerical,Not-in-family,White,Male,0,0,49,United-States,<=50K,0,0,0,2695,0.0,0.0,46-55
53,Private,385205,HS-grad,9,Divorced,Other-service,Husband,White,Male,0,0,56,United-States,<=50K,0,0,0,2968,0.0,0.0,46-55
52,Private,286756,Assoc-voc,11,Married-civ-spouse,Farming-fishing,Not-in-family,White,Male,0,0,42,United-States,>50K,0,0,0,2184,0.0,0.0,46-55
43,Local-gov,167845,HS-grad,9,Never-married,Adm-clerical,Husband,Amer-Indian-Eskimo,Male,0,0,40,Unknown,<=50K,0,0,0,1720,0.0,0.0,36-45
47,Private,402065,10th,6,Never-married,Handlers-cleaners,Unmarried,White,Male,15222,0,48,United-States,<=50K,1,0,15222,2256,9.630562721059254,0.0,46-55
69,Private,398948,HS-grad,9,Married-civ-spouse,Adm-clerical,Own-child,White,Female,0,0,42,United-States,<=50K,0,0,0,2898,0.0,0.0,66+
77,Private,76099,HS-grad,9,Married-civ-spouse,Other-service,Unmarried,Amer-Indian-Eskimo,Female,0,0,51,United-States,<=50K,0,0,0,3927,0.0,0.0,66+
33,Private,205481,HS-grad,9,Never-married,Adm-clerical,Husband,White,Male,96022,0,41,United-States,<=50K,1,0,96022,1353,11.472343025087802,0.0,26-35
59,Private,285520,HS-grad,9,Married-civ-spouse,Unknown,Unmarried,White,Male,0,0,46,United-States,<=50K,0,0,0,2714,0.0,0.0,56-65
78,Private,446676,10th,6,Never-married,Exec-managerial,Own-child,Asian-Pac-Islander,Female,60744,0,57,United-States,<=50K,1,0,60744,4446,11.014440053288842,0.0,66+
18,State-gov,469825,HS-grad,9,Never-married,Handlers-cleaners,Not-in-family,White,Male,0,0,53,United-States,<=50K,0,0,0,954,0.0,0.0,18-25
66,Never-worked,132246,Bachelors,13,Separated,Other-service,Other-relative,White,Female,0,0,38,United-States,<=50K,0,0,0,2508,0.0,0.0,66+
48,Self-emp-inc,210257,9th,5,Married-civ-spouse,Protective-serv,Not-in-family,White,Male,0,0,51,United-States,>50K,0,0,0,2448,0.0,0.0,46-55
77,Self-emp-inc,81076,HS-grad,9,Married-civ-spouse,Protective-serv,Wife,Black,Male,0,0,29,United-States,>50K,0,0,0,2233,0.0,0.0,66+
53,Private,43568,Some-college,10,Separated,Handlers-cleaners,Husband,White,Male,0,0,38,Mexico,<=50K,0,0,0,2014,0.0,0.0,46-55
69,Private,174726,HS-grad,9,Divorced,Machine-op-inspct,Own-child,White,Male,0,0,48,United-States,>50K,0,0,0,3312,0.0,0.0,66+
28,Private,426298,Some-college,10,Married-civ-spouse,Exec-managerial,Own-child,White,Male,0,0,55,United-States,<=50K,0,0,0,1540,0.0,0.0,26-35
26,Self-emp-not-inc,206768,5th-6th,3,Never-married,Other-service,Not-in-family,White,Female,0,0,32,United-States,<=50K,0,0,0,832,0.0,0.0,26-35
75,Private,113995,Some-college,10,Married-civ-spouse,Armed-Forces,Unmarried,White,Male,0,0,40,United-States,<=50K,0,0,0,3000,0.0,0.0,66+
50,Private,128665,Some-college,10,Never-married,Prof-specialty,Not-in-family,White,Male,0,0,40,United-States,<=50K,0,0,0,2000,0.0,0.0,46-55
52,Private,351745,Assoc-voc,11,Widowed,Armed-Forces,Own-child,White,Male,0,0,39,United-States,>50K,0,0,0,2028,0.0,0.0,46-55
28,Private,279534,Some-college,10,Never-married,Tech-support,Husband,White,Female,0,3564,28,United-States,<=50K,0,1,-3564,784,0.0,8.178919332848396,26-35
32,Private,236261,HS-grad,9,Divorced,Craft-repair,Husband,White,Female,0,0,45,United-States,<=50K,0,0,0,1440,0.0,0.0,26-35
68,Private,188660,HS-grad,9,Widowed,Handlers-cleaners,Own-child,White,Male,0,0,27,United-States,<=50K,0,0,0,1836,0.0,0.0,66+
36,Private,471001,HS-grad,9,Never-married,Transport-moving,Other-relative,White,Male,0,0,51,United-States,<=50K,0,0,0,1836,0.0,0.0,36-45
54,Private,79214,Some-college,10,Married-civ-spouse,Prof-specialty,Own-child,White,Male,0,0,53,United-States,>50K,0,0,0,2862,0.0,0.0,46-55
37,Self-emp-not-inc,389185,5th-6th,3,Never-married,Priv-house-serv,Own-child,White,Male,0,0,34,United-States,<=50K,0,0,0,1258,0.0,0.0,36-45
34,Private,498161,HS-grad,9,Married-civ-spouse,Craft-repair,Not-in-family,White,Female,0,0,27,United-States,>50K,0,0,0,918,0.0,0.0,26-35
28,Private,402965,Assoc-voc,11,Married-civ-spouse,Priv-house-serv,Own-child,Black,Female,0,0,40,United-States,<=50K,0,0,0,1120,0.0,0.0,26-35
75,Private,274562,10th,6,Never-married,Handlers-cleaners,Husband,White,Female,0,0,35,United-States,<=50K,0,0,0,2625,0.0,0.0,66+
76,Private,304463,7th-8th,4,Married-civ-spouse,Sales,Husband,White,Female,0,0,38,United-States,<=50K,0,0,0,2888,0.0,0.0,66+
25,Self-emp-inc,429152,Some-college,10,Married-civ-spouse,Adm-clerical,Own-child,Black,Male,0,0,41,Other,<=50K,0,0,0,1025,0.0,0.0,18-25
39,Private,78314,HS-grad,9,Never-married,Transport-moving,Husband,White,Female,0,0,31,Canada,<=50K,0,0,0,1209,0.0,0.0,36-45
52,State-gov,406344,Bachelors,13,Married-civ-spouse,Protective-serv,Husband,White,Female,0,0,57,United-States,>50K,0,0,0,2964,0.0,0.0,46-55
41,Private,93046,Masters,14,Divorced,Craft-repair,Not-in-family,White,Male,0,0,34,United-States,<=50K,0,0,0,1394,0.0,0.0,36-45
62,Private,81239,Masters,14,Married-civ-spouse,Farming-fishing,Own-child,Asian-Pac-Islander,Male,0,0,49,Cuba,>50K,0,0,0,3038,0.0,0.0,56-65
34,State-gov,31697,HS-grad,9,Never-married,Exec-managerial,Husband,White,Female,0,0,31,United-States,<=50K,0,0,0,1054,0.0,0.0,26-35
21,Private,60499,HS-grad,9,Separated,Machine-op-inspct,Not-in-family,White,Female,0,0,41,United-States,<=50K,0,0,0,861,0.0,0.0,18-25
38,Self-emp-not-inc,318453,Some-college,10,Married-civ-spouse,Handlers-cleaners,Wife,White,Male,0,0,45,United-States,<=50K,0,0,0,1710,0.0,0.0,36-45
55,Private,54881,Some-college,10,Never-married,Transport-moving,Own-child,White,Male,0,0,41,United-States,<=50K,0,0,0,2255,0.0,0.0,46-55
29,Private,348239,Some-college,10,Married-civ-spouse,Prof-specialty,Husband,White,Male,0,0,37,United-States,<=50K,0,0,0,1073,0.0,0.0,26-35
68,Private,55813,HS-grad,9,Married-civ-spouse,Sales,Own-child,Black,Female,0,0,35,United-States,>50K,0,0,0,2380,0.0,0.0,66+
18,Private,110902,7th-8th,4,Married-civ-spouse,Handlers-cleaners,Wife,Black,Male,0,0,36,United-States,<=50K,0,0,0,648,0.0,0.0,18-25
22,Self-emp-not-inc,188321,HS-grad,9,Married-civ-spouse,Farming-fishing,Unmarried,White,Male,0,0,33,United-States,<=50K,0,0,0,726,0.0,0.0,18-25
49,Private,430927,11th,7,Married-civ-spouse,Priv-house-serv,Husband,Asian-Pac-Islander,Male,0,3532,43,Philippines,<=50K,0,1,-3532,2107,0.0,8.169902647359145,46-55
49,Private,85425,10th,6,Never-married,Tech-support,Husband,White,Male,1961,0,58,Philippines,<=50K,1,0,1961,2842,7.581719640125308,0.0,46-55
36,Private,183211,Masters,14,Never-married,Machine-op-inspct,Husband,Black,Male,0,0,44,United-States,<=50K,0,0,0,1584,0.0,0.0,36-45
34,Private,63027,1st-4th,2,Married-AF-spouse,Craft-repair,Wife,Asian-Pac-Islander,Female,0,0,46,Other,<=50K,0,0,0,1564,0.0,0.0,26-35
22,Private,117393,Some-college,10,Widowed,Adm-clerical,Not-in-family,Amer-Indian-Eskimo,Male,67096,0,51,United-States,<=50K,1,0,67096,1122,11.113894612571308,0.0,18-25
59,State-gov,272478,Masters,14,Divorced,Adm-clerical,Not-in-family,White,Male,0,0,35,United-States,<=50K,0,0,0,2065,0.0,0.0,56-65
41,Private,377909,HS-grad,9,Married-civ-spouse,Priv-house-serv,Unmarried,White,Female,0,0,22,United-States,<=50K,0,0,0,902,0.0,0.0,36-45
25,Private,267480,Some-college,10,Married-civ-spouse,Other-service,Wife,White,Female,3889,0,40,United-States,<=50K,1,0,3889,1000,8.266164436612492,0.0,18-25
42,Private,317021,Assoc-voc,11,Divorced,Priv-house-serv,Own-child,White,Female,0,0,49,United-States,<=50K,0,0,0,2058,0.0,0.0,36-45
76,Private,183322,HS-grad,9,Never-married,Farming-fishing,Not-in-family,Black,Male,0,0,60,China,<=50K,0,0,0,4560,0.0,0.0,66+
34,Private,107838,HS-grad,9,Married-civ-spouse,Farming-fishing,Husband,Black,Male,0,0,30,United-States,<=50K,0,0,0,1020,0.0,0.0,26-35
73,Private,333329,Bachelors,13,Married-civ-spouse,Adm-clerical,Wife,Asian-Pac-Islander,Male,0,0,51,Canada,>50K,0,0,0,3723,0.0,0.0,66+
34,Private,417996,Assoc-acdm,12,Divorced,Machine-op-inspct,Husband,Asian-Pac-Islander,Male,0,0,43,United-States,<=50K,0,0,0,1462,0.0,0.0,26-35
29,Self-emp-inc,304360,Bachelors,13,Separated,Tech-support,Own-child,White,Male,0,0,36,United-States,>50K,0,0,0,1044,0.0,0.0,26-35
34,Private,61404,Doctorate,16,Divorced,Priv-house-serv,Other-relative,White,Male,0,0,30,United-States,<=50K,0,0,0,1020,0.0,0.0,26-35
38,Private,498174,HS-grad,9,Never-married,Prof-specialty,Other-relative,White,Female,0,0,34,United-States,<=50K,0,0,0,1292,0.0,0.0,36-45
25,Local-gov,103139,Assoc-acdm,12,Divorced,Craft-repair,Not-in-family,White,Female,0,0,46,Other,<=50K,0,0,0,1150,0.0,0.0,18-25
54,Federal-gov,278075,Some-college,10,Married-civ-spouse,Unknown,Husband,White,Male,0,0,52,United-States,<=50K,0,0,0,2808,0.0,0.0,46-55
38,Local-gov,386065,Some-college,10,Divorced,Armed-Forces,Not-in-family,White,Male,0,0,13,United-States,<=50K,0,0,0,494,0.0,0.0,36-45
62,Private,490625,Assoc-acdm,12,Never-married,Farming-fishing,Not-in-family,White,Male,37887,0,45,United-States,<=50K,1,0,37887,2790,10.542389718243678,0.0,56-65
48,State-gov,274917,Assoc-acdm,12,Never-married,Sales,Not-in-family,White,Male,0,0,34,United-States,<=50K,0,0,0,1632,0.0,0.0,46-55
45,Self-emp-inc,459703,Bachelors,13,Divorced,Priv-house-serv,Husband,White,Male,0,0,35,United-States,<=50K,0,0,0,1575,0.0,0.0,36-45
47,Self-emp-not-inc,222134,HS-grad,9,Married-civ-spouse,Priv-house-serv,Unmarried,White,Female,0,0,44,United-States,<=50K,0,0,0,2068,0.0,0.0,46-55
27,Private,49053,Some-college,10,Married-civ-spouse,Exec-managerial,Husband,Asian-Pac-Islander,Female,0,0,59,United-States,<=50K,0,0,0,1593,0.0,0.0,26-35
62,State-gov,84477,HS-grad,9,Married-civ-spouse,Machine-op-inspct,Not-in-family,White,Male,0,465,33,United-States,>50K,0,1,-465,2046,0.0,6.144185634125646,56-65
24,Private,459134,Some-college,10,Married-civ-spouse,Priv-house-serv,Not-in-family,White,Male,0,0,39,United-States,<=50K,0,0,0,936,0.0,0.0,18-25
62,Self-emp-not-inc,53877,Assoc-acdm,12,Married-civ-spouse,Other-service,Unmarried,White,Male,0,0,24,United-States,>50K,0,0,0,1488,0.0,0.0,56-65
79,Private,461994,Assoc-acdm,12,Never-married,Exec-managerial,Unmarried,White,Female,0,0,44,United-States,>50K,0,0,0,3476,0.0,0.0,66+
65,Self-emp-not-inc,223135,HS-grad,9,Never-married,Handlers-cleaners,Husband,White,Male,0,0,33,United-States,<=50K,0,0,0,2145,0.0,0.0,56-65
46,Self-emp-not-inc,477620,Some-college,10,Never-married,Tech-support,Not-in-family,White,Male,0,0,56,Philippines,<=50K,0,0,0,2576,0.0,0.0,46-55
37,Private,492101,HS-grad,9,Never-married,Other-service,Husband,Other,Female,0,0,44,United-States,<=50K,0,0,0,1628,0.0,0.0,36-45
72,Private,48446,11th,7,Married-spouse-absent,Adm-clerical,Not-in-family,White,Male,0,0,37,United-States,<=50K,0,0,0,2664,0.0,0.0,66+
33,Private,314941,HS-grad,9,Widowed,Sales,Own-child,White,Female,0,0,37,United-States,<=50K,0,0,0,1221,0.0,0.0,26-35
47,Self-emp-not-inc,24424,Bachelors,13,Married-civ-spouse,Sales,Husband,Asian-Pac-Islander,Male,0,0,44,United-States,<=50K,0,0,0,2068,0.0,0.0,46-55
65,Private,165770,HS-grad,9,Married-civ-spouse,Exec-managerial,Unmarried,Black,Male,0,0,47,United-States,<=50K,0,0,0,3055,0.0,0.0,56-65
75,Self-emp-inc,474489,Prof-school,15,Married-civ-spouse,Craft-repair,Not-in-family,White,Female,0,0,28,Germany,<=50K,0,0,0,2100,0.0,0.0,66+
75,Self-emp-not-inc,499574,HS-grad,9,Separated,Adm-clerical,Husband,White,Male,0,0,39,United-States,<=50K,0,0,0,2925,0.0,0.0,66+
23,Private,77446,Assoc-voc,11,Married-civ-spouse,Sales,Own-child,White,Male,0,0,40,United-States,<=50K,0,0,0,920,0.0,0.0,18-25
73,Private,498882,Some-college,10,Married-civ-spouse,Farming-fishing,Husband,Other,Female,0,0,42,United-States,<=50K,0,0,0,3066,0.0,0.0,66+
25,Private,99504,Assoc-voc,11,Divorced,Priv-house-serv,Own-child,White,Male,0,0,53,United-States,<=50K,0,0,0,1325,0.0,0.0,18-25
54,Local-gov,175514,Some-college,10,Never-married,Handlers-cleaners,Wife,White,Male,0,0,26,United-States,<=50K,0,0,0,1404,0.0,0.0,46-55
75,Private,264809,Assoc-voc,11,Never-married,Protective-serv,Unmarried,Black,Male,0,0,50,United-States,<=50K,0,0,0,3750,0.0,0.0,66+
58,Local-gov,116591,Bachelors,13,Never-married,Other-service,Husband,White,Female,0,0,44,Germany,<=50K,0,0,0,2552,0.0,0.0,56-65
76,Never-worked,40857,Some-college,10,Never-married,Armed-Forces,Own-child,White,Male,0,0,35,United-States,<=50K,0,0,0,2660,0.0,0.0,66+
39,Private,105122,7th-8th,4,Never-married,Exec-managerial,Not-in-family,Black,Female,0,0,48,United-States,<=50K,0,0,0,1872,0.0,0.0,36-45
37,Self-emp-not-inc,41046,HS-grad,9,Married-civ-spouse,Exec-managerial,Own-child,White,Female,0,0,36,United-States,<=50K,0,0,0,1332,0.0,0.0,36-45
38,Private,298038,Assoc-voc,11,Never-married,Armed-Forces,Husband,White,Male,0,0,22,United-States,<=50K,0,0,0,836,0.0,0.0,36-45
40,Private,323791,HS-grad,9,Never-married,Handlers-cleaners,Husband,White,Male,0,0,6,United-States,<=50K,0,0,0,240,0.0,0.0,36-45
60,Private,163934,Some-college,10,Married-civ-spouse,Transport-moving,Own-child,White,Female,0,0,28,United-States,<=50K,0,0,0,1680,0.0,0.0,56-65
46,Private,419946,Some-college,10,Married-spouse-absent,Priv-house-serv,Husband,White,Male,0,0,35,United-States,<=50K,0,0,0,1610,0.0,0.0,46-55
63,Private,392089,HS-grad,9,Widowed,Handlers-cleaners,Not-in-family,White,Male,0,0,42,United-States,<=50K,0,0,0,2646,0.0,0.0,56-65
43,Private,175096,Assoc-acdm,12,Never-married,Exec-managerial,Husband,White,Male,0,0,46,Mexico,>50K,0,0,0,1978,0.0,0.0,36-45
37,Private,183634,Assoc-voc,11,Separated,Handlers-cleaners,Not-in-family,White,Male,0,0,37,United-States,<=50K,0,0,0,1369,0.0,0.0,36-45
29,Unknown,205168,Assoc-voc,11,Married-civ-spouse,Prof-specialty,Unmarried,Asian-Pac-Islander,Male,0,0,26,United-States,<=50K,0,0,0,754,0.0,0.0,26-35
52,Private,308421,Assoc-voc,11,Married-civ-spouse,Prof-specialty,Not-in-family,White,Male,0,0,36,United-States,<=50K,0,0,0,1872,0.0,0.0,46-55
73,Private,422485,Bachelors,13,Married-civ-spouse,Sales,Unmarried,White,Female,0,0,38,United-States,<=50K,0,0,0,2774,0.0,0.0,66+
71,Federal-gov,131937,Some-college,10,Separated,Protective-serv,Unmarried,Black,Female,0,0,57,United-States,<=50K,0,0,0,4047,0.0,0.0,66+
33,Private,173043,Prof-school,15,Never-married,Adm-clerical,Other-relative,White,Male,0,0,46,United-States,<=50K,0,0,0,1518,0.0,0.0,26-35
47,Private,245664,10th,6,Married-spouse-absent,Priv-house-serv,Husband,White,Female,19583,0,23,United-States,<=50K,1,0,19583,1081,9.882468185312053,0.0,46-55
61,Without-pay,133914,Some-college,10,Never-married,Farming-fishing,Own-child,White,Female,0,0,37,United-States,<=50K,0,0,0,2257,0.0,0.0,56-65
55,Federal-gov,332459,Assoc-voc,11,Never-married,Exec-managerial,Not-in-family,White,Female,0,0,47,United-States,<=50K,0,0,0,2585,0.0,0.0,46-55
22,Private,49451,HS-grad,9,Married-civ-spouse,Exec-managerial,Other-relative,White,Female,0,0,40,United-States,<=50K,0,0,0,880,0.0,0.0,18-25
54,Unknown,495402,HS-grad,9,Married-civ-spouse,Armed-Forces,Not-in-family,White,Male,0,0,24,United-States,<=50K,0,0,0,1296,0.0,0.0,46-55
20,Private,147760,Some-college,10,Divorced,Tech-support,Not-in-family,Black,Female,0,0,48,Other,<=50K,0,0,0,960,0.0,0.0,18-25
25,Self-emp-not-inc,159046,HS-grad,9,Never-married,Exec-managerial,Not-in-family,White,Female,0,0,44,United-States,<=50K,0,0,0,1100,0.0,0.0,18-25
58,Private,143156,Bachelors,13,Married-civ-spouse,Transport-moving,Not-in-family,White,Male,0,0,38,United-States,>50K,0,0,0,2204,0.0,0.0,56-65
24,Private,379941,HS-grad,9,Separated,Machine-op-inspct,Not-in-family,Asian-Pac-Islander,Male,0,0,32,United-States,<=50K,0,0,0,768,0.0,0.0,18-25
39,Unknown,92998,11th,7,Never-married,Adm-clerical,Wife,Black,Male,0,0,50,United-States,<=50K,0,0,0,1950,0.0,0.0,36-45
54,Self-emp-not-inc,306670,Some-college,10,Married-civ-spouse,Tech-support,Husband,White,Male,0,0,22,United-States,<=50K,0,0,0,1188,0.0,0.0,46-55
58,Private,338100,HS-grad,9,Separated,Sales,Wife,White,Male,92272,0,24,United-States,<=50K,1,0,92272,1392,11.43250685332031,0.0,56-65
45,Private,379943,9th,5,Never-married,Unknown,Own-child,White,Male,0,0,33,United-States,<=50K,0,0,0,1485,0.0,0.0,36-45
23,Private,269749,Some-college,10,Never-married,Exec-managerial,Husband,White,Female,53900,0,43,Mexico,<=50K,1,0,53900,989,10.894904309600681,0.0,18-25
67,Self-emp-not-inc,310198,Some-college,10,Married-civ-spouse,Handlers-cleaners,Wife,White,Female,0,0,26,United-States,<=50K,0,0,0,1742,0.0,0.0,66+
76,Private,233465,11th,7,Married-civ-spouse,Armed-Forces,Unmarried,White,Male,0,0,35,United-States,<=50K,0,0,0,2660,0.0,0.0,66+
73,Private,62977,Some-college,10,Married-civ-spouse,Adm-clerical,Husband,White,Male,0,0,37,United-States,<=50K,0,0,0,2701,0.0,0.0,66+
64,Private,17042,Some-college,10,Divorced,Adm-clerical,Not-in-family,White,Male,0,3025,43,United-States,<=50K,0,1,-3025,2752,0.0,8.014996894348302,56-65
42,Self-emp-not-inc,126561,Assoc-acdm,12,Never-married,Other-service,Own-child,Black,Male,0,0,37,China,<=50K,0,0,0,1554,0.0,0.0,36-45
72,Private,359003,HS-grad,9,Widowed,Adm-clerical,Other-relative,White,Female,0,0,37,Japan,<=50K,0,0,0,2664,0.0,0.0,66+
48,State-gov,359222,HS-grad,9,Separated,Armed-Forces,Husband,White,Female,0,0,33,United-States,<=50K,0,0,0,1584,0.0,0.0,46-55
26,Private,303161,Masters,14,Married-civ-spouse,Adm-clerical,Husband,Asian-Pac-Islander,Male,0,0,51,United-States,<=50K,0,0,0,1326,0.0,0.0,26-35
70,Private,373676,Some-college,10,Married-spouse-absent,Transport-moving,Not-in-family,White,Female,0,0,47,United-States,<=50K,0,0,0,3290,0.0,0.0,66+
37,Private,402600,5th-6th,3,Married-civ-spouse,Armed-Forces,Husband,White,Male,0,0,46,England,<=50K,0,0,0,1702,0.0,0.0,36-45
76,Private,318478,Bachelors,13,Married-civ-spouse,Protective-serv,Husband,White,Male,0,0,32,United-States,>50K,0,0,0,2432,0.0,0.0,66+
40,Private,243400,12th,8,Never-married,Exec-managerial,Not-in-family,White,Male,51933,0,35,United-States,<=50K,1,0,51933,1400,10.857728960638758,0.0,36-45
71,Private,106899,Assoc-acdm,12,Separated,Exec-managerial,Not-in-family,White,Male,0,0,45,United-States,>50K,0,0,0,3195,0.0,0.0,66+
51,Local-gov,67307,Assoc-voc,11,Widowed,Sales,Husband,White,Female,0,0,34,United-States,<=50K,0,0,0,1734,0.0,0.0,46-55
46,Private,62701,Prof-school,15,Never-married,Transport-moving,Unmarried,White,Male,78642,0,31,United-States,>50K,1,0,78642,1426,11.272673902618335,0.0,46-55
36,Private,62678,Masters,14,Married-civ-spouse,Prof-specialty,Husband,Black,Male,79711,0,43,United-States,>50K,1,0,79711,1548,11.286175418061907,0.0,36-45
69,Private,370767,HS-grad,9,Married-civ-spouse,Priv-house-serv,Husband,White,Male,0,0,27,United-States,>50K,0,0,0,1863,0.0,0.0,66+
21,Private,343573,Assoc-acdm,12,Married-civ-spouse,Priv-house-serv,Husband,Asian-Pac-Islander,Male,0,0,38,United-States,<=50K,0,0,0,798,0.0,0.0,18-25
47,Private,322324,HS-grad,9,Never-married,Farming-fishing,Husband,Asian-Pac-Islander,Female,0,0,49,United-States,<=50K,0,0,0,2303,0.0,0.0,46-55
40,Private,259149,Some-college,10,Divorced,Craft-repair,Husband,White,Female,0,0,41,Germany,<=50K,0,0,0,1640,0.0,0.0,36-45
51,Private,283636,Some-college,10,Married-civ-spouse,Farming-fishing,Other-relative,White,Male,0,0,30,United-States,>50K,0,0,0,1530,0.0,0.0,46-55
33,Private,135289,7th-8th,4,Divorced,Other-service,Husband,Other,Male,0,0,45,United-States,<=50K,0,0,0,1485,0.0,0.0,26-35
59,Local-gov,19279,1st-4th,2,Never-married,Machine-op-inspct,Unmarried,White,Male,0,0,34,United-States,<=50K,0,0,0,2006,0.0,0.0,56-65
41,Private,417836,7th-8th,4,Never-married,Unknown,Own-child,White,Female,0,0,48,United-States,<=50K,0,0,0,1968,0.0,0.0,36-45
29,Local-gov,313480,10th,6,Married-civ-spouse,Tech-support,Not-in-family,White,Female,0,0,45,United-States,<=50K,0,0,0,1305,0.0,0.0,26-35
30,Private,474390,HS-grad,9,Married-civ-spouse,Adm-clerical,Own-child,White,Male,0,0,37,Mexico,<=50K,0,0,0,1110,0.0,0.0,26-35
61,Federal-gov,391680,Bachelors,13,Never-married,Handlers-cleaners,Husband,White,Male,0,0,33,United-States,<=50K,0,0,0,2013,0.0,0.0,56-65
34,Private,198799,Some-college,10,Never-married,Adm-clerical,Husband,Black,Female,0,0,32,United-States,<=50K,0,0,0,1088,0.0,0.0,26-35
37,Private,237537,Bachelors,13,Married-civ-spouse,Handlers-cleaners,Not-in-family,White,Male,0,0,66,United-States,>50K,0,0,0,2442,0.0,0.0,36-45
56,Self-emp-inc,198854,Bachelors,13,Married-civ-spouse,Prof-specialty,Not-in-family,White,Male,0,0,17,United-States,>50K,0,0,0,952,0.0,0.0,56-65
38,Private,34991,Assoc-acdm,12,Widowed,Tech-support,Husband,White,Female,0,0,22,Unknown,<=50K,0,0,0,836,0.0,0.0,36-45
42,Private,111245,HS-grad,9,Never-married,Sales,Own-child,White,Female,0,0,51,United-States,<=50K,0,0,0,2142,0.0,0.0,36-45
33,Self-emp-inc,152043,Bachelors,13,Married-civ-spouse,Protective-serv,Husband,White,Female,0,0,49,United-States,<=50K,0,0,0,1617,0.0,0.0,26-35
39,Unknown,445160,Assoc-acdm,12,Never-married,Transport-moving,Husband,White,Female,0,0,44,United-States,<=50K,0,0,0,1716,0.0,0.0,36-45
60,Private,95329,Assoc-acdm,12,Never-married,Handlers-cleaners,Not-in-family,White,Male,0,0,20,United-States,<=50K,0,0,0,1200,0.0,0.0,56-65
51,Private,33860,Bachelors,13,Married-civ-spouse,Tech-support,Husband,White,Male,0,0,45,United-States,>50K,0,0,0,2295,0.0,0.0,46-55
79,Private,313043,Some-college,10,Married-civ-spouse,Armed-Forces,Not-in-family,White,Female,0,0,30,United-States,<=50K,0,0,0,2370,0.0,0.0,66+
65,Without-pay,158143,Some-college,10,Widowed,Unknown,Unmarried,White,Female,0,0,39,United-States,<=50K,0,0,0,2535,0.0,0.0,56-65
19,Private,69686,Bachelors,13,Divorced,Tech-support,Husband,White,Male,0,0,44,United-States,<=50K,0,0,0,836,0.0,0.0,18-25
41,Private,198633,HS-grad,9,Married-civ-spouse,Other-service,Unmarried,White,Male,0,0,45,United-States,<=50K,0,0,0,1845,0.0,0.0,36-45
35,Private,30066,Bachelors,13,Never-married,Other-service,Not-in-family,White,Male,0,0,33,Japan,<=50K,0,0,0,1155,0.0,0.0,26-35
54,Local-gov,228285,7th-8th,4,Divorced,Protective-serv,Own-child,White,Male,0,0,53,United-States,<=50K,0,0,0,2862,0.0,0.0,46-55
34,Self-emp-not-inc,410918,Preschool,1,Never-married,Armed-Forces,Other-relative,White,Female,0,0,48,Philippines,<=50K,0,0,0,1632,0.0,0.0,26-35
77,Private,286394,Some-college,10,Married-civ-spouse,Prof-specialty,Husband,White,Female,0,0,30,United-States,>50K,0,0,0,2310,0.0,0.0,66+
36,State-gov,461734,7th-8th,4,Married-civ-spouse,Other-service,Not-in-family,White,Male,93128,0,35,Other,<=50K,1,0,93128,1260,11.44174090777954,0.0,36-45
50,Private,497272,Prof-school,15,Married-civ-spouse,Adm-clerical,Not-in-family,White,Male,0,0,32,United-States,<=50K,0,0,0,1600,0.0,0.0,46-55
25,Local-gov,423534,1st-4th,2,Married-spouse-absent,Sales,Unmarried,White,Female,0,0,39,United-States,<=50K,0,0,0,975,0.0,0.0,18-25
74,Private,386308,Assoc-voc,11,Never-married,Craft-repair,Not-in-family,White,Male,0,0,46,United-States,<=50K,0,0,0,3404,0.0,0.0,66+
74,Private,295996,HS-grad,9,Never-married,Sales,Not-in-family,White,Male,0,0,21,United-States,<=50K,0,0,0,1554,0.0,0.0,66+
67,Private,51736,Prof-school,15,Married-civ-spouse,Sales,Husband,Asian-Pac-Islander,Female,0,0,20,Unknown,>50K,0,0,0,1340,0.0,0.0,66+
39,Never-worked,184737,HS-grad,9,Never-married,Tech-support,Unmarried,White,Male,0,0,32,Canada,<=50K,0,0,0,1248,0.0,0.0,36-45
21,Local-gov,456765,5th-6th,3,Divorced,Farming-fishing,Not-in-family,White,Male,0,0,54,United-States,<=50K,0,0,0,1134,0.0,0.0,18-25
62,Unknown,49360,5th-6th,3,Never-married,Exec-managerial,Not-in-family,White,Male,0,0,42,United-States,<=50K,0,0,0,2604,0.0,0.0,56-65
44,Private,390786,Some-college,10,Married-civ-spouse,Machine-op-inspct,Other-relative,Black,Female,0,0,56,United-States,>50K,0,0,0,2464,0.0,0.0,36-45
79,Private,201290,Doctorate,16,Never-married,Machine-op-inspct,Own-child,White,Female,0,0,38,United-States,>50K,0,0,0,3002,0.0,0.0,66+
61,Private,465026,Prof-school,15,Married-civ-spouse,Transport-moving,Husband,White,Male,0,0,32,United-States,>50K,0,0,0,1952,0.0,0.0,56-65
51,Private,99942,HS-grad,9,Married-civ-spouse,Transport-moving,Other-relative,Asian-Pac-Islander,Female,0,0,23,United-States,>50K,0,0,0,1173,0.0,0.0,46-55
79,Private,219459,HS-grad,9,Never-married,Machine-op-inspct,Unmarried,White,Male,0,0,32,United-States,<=50K,0,0,0,2528,0.0,0.0,66+
67,Private,405969,9th,5,Married-civ-spouse,Priv-house-serv,Not-in-family,White,Male,0,0,34,United-States,<=50K,0,0,0,2278,0.0,0.0,66+
46,Private,213028,Some-college,10,Married-civ-spouse,Machine-op-inspct,Husband,White,Male,0,0,16,United-States,<=50K,0,0,0,736,0.0,0.0,46-55
19,Local-gov,418494,Some-college,10,Separated,Tech-support,Husband,Asian-Pac-Islander,Male,0,0,32,United-States,<=50K,0,0,0,608,0.0,0.0,18-25
23,Private,187526,HS-grad,9,Married-civ-spouse,Protective-serv,Husband,White,Male,0,0,32,United-States,<=50K,0,0,0,736,0.0,0.0,18-25
45,Private,240146,Some-college,10,Never-married,Transport-moving,Husband,Black,Male,0,0,40,United-States,<=50K,0,0,0,1800,0.0,0.0,36-45
52,Private,358690,Bachelors,13,Never-married,Prof-specialty,Unmarried,White,Male,0,0,40,United-States,<=50K,0,0,0,2080,0.0,0.0,46-55
19,Private,160618,Preschool,1,Never-married,Prof-specialty,Husband,Asian-Pac-Islander,Male,0,0,43,United-States,<=50K,0,0,0,817,0.0,0.0,18-25
25,Private,406602,HS-grad,9,Married-civ-spouse,Protective-serv,Husband,White,Female,0,0,24,United-States,<=50K,0,0,0,600,0.0,0.0,18-25
61,Self-emp-not-inc,352624,HS-grad,9,Never-married,Prof-specialty,Husband,White,Female,0,0,29,United-States,<=50K,0,0,0,1769,0.0,0.0,56-65
64,Private,438028,10th,6,Divorced,Prof-specialty,Unmarried,White,Male,76540,0,49,United-States,>50K,1,0,76540,3136,11.245581823958364,0.0,56-65
19,Private,317469,11th,7,Married-civ-spouse,Transport-moving,Not-in-family,Other,Male,0,0,37,United-States,<=50K,0,0,0,703,0.0,0.0,18-25
49,Federal-gov,432000,Some-college,10,Never-married,Exec-managerial,Husband,White,Female,0,0,48,China,<=50K,0,0,0,2352,0.0,0.0,46-55
23,Private,294646,9th,5,Widowed,Prof-specialty,Husband,White,Male,0,0,39,United-States,<=50K,0,0,0,897,0.0,0.0,18-25
62,Private,235609,Assoc-acdm,12,Married-civ-spouse,Transport-moving,Husband,White,Male,0,0,42,United-States,>50K,0,0,0,2604,0.0,0.0,56-65
69,Self-emp-not-inc,463507,Bachelors,13,Married-civ-spouse,Sales,Husband,White,Male,0,0,45,United-States,>50K,0,0,0,3105,0.0,0.0,66+
71,Private,222230,Masters,14,Never-married,Tech-support,Not-in-family,White,Female,0,0,34,United-States,<=50K,0,0,0,2414,0.0,0.0,66+
55,Private,147096,Some-college,10,Divorced,Exec-managerial,Husband,White,Female,0,0,33,United-States,<=50K,0,0,0,1815,0.0,0.0,46-55
56,Self-emp-inc,407997,12th,8,Never-married,Other-service,Husband,White,Male,0,0,33,United-States,<=50K,0,0,0,1848,0.0,0.0,56-65
75,Local-gov,172188,9th,5,Married-civ-spouse,Prof-specialty,Husband,White,Male,0,0,39,United-States,<=50K,0,0,0,2925,0.0,0.0,66+
55,Private,22858,HS-grad,9,Married-civ-spouse,Craft-repair,Husband,White,Female,0,0,46,United-States,<=50K,0,0,0,2530,0.0,0.0,46-55
45,Private,36727,Masters,14,Never-married,Adm-clerical,Husband,Black,Male,0,0,36,United-States,<=50K,0,0,0,1620,0.0,0.0,36-45
64,Private,366405,Masters,14,Married-spouse-absent,Machine-op-inspct,Not-in-family,White,Male,0,0,52,United-States,>50K,0,0,0,3328,0.0,0.0,56-65
54,Private,117675,HS-grad,9,Married-civ-spouse,Sales,Own-child,White,Male,0,0,57,United-States,>50K,0,0,0,3078,0.0,0.0,46-55
70,Private,197991,HS-grad,9,Never-married,Adm-clerical,Husband,White,Male,0,0,31,United-States,<=50K,0,0,0,2170,0.0,0.0,66+
50,Private,240087,Some-college,10,Married-civ-spouse,Other-service,Not-in-family,White,Male,0,0,52,United-States,<=50K,0,0,0,2600,0.0,0.0,46-55
71,Private,198540,HS-grad,9,Married-civ-spouse,Tech-support,Unmarried,White,Male,0,0,40,United-States,<=50K,0,0,0,2840,0.0,0.0,66+
20,Private,412058,Prof-school,15,Divorced,Handlers-cleaners,Wife,Asian-Pac-Islander,Male,0,0,44,United-States,<=50K,0,0,0,880,0.0,0.0,18-25
20,Unknown,422716,HS-grad,9,Married-civ-spouse,Other-service,Own-child,White,Male,0,0,39,Canada,<=50K,0,0,0,780,0.0,0.0,18-25
24,Private,102640,HS-grad,9,Never-married,Priv-house-serv,Unmarried,White,Male,0,0,52,United-States,<=50K,0,0,0,1248,0.0,0.0,18-25
52,Private,40126,HS-grad,9,Married-civ-spouse,Exec-managerial,Own-child,White,Female,0,0,43,United-States,<=50K,0,0,0,2236,0.0,0.0,46-55
61,Local-gov,266296,10th,6,Divorced,Handlers-cleaners,Unmarried,Asian-Pac-Islander,Male,0,0,37,United-States,<=50K,0,0,0,2257,0.0,0.0,56-65
31,Private,425544,HS-grad,9,Married-civ-spouse,Unknown,Not-in-family,White,Female,0,0,36,United-States,<=50K,0,0,0,1116,0.0,0.0,26-35
27,Private,161365,Bachelors,13,Never-married,Handlers-cleaners,Own-child,Asian-Pac-Islander,Male,0,0,28,United-States,<=50K,0,0,0,756,0.0,0.0,26-35
71,Unknown,205269,10th,6,Widowed,Craft-repair,Own-child,White,Female,0,0,34,United-States,<=50K,0,0,0,2414,0.0,0.0,66+
64,Private,394885,Some-college,10,Married-civ-spouse,Armed-Forces,Unmarried,White,Female,0,0,52,United-States,<=50K,0,0,0,3328,0.0,0.0,56-65
58,Private,221198,HS-grad,9,Divorced,Other-service,Husband,Black,Male,0,0,51,United-States,<=50K,0,0,0,2958,0.0,0.0,56-65
48,Private,322642,11th,7,Married-spouse-absent,Prof-specialty,Husband,White,Male,0,0,34,Other,<=50K,0,0,0,1632,0.0,0.0,46-55
44,Self-emp-not-inc,443354,1st-4th,2,Married-civ-spouse,Priv-house-serv,Husband,White,Male,0,622,29,United-States,<=50K,0,1,-622,1276,0.0,6.434546518787453,36-45
19,Private,36887,HS-grad,9,Never-married,Prof-specialty,Not-in-family,Black,Male,0,0,50,United-States,<=50K,0,0,0,950,0.0,0.0,18-25
29,Self-emp-not-inc,35262,7th-8th,4,Never-married,Farming-fishing,Other-relative,White,Female,0,0,44,United-States,<=50K,0,0,0,1276,0.0,0.0,26-35
73,Private,89754,HS-grad,9,Separated,Tech-support,Not-in-family,White,Female,0,0,20,India,<=50K,0,0,0,1460,0.0,0.0,66+
39,Private,266266,Bachelors,13,Married-civ-spouse,Exec-managerial,Wife,Black,Male,0,0,69,United-States,<=50K,0,0,0,2691,0.0,0.0,36-45
61,Private,384257,Assoc-voc,11,Married-civ-spouse,Transport-moving,Not-in-family,White,Male,0,0,40,United-States,<=50K,0,0,0,2440,0.0,0.0,56-65
61,State-gov,71032,Masters,14,Married-civ-spouse,Sales,Not-in-family,Black,Male,0,0,57,United-States,<=50K,0,0,0,3477,0.0,0.0,56-65
37,Private,342428,HS-grad,9,Married-civ-spouse,Prof-specialty,Own-child,Asian-Pac-Islander,Female,0,0,42,United-States,<=50K,0,0,0,1554,0.0,0.0,36-45
30,Private,50472,Assoc-voc,11,Married-civ-spouse,Craft-repair,Not-in-family,White,Female,0,0,30,United-States,<=50K,0,0,0,900,0.0,0.0,26-35
60,Private,66967,Some-college,10,Married-spouse-absent,Machine-op-inspct,Not-in-family,White,Male,0,0,42,United-States,<=50K,0,0,0,2520,0.0,0.0,56-65
23,Private,465663,HS-grad,9,Married-civ-spouse,Exec-managerial,Wife,White,Female,0,0,25,United-States,<=50K,0,0,0,575,0.0,0.0,18-25
48,Private,157928,HS-grad,9,Married-civ-spouse,Protective-serv,Unmarried,White,Female,0,0,39,United-States,<=50K,0,0,0,1872,0.0,0.0,46-55
73,Private,213593,Some-college,10,Married-civ-spouse,Prof-specialty,Husband,White,Male,0,0,29,United-States,>50K,0,0,0,2117,0.0,0.0,66+
62,Private,143282,Bachelors,13,Married-civ-spouse,Unknown,Husband,Asian-Pac-Islander,Male,0,0,38,United-States,<=50K,0,0,0,2356,0.0,0.0,56-65
65,Without-pay,177024,HS-grad,9,Divorced,Unknown,Own-child,Black,Male,0,0,42,United-States,<=50K,0,0,0,2730,0.0,0.0,56-65
23,Private,240988,HS-grad,9,Married-civ-spouse,Priv-house-serv,Husband,Black,Male,0,0,43,United-States,<=50K,0,0,0,989,0.0,0.0,18-25
30,Without-pay,110936,Doctorate,16,Never-married,Transport-moving,Husband,Black,Female,0,0,25,Other,>50K,0,0,0,750,0.0,0.0,26-35
35,Unknown,22711,10th,6,Never-married,Adm-clerical,Husband,White,Female,0,0,34,United-States,<=50K,0,0,0,1190,0.0,0.0,26-35
36,Private,353212,Masters,14,Married-civ-spouse,Handlers-cleaners,Not-in-family,White,Male,0,0,20,United-States,<=50K,0,0,0,720,0.0,0.0,36-45
30,Local-gov,269812,Bachelors,13,Never-married,Craft-repair,Not-in-family,White,Female,0,0,46,United-States,<=50K,0,0,0,1380,0.0,0.0,26-35
78,Federal-gov,275409,Bachelors,13,Married-civ-spouse,Craft-repair,Own-child,White,Male,96739,0,42,United-States,>50K,1,0,96739,3276,11.479782246376974,0.0,66+
28,Private,91530,Bachelors,13,Married-civ-spouse,Prof-specialty,Not-in-family,Black,Female,0,0,28,United-States,<=50K,0,0,0,784,0.0,0.0,26-35
61,Private,362119,12th,8,Widowed,Farming-fishing,Not-in-family,Asian-Pac-Islander,Male,0,0,54,Unknown,<=50K,0,0,0,3294,0.0,0.0,56-65
54,Local-gov,369895,Some-college,10,Separated,Tech-support,Husband,Asian-Pac-Islander,Female,0,0,45,Mexico,<=50K,0,0,0,2430,0.0,0.0,46-55
55,Self-emp-not-inc,246213,Assoc-acdm,12,Married-civ-spouse,Armed-Forces,Unmarried,White,Male,0,0,39,United-States,<=50K,0,0,0,2145,0.0,0.0,46-55
31,Private,278541,Assoc-acdm,12,Divorced,Armed-Forces,Husband,White,Male,0,0,35,United-States,<=50K,0,0,0,1085,0.0,0.0,26-35
37,Private,196060,HS-grad,9,Married-civ-spouse,Craft-repair,Wife,White,Female,0,0,34,United-States,<=50K,0,0,0,1258,0.0,0.0,36-45
55,Private,395757,11th,7,Divorced,Craft-repair,Wife,White,Male,0,0,32,United-States,<=50K,0,0,0,1760,0.0,0.0,46-55
36,Private,459547,HS-grad,9,Never-married,Priv-house-serv,Husband,White,Female,0,0,52,United-States,<=50K,0,0,0,1872,0.0,0.0,36-45
61,Private,318665,HS-grad,9,Married-civ-spouse,Other-service,Husband,White,Male,0,0,43,United-States,<=50K,0,0,0,2623,0.0,0.0,56-65
20,Private,60343,Some-college,10,Separated,Other-service,Own-child,White,Male,0,0,30,United-States,<=50K,0,0,0,600,0.0,0.0,18-25
22,Private,455607,Bachelors,13,Never-married,Other-service,Husband,White,Male,0,0,53,United-States,<=50K,0,0,0,1166,0.0,0.0,18-25
63,Private,278265,Assoc-acdm,12,Married-civ-spouse,Farming-fishing,Unmarried,Asian-Pac-Islander,Male,0,0,39,United-States,>50K,0,0,0,2457,0.0,0.0,56-65
56,Private,477874,Assoc-voc,11,Never-married,Craft-repair,Not-in-family,White,Female,0,0,31,Philippines,<=50K,0,0,0,1736,0.0,0.0,56-65
20,Private,366603,HS-grad,9,Never-married,Other-service,Not-in-family,White,Male,0,0,60,United-States,<=50K,0,0,0,1200,0.0,0.0,18-25
73,Private,315068,HS-grad,9,Married-civ-spouse,Prof-specialty,Not-in-family,Asian-Pac-Islander,Male,75626,0,29,United-States,>50K,1,0,75626,2117,11.233568641264437,0.0,66+
18,Private,165287,HS-grad,9,Divorced,Adm-clerical,Not-in-family,Black,Female,81617,0,32,United-States,<=50K,1,0,81617,576,11.309805104861486,0.0,18-25
77,Federal-gov,317422,HS-grad,9,Never-married,Armed-Forces,Husband,White,Female,0,0,40,United-States,<=50K,0,0,0,3080,0.0,0.0,66+
63,Private,121248,1st-4th,2,Widowed,Sales,Husband,White,Female,0,0,43,United-States,<=50K,0,0,0,2709,0.0,0.0,56-65
79,Private,184138,HS-grad,9,Married-civ-spouse,Sales,Husband,White,Female,0,0,32,United-States,<=50K,0,0,0,2528,0.0,0.0,66+
76,Private,325424,HS-grad,9,Never-married,Machine-op-inspct,Own-child,White,Male,0,0,18,United-States,<=50K,0,0,0,1368,0.0,0.0,66+
37,Private,467619,Some-college,10,Never-married,Prof-specialty,Husband,White,Female,41417,0,40,United-States,<=50K,1,0,41417,1480,10.631470847931531,0.0,36-45
64,Private,274205,7th-8th,4,Married-spouse-absent,Adm-clerical,Husband,White,Female,0,0,30,United-States,<=50K,0,0,0,1920,0.0,0.0,56-65
31,Private,409222,HS-grad,9,Married-civ-spouse,Sales,Own-child,White,Female,0,0,36,United-States,<=50K,0,0,0,1116,0.0,0.0,26-35
47,Private,224315,5th-6th,3,Divorced,Adm-clerical,Husband,White,Female,0,0,32,Other,<=50K,0,0,0,1504,0.0,0.0,46-55
32,Private,132160,Some-college,10,Separated,Protective-serv,Not-in-family,White,Male,0,0,29,United-States,<=50K,0,0,0,928,0.0,0.0,26-35
48,Private,56032,Some-college,10,Married-civ-spouse,Farming-fishing,Husband,White,Female,71549,0,37,Cuba,<=50K,1,0,71549,1776,11.178151784984596,0.0,46-55
72,Private,139215,HS-grad,9,Divorced,Unknown,Husband,White,Female,0,0,34,United-States,<=50K,0,0,0,2448,0.0,0.0,66+
45,Private,65597,11th,7,Never-married,Tech-support,Own-child,White,Female,0,0,32,United-States,<=50K,0,0,0,1440,0.0,0.0,36-45
23,Private,373491,Masters,14,Divorced,Protective-serv,Own-child,White,Male,46464,0,50,Unknown,<=50K,1,0,46464,1150,10.74645461999144,0.0,18-25
38,Private,60491,Some-college,10,Never-married,Farming-fishing,Not-in-family,White,Male,0,0,30,United-States,<=50K,0,0,0,1140,0.0,0.0,36-45
66,Self-emp-not-inc,182032,Assoc-voc,11,Married-civ-spouse,Adm-clerical,Wife,White,Male,0,0,37,United-States,<=50K,0,0,0,2442,0.0,0.0,66+
50,Private,441007,Some-college,10,Never-married,Other-service,Husband,White,Female,0,0,40,United-States,<=50K,0,0,0,2000,0.0,0.0,46-55
52,Private,413065,Bachelors,13,Married-civ-spouse,Machine-op-inspct,Unmarried,White,Female,0,0,23,United-States,>50K,0,0,0,1196,0.0,0.0,46-55
44,Private,418606,Bachelors,13,Never-married,Unknown,Husband,White,Male,0,0,29,Other,<=50K,0,0,0,1276,0.0,0.0,36-45
36,Private,459176,HS-grad,9,Married-civ-spouse,Adm-clerical,Not-in-family,White,Female,0,0,40,United-States,<=50K,0,0,0,1440,0.0,0.0,36-45
55,Private,259789,Assoc-voc,11,Married-civ-spouse,Craft-repair,Not-in-family,White,Male,30957,0,39,United-States,>50K,1,0,30957,2145,10.340386726133822,0.0,46-55
57,Private,66572,HS-grad,9,Widowed,Tech-support,Own-child,Asian-Pac-Islander,Female,0,0,32,United-States,<=50K,0,0,0,1824,0.0,0.0,56-65
73,Private,118479,Some-college,10,Never-married,Handlers-cleaners,Husband,White,Female,0,0,40,United-States,<=50K,0,0,0,2920,0.0,0.0,66+
56,Private,265210,HS-grad,9,Married-civ-spouse,Transport-moving,Husband,White,Male,0,0,43,United-States,>50K,0,0,0,2408,0.0,0.0,56-65
79,Private,107781,1st-4th,2,Married-civ-spouse,Prof-specialty,Husband,White,Male,21513,0,46,United-States,>50K,1,0,21513,3634,9.976459164991951,0.0,66+
69,Private,445059,Masters,14,Never-married,Farming-fishing,Husband,White,Female,0,1668,47,United-States,>50K,0,1,-1668,3243,0.0,7.419979923661835,66+
22,State-gov,221961,Bachelors,13,Married-spouse-absent,Armed-Forces,Not-in-family,White,Male,40176,0,52,United-States,<=50K,1,0,40176,1144,10.601049971569482,0.0,18-25
42,Never-worked,280272,HS-grad,9,Married-civ-spouse,Protective-serv,Own-child,White,Male,0,0,41,United-States,<=50K,0,0,0,1722,0.0,0.0,36-45
41,Self-emp-inc,65727,Doctorate,16,Widowed,Adm-clerical,Own-child,White,Male,0,0,26,United-States,>50K,0,0,0,1066,0.0,0.0,36-45
18,Private,81297,HS-grad,9,Married-civ-spouse,Transport-moving,Husband,White,Male,0,0,37,United-States,<=50K,0,0,0,666,0.0,0.0,18-25
29,Private,401495,HS-grad,9,Never-married,Craft-repair,Husband,White,Male,0,0,27,United-States,<=50K,0,0,0,783,0.0,0.0,26-35
65,Private,397752,Bachelors,13,Married-civ-spouse,Craft-repair,Not-in-family,White,Female,0,0,48,United-States,<=50K,0,0,0,3120,0.0,0.0,56-65
39,Federal-gov,305755,HS-grad,9,Married-civ-spouse,Farming-fishing,Wife,Asian-Pac-Islander,Female,0,0,54,United-States,<=50K,0,0,0,2106,0.0,0.0,36-45
27,Private,110608,HS-grad,9,Widowed,Priv-house-serv,Not-in-family,White,Male,0,799,40,Cuba,<=50K,0,1,-799,1080,0.0,6.684611727667927,26-35
35,Private,237014,Some-college,10,Married-civ-spouse,Other-service,Other-relative,White,Female,0,0,52,United-States,<=50K,0,0,0,1820,0.0,0.0,26-35
35,Private,252744,10th,6,Widowed,Adm-clerical,Husband,White,Male,0,0,51,United-States,<=50K,0,0,0,1785,0.0,0.0,26-35
28,Self-emp-inc,135184,HS-grad,9,Married-civ-spouse,Exec-managerial,Other-relative,White,Male,0,0,43,United-States,<=50K,0,0,0,1204,0.0,0.0,26-35
24,Federal-gov,484200,HS-grad,9,Married-civ-spouse,Unknown,Husband,White,Female,0,0,45,United-States,<=50K,0,0,0,1080,0.0,0.0,18-25
65,Private,221956,Assoc-voc,11,Widowed,Prof-specialty,Own-child,White,Male,0,0,49,United-States,<=50K,0,0,0,3185,0.0,0.0,56-65
69,Private,445905,10th,6,Never-married,Handlers-cleaners,Husband,White,Female,0,0,26,United-States,<=50K,0,0,0,1794,0.0,0.0,66+
48,Self-emp-not-inc,265740,HS-grad,9,Married-civ-spouse,Transport-moving,Husband,White,Female,0,0,42,United-States,<=50K,0,0,0,2016,0.0,0.0,46-55
56,Self-emp-inc,308672,Assoc-voc,11,Never-married,Protective-serv,Other-relative,White,Male,0,0,46,Cuba,<=50K,0,0,0,2576,0.0,0.0,56-65
74,Self-emp-not-inc,487428,11th,7,Married-civ-spouse,Armed-Forces,Husband,White,Male,0,0,26,United-States,<=50K,0,0,0,1924,0.0,0.0,66+
70,Private,86899,HS-grad,9,Separated,Craft-repair,Husband,White,Male,0,0,59,United-States,<=50K,0,0,0,4130,0.0,0.0,66+
20,Private,296233,Assoc-voc,11,Married-civ-spouse,Protective-serv,Unmarried,White,Male,0,0,51,United-States,<=50K,0,0,0,1020,0.0,0.0,18-25
77,Federal-gov,199208,Assoc-acdm,12,Divorced,Machine-op-inspct,Husband,White,Female,0,0,51,United-States,<=50K,0,0,0,3927,0.0,0.0,66+
22,Private,104858,9th,5,Married-civ-spouse,Other-service,Not-in-family,White,Male,0,1036,44,United-States,<=50K,0,1,-1036,968,0.0,6.9440872082295275,18-25
19,Private,126180,Bachelors,13,Never-married,Unknown,Husband,White,Male,0,0,31,United-States,<=50K,0,0,0,589,0.0,0.0,18-25
43,Private,101284,Assoc-voc,11,Widowed,Tech-support,Unmarried,Black,Male,90205,0,27,United-States,<=50K,1,0,90205,1161,11.409851222685441,0.0,36-45
64,Unknown,341287,HS-grad,9,Never-married,Handlers-cleaners,Own-child,White,Male,0,0,39,United-States,<=50K,0,0,0,2496,0.0,0.0,56-65
22,Self-emp-not-inc,319120,Assoc-acdm,12,Married-civ-spouse,Priv-house-serv,Not-in-family,White,Male,57624,0,47,United-States,>50K,1,0,57624,1034,10.96171178029895,0.0,18-25
36,Private,382982,Assoc-voc,11,Married-civ-spouse,Armed-Forces,Husband,White,Male,0,0,45,United-States,<=50K,0,0,0,1620,0.0,0.0,36-45
34,Private,406355,Some-college,10,Married-civ-spouse,Exec-managerial,Unmarried,White,Female,40828,0,57,United-States,<=50K,1,0,40828,1938,10.617147892218444,0.0,26-35
42,Private,315842,Some-college,10,Separated,Other-service,Unmarried,White,Male,0,0,37,United-States,<=50K,0,0,0,1554,0.0,0.0,36-45
79,Local-gov,166872,Assoc-acdm,12,Married-civ-spouse,Adm-clerical,Not-in-family,Asian-Pac-Islander,Female,0,0,36,United-States,>50K,0,0,0,2844,0.0,0.0,66+
38,Self-emp-inc,308006,Doctorate,16,Never-married,Other-service,Own-child,Black,Female,0,0,40,United-States,<=50K,0,0,0,1520,0.0,0.0,36-45
30,Private,309895,Some-college,10,Married-civ-spouse,Armed-Forces,Husband,White,Female,0,0,28,United-States,<=50K,0,0,0,840,0.0,0.0,26-35
25,Private,163368,Bachelors,13,Married-AF-spouse,Exec-managerial,Other-relative,Black,Male,0,0,55,Japan,<=50K,0,0,0,1375,0.0,0.0,18-25
30,Private,443764,Assoc-acdm,12,Divorced,Other-service,Not-in-family,White,Female,0,0,37,United-States,<=50K,0,0,0,1110,0.0,0.0,26-35
26,Federal-gov,231741,Bachelors,13,Divorced,Sales,Other-relative,White,Male,0,0,43,United-States,<=50K,0,0,0,1118,0.0,0.0,26-35
53,Private,247571,Masters,14,Separated,Prof-specialty,Not-in-family,White,Male,0,2855,48,United-States,<=50K,0,1,-2855,2544,0.0,7.957177323459475,46-55
44,Private,491396,12th,8,Widowed,Transport-moving,Husband,White,Female,0,0,32,United-States,<=50K,0,0,0,1408,0.0,0.0,36-45
48,State-gov,235388,11th,7,Never-married,Protective-serv,Own-child,White,Male,0,0,43,United-States,<=50K,0,0,0,2064,0.0,0.0,46-55
69,Private,455438,Some-college,10,Never-married,Transport-moving,Husband,White,Male,57517,0,40,Philippines,>50K,1,0,57517,2760,10.959853221275816,0.0,66+
53,Private,183795,HS-grad,9,Never-married,Farming-fishing,Not-in-family,White,Male,0,0,50,United-States,<=50K,0,0,0,2650,0.0,0.0,46-55
27,Private,359295,Some-college,10,Married-civ-spouse,Sales,Husband,White,Male,0,0,40,United-States,<=50K,0,0,0,1080,0.0,0.0,26-35
41,Private,475978,Bachelors,13,Married-civ-spouse,Armed-Forces,Wife,White,Male,0,0,11,United-States,<=50K,0,0,0,451,0.0,0.0,36-45
37,Private,435020,Masters,14,Never-married,Armed-Forces,Not-in-family,White,Male,0,0,31,United-States,<=50K,0,0,0,1147,0.0,0.0,36-45
69,Unknown,96073,HS-grad,9,Never-married,Adm-clerical,Wife,White,Male,0,0,25,United-States,<=50K,0,0,0,1725,0.0,0.0,66+
37,Private,356936,Assoc-voc,11,Married-civ-spouse,Transport-moving,Husband,Asian-Pac-Islander,Female,0,0,59,United-States,<=50K,0,0,0,2183,0.0,0.0,36-45
26,Without-pay,113757,12th,8,Married-civ-spouse,Exec-managerial,Husband,White,Male,0,0,54,Germany,<=50K,0,0,0,1404,0.0,0.0,26-35
63,Private,323106,Some-college,10,Never-married,Unknown,Husband,White,Female,0,0,18,United-States,<=50K,0,0,0,1134,0.0,0.0,56-65
44,Private,375344,1st-4th,2,Married-civ-spouse,Priv-house-serv,Own-child,Black,Male,0,0,30,United-States,<=50K,0,0,0,1320,0.0,0.0,36-45
23,Private,380929,Some-college,10,Never-married,Prof-specialty,Not-in-family,White,Male,0,0,26,United-States,>50K,0,0,0,598,0.0,0.0,18-25
60,Federal-gov,433691,Some-college,10,Never-married,Transport-moving,Other-relative,White,Male,0,0,42,United-States,<=50K,0,0,0,2520,0.0,0.0,56-65
31,Private,131053,Assoc-acdm,12,Married-civ-spouse,Protective-serv,Not-in-family,Asian-Pac-Islander,Male,0,0,30,United-States,<=50K,0,0,0,930,0.0,0.0,26-35
71,Private,83034,Some-college,10,Married-civ-spouse,Armed-Forces,Unmarried,White,Male,0,0,37,United-States,<=50K,0,0,0,2627,0.0,0.0,66+
69,State-gov,482403,HS-grad,9,Married-civ-spouse,Exec-managerial,Husband,White,Female,12116,0,26,Philippines,<=50K,1,0,12116,1794,9.402364704231523,0.0,66+
40,Private,330657,1st-4th,2,Married-civ-spouse,Unknown,Own-child,White,Male,0,0,44,United-States,<=50K,0,0,0,1760,0.0,0.0,36-45
52,Private,222754,10th,6,Never-married,Prof-specialty,Wife,White,Male,0,0,23,United-States,<=50K,0,0,0,1196,0.0,0.0,46-55
53,Local-gov,218866,Prof-school,15,Never-married,Machine-op-inspct,Not-in-family,White,Male,13499,0,65,United-States,>50K,1,0,13499,3445,9.51044496442652,0.0,46-55
58,Private,31598,Masters,14,Never-married,Unknown,Own-child,White,Female,0,0,55,United-States,<=50K,0,0,0,3190,0.0,0.0,56-65
22,Private,493024,HS-grad,9,Married-civ-spouse,Exec-managerial,Unmarried,White,Male,0,0,65,United-States,<=50K,0,0,0,1430,0.0,0.0,18-25
38,Private,101878,HS-grad,9,Never-married,Sales,Not-in-family,White,Female,136,0,46,United-States,<=50K,1,0,136,1748,4.919980925828125,0.0,36-45
28,Self-emp-inc,353793,HS-grad,9,Married-civ-spouse,Sales,Not-in-family,White,Male,0,0,56,United-States,<=50K,0,0,0,1568,0.0,0.0,26-35
61,Local-gov,334456,Assoc-voc,11,Never-married,Transport-moving,Husband,White,Female,0,0,49,United-States,>50K,0,0,0,2989,0.0,0.0,56-65
22,Private,481672,HS-grad,9,Married-civ-spouse,Armed-Forces,Not-in-family,White,Male,0,0,30,United-States,<=50K,0,0,0,660,0.0,0.0,18-25
50,Private,335728,7th-8th,4,Never-married,Craft-repair,Husband,White,Male,39301,0,36,Other,<=50K,1,0,39301,1800,10.579030687147712,0.0,46-55
63,Private,464040,HS-grad,9,Divorced,Armed-Forces,Husband,White,Female,0,0,44,United-States,<=50K,0,0,0,2772,0.0,0.0,56-65
76,Private,275594,HS-grad,9,Married-civ-spouse,Tech-support,Not-in-family,White,Male,0,0,52,United-States,>50K,0,0,0,3952,0.0,0.0,66+
35,Private,269738,HS-grad,9,Married-spouse-absent,Machine-op-inspct,Husband,Asian-Pac-Islander,Female,0,2949,40,Canada,<=50K,0,1,-2949,1400,0.0,7.989560449333865,26-35
18,Private,256032,11th,7,Married-civ-spouse,Craft-repair,Unmarried,White,Female,0,0,46,United-States,<=50K,0,0,0,828,0.0,0.0,18-25
62,Private,465338,Some-college,10,Married-civ-spouse,Armed-Forces,Not-in-family,White,Male,0,0,37,United-States,<=50K,0,0,0,2294,0.0,0.0,56-65
18,Private,320575,Some-college,10,Never-married,Transport-moving,Not-in-family,White,Male,10655,0,36,United-States,<=50K,1,0,10655,648,9.273878392780171,0.0,18-25
22,Private,456871,HS-grad,9,Divorced,Exec-managerial,Husband,White,Male,0,0,25,India,<=50K,0,0,0,550,0.0,0.0,18-25
79,Private,363523,Some-college,10,Married-civ-spouse,Farming-fishing,Own-child,White,Female,0,0,44,United-States,<=50K,0,0,0,3476,0.0,0.0,66+
71,Private,280410,HS-grad,9,Married-civ-spouse,Priv-house-serv,Own-child,White,Female,44054,0,35,United-States,>50K,1,0,44054,2485,10.69319413230083,0.0,66+
61,Private,108911,Bachelors,13,Married-civ-spouse,Sales,Not-in-family,White,Male,0,0,27,United-States,<=50K,0,0,0,1647,0.0,0.0,56-65
69,Private,331302,Masters,14,Never-married,Adm-clerical,Own-child,White,Male,0,0,34,United-States,<=50K,0,0,0,2346,0.0,0.0,66+
22,Private,110729,10th,6,Never-married,Unknown,Unmarried,White,Male,0,0,43,United-States,<=50K,0,0,0,946,0.0,0.0,18-25
23,Private,370882,Bachelors,13,Married-civ-spouse,Transport-moving,Unmarried,White,Male,79265,0,47,United-States,>50K,1,0,79265,1081,11.28056456410641,0.0,18-25
36,Private,27743,Assoc-voc,11,Married-civ-spouse,Machine-op-inspct,Wife,White,Male,46261,0,38,United-States,>50K,1,0,46261,1368,10.742076168746246,0.0,36-45
19,Self-emp-not-inc,216523,Assoc-voc,11,Separated,Transport-moving,Not-in-family,White,Female,0,0,51,United-States,<=50K,0,0,0,969,0.0,0.0,18-25
73,Federal-gov,305937,HS-grad,9,Separated,Unknown,Husband,Asian-Pac-Islander,Male,0,0,55,United-States,<=50K,0,0,0,4015,0.0,0.0,66+
21,Self-emp-not-inc,189061,HS-grad,9,Married-civ-spouse,Adm-clerical,Husband,White,Male,0,0,37,United-States,<=50K,0,0,0,777,0.0,0.0,18-25
51,Private,192867,1st-4th,2,Never-married,Craft-repair,Husband,White,Female,0,0,50,United-States,<=50K,0,0,0,2550,0.0,0.0,46-55
70,Local-gov,36687,Prof-school,15,Married-civ-spouse,Priv-house-serv,Other-relative,White,Female,0,0,33,United-States,>50K,0,0,0,2310,0.0,0.0,66+
63,Private,468904,Some-college,10,Married-civ-spouse,Other-service,Unmarried,White,Male,0,0,27,India,<=50K,0,0,0,1701,0.0,0.0,56-65
32,Private,27877,HS-grad,9,Never-married,Prof-specialty,Wife,White,Male,0,0,31,United-States,<=50K,0,0,0,992,0.0,0.0,26-35
47,Private,174276,Some-college,10,Separated,Machine-op-inspct,Husband,Black,Female,0,0,31,United-States,>50K,0,0,0,1457,0.0,0.0,46-55
51,Private,448908,5th-6th,3,Married-civ-spouse,Unknown,Husband,White,Male,0,0,36,United-States,<=50K,0,0,0,1836,0.0,0.0,46-55
65,Private,286800,11th,7,Separated,Adm-clerical,Husband,White,Male,0,0,60,United-States,<=50K,0,0,0,3900,0.0,0.0,56-65
44,Private,249400,Some-college,10,Never-married,Other-service,Own-child,Asian-Pac-Islander,Male,15627,0,35,United-States,<=50K,1,0,15627,1540,9.656819456174961,0.0,36-45
35,Self-emp-not-inc,179523,Some-college,10,Never-married,Exec-managerial,Other-relative,White,Male,0,0,36,Canada,<=50K,0,0,0,1260,0.0,0.0,26-35
67,Private,40013,Assoc-acdm,12,Never-married,Other-service,Unmarried,Black,Male,0,0,42,United-States,<=50K,0,0,0,2814,0.0,0.0,66+
72,Private,184548,Some-college,10,Divorced,Adm-clerical,Husband,White,Male,0,0,27,United-States,<=50K,0,0,0,1944,0.0,0.0,66+
48,Federal-gov,273618,Some-college,10,Widowed,Transport-moving,Other-relative,White,Male,0,0,41,United-States,<=50K,0,0,0,1968,0.0,0.0,46-55
19,Private,187803,Bachelors,13,Married-civ-spouse,Farming-fishing,Not-in-family,White,Female,0,3450,47,United-States,<=50K,0,1,-3450,893,0.0,8.146419323098003,18-25
49,Private,241501,7th-8th,4,Divorced,Transport-moving,Not-in-family,White,Male,84379,0,55,United-States,<=50K,1,0,84379,2695,11.34308568567833,0.0,46-55
73,Private,309031,Assoc-voc,11,Married-civ-spouse,Farming-fishing,Not-in-family,White,Male,0,0,53,United-States,<=50K,0,0,0,3869,0.0,0.0,66+
79,Private,227483,Assoc-voc,11,Never-married,Protective-serv,Husband,White,Male,0,0,44,United-States,>50K,0,0,0,3476,0.0,0.0,66+
42,State-gov,189605,HS-grad,9,Married-civ-spouse,Protective-serv,Husband,White,Male,0,0,38,United-States,<=50K,0,0,0,1596,0.0,0.0,36-45
27,Private,433210,12th,8,Divorced,Sales,Husband,White,Female,0,0,38,United-States,<=50K,0,0,0,1026,0.0,0.0,26-35
53,Self-emp-not-inc,82452,HS-grad,9,Never-married,Exec-managerial,Not-in-family,White,Female,0,0,44,United-States,<=50K,0,0,0,2332,0.0,0.0,46-55
69,Private,270271,12th,8,Married-civ-spouse,Tech-support,Own-child,Black,Male,0,0,40,Canada,<=50K,0,0,0,2760,0.0,0.0,66+
76,Private,90859,Some-college,10,Married-civ-spouse,Sales,Husband,White,Female,0,0,39,United-States,<=50K,0,0,0,2964,0.0,0.0,66+
21,Self-emp-not-inc,77083,10th,6,Married-civ-spouse,Machine-op-inspct,Husband,White,Female,0,0,31,Germany,<=50K,0,0,0,651,0.0,0.0,18-25
36,Private,268336,Some-college,10,Never-married,Farming-fishing,Husband,White,Male,0,0,47,United-States,<=50K,0,0,0,1692,0.0,0.0,36-45
47,Private,30840,9th,5,Married-civ-spouse,Protective-serv,Husband,White,Female,0,0,43,United-States,<=50K,0,0,0,2021,0.0,0.0,46-55
24,Private,222657,5th-6th,3,Married-civ-spouse,Adm-clerical,Own-child,White,Male,0,2671,32,United-States,<=50K,0,1,-2671,768,0.0,7.890582534656536,18-25
72,Private,151388,HS-grad,9,Divorced,Armed-Forces,Other-relative,White,Female,0,0,55,United-States,<=50K,0,0,0,3960,0.0,0.0,66+
24,Federal-gov,437734,12th,8,Widowed,Machine-op-inspct,Not-in-family,White,Female,99928,0,42,United-States,<=50K,1,0,99928,1008,11.51221521280086,0.0,18-25
59,Unknown,112474,Doctorate,16,Never-married,Protective-serv,Husband,White,Female,0,0,26,United-States,<=50K,0,0,0,1534,0.0,0.0,56-65
74,Private,30585,HS-grad,9,Married-civ-spouse,Priv-house-serv,Other-relative,White,Female,0,0,49,Mexico,<=50K,0,0,0,3626,0.0,0.0,66+
60,Local-gov,42779,HS-grad,9,Separated,Handlers-cleaners,Not-in-family,White,Male,0,0,33,United-States,<=50K,0,0,0,1980,0.0,0.0,56-65
65,Private,139771,12th,8,Never-married,Protective-serv,Own-child,White,Male,0,0,36,United-States,<=50K,0,0,0,2340,0.0,0.0,56-65
34,Private,18585,HS-grad,9,Never-married,Protective-serv,Husband,Other,Male,80504,0,38,United-States,<=50K,1,0,80504,1292,11.29607457327904,0.0,26-35
69,Local-gov,349100,Some-college,10,Divorced,Exec-managerial,Husband,White,Male,0,0,49,United-States,<=50K,0,0,0,3381,0.0,0.0,66+
43,Local-gov,29668,Assoc-acdm,12,Married-civ-spouse,Other-service,Husband,White,Male,0,0,39,United-States,<=50K,0,0,0,1677,0.0,0.0,36-45
21,Private,345298,HS-grad,9,Never-married,Craft-repair,Not-in-family,Black,Male,0,0,46,United-States,<=50K,0,0,0,966,0.0,0.0,18-25
40,Private,128228,Some-college,10,Divorced,Protective-serv,Wife,White,Male,0,0,24,United-States,<=50K,0,0,0,960,0.0,0.0,36-45
39,State-gov,47523,HS-grad,9,Married-civ-spouse,Handlers-cleaners,Husband,White,Male,0,0,29,United-States,<=50K,0,0,0,1131,0.0,0.0,36-45
50,Self-emp-not-inc,199908,Bachelors,13,Married-civ-spouse,Machine-op-inspct,Husband,White,Female,0,0,40,Other,<=50K,0,0,0,2000,0.0,0.0,46-55
34,Private,130956,Some-college,10,Married-civ-spouse,Unknown,Husband,White,Male,0,0,33,United-States,<=50K,0,0,0,1122,0.0,0.0,26-35
46,Private,262718,HS-grad,9,Never-married,Prof-specialty,Own-child,White,Male,0,0,38,United-States,<=50K,0,0,0,1748,0.0,0.0,46-55
44,Private,121693,Assoc-voc,11,Married-civ-spouse,Prof-specialty,Not-in-family,White,Male,0,0,47,United-States,<=50K,0,0,0,2068,0.0,0.0,36-45
38,Self-emp-inc,466651,Bachelors,13,Never-married,Adm-clerical,Husband,Black,Male,0,0,32,United-States,<=50K,0,0,0,1216,0.0,0.0,36-45
61,Federal-gov,480122,HS-grad,9,Never-married,Other-service,Own-child,White,Male,0,0,33,United-States,>50K,0,0,0,2013,0.0,0.0,56-65
36,Private,179356,Doctorate,16,Married-civ-spouse,Transport-moving,Not-in-family,White,Male,0,0,41,United-States,<=50K,0,0,0,1476,0.0,0.0,36-45
65,Private,461220,Bachelors,13,Married-civ-spouse,Prof-specialty,Wife,Black,Male,0,0,19,China,<=50K,0,0,0,1235,0.0,0.0,56-65
33,Private,487365,12th,8,Married-civ-spouse,Sales,Not-in-family,White,Male,0,0,50,Puerto-Rico,<=50K,0,0,0,1650,0.0,0.0,26-35
71,Private,491151,Assoc-acdm,12,Married-civ-spouse,Tech-support,Husband,Black,Male,90096,0,41,United-States,>50K,1,0,90096,2911,11.408642146704691,0.0,66+
40,Private,166509,Some-college,10,Never-married,Unknown,Wife,Black,Female,71347,0,41,United-States,<=50K,1,0,71347,1640,11.175324591678194,0.0,36-45
20,Private,81738,Some-college,10,Never-married,Sales,Husband,Black,Male,55792,0,35,United-States,<=50K,1,0,55792,700,10.929403692471466,0.0,18-25
27,Private,328492,Some-college,10,Never-married,Transport-moving,Own-child,White,Male,0,0,47,Germany,<=50K,0,0,0,1269,0.0,0.0,26-35
67,Self-emp-not-inc,350745,Bachelors,13,Married-spouse-absent,Unknown,Not-in-family,White,Female,0,2284,38,United-States,>50K,0,1,-2284,2546,0.0,7.734121303328305,66+
72,Private,247627,Some-college,10,Married-civ-spouse,Armed-Forces,Not-in-family,Asian-Pac-Islander,Female,0,0,52,United-States,<=50K,0,0,0,3744,0.0,0.0,66+
31,Private,266107,Some-college,10,Never-married,Exec-managerial,Own-child,White,Male,0,0,23,United-States,<=50K,0,0,0,713,0.0,0.0,26-35
55,Unknown,191955,7th-8th,4,Divorced,Adm-clerical,Own-child,White,Female,54749,0,41,Germany,<=50K,1,0,54749,2255,10.910532647678748,0.0,46-55
53,Private,378170,HS-grad,9,Divorced,Sales,Unmarried,White,Female,0,0,40,United-States,<=50K,0,0,0,2120,0.0,0.0,46-55
26,Private,417489,Bachelors,13,Married-civ-spouse,Craft-repair,Own-child,White,Female,0,0,43,United-States,<=50K,0,0,0,1118,0.0,0.0,26-35
46,Private,113646,Assoc-voc,11,Married-civ-spouse,Machine-op-inspct,Husband,Asian-Pac-Islander,Female,0,0,54,United-States,<=50K,0,0,0,2484,0.0,0.0,46-55
61,Self-emp-not-inc,443420,7th-8th,4,Never-married,Farming-fishing,Not-in-family,Black,Male,0,0,26,United-States,<=50K,0,0,0,1586,0.0,0.0,56-65
77,Private,24581,Bachelors,13,Never-married,Transport-moving,Wife,White,Male,0,0,26,United-States,>50K,0,0,0,2002,0.0,0.0,66+
70,Private,337741,Bachelors,13,Married-civ-spouse,Craft-repair,Unmarried,White,Male,0,0,36,Canada,<=50K,0,0,0,2520,0.0,0.0,66+
24,Private,65491,Some-college,10,Married-civ-spouse,Transport-moving,Wife,White,Female,0,0,21,United-States,<=50K,0,0,0,504,0.0,0.0,18-25
32,Private,106772,1st-4th,2,Never-married,Exec-managerial,Other-relative,White,Male,16933,0,63,United-States,<=50K,1,0,16933,2016,9.737078714202223,0.0,26-35
45,Self-emp-not-inc,257705,Some-college,10,Never-married,Sales,Husband,White,Male,0,0,49,Mexico,<=50K,0,0,0,2205,0.0,0.0,36-45
27,Private,134609,7th-8th,4,Never-married,Tech-support,Own-child,White,Male,0,0,45,United-States,<=50K,0,0,0,1215,0.0,0.0,26-35
53,Private,489993,HS-grad,9,Married-civ-spouse,Other-service,Husband,White,Male,0,0,48,United-States,<=50K,0,0,0,2544,0.0,0.0,46-55
18,Private,370296,Some-college,10,Married-civ-spouse,Handlers-cleaners,Unmarried,White,Male,0,3875,53,Unknown,<=50K,0,1,-3875,954,0.0,8.262558973010657,18-25
25,Private,27159,Bachelors,13,Never-married,Other-service,Husband,White,Male,0,0,34,United-States,<=50K,0,0,0,850,0.0,0.0,18-25
20,Private,164604,HS-grad,9,Never-married,Exec-managerial,Wife,White,Male,0,0,36,United-States,<=50K,0,0,0,720,0.0,0.0,18-25
36,Federal-gov,297769,Bachelors,13,Married-civ-spouse,Machine-op-inspct,Unmarried,White,Male,0,0,43,United-States,>50K,0,0,0,1548,0.0,0.0,36-45
65,Private,84419,Masters,14,Divorced,Craft-repair,Own-child,White,Male,0,2648,35,China,>50K,0,1,-2648,2275,0.0,7.88193748927207,56-65
28,Private,106794,1st-4th,2,Divorced,Protective-serv,Wife,White,Male,0,0,31,United-States,<=50K,0,0,0,868,0.0,0.0,26-35
79,Private,27458,HS-grad,9,Never-married,Exec-managerial,Wife,White,Male,0,1855,35,United-States,<=50K,0,1,-1855,2765,0.0,7.526178913346146,66+
34,Self-emp-not-inc,45453,Assoc-voc,11,Married-civ-spouse,Transport-moving,Not-in-family,White,Male,62732,0,44,United-States,>50K,1,0,62732,1496,11.04664290395491,0.0,26-35
20,Private,478873,Assoc-acdm,12,Never-married,Farming-fishing,Own-child,White,Male,0,0,49,Mexico,<=50K,0,0,0,980,0.0,0.0,18-25
38,State-gov,315734,HS-grad,9,Widowed,Transport-moving,Own-child,Asian-Pac-Islander,Male,0,0,27,United-States,<=50K,0,0,0,1026,0.0,0.0,36-45
64,Private,154349,Some-college,10,Married-civ-spouse,Exec-managerial,Unmarried,White,Male,48690,0,38,United-States,<=50K,1,0,48690,2432,10.793249487064015,0.0,56-65
24,Private,193685,Some-college,10,Married-civ-spouse,Other-service,Not-in-family,White,Male,0,0,39,United-States,<=50K,0,0,0,936,0.0,0.0,18-25
22,Private,268538,Assoc-acdm,12,Married-civ-spouse,Other-service,Husband,White,Female,0,0,26,United-States,<=50K,0,0,0,572,0.0,0.0,18-25
70,Private,374172,Assoc-voc,11,Married-civ-spouse,Sales,Not-in-family,White,Male,0,0,44,United-States,>50K,0,0,0,3080,0.0,0.0,66+
54,State-gov,152832,9th,5,Widowed,Machine-op-inspct,Husband,White,Male,0,0,39,Mexico,<=50K,0,0,0,2106,0.0,0.0,46-55
39,State-gov,190642,11th,7,Married-spouse-absent,Adm-clerical,Husband,Asian-Pac-Islander,Male,0,0,31,United-States,<=50K,0,0,0,1209,0.0,0.0,36-45
64,Private,252917,10th,6,Married-civ-spouse,Transport-moving,Husband,White,Male,0,0,35,United-States,<=50K,0,0,0,2240,0.0,0.0,56-65
70,Private,59040,Masters,14,Separated,Armed-Forces,Not-in-family,White,Male,91390,0,45,United-States,>50K,1,0,91390,3150,11.422902284322587,0.0,66+
40,Private,109696,Bachelors,13,Married-civ-spouse,Priv-house-serv,Not-in-family,White,Male,0,0,50,United-States,<=50K,0,0,0,2000,0.0,0.0,36-45
52,Private,369042,Bachelors,13,Never-married,Exec-managerial,Husband,White,Male,0,0,43,Other,<=50K,0,0,0,2236,0.0,0.0,46-55
18,Self-emp-not-inc,412751,10th,6,Never-married,Handlers-cleaners,Own-child,White,Male,0,0,59,United-States,>50K,0,0,0,1062,0.0,0.0,18-25
36,Local-gov,330013,Some-college,10,Married-civ-spouse,Armed-Forces,Husband,White,Female,0,0,51,United-States,<=50K,0,0,0,1836,0.0,0.0,36-45
54,Private,463669,12th,8,Divorced,Farming-fishing,Not-in-family,White,Male,0,0,46,United-States,<=50K,0,0,0,2484,0.0,0.0,46-55
30,Private,452608,HS-grad,9,Never-married,Prof-specialty,Not-in-family,White,Female,0,320,33,United-States,<=50K,0,1,-320,990,0.0,5.771441123130016,26-35
79,Private,330876,HS-grad,9,Married-civ-spouse,Priv-house-serv,Not-in-family,White,Male,0,0,51,United-States,<=50K,0,0,0,4029,0.0,0.0,66+
78,Private,351301,Bachelors,13,Married-spouse-absent,Unknown,Unmarried,White,Male,0,0,32,United-States,>50K,0,0,0,2496,0.0,0.0,66+
33,Private,172842,10th,6,Married-civ-spouse,Farming-fishing,Not-in-family,White,Male,0,0,47,United-States,<=50K,0,0,0,1551,0.0,0.0,26-35
42,Private,16284,Some-college,10,Married-civ-spouse,Armed-Forces,Unmarried,White,Female,0,0,16,United-States,<=50K,0,0,0,672,0.0,0.0,36-45
29,Self-emp-not-inc,145716,Prof-school,15,Widowed,Machine-op-inspct,Not-in-family,Black,Male,0,3849,35,China,<=50K,0,1,-3849,1015,0.0,8.25582842728183,26-35
49,Never-worked,416194,Assoc-voc,11,Married-civ-spouse,Adm-clerical,Husband,White,Male,0,0,26,United-States,<=50K,0,0,0,1274,0.0,0.0,46-55
25,Private,375417,9th,5,Married-civ-spouse,Tech-support,Not-in-family,White,Male,0,0,37,United-States,<=50K,0,0,0,925,0.0,0.0,18-25
42,Private,281009,Bachelors,13,Married-civ-spouse,Adm-clerical,Own-child,White,Female,0,3616,25,United-States,<=50K,0,1,-3616,1050,0.0,8.193400231952097,36-45
52,Private,283646,Some-college,10,Married-civ-spouse,Exec-managerial,Own-child,White,Male,0,0,40,United-States,<=50K,0,0,0,2080,0.0,0.0,46-55
55,Private,15611,HS-grad,9,Married-civ-spouse,Armed-Forces,Husband,White,Male,0,0,45,United-States,>50K,0,0,0,2475,0.0,0.0,46-55
54,Private,102041,Some-college,10,Married-civ-spouse,Exec-managerial,Husband,White,Female,0,0,33,United-States,<=50K,0,0,0,1782,0.0,0.0,46-55
31,Unknown,403152,Bachelors,13,Divorced,Exec-managerial,Not-in-family,White,Male,0,0,37,United-States,>50K,0,0,0,1147,0.0,0.0,26-35
67,Private,463160,HS-grad,9,Divorced,Prof-specialty,Husband,White,Male,0,0,42,United-States,<=50K,0,0,0,2814,0.0,0.0,66+
60,Private,387567,Some-college,10,Separated,Farming-fishing,Wife,White,Male,0,0,40,Japan,<=50K,0,0,0,2400,0.0,0.0,56-65
64,Private,113908,HS-grad,9,Separated,Armed-Forces,Unmarried,White,Male,0,0,53,United-States,>50K,0,0,0,3392,0.0,0.0,56-65
47,Private,499826,7th-8th,4,Married-civ-spouse,Exec-managerial,Not-in-family,White,Male,0,0,33,Other,<=50K,0,0,0,1551,0.0,0.0,46-55
73,Self-emp-inc,254549,Assoc-acdm,12,Widowed,Other-service,Own-child,White,Male,0,0,45,United-States,>50K,0,0,0,3285,0.0,0.0,66+
42,Private,246530,10th,6,Never-married,Transport-moving,Husband,White,Male,0,0,43,United-States,<=50K,0,0,0,1806,0.0,0.0,36-45
67,Private,214123,HS-grad,9,Widowed,Machine-op-inspct,Own-child,White,Female,84331,0,24,United-States,<=50K,1,0,84331,1608,11.342516668639885,0.0,66+
30,Unknown,391596,HS-grad,9,Never-married,Handlers-cleaners,Unmarried,White,Female,0,0,41,United-States,<=50K,0,0,0,1230,0.0,0.0,26-35
33,Private,354769,HS-grad,9,Married-civ-spouse,Armed-Forces,Husband,White,Male,0,0,39,Puerto-Rico,<=50K,0,0,0,1287,0.0,0.0,26-35
50,Private,359476,HS-grad,9,Married-civ-spouse,Handlers-cleaners,Unmarried,Black,Female,0,0,35,United-States,<=50K,0,0,0,1750,0.0,0.0,46-55
52,Private,10740,Some-college,10,Separated,Adm-clerical,Husband,White,Female,0,0,58,United-States,>50K,0,0,0,3016,0.0,0.0,46-55
64,Private,252584,HS-grad,9,Divorced,Armed-Forces,Not-in-family,White,Male,0,0,53,United-States,<=50K,0,0,0,3392,0.0,0.0,56-65
36,Private,75811,11th,7,Separated,Other-service,Wife,Asian-Pac-Islander,Female,0,0,32,United-States,<=50K,0,0,0,1152,0.0,0.0,36-45
72,Federal-gov,95215,Bachelors,13,Never-married,Protective-serv,Husband,White,Female,0,0,46,United-States,>50K,0,0,0,3312,0.0,0.0,66+
38,Private,368138,Prof-school,15,Married-civ-spouse,Armed-Forces,Husband,White,Male,0,0,47,United-States,<=50K,0,0,0,1786,0.0,0.0,36-45
51,Private,227610,HS-grad,9,Married-civ-spouse,Handlers-cleaners,Husband,White,Female,0,0,41,United-States,<=50K,0,0,0,2091,0.0,0.0,46-55
75,Federal-gov,457274,HS-grad,9,Widowed,Exec-managerial,Unmarried,White,Male,0,0,29,United-States,<=50K,0,0,0,2175,0.0,0.0,66+
51,Private,86611,5th-6th,3,Married-civ-spouse,Other-service,Not-in-family,White,Female,0,0,30,United-States,<=50K,0,0,0,1530,0.0,0.0,46-55
60,Private,475849,5th-6th,3,Never-married,Tech-support,Husband,White,Male,0,0,45,Germany,<=50K,0,0,0,2700,0.0,0.0,56-65
74,Private,159267,HS-grad,9,Married-spouse-absent,Armed-Forces,Not-in-family,White,Male,0,0,45,United-States,<=50K,0,0,0,3330,0.0,0.0,66+
78,Private,324851,Masters,14,Married-civ-spouse,Handlers-cleaners,Own-child,White,Male,0,0,37,United-States,>50K,0,0,0,2886,0.0,0.0,66+
48,Private,437574,Assoc-voc,11,Married-civ-spouse,Farming-fishing,Unmarried,White,Female,0,0,53,United-States,<=50K,0,0,0,2544,0.0,0.0,46-55
43,Private,81486,HS-grad,9,Divorced,Sales,Husband,White,Male,0,0,55,United-States,<=50K,0,0,0,2365,0.0,0.0,36-45
30,Private,134207,Prof-school,15,Never-married,Exec-managerial,Own-child,White,Female,0,0,55,United-States,>50K,0,0,0,1650,0.0,0.0,26-35
51,Private,157664,HS-grad,9,Divorced,Priv-house-serv,Husband,Asian-Pac-Islander,Male,0,0,55,United-States,<=50K,0,0,0,2805,0.0,0.0,46-55
74,Private,414983,HS-grad,9,Married-civ-spouse,Farming-fishing,Own-child,White,Female,0,0,40,United-States,<=50K,0,0,0,2960,0.0,0.0,66+
48,Private,461332,HS-grad,9,Married-civ-spouse,Sales,Unmarried,White,Female,0,0,27,Philippines,<=50K,0,0,0,1296,0.0,0.0,46-55
39,Private,25852,HS-grad,9,Married-civ-spouse,Tech-support,Husband,White,Female,0,0,37,United-States,<=50K,0,0,0,1443,0.0,0.0,36-45
24,Private,398831,Bachelors,13,Married-civ-spouse,Priv-house-serv,Own-child,Black,Female,0,0,39,United-States,<=50K,0,0,0,936,0.0,0.0,18-25
42,Private,249371,HS-grad,9,Married-civ-spouse,Craft-repair,Not-in-family,White,Female,0,0,34,United-States,<=50K,0,0,0,1428,0.0,0.0,36-45
32,Private,353595,Some-college,10,Never-married,Tech-support,Own-child,White,Female,0,0,36,United-States,<=50K,0,0,0,1152,0.0,0.0,26-35
78,Private,372981,HS-grad,9,Married-civ-spouse,Exec-managerial,Own-child,Asian-Pac-Islander,Male,14651,0,28,United-States,<=50K,1,0,14651,2184,9.592332123898705,0.0,66+
50,Private,334790,Bachelors,13,Never-married,Armed-Forces,Not-in-family,White,Male,85474,0,47,United-States,>50K,1,0,85474,2350,11.355979214507503,0.0,46-55
26,Private,434101,Some-college,10,Widowed,Farming-fishing,Wife,White,Male,0,0,56,United-States,<=50K,0,0,0,1456,0.0,0.0,26-35
22,Private,117858,HS-grad,9,Never-married,Tech-support,Other-relative,White,Female,0,0,64,England,<=50K,0,0,0,1408,0.0,0.0,18-25
70,Self-emp-not-inc,22325,10th,6,Never-married,Protective-serv,Husband,Asian-Pac-Islander,Female,0,0,42,United-States,<=50K,0,0,0,2940,0.0,0.0,66+
75,Private,266533,Bachelors,13,Married-civ-spouse,Armed-Forces,Husband,White,Male,0,0,38,United-States,<=50K,0,0,0,2850,0.0,0.0,66+
65,Private,400204,Some-college,10,Never-married,Farming-fishing,Husband,White,Female,0,0,40,United-States,<=50K,0,0,0,2600,0.0,0.0,56-65
25,State-gov,114458,HS-grad,9,Married-civ-spouse,Craft-repair,Husband,White,Male,0,0,54,United-States,<=50K,0,0,0,1350,0.0,0.0,18-25
24,Private,446735,Bachelors,13,Married-civ-spouse,Tech-support,Husband,Asian-Pac-Islander,Male,0,0,53,Canada,>50K,0,0,0,1272,0.0,0.0,18-25
30,Local-gov,70677,7th-8th,4,Never-married,Protective-serv,Husband,Black,Male,75616,0,38,United-States,<=50K,1,0,75616,1140,11.233436404613535,0.0,26-35
64,Self-emp-inc,85213,HS-grad,9,Married-civ-spouse,Priv-house-serv,Not-in-family,White,Male,0,0,52,India,<=50K,0,0,0,3328,0.0,0.0,56-65
65,Private,442193,Some-college,10,Married-civ-spouse,Priv-house-serv,Husband,White,Male,0,0,42,United-States,<=50K,0,0,0,2730,0.0,0.0,56-65
69,Private,35644,HS-grad,9,Never-married,Handlers-cleaners,Not-in-family,White,Male,92655,0,33,United-States,>50K,1,0,92655,2277,11.43664898946557,0.0,66+
24,Private,487737,HS-grad,9,Divorced,Adm-clerical,Wife,White,Male,0,0,38,United-States,<=50K,0,0,0,912,0.0,0.0,18-25
27,Local-gov,110084,HS-grad,9,Married-civ-spouse,Other-service,Unmarried,White,Female,0,0,57,United-States,<=50K,0,0,0,1539,0.0,0.0,26-35
73,Private,90296,10th,6,Married-civ-spouse,Tech-support,Own-child,White,Male,0,0,47,United-States,<=50K,0,0,0,3431,0.0,0.0,66+
75,Federal-gov,126059,5th-6th,3,Married-civ-spouse,Sales,Other-relative,White,Female,0,0,35,United-States,<=50K,0,0,0,2625,0.0,0.0,66+
62,Private,416026,11th,7,Divorced,Adm-clerical,Husband,White,Male,0,0,49,United-States,<=50K,0,0,0,3038,0.0,0.0,56-65
24,Private,103245,Masters,14,Divorced,Prof-specialty,Own-child,White,Male,0,0,47,United-States,<=50K,0,0,0,1128,0.0,0.0,18-25
22,Private,314057,Some-college,10,Married-civ-spouse,Adm-clerical,Husband,Asian-Pac-Islander,Female,0,0,37,United-States,<=50K,0,0,0,814,0.0,0.0,18-25
21,Private,299444,HS-grad,9,Never-married,Handlers-cleaners,Unmarried,White,Male,0,0,33,United-States,<=50K,0,0,0,693,0.0,0.0,18-25
60,Private,332171,HS-grad,9,Married-AF-spouse,Machine-op-inspct,Other-relative,White,Male,0,0,29,United-States,<=50K,0,0,0,1740,0.0,0.0,56-65
70,Local-gov,133990,Assoc-voc,11,Never-married,Armed-Forces,Not-in-family,Asian-Pac-Islander,Female,0,0,24,United-States,<=50K,0,0,0,1680,0.0,0.0,66+
57,Private,397364,10th,6,Divorced,Adm-clerical,Husband,White,Female,0,0,33,United-States,<=50K,0,0,0,1881,0.0,0.0,56-65
34,Local-gov,363435,HS-grad,9,Never-married,Armed-Forces,Not-in-family,White,Male,0,0,38,United-States,<=50K,0,0,0,1292,0.0,0.0,26-35
64,Without-pay,326340,Some-college,10,Separated,Armed-Forces,Husband,White,Female,51043,0,53,United-States,>50K,1,0,51043,3392,10.840443284853867,0.0,56-65
21,Private,262384,HS-grad,9,Widowed,Adm-clerical,Not-in-family,White,Female,0,0,48,United-States,<=50K,0,0,0,1008,0.0,0.0,18-25
69,Private,243439,Assoc-acdm,12,Married-civ-spouse,Armed-Forces,Husband,White,Male,0,0,42,United-States,<=50K,0,0,0,2898,0.0,0.0,66+
73,Private,233646,Bachelors,13,Married-civ-spouse,Sales,Not-in-family,White,Female,0,0,21,United-States,<=50K,0,0,0,1533,0.0,0.0,66+
62,Private,438354,Bachelors,13,Married-civ-spouse,Machine-op-inspct,Not-in-family,White,Female,0,0,43,United-States,<=50K,0,0,0,2666,0.0,0.0,56-65
72,State-gov,435319,11th,7,Never-married,Craft-repair,Husband,Amer-Indian-Eskimo,Male,0,0,24,Germany,<=50K,0,0,0,1728,0.0,0.0,66+
54,Local-gov,129222,9th,5,Married-civ-spouse,Craft-repair,Not-in-family,White,Female,0,0,49,United-States,<=50K,0,0,0,2646,0.0,0.0,46-55
47,Unknown,301931,11th,7,Separated,Craft-repair,Husband,White,Male,0,0,49,United-States,<=50K,0,0,0,2303,0.0,0.0,46-55
37,Private,370268,Assoc-acdm,12,Married-civ-spouse,Craft-repair,Own-child,White,Male,0,0,41,United-States,>50K,0,0,0,1517,0.0,0.0,36-45
75,Unknown,139572,Bachelors,13,Never-married,Prof-specialty,Husband,Asian-Pac-Islander,Male,0,0,48,United-States,<=50K,0,0,0,3600,0.0,0.0,66+
61,Private,100043,Masters,14,Married-civ-spouse,Transport-moving,Husband,Black,Female,0,0,50,United-States,>50K,0,0,0,3050,0.0,0.0,56-65
29,Local-gov,53798,HS-grad,9,Divorced,Armed-Forces,Husband,White,Male,0,0,41,United-States,<=50K,0,0,0,1189,0.0,0.0,26-35
77,Private,83694,Bachelors,13,Divorced,Unknown,Not-in-family,White,Male,0,0,39,United-States,<=50K,0,0,0,3003,0.0,0.0,66+
21,Private,273990,Some-college,10,Never-married,Other-service,Not-in-family,White,Male,0,0,27,United-States,<=50K,0,0,0,567,0.0,0.0,18-25
54,Private,242688,Bachelors,13,Divorced,Handlers-cleaners,Husband,White,Male,0,0,36,United-States,<=50K,0,0,0,1944,0.0,0.0,46-55
29,Private,376207,Some-college,10,Married-civ-spouse,Handlers-cleaners,Unmarried,Other,Male,0,0,30,United-States,<=50K,0,0,0,870,0.0,0.0,26-35
59,Private,406522,11th,7,Never-married,Unknown,Unmarried,White,Female,0,0,30,United-States,<=50K,0,0,0,1770,0.0,0.0,56-65
43,Private,340348,9th,5,Widowed,Tech-support,Own-child,White,Male,0,0,33,United-States,<=50K,0,0,0,1419,0.0,0.0,36-45
45,Federal-gov,228660,Masters,14,Never-married,Exec-managerial,Husband,White,Male,0,0,20,United-States,>50K,0,0,0,900,0.0,0.0,36-45
59,Self-emp-not-inc,404384,HS-grad,9,Never-married,Priv-house-serv,Unmarried,White,Male,60917,0,50,United-States,<=50K,1,0,60917,2950,11.017283976529278,0.0,56-65
64,Private,447491,HS-grad,9,Divorced,Prof-specialty,Husband,White,Male,0,0,42,United-States,<=50K,0,0,0,2688,0.0,0.0,56-65
41,Self-emp-not-inc,391512,HS-grad,9,Separated,Prof-specialty,Husband,White,Male,0,0,52,United-States,>50K,0,0,0,2132,0.0,0.0,36-45
79,Private,326083,HS-grad,9,Divorced,Armed-Forces,Unmarried,White,Male,0,0,48,United-States,>50K,0,0,0,3792,0.0,0.0,66+
48,Self-emp-not-inc,264567,Masters,14,Widowed,Prof-specialty,Not-in-family,White,Male,0,0,45,United-States,<=50K,0,0,0,2160,0.0,0.0,46-55
27,Private,153441,7th-8th,4,Never-married,Farming-fishing,Other-relative,White,Female,0,0,48,United-States,<=50K,0,0,0,1296,0.0,0.0,26-35
18,Private,139736,10th,6,Married-civ-spouse,Armed-Forces,Other-relative,White,Male,0,0,42,Cuba,<=50K,0,0,0,756,0.0,0.0,18-25
30,Private,456847,Assoc-acdm,12,Married-civ-spouse,Craft-repair,Own-child,Other,Male,0,0,53,United-States,<=50K,0,0,0,1590,0.0,0.0,26-35
60,Private,414072,Some-college,10,Never-married,Machine-op-inspct,Not-in-family,White,Female,0,0,35,United-States,<=50K,0,0,0,2100,0.0,0.0,56-65
51,Private,437013,10th,6,Never-married,Exec-managerial,Not-in-family,White,Male,0,3398,40,United-States,<=50K,0,1,-3398,2040,0.0,8.131236549696116,46-55
38,Self-emp-not-inc,225450,5th-6th,3,Never-married,Craft-repair,Husband,White,Male,0,0,37,United-States,<=50K,0,0,0,1406,0.0,0.0,36-45
47,Self-emp-not-inc,380708,HS-grad,9,Married-spouse-absent,Tech-support,Wife,Asian-Pac-Islander,Male,0,0,60,United-States,<=50K,0,0,0,2820,0.0,0.0,46-55
69,Private,78120,HS-grad,9,Divorced,Farming-fishing,Own-child,White,Female,0,0,34,United-States,<=50K,0,0,0,2346,0.0,0.0,66+
53,Private,451457,1st-4th,2,Married-civ-spouse,Unknown,Not-in-family,Black,Male,0,0,53,United-States,<=50K,0,0,0,2809,0.0,0.0,46-55
21,Self-emp-not-inc,447586,HS-grad,9,Never-married,Machine-op-inspct,Not-in-family,White,Male,0,0,26,United-States,<=50K,0,0,0,546,0.0,0.0,18-25
21,Private,311660,Assoc-acdm,12,Married-civ-spouse,Farming-fishing,Unmarried,White,Female,25298,0,41,United-States,<=50K,1,0,25298,861,10.138520148242751,0.0,18-25
47,Private,110728,Bachelors,13,Never-married,Transport-moving,Husband,White,Female,0,0,38,United-States,<=50K,0,0,0,1786,0.0,0.0,46-55
43,Private,396239,Bachelors,13,Separated,Tech-support,Not-in-family,White,Male,0,687,30,United-States,<=50K,0,1,-687,1290,0.0,6.5337888379333435,36-45
70,Unknown,91624,HS-grad,9,Married-civ-spouse,Tech-support,Wife,White,Male,0,0,33,United-States,>50K,0,0,0,2310,0.0,0.0,66+
54,Private,35366,HS-grad,9,Never-married,Exec-managerial,Unmarried,White,Male,0,0,45,United-States,<=50K,0,0,0,2430,0.0,0.0,46-55
64,Private,103583,Doctorate,16,Never-married,Machine-op-inspct,Husband,White,Male,0,0,37,United-States,<=50K,0,0,0,2368,0.0,0.0,56-65
54,Private,236308,Assoc-acdm,12,Married-civ-spouse,Protective-serv,Not-in-family,White,Male,0,0,30,United-States,>50K,0,0,0,1620,0.0,0.0,46-55
39,Private,111857,Some-college,10,Never-married,Armed-Forces,Husband,White,Male,0,0,49,United-States,<=50K,0,0,0,1911,0.0,0.0,36-45
58,Self-emp-not-inc,344471,HS-grad,9,Never-married,Priv-house-serv,Own-child,White,Male,0,0,40,United-States,<=50K,0,0,0,2320,0.0,0.0,56-65
56,Unknown,145643,HS-grad,9,Divorced,Exec-managerial,Wife,White,Female,0,0,43,United-States,<=50K,0,0,0,2408,0.0,0.0,56-65
62,Private,391026,Some-college,10,Married-civ-spouse,Adm-clerical,Not-in-family,White,Male,0,0,51,India,<=50K,0,0,0,3162,0.0,0.0,56-65
29,Local-gov,287419,Some-college,10,Married-civ-spouse,Unknown,Own-child,White,Female,0,0,55,United-States,<=50K,0,0,0,1595,0.0,0.0,26-35
57,Self-emp-not-inc,317193,1st-4th,2,Never-married,Handlers-cleaners,Not-in-family,White,Male,0,0,17,United-States,<=50K,0,0,0,969,0.0,0.0,56-65
35,Private,114310,Masters,14,Married-civ-spouse,Craft-repair,Husband,Other,Male,0,0,39,United-States,>50K,0,0,0,1365,0.0,0.0,26-35
66,Private,304822,Some-college,10,Married-civ-spouse,Armed-Forces,Husband,White,Male,0,0,23,United-States,<=50K,0,0,0,1518,0.0,0.0,66+
67,Private,433729,Some-college,10,Widowed,Handlers-cleaners,Husband,White,Male,0,0,67,United-States,<=50K,0,0,0,4489,0.0,0.0,66+
56,Private,284145,HS-grad,9,Never-married,Transport-moving,Wife,White,Female,0,0,42,United-States,<=50K,0,0,0,2352,0.0,0.0,56-65
76,Private,220590,Assoc-acdm,12,Never-married,Craft-repair,Husband,White,Female,0,0,50,United-States,<=50K,0,0,0,3800,0.0,0.0,66+
51,Self-emp-not-inc,297943,Assoc-acdm,12,Widowed,Armed-Forces,Husband,White,Female,0,0,34,United-States,<=50K,0,0,0,1734,0.0,0.0,46-55
19,Local-gov,241642,9th,5,Married-civ-spouse,Machine-op-inspct,Husband,White,Male,0,0,36,United-States,<=50K,0,0,0,684,0.0,0.0,18-25
55,State-gov,13382,Some-college,10,Married-civ-spouse,Craft-repair,Not-in-family,White,Male,55491,0,51,United-States,<=50K,1,0,55491,2805,10.923994145200616,0.0,46-55
66,Private,348151,Some-college,10,Never-married,Prof-specialty,Husband,White,Female,0,0,45,China,<=50K,0,0,0,2970,0.0,0.0,66+
24,State-gov,254676,Bachelors,13,Divorced,Other-service,Husband,White,Male,0,0,57,United-States,<=50K,0,0,0,1368,0.0,0.0,18-25
24,Local-gov,37598,12th,8,Married-civ-spouse,Tech-support,Not-in-family,White,Female,8008,0,32,United-States,<=50K,1,0,8008,768,8.988321188323683,0.0,18-25
34,Private,438050,Bachelors,13,Never-married,Tech-support,Own-child,White,Male,0,0,38,United-States,<=50K,0,0,0,1292,0.0,0.0,26-35
70,Private,164585,HS-grad,9,Married-civ-spouse,Farming-fishing,Husband,White,Male,0,0,45,United-States,<=50K,0,0,0,3150,0.0,0.0,66+
50,Unknown,389067,9th,5,Divorced,Protective-serv,Own-child,White,Female,0,0,47,United-States,<=50K,0,0,0,2350,0.0,0.0,46-55
78,Private,346270,9th,5,Never-married,Farming-fishing,Wife,White,Female,0,0,44,United-States,<=50K,0,0,0,3432,0.0,0.0,66+
72,Private,279616,12th,8,Never-married,Farming-fishing,Wife,White,Male,436,0,27,United-States,<=50K,1,0,436,1944,6.07993319509559,0.0,66+
52,Private,197794,HS-grad,9,Married-civ-spouse,Tech-support,Not-in-family,White,Male,8137,0,31,United-States,>50K,1,0,8137,1612,9.004299728561636,0.0,46-55
60,Private,442977,HS-grad,9,Married-civ-spouse,Other-service,Own-child,Black,Male,0,0,43,United-States,<=50K,0,0,0,2580,0.0,0.0,56-65
38,Private,55434,Assoc-acdm,12,Separated,Tech-support,Other-relative,White,Male,0,0,25,United-States,<=50K,0,0,0,950,0.0,0.0,36-45
23,Private,98732,12th,8,Widowed,Armed-Forces,Not-in-family,White,Female,0,0,31,United-States,<=50K,0,0,0,713,0.0,0.0,18-25
42,Private,250499,Doctorate,16,Divorced,Transport-moving,Wife,White,Male,0,0,40,United-States,>50K,0,0,0,1680,0.0,0.0,36-45
54,Local-gov,16800,11th,7,Married-civ-spouse,Armed-Forces,Husband,White,Male,0,0,32,United-States,<=50K,0,0,0,1728,0.0,0.0,46-55
29,Never-worked,116533,Some-college,10,Never-married,Protective-serv,Wife,White,Male,0,0,42,United-States,<=50K,0,0,0,1218,0.0,0.0,26-35
31,Private,69497,Masters,14,Married-civ-spouse,Sales,Own-child,Asian-Pac-Islander,Male,0,0,39,United-States,>50K,0,0,0,1209,0.0,0.0,26-35
18,Private,442064,Bachelors,13,Married-civ-spouse,Machine-op-inspct,Unmarried,White,Male,0,0,32,Canada,>50K,0,0,0,576,0.0,0.0,18-25
63,Federal-gov,30392,Some-college,10,Married-civ-spouse,Farming-fishing,Husband,White,Male,0,0,32,United-States,>50K,0,0,0,2016,0.0,0.0,56-65
73,Private,68377,Assoc-voc,11,Married-civ-spouse,Unknown,Wife,White,Female,0,0,53,United-States,<=50K,0,0,0,3869,0.0,0.0,66+
69,State-gov,433023,10th,6,Married-civ-spouse,Farming-fishing,Other-relative,White,Male,0,2067,44,United-States,<=50K,0,1,-2067,3036,0.0,7.63433723562832,66+
41,Private,47226,1st-4th,2,Married-civ-spouse,Handlers-cleaners,Unmarried,White,Female,0,0,42,Canada,<=50K,0,0,0,1722,0.0,0.0,36-45
54,Private,144124,HS-grad,9,Never-married,Tech-support,Husband,White,Male,0,0,41,United-States,<=50K,0,0,0,2214,0.0,0.0,46-55
77,Private,284412,9th,5,Divorced,Armed-Forces,Not-in-family,White,Male,0,0,31,United-States,<=50K,0,0,0,2387,0.0,0.0,66+
54,Private,44374,HS-grad,9,Married-civ-spouse,Farming-fishing,Not-in-family,White,Female,17350,0,34,Philippines,>50K,1,0,17350,1836,9.761405420601672,0.0,46-55
36,Private,108287,HS-grad,9,Married-civ-spouse,Priv-house-serv,Not-in-family,Asian-Pac-Islander,Male,0,0,16,United-States,<=50K,0,0,0,576,0.0,0.0,36-45
38,Private,461499,Bachelors,13,Separated,Sales,Husband,White,Male,0,0,34,United-States,<=50K,0,0,0,1292,0.0,0.0,36-45
63,Federal-gov,431227,Bachelors,13,Married-civ-spouse,Craft-repair,Other-relative,White,Male,0,0,34,United-States,<=50K,0,0,0,2142,0.0,0.0,56-65
45,Private,327778,Bachelors,13,Married-civ-spouse,Protective-serv,Husband,White,Female,0,0,45,United-States,<=50K,0,0,0,2025,0.0,0.0,36-45
69,Private,97180,Assoc-voc,11,Never-married,Priv-house-serv,Husband,Other,Male,0,0,34,United-States,<=50K,0,0,0,2346,0.0,0.0,66+
71,Private,480136,11th,7,Never-married,Priv-house-serv,Wife,White,Male,0,0,48,United-States,<=50K,0,0,0,3408,0.0,0.0,66+
20,Private,242182,5th-6th,3,Never-married,Handlers-cleaners,Husband,White,Male,0,0,37,United-States,<=50K,0,0,0,740,0.0,0.0,18-25
62,Private,198473,Some-college,10,Married-civ-spouse,Protective-serv,Own-child,White,Male,0,0,41,United-States,<=50K,0,0,0,2542,0.0,0.0,56-65
40,Private,378353,Some-college,10,Married-civ-spouse,Sales,Wife,White,Male,0,0,40,United-States,<=50K,0,0,0,1600,0.0,0.0,36-45
50,Private,349827,HS-grad,9,Married-civ-spouse,Transport-moving,Husband,White,Female,0,0,47,United-States,<=50K,0,0,0,2350,0.0,0.0,46-55
34,Self-emp-inc,34915,HS-grad,9,Never-married,Handlers-cleaners,Unmarried,White,Female,0,0,52,India,<=50K,0,0,0,1768,0.0,0.0,26-35
40,Private,315807,HS-grad,9,Married-civ-spouse,Other-service,Own-child,Black,Male,0,0,30,United-States,<=50K,0,0,0,1200,0.0,0.0,36-45
38,Private,499830,HS-grad,9,Married-civ-spouse,Transport-moving,Husband,White,Male,0,0,58,United-States,<=50K,0,0,0,2204,0.0,0.0,36-45
21,Self-emp-inc,342700,HS-grad,9,Married-civ-spouse,Prof-specialty,Other-relative,White,Male,33084,0,31,Germany,<=50K,1,0,33084,651,10.40683528644616,0.0,18-25
66,Private,385898,HS-grad,9,Widowed,Other-service,Husband,White,Male,0,0,38,United-States,>50K,0,0,0,2508,0.0,0.0,66+
26,Private,340509,Some-college,10,Married-civ-spouse,Farming-fishing,Not-in-family,White,Female,0,0,35,United-States,<=50K,0,0,0,910,0.0,0.0,26-35
41,Private,174606,Masters,14,Married-civ-spouse,Transport-moving,Husband,Other,Female,51075,0,55,United-States,>50K,1,0,51075,2255,10.841069998544572,0.0,36-45
29,Federal-gov,108497,Some-college,10,Widowed,Exec-managerial,Not-in-family,White,Male,0,0,29,Other,<=50K,0,0,0,841,0.0,0.0,26-35
27,Private,240874,Assoc-voc,11,Never-married,Armed-Forces,Own-child,White,Female,0,0,47,United-States,<=50K,0,0,0,1269,0.0,0.0,26-35
41,Private,153872,Bachelors,13,Never-married,Farming-fishing,Husband,White,Female,0,0,18,United-States,<=50K,0,0,0,738,0.0,0.0,36-45
74,Self-emp-not-inc,86279,10th,6,Never-married,Tech-support,Not-in-family,White,Female,0,0,48,United-States,<=50K,0,0,0,3552,0.0,0.0,66+
76,Unknown,317046,Some-college,10,Married-civ-spouse,Exec-managerial,Wife,Amer-Indian-Eskimo,Male,0,0,38,United-States,<=50K,0,0,0,2888,0.0,0.0,66+
41,Self-emp-inc,202905,HS-grad,9,Never-married,Armed-Forces,Own-child,White,Male,0,0,36,United-States,<=50K,0,0,0,1476,0.0,0.0,36-45
49,Private,350081,Some-college,10,Married-civ-spouse,Other-service,Husband,White,Male,0,0,33,United-States,>50K,0,0,0,1617,0.0,0.0,46-55
79,Private,164147,5th-6th,3,Widowed,Armed-Forces,Not-in-family,White,Male,0,0,39,United-States,<=50K,0,0,0,3081,0.0,0.0,66+
32,Private,113977,Bachelors,13,Married-civ-spouse,Machine-op-inspct,Husband,White,Female,0,0,36,United-States,<=50K,0,0,0,1152,0.0,0.0,26-35
76,Federal-gov,160660,Masters,14,Never-married,Farming-fishing,Not-in-family,White,Male,0,0,25,Mexico,>50K,0,0,0,1900,0.0,0.0,66+
24,Self-emp-not-inc,13866,Preschool,1,Divorced,Farming-fishing,Not-in-family,White,Male,0,0,32,United-States,<=50K,0,0,0,768,0.0,0.0,18-25
32,Private,387634,HS-grad,9,Married-civ-spouse,Machine-op-inspct,Wife,White,Male,0,475,48,United-States,<=50K,0,1,-475,1536,0.0,6.16541785423142,26-35
38,Private,345901,11th,7,Married-civ-spouse,Machine-op-inspct,Unmarried,White,Male,0,0,36,United-States,<=50K,0,0,0,1368,0.0,0.0,36-45
20,Private,402694,Assoc-acdm,12,Never-married,Machine-op-inspct,Not-in-family,White,Female,85942,0,32,United-States,<=50K,1,0,85942,640,11.361439564795115,0.0,18-25
68,Unknown,339521,Some-college,10,Married-civ-spouse,Adm-clerical,Husband,White,Female,0,0,40,United-States,<=50K,0,0,0,2720,0.0,0.0,66+
71,Self-emp-not-inc,189383,11th,7,Widowed,Transport-moving,Husband,White,Male,0,0,45,United-States,<=50K,0,0,0,3195,0.0,0.0,66+
41,Private,443125,Bachelors,13,Married-civ-spouse,Handlers-cleaners,Husband,White,Male,13289,0,47,United-States,<=50K,1,0,13289,1927,9.494767151707292,0.0,36-45
69,Private,66858,HS-grad,9,Never-married,Handlers-cleaners,Unmarried,White,Male,0,0,43,United-States,>50K,0,0,0,2967,0.0,0.0,66+
65,Private,319608,HS-grad,9,Never-married,Transport-moving,Husband,White,Male,0,0,52,United-States,>50K,0,0,0,3380,0.0,0.0,56-65
67,Private,31233,HS-grad,9,Divorced,Transport-moving,Husband,White,Male,0,0,40,Germany,<=50K,0,0,0,2680,0.0,0.0,66+
67,Private,374711,Some-college,10,Never-married,Farming-fishing,Unmarried,White,Male,0,0,38,United-States,<=50K,0,0,0,2546,0.0,0.0,66+
53,Private,476294,HS-grad,9,Never-married,Handlers-cleaners,Not-in-family,White,Male,0,0,49,United-States,<=50K,0,0,0,2597,0.0,0.0,46-55
24,Private,312532,HS-grad,9,Never-married,Adm-clerical,Own-child,White,Female,0,0,33,United-States,<=50K,0,0,0,792,0.0,0.0,18-25
75,State-gov,60552,HS-grad,9,Never-married,Machine-op-inspct,Not-in-family,White,Female,0,0,36,United-States,<=50K,0,0,0,2700,0.0,0.0,66+
55,Private,49565,Bachelors,13,Never-married,Handlers-cleaners,Not-in-family,White,Male,0,0,24,United-States,<=50K,0,0,0,1320,0.0,0.0,46-55
73,Federal-gov,330200,Some-college,10,Married-civ-spouse,Other-service,Husband,White,Male,0,0,58,Canada,>50K,0,0,0,4234,0.0,0.0,66+
77,Private,243140,Bachelors,13,Married-civ-spouse,Unknown,Husband,White,Male,0,2181,61,United-States,>50K,0,1,-2181,4697,0.0,7.687997166393016,66+
29,Private,54316,Some-college,10,Married-civ-spouse,Handlers-cleaners,Not-in-family,White,Male,0,0,38,United-States,<=50K,0,0,0,1102,0.0,0.0,26-35
42,Self-emp-inc,310882,Assoc-acdm,12,Never-married,Tech-support,Husband,White,Female,0,0,48,United-States,<=50K,0,0,0,2016,0.0,0.0,36-45
29,Private,398941,HS-grad,9,Widowed,Armed-Forces,Unmarried,White,Male,0,0,47,United-States,<=50K,0,0,0,1363,0.0,0.0,26-35
21,Private,322779,Assoc-acdm,12,Married-civ-spouse,Farming-fishing,Husband,White,Male,34367,0,42,United-States,>50K,1,0,34367,882,10.444881177868536,0.0,18-25
77,Private,186726,HS-grad,9,Divorced,Craft-repair,Not-in-family,White,Male,0,0,52,United-States,>50K,0,0,0,4004,0.0,0.0,66+
75,Private,493178,1st-4th,2,Married-civ-spouse,Other-service,Not-in-family,White,Female,0,0,27,Unknown,<=50K,0,0,0,2025,0.0,0.0,66+
75,Local-gov,171387,11th,7,Never-married,Machine-op-inspct,Own-child,Black,Male,0,0,38,Other,<=50K,0,0,0,2850,0.0,0.0,66+
72,Private,497337,1st-4th,2,Never-married,Protective-serv,Wife,White,Male,0,0,19,United-States,<=50K,0,0,0,1368,0.0,0.0,66+
58,Private,22109,Masters,14,Never-married,Handlers-cleaners,Unmarried,White,Male,0,0,30,United-States,<=50K,0,0,0,1740,0.0,0.0,56-65
50,Private,55297,Doctorate,16,Never-married,Priv-house-serv,Not-in-family,Black,Male,0,0,24,United-States,<=50K,0,0,0,1200,0.0,0.0,46-55
79,Private,482615,Assoc-acdm,12,Never-married,Craft-repair,Husband,White,Female,0,0,22,United-States,<=50K,0,0,0,1738,0.0,0.0,66+
52,Self-emp-inc,74299,10th,6,Married-civ-spouse,Machine-op-inspct,Wife,White,Female,8031,0,35,United-States,<=50K,1,0,8031,1820,8.99118884193151,0.0,46-55
57,Private,247234,Bachelors,13,Divorced,Priv-house-serv,Own-child,Black,Male,0,0,44,United-States,>50K,0,0,0,2508,0.0,0.0,56-65
31,Local-gov,338024,Assoc-acdm,12,Married-civ-spouse,Priv-house-serv,Wife,White,Male,0,0,33,United-States,<=50K,0,0,0,1023,0.0,0.0,26-35
64,Private,83298,HS-grad,9,Widowed,Sales,Husband,White,Male,48315,0,35,United-States,>50K,1,0,48315,2240,10.78551804772517,0.0,56-65
68,Private,91772,Some-college,10,Never-married,Farming-fishing,Husband,White,Male,0,0,33,United-States,<=50K,0,0,0,2244,0.0,0.0,66+
60,Private,72338,Some-college,10,Married-civ-spouse,Tech-support,Own-child,Black,Female,0,0,41,Mexico,<=50K,0,0,0,2460,0.0,0.0,56-65
48,Private,354197,1st-4th,2,Married-civ-spouse,Craft-repair,Not-in-family,White,Female,0,0,34,United-States,<=50K,0,0,0,1632,0.0,0.0,46-55
