age,education.num,hours.per.week,capital.gain,capital.loss,has_capital_gain,has_capital_loss,net_capital,age_hours,capital_gain_log1p,capital_loss_log1p,age_group,income
23,3,40,0,0,0,0,0,920,0.0,0.0,18-25,<=50K
65,11,31,0,0,0,0,0,2015,0.0,0.0,56-65,<=50K
58,14,45,0,0,0,0,0,2610,0.0,0.0,56-65,>50K
45,13,42,0,0,0,0,0,1890,0.0,0.0,36-45,<=50K
44,9,38,0,0,0,0,0,1672,0.0,0.0,36-45,<=50K
71,4,45,0,0,0,0,0,3195,0.0,0.0,66+,<=50K
23,14,22,94998,0,1,0,94998,506,11.461621644211487,0.0,18-25,<=50K
61,14,35,0,0,0,0,0,2135,0.0,0.0,56-65,<=50K
30,10,31,0,0,0,0,0,930,0.0,0.0,26-35,<=50K
23,10,32,0,0,0,0,0,736,0.0,0.0,18-25,<=50K
50,9,38,0,0,0,0,0,1900,0.0,0.0,46-55,<=50K
78,9,31,0,0,0,0,0,2418,0.0,0.0,66+,<=50K
63,6,57,0,0,0,0,0,3591,0.0,0.0,56-65,<=50K
65,5,45,0,0,0,0,0,2925,0.0,0.0,56-65,<=50K
62,9,32,0,0,0,0,0,1984,0.0,0.0,56-65,<=50K
66,13,23,0,0,0,0,0,1518,0.0,0.0,66+,>50K
49,7,34,0,0,0,0,0,1666,0.0,0.0,46-55,<=50K
25,9,37,0,0,0,0,0,925,0.0,0.0,18-25,<=50K
70,10,34,0,0,0,0,0,2380,0.0,0.0,66+,<=50K
45,9,65,0,0,0,0,0,2925,0.0,0.0,36-45,>50K
49,7,23,0,0,0,0,0,1127,0.0,0.0,46-55,<=50K
40,10,41,0,0,0,0,0,1640,0.0,0.0,36-45,<=50K
29,9,39,0,0,0,0,0,1131,0.0,0.0,26-35,<=50K
75,10,38,0,0,0,0,0,2850,0.0,0.0,66+,>50K
66,13,21,0,0,0,0,0,1386,0.0,0.0,66+,>50K
57,7,40,0,0,0,0,0,2280,0.0,0.0,56-65,<=50K
42,13,42,88970,0,1,0,88970,1764,11.396065752919382,0.0,36-45,>50K
69,13,47,13045,0,1,0,13045,3243,9.476236852356042,0.0,66+,<=50K
51,13,45,0,0,0,0,0,2295,0.0,0.0,46-55,<=50K
45,10,52,0,0,0,0,0,2340,0.0,0.0,36-45,<=50K
45,10,20,0,0,0,0,0,900,0.0,0.0,36-45,<=50K
32,10,38,0,0,0,0,0,1216,0.0,0.0,26-35,<=50K
23,11,65,0,0,0,0,0,1495,0.0,0.0,18-25,<=50K
52,2,51,0,0,0,0,0,2652,0.0,0.0,46-55,<=50K
73,14,25,0,0,0,0,0,1825,0.0,0.0,66+,>50K
21,10,41,0,0,0,0,0,861,0.0,0.0,18-25,<=50K
71,12,30,0,0,0,0,0,2130,0.0,0.0,66+,>50K
69,9,36,0,0,0,0,0,2484,0.0,0.0,66+,<=50K
35,2,60,0,0,0,0,0,2100,0.0,0.0,26-35,<=50K
57,10,50,0,0,0,0,0,2850,0.0,0.0,56-65,>50K
28,10,25,0,0,0,0,0,700,0.0,0.0,26-35,<=50K
65,9,32,0,0,0,0,0,2080,0.0,0.0,56-65,<=50K
61,9,40,21152,0,1,0,21152,2440,9.95953701838715,0.0,56-65,<=50K
39,9,37,0,0,0,0,0,1443,0.0,0.0,36-45,<=50K
22,10,43,0,0,0,0,0,946,0.0,0.0,18-25,<=50K
78,9,32,46111,0,1,0,46111,2496,10.738828498799249,0.0,66+,<=50K
45,15,36,0,0,0,0,0,1620,0.0,0.0,36-45,>50K
73,7,32,0,0,0,0,0,2336,0.0,0.0,66+,<=50K
60,9,36,64981,0,1,0,64981,2160,11.081865587450576,0.0,56-65,>50K
66,9,47,0,0,0,0,0,3102,0.0,0.0,66+,<=50K
65,10,43,0,0,0,0,0,2795,0.0,0.0,56-65,<=50K
30,9,33,0,0,0,0,0,990,0.0,0.0,26-35,<=50K
40,10,51,0,0,0,0,0,2040,0.0,0.0,36-45,<=50K
46,14,51,0,0,0,0,0,2346,0.0,0.0,46-55,>50K
48,9,40,0,0,0,0,0,1920,0.0,0.0,46-55,<=50K
20,11,37,0,0,0,0,0,740,0.0,0.0,18-25,<=50K
51,3,58,0,0,0,0,0,2958,0.0,0.0,46-55,<=50K
27,9,56,0,0,0,0,0,1512,0.0,0.0,26-35,<=50K
64,9,25,0,0,0,0,0,1600,0.0,0.0,56-65,<=50K
60,3,52,0,0,0,0,0,3120,0.0,0.0,56-65,<=50K
75,10,57,0,0,0,0,0,4275,0.0,0.0,66+,<=50K
64,11,47,0,0,0,0,0,3008,0.0,0.0,56-65,>50K
40,12,35,0,0,0,0,0,1400,0.0,0.0,36-45,<=50K
77,10,37,43805,0,1,0,43805,2849,10.687526073284142,0.0,66+,>50K
43,10,57,0,0,0,0,0,2451,0.0,0.0,36-45,<=50K
38,9,48,0,0,0,0,0,1824,0.0,0.0,36-45,<=50K
74,3,45,0,114,0,1,-114,3330,0.0,4.74493212836325,66+,<=50K
40,5,63,0,0,0,0,0,2520,0.0,0.0,36-45,<=50K
22,10,30,0,0,0,0,0,660,0.0,0.0,18-25,<=50K
47,16,39,0,0,0,0,0,1833,0.0,0.0,46-55,>50K
67,2,42,0,0,0,0,0,2814,0.0,0.0,66+,<=50K
29,10,38,8100,0,1,0,8100,1102,8.999742789830492,0.0,26-35,<=50K
46,12,22,0,0,0,0,0,1012,0.0,0.0,46-55,>50K
26,13,50,0,0,0,0,0,1300,0.0,0.0,26-35,<=50K
60,10,32,0,0,0,0,0,1920,0.0,0.0,56-65,<=50K
47,10,32,0,0,0,0,0,1504,0.0,0.0,46-55,<=50K
38,11,36,0,0,0,0,0,1368,0.0,0.0,36-45,<=50K
32,13,38,0,0,0,0,0,1216,0.0,0.0,26-35,<=50K
52,6,39,0,0,0,0,0,2028,0.0,0.0,46-55,<=50K
59,14,50,0,0,0,0,0,2950,0.0,0.0,56-65,>50K
76,3,52,0,0,0,0,0,3952,0.0,0.0,66+,<=50K
45,13,37,0,0,0,0,0,1665,0.0,0.0,36-45,<=50K
27,4,34,0,0,0,0,0,918,0.0,0.0,26-35,<=50K
69,8,39,0,0,0,0,0,2691,0.0,0.0,66+,>50K
57,1,31,0,0,0,0,0,1767,0.0,0.0,56-65,<=50K
61,9,40,0,2312,0,1,-2312,2440,0.0,7.746300662231439,56-65,<=50K
24,9,31,0,0,0,0,0,744,0.0,0.0,18-25,<=50K
37,7,61,0,0,0,0,0,2257,0.0,0.0,36-45,<=50K
65,9,41,0,0,0,0,0,2665,0.0,0.0,56-65,<=50K
69,9,35,0,0,0,0,0,2415,0.0,0.0,66+,<=50K
44,12,47,0,0,0,0,0,2068,0.0,0.0,36-45,<=50K
67,13,28,0,0,0,0,0,1876,0.0,0.0,66+,<=50K
70,10,33,0,0,0,0,0,2310,0.0,0.0,66+,<=50K
42,6,44,0,0,0,0,0,1848,0.0,0.0,36-45,<=50K
73,9,41,0,0,0,0,0,2993,0.0,0.0,66+,>50K
35,13,50,0,0,0,0,0,1750,0.0,0.0,26-35,>50K
32,5,13,0,0,0,0,0,416,0.0,0.0,26-35,<=50K
60,9,48,0,0,0,0,0,2880,0.0,0.0,56-65,<=50K
57,14,35,0,0,0,0,0,1995,0.0,0.0,56-65,>50K
26,14,28,0,0,0,0,0,728,0.0,0.0,26-35,<=50K
69,9,23,0,0,0,0,0,1587,0.0,0.0,66+,>50K
30,10,34,0,0,0,0,0,1020,0.0,0.0,26-35,<=50K
67,9,56,0,0,0,0,0,3752,0.0,0.0,66+,<=50K
18,12,50,0,0,0,0,0,900,0.0,0.0,18-25,>50K
67,3,56,0,0,0,0,0,3752,0.0,0.0,66+,<=50K
66,6,39,0,0,0,0,0,2574,0.0,0.0,66+,<=50K
66,10,41,0,0,0,0,0,2706,0.0,0.0,66+,<=50K
59,9,24,0,0,0,0,0,1416,0.0,0.0,56-65,<=50K
47,10,24,0,0,0,0,0,1128,0.0,0.0,46-55,<=50K
61,9,39,0,0,0,0,0,2379,0.0,0.0,56-65,<=50K
35,13,26,0,0,0,0,0,910,0.0,0.0,26-35,<=50K
66,13,31,0,327,0,1,-327,2046,0.0,5.793013608384144,66+,>50K
52,9,40,0,0,0,0,0,2080,0.0,0.0,46-55,<=50K
46,12,53,0,0,0,0,0,2438,0.0,0.0,46-55,<=50K
49,9,40,0,0,0,0,0,1960,0.0,0.0,46-55,<=50K
53,9,26,42578,0,1,0,42578,1378,10.659116452967368,0.0,46-55,<=50K
20,8,22,0,0,0,0,0,440,0.0,0.0,18-25,<=50K
26,13,41,0,0,0,0,0,1066,0.0,0.0,26-35,<=50K
33,13,34,0,0,0,0,0,1122,0.0,0.0,26-35,>50K
25,13,41,0,0,0,0,0,1025,0.0,0.0,18-25,<=50K
45,13,38,0,0,0,0,0,1710,0.0,0.0,36-45,<=50K
59,14,39,48353,0,1,0,48353,2301,10.786304227552566,0.0,56-65,>50K
58,9,52,0,0,0,0,0,3016,0.0,0.0,56-65,<=50K
47,14,51,0,0,0,0,0,2397,0.0,0.0,46-55,<=50K
71,10,44,0,0,0,0,0,3124,0.0,0.0,66+,<=50K
53,9,31,0,0,0,0,0,1643,0.0,0.0,46-55,<=50K
22,10,34,0,0,0,0,0,748,0.0,0.0,18-25,<=50K
65,9,48,0,0,0,0,0,3120,0.0,0.0,56-65,>50K
53,9,53,0,0,0,0,0,2809,0.0,0.0,46-55,<=50K
57,9,27,0,0,0,0,0,1539,0.0,0.0,56-65,<=50K
53,5,55,0,0,0,0,0,2915,0.0,0.0,46-55,<=50K
52,9,32,0,0,0,0,0,1664,0.0,0.0,46-55,<=50K
23,13,47,0,0,0,0,0,1081,0.0,0.0,18-25,<=50K
52,10,68,0,0,0,0,0,3536,0.0,0.0,46-55,<=50K
67,10,24,0,0,0,0,0,1608,0.0,0.0,66+,<=50K
36,9,45,0,0,0,0,0,1620,0.0,0.0,36-45,<=50K
55,9,37,0,0,0,0,0,2035,0.0,0.0,46-55,>50K
19,9,44,0,0,0,0,0,836,0.0,0.0,18-25,<=50K
39,13,34,0,0,0,0,0,1326,0.0,0.0,36-45,<=50K
45,8,15,0,0,0,0,0,675,0.0,0.0,36-45,<=50K
78,11,32,0,0,0,0,0,2496,0.0,0.0,66+,<=50K
31,12,43,0,0,0,0,0,1333,0.0,0.0,26-35,<=50K
35,10,53,0,0,0,0,0,1855,0.0,0.0,26-35,<=50K
43,13,44,0,0,0,0,0,1892,0.0,0.0,36-45,<=50K
79,9,55,0,0,0,0,0,4345,0.0,0.0,66+,>50K
70,13,35,0,0,0,0,0,2450,0.0,0.0,66+,<=50K
20,11,34,0,0,0,0,0,680,0.0,0.0,18-25,<=50K
32,13,43,0,0,0,0,0,1376,0.0,0.0,26-35,<=50K
68,10,36,0,0,0,0,0,2448,0.0,0.0,66+,<=50K
21,13,51,0,0,0,0,0,1071,0.0,0.0,18-25,<=50K
71,16,26,0,0,0,0,0,1846,0.0,0.0,66+,>50K
35,9,49,0,0,0,0,0,1715,0.0,0.0,26-35,<=50K
74,13,52,0,0,0,0,0,3848,0.0,0.0,66+,>50K
36,12,44,0,3163,0,1,-3163,1584,0.0,8.059592328887545,36-45,<=50K
44,9,49,0,0,0,0,0,2156,0.0,0.0,36-45,<=50K
59,14,34,0,0,0,0,0,2006,0.0,0.0,56-65,<=50K
25,9,32,0,0,0,0,0,800,0.0,0.0,18-25,<=50K
52,10,44,0,0,0,0,0,2288,0.0,0.0,46-55,<=50K
49,5,33,0,0,0,0,0,1617,0.0,0.0,46-55,<=50K
66,9,43,16223,0,1,0,16223,2838,9.69424690639091,0.0,66+,<=50K
79,13,43,0,0,0,0,0,3397,0.0,0.0,66+,>50K
59,9,39,0,0,0,0,0,2301,0.0,0.0,56-65,<=50K
43,9,43,0,0,0,0,0,1849,0.0,0.0,36-45,<=50K
43,9,46,0,0,0,0,0,1978,0.0,0.0,36-45,<=50K
43,9,39,0,0,0,0,0,1677,0.0,0.0,36-45,<=50K
68,13,35,0,0,0,0,0,2380,0.0,0.0,66+,>50K
37,13,48,0,0,0,0,0,1776,0.0,0.0,36-45,>50K
28,4,43,0,0,0,0,0,1204,0.0,0.0,26-35,<=50K
38,10,45,0,1726,0,1,-1726,1710,0.0,7.454141078146678,36-45,<=50K
19,9,46,0,0,0,0,0,874,0.0,0.0,18-25,<=50K
24,10,41,0,0,0,0,0,984,0.0,0.0,18-25,<=50K
23,9,37,0,0,0,0,0,851,0.0,0.0,18-25,<=50K
65,9,34,15645,0,1,0,15645,2210,9.657970572245025,0.0,56-65,<=50K
62,9,39,0,0,0,0,0,2418,0.0,0.0,56-65,<=50K
61,10,45,0,0,0,0,0,2745,0.0,0.0,56-65,<=50K
46,10,45,0,0,0,0,0,2070,0.0,0.0,46-55,<=50K
62,9,41,0,0,0,0,0,2542,0.0,0.0,56-65,>50K
27,13,44,0,0,0,0,0,1188,0.0,0.0,26-35,<=50K
73,12,29,0,0,0,0,0,2117,0.0,0.0,66+,<=50K
49,9,35,0,0,0,0,0,1715,0.0,0.0,46-55,<=50K
76,13,47,0,0,0,0,0,3572,0.0,0.0,66+,>50K
27,13,32,17343,0,1,0,17343,864,9.761001904239373,0.0,26-35,<=50K
48,7,41,0,0,0,0,0,1968,0.0,0.0,46-55,<=50K
61,10,41,0,0,0,0,0,2501,0.0,0.0,56-65,>50K
48,9,39,79756,0,1,0,79756,1872,11.286739791089824,0.0,46-55,<=50K
45,12,47,0,0,0,0,0,2115,0.0,0.0,36-45,<=50K
28,9,42,0,2046,0,1,-2046,1176,0.0,7.624130585661289,26-35,<=50K
41,10,28,0,0,0,0,0,1148,0.0,0.0,36-45,<=50K
32,9,45,0,0,0,0,0,1440,0.0,0.0,26-35,<=50K
36,10,35,0,0,0,0,0,1260,0.0,0.0,36-45,<=50K
60,14,26,0,0,0,0,0,1560,0.0,0.0,56-65,>50K
57,9,47,0,0,0,0,0,2679,0.0,0.0,56-65,<=50K
55,13,28,0,0,0,0,0,1540,0.0,0.0,46-55,<=50K
40,16,36,0,0,0,0,0,1440,0.0,0.0,36-45,>50K
77,13,43,0,0,0,0,0,3311,0.0,0.0,66+,>50K
23,7,39,0,0,0,0,0,897,0.0,0.0,18-25,<=50K
39,13,34,0,0,0,0,0,1326,0.0,0.0,36-45,<=50K
25,3,30,0,0,0,0,0,750,0.0,0.0,18-25,<=50K
39,9,32,78542,0,1,0,78542,1248,11.271401524499531,0.0,36-45,<=50K
77,13,29,0,0,0,0,0,2233,0.0,0.0,66+,>50K
40,11,39,0,0,0,0,0,1560,0.0,0.0,36-45,<=50K
74,10,35,0,0,0,0,0,2590,0.0,0.0,66+,<=50K
48,9,26,0,0,0,0,0,1248,0.0,0.0,46-55,<=50K
61,13,37,0,0,0,0,0,2257,0.0,0.0,56-65,<=50K
46,11,34,0,168,0,1,-168,1564,0.0,5.1298987149230735,46-55,<=50K
34,9,43,0,0,0,0,0,1462,0.0,0.0,26-35,<=50K
65,13,44,0,0,0,0,0,2860,0.0,0.0,56-65,>50K
78,9,53,0,0,0,0,0,4134,0.0,0.0,66+,>50K
34,7,46,0,0,0,0,0,1564,0.0,0.0,26-35,<=50K
66,10,29,0,0,0,0,0,1914,0.0,0.0,66+,>50K
34,15,18,0,0,0,0,0,612,0.0,0.0,26-35,<=50K
62,9,25,0,0,0,0,0,1550,0.0,0.0,56-65,<=50K
66,9,35,0,0,0,0,0,2310,0.0,0.0,66+,<=50K
45,6,24,0,0,0,0,0,1080,0.0,0.0,36-45,<=50K
63,13,34,0,0,0,0,0,2142,0.0,0.0,56-65,>50K
34,9,40,0,0,0,0,0,1360,0.0,0.0,26-35,<=50K
22,10,34,753,0,1,0,753,748,6.625392368007956,0.0,18-25,<=50K
23,16,43,0,0,0,0,0,989,0.0,0.0,18-25,<=50K
45,2,34,0,0,0,0,0,1530,0.0,0.0,36-45,<=50K
73,10,32,0,0,0,0,0,2336,0.0,0.0,66+,>50K
25,10,57,0,0,0,0,0,1425,0.0,0.0,18-25,<=50K
46,13,40,0,0,0,0,0,1840,0.0,0.0,46-55,<=50K
61,9,41,56440,0,1,0,56440,2501,10.940951123740335,0.0,56-65,>50K
30,9,48,0,0,0,0,0,1440,0.0,0.0,26-35,<=50K
62,7,49,0,0,0,0,0,3038,0.0,0.0,56-65,<=50K
36,12,36,0,0,0,0,0,1296,0.0,0.0,36-45,<=50K
68,12,50,0,1167,0,1,-1167,3400,0.0,7.0630481633881725,66+,>50K
53,6,36,0,0,0,0,0,1908,0.0,0.0,46-55,<=50K
51,9,50,0,0,0,0,0,2550,0.0,0.0,46-55,<=50K
28,13,28,0,0,0,0,0,784,0.0,0.0,26-35,<=50K
46,1,37,0,0,0,0,0,1702,0.0,0.0,46-55,<=50K
71,9,42,92818,0,1,0,92818,2982,11.438406639196947,0.0,66+,>50K
19,10,44,0,0,0,0,0,836,0.0,0.0,18-25,<=50K
65,9,32,0,0,0,0,0,2080,0.0,0.0,56-65,<=50K
48,9,24,0,0,0,0,0,1152,0.0,0.0,46-55,<=50K
62,9,45,0,0,0,0,0,2790,0.0,0.0,56-65,<=50K
59,7,38,0,0,0,0,0,2242,0.0,0.0,56-65,<=50K
44,10,36,0,0,0,0,0,1584,0.0,0.0,36-45,<=50K
37,11,57,31774,0,1,0,31774,2109,10.366435096057655,0.0,36-45,>50K
56,10,37,0,0,0,0,0,2072,0.0,0.0,56-65,<=50K
26,5,35,77489,0,1,0,77489,910,11.257904174757996,0.0,26-35,<=50K
54,13,22,0,0,0,0,0,1188,0.0,0.0,46-55,<=50K
23,7,29,0,0,0,0,0,667,0.0,0.0,18-25,<=50K
58,12,49,0,0,0,0,0,2842,0.0,0.0,56-65,<=50K
56,9,33,0,0,0,0,0,1848,0.0,0.0,56-65,<=50K
23,12,46,0,0,0,0,0,1058,0.0,0.0,18-25,<=50K
64,8,27,0,0,0,0,0,1728,0.0,0.0,56-65,<=50K
43,8,31,35299,0,1,0,35299,1333,10.471638242921388,0.0,36-45,<=50K
66,9,31,0,0,0,0,0,2046,0.0,0.0,66+,<=50K
20,3,45,0,0,0,0,0,900,0.0,0.0,18-25,<=50K
29,9,38,0,0,0,0,0,1102,0.0,0.0,26-35,<=50K
48,11,29,0,0,0,0,0,1392,0.0,0.0,46-55,<=50K
29,13,47,0,0,0,0,0,1363,0.0,0.0,26-35,<=50K
38,5,45,0,0,0,0,0,1710,0.0,0.0,36-45,<=50K
58,13,43,0,0,0,0,0,2494,0.0,0.0,56-65,<=50K
26,13,43,0,0,0,0,0,1118,0.0,0.0,26-35,<=50K
60,13,31,0,0,0,0,0,1860,0.0,0.0,56-65,>50K
24,11,53,0,0,0,0,0,1272,0.0,0.0,18-25,<=50K
28,10,39,0,0,0,0,0,1092,0.0,0.0,26-35,>50K
54,10,43,0,0,0,0,0,2322,0.0,0.0,46-55,<=50K
67,10,44,0,0,0,0,0,2948,0.0,0.0,66+,<=50K
28,14,31,0,0,0,0,0,868,0.0,0.0,26-35,<=50K
36,5,59,0,0,0,0,0,2124,0.0,0.0,36-45,<=50K
75,9,40,0,0,0,0,0,3000,0.0,0.0,66+,>50K
79,4,40,0,0,0,0,0,3160,0.0,0.0,66+,<=50K
54,14,36,0,0,0,0,0,1944,0.0,0.0,46-55,<=50K
45,9,51,0,0,0,0,0,2295,0.0,0.0,36-45,<=50K
39,11,52,0,2767,0,1,-2767,2028,0.0,7.92588031673756,36-45,<=50K
55,13,42,0,0,0,0,0,2310,0.0,0.0,46-55,<=50K
54,16,25,0,0,0,0,0,1350,0.0,0.0,46-55,>50K
36,7,38,0,0,0,0,0,1368,0.0,0.0,36-45,<=50K
19,13,39,0,0,0,0,0,741,0.0,0.0,18-25,<=50K
27,13,35,0,0,0,0,0,945,0.0,0.0,26-35,<=50K
77,4,30,0,0,0,0,0,2310,0.0,0.0,66+,>50K
43,12,24,0,0,0,0,0,1032,0.0,0.0,36-45,<=50K
47,9,55,0,0,0,0,0,2585,0.0,0.0,46-55,<=50K
46,10,47,0,0,0,0,0,2162,0.0,0.0,46-55,>50K
66,10,40,0,0,0,0,0,2640,0.0,0.0,66+,<=50K
22,9,34,0,0,0,0,0,748,0.0,0.0,18-25,<=50K
23,6,44,0,0,0,0,0,1012,0.0,0.0,18-25,<=50K
35,6,42,0,0,0,0,0,1470,0.0,0.0,26-35,<=50K
48,5,36,0,0,0,0,0,1728,0.0,0.0,46-55,<=50K
59,10,44,0,0,0,0,0,2596,0.0,0.0,56-65,<=50K
48,9,45,0,0,0,0,0,2160,0.0,0.0,46-55,<=50K
45,9,47,0,0,0,0,0,2115,0.0,0.0,36-45,<=50K
76,11,31,0,0,0,0,0,2356,0.0,0.0,66+,<=50K
27,11,44,0,0,0,0,0,1188,0.0,0.0,26-35,<=50K
53,10,52,48407,0,1,0,48407,2756,10.787420368302158,0.0,46-55,>50K
51,14,43,0,0,0,0,0,2193,0.0,0.0,46-55,<=50K
47,9,62,0,0,0,0,0,2914,0.0,0.0,46-55,<=50K
68,13,38,0,0,0,0,0,2584,0.0,0.0,66+,<=50K
34,4,23,0,0,0,0,0,782,0.0,0.0,26-35,<=50K
77,12,32,4131,0,1,0,4131,2464,8.326516830239528,0.0,66+,>50K
38,16,33,0,0,0,0,0,1254,0.0,0.0,36-45,>50K
51,13,46,21282,0,1,0,21282,2346,9.965663910962803,0.0,46-55,>50K
50,10,48,0,0,0,0,0,2400,0.0,0.0,46-55,<=50K
70,10,41,0,0,0,0,0,2870,0.0,0.0,66+,<=50K
45,9,43,0,0,0,0,0,1935,0.0,0.0,36-45,<=50K
35,11,59,78073,0,1,0,78073,2065,11.265412373872007,0.0,26-35,<=50K
19,12,32,0,0,0,0,0,608,0.0,0.0,18-25,<=50K
40,16,39,0,0,0,0,0,1560,0.0,0.0,36-45,>50K
69,9,35,0,0,0,0,0,2415,0.0,0.0,66+,<=50K
18,4,28,0,0,0,0,0,504,0.0,0.0,18-25,<=50K
73,10,20,0,0,0,0,0,1460,0.0,0.0,66+,<=50K
51,6,53,0,0,0,0,0,2703,0.0,0.0,46-55,<=50K
26,9,32,0,0,0,0,0,832,0.0,0.0,26-35,<=50K
36,9,37,0,0,0,0,0,1332,0.0,0.0,36-45,<=50K
52,11,44,0,0,0,0,0,2288,0.0,0.0,46-55,<=50K
37,7,28,0,0,0,0,0,1036,0.0,0.0,36-45,<=50K
24,7,32,0,906,0,1,-906,768,0.0,6.810142450115136,18-25,<=50K
59,3,40,0,0,0,0,0,2360,0.0,0.0,56-65,<=50K
59,13,36,0,0,0,0,0,2124,0.0,0.0,56-65,<=50K
25,11,27,0,0,0,0,0,675,0.0,0.0,18-25,<=50K
35,3,46,0,0,0,0,0,1610,0.0,0.0,26-35,<=50K
33,3,35,0,0,0,0,0,1155,0.0,0.0,26-35,<=50K
58,10,41,0,0,0,0,0,2378,0.0,0.0,56-65,>50K
63,9,41,0,0,0,0,0,2583,0.0,0.0,56-65,<=50K
63,10,50,0,0,0,0,0,3150,0.0,0.0,56-65,<=50K
76,9,44,81903,0,1,0,81903,3344,11.313303108697365,0.0,66+,>50K
65,14,31,0,0,0,0,0,2015,0.0,0.0,56-65,<=50K
37,9,52,0,0,0,0,0,1924,0.0,0.0,36-45,<=50K
24,11,35,93256,0,1,0,93256,840,11.443114401712803,0.0,18-25,>50K
56,4,32,0,0,0,0,0,1792,0.0,0.0,56-65,<=50K
74,14,30,0,0,0,0,0,2220,0.0,0.0,66+,<=50K
78,15,17,0,0,0,0,0,1326,0.0,0.0,66+,>50K
32,12,34,0,0,0,0,0,1088,0.0,0.0,26-35,<=50K
32,9,44,0,0,0,0,0,1408,0.0,0.0,26-35,<=50K
20,9,26,0,0,0,0,0,520,0.0,0.0,18-25,<=50K
26,13,57,0,0,0,0,0,1482,0.0,0.0,26-35,>50K
52,12,18,0,0,0,0,0,936,0.0,0.0,46-55,<=50K
51,9,32,0,0,0,0,0,1632,0.0,0.0,46-55,<=50K
40,9,25,0,0,0,0,0,1000,0.0,0.0,36-45,<=50K
37,9,49,0,0,0,0,0,1813,0.0,0.0,36-45,<=50K
69,13,47,11542,0,1,0,11542,3243,9.353834471614912,0.0,66+,>50K
46,11,37,0,0,0,0,0,1702,0.0,0.0,46-55,<=50K
68,10,26,67119,0,1,0,67119,1768,11.114237341141088,0.0,66+,<=50K
77,10,28,0,0,0,0,0,2156,0.0,0.0,66+,<=50K
37,9,42,0,0,0,0,0,1554,0.0,0.0,36-45,<=50K
30,9,33,0,0,0,0,0,990,0.0,0.0,26-35,<=50K
77,3,34,0,0,0,0,0,2618,0.0,0.0,66+,<=50K
57,12,39,0,1120,0,1,-1120,2223,0.0,7.02197642307216,56-65,<=50K
36,9,36,0,0,0,0,0,1296,0.0,0.0,36-45,<=50K
56,9,23,0,0,0,0,0,1288,0.0,0.0,56-65,<=50K
49,9,27,0,0,0,0,0,1323,0.0,0.0,46-55,<=50K
74,9,27,0,0,0,0,0,1998,0.0,0.0,66+,>50K
33,10,33,0,0,0,0,0,1089,0.0,0.0,26-35,<=50K
79,9,41,0,0,0,0,0,3239,0.0,0.0,66+,<=50K
76,4,40,0,0,0,0,0,3040,0.0,0.0,66+,<=50K
29,12,52,0,0,0,0,0,1508,0.0,0.0,26-35,<=50K
28,9,26,0,0,0,0,0,728,0.0,0.0,26-35,<=50K
51,9,43,0,0,0,0,0,2193,0.0,0.0,46-55,<=50K
20,9,32,0,0,0,0,0,640,0.0,0.0,18-25,<=50K
36,13,60,0,0,0,0,0,2160,0.0,0.0,36-45,>50K
44,9,39,80316,0,1,0,80316,1716,11.293736583630396,0.0,36-45,<=50K
78,12,34,0,0,0,0,0,2652,0.0,0.0,66+,>50K
79,14,43,0,0,0,0,0,3397,0.0,0.0,66+,>50K
27,10,42,0,0,0,0,0,1134,0.0,0.0,26-35,<=50K
73,9,36,0,0,0,0,0,2628,0.0,0.0,66+,<=50K
23,12,46,0,0,0,0,0,1058,0.0,0.0,18-25,<=50K
64,9,55,0,0,0,0,0,3520,0.0,0.0,56-65,<=50K
70,9,49,0,0,0,0,0,3430,0.0,0.0,66+,<=50K
73,10,39,0,0,0,0,0,2847,0.0,0.0,66+,>50K
31,9,58,0,0,0,0,0,1798,0.0,0.0,26-35,<=50K
73,5,45,0,0,0,0,0,3285,0.0,0.0,66+,<=50K
25,9,29,0,0,0,0,0,725,0.0,0.0,18-25,<=50K
50,6,41,0,0,0,0,0,2050,0.0,0.0,46-55,<=50K
47,9,38,0,337,0,1,-337,1786,0.0,5.823045895483019,46-55,<=50K
37,10,35,0,0,0,0,0,1295,0.0,0.0,36-45,<=50K
19,14,43,0,0,0,0,0,817,0.0,0.0,18-25,<=50K
65,3,21,5087,0,1,0,5087,1365,8.534640105019959,0.0,56-65,<=50K
38,10,56,0,0,0,0,0,2128,0.0,0.0,36-45,<=50K
59,9,46,0,0,0,0,0,2714,0.0,0.0,56-65,<=50K
43,2,22,0,0,0,0,0,946,0.0,0.0,36-45,<=50K
41,9,46,0,0,0,0,0,1886,0.0,0.0,36-45,<=50K
72,6,44,0,0,0,0,0,3168,0.0,0.0,66+,<=50K
23,9,55,0,193,0,1,-193,1265,0.0,5.267858159063328,18-25,<=50K
63,9,57,59766,0,1,0,59766,3591,10.998208948154403,0.0,56-65,<=50K
64,9,59,0,0,0,0,0,3776,0.0,0.0,56-65,>50K
41,10,37,0,0,0,0,0,1517,0.0,0.0,36-45,<=50K
34,1,45,0,0,0,0,0,1530,0.0,0.0,26-35,<=50K
18,7,35,0,0,0,0,0,630,0.0,0.0,18-25,<=50K
76,5,50,0,0,0,0,0,3800,0.0,0.0,66+,<=50K
76,10,18,0,0,0,0,0,1368,0.0,0.0,66+,>50K
32,9,27,65371,0,1,0,65371,864,11.087849311212949,0.0,26-35,<=50K
19,10,36,50563,0,1,0,50563,684,10.830995139615448,0.0,18-25,<=50K
25,9,39,0,0,0,0,0,975,0.0,0.0,18-25,<=50K
22,2,42,0,0,0,0,0,924,0.0,0.0,18-25,<=50K
69,14,53,0,0,0,0,0,3657,0.0,0.0,66+,>50K
73,6,33,0,0,0,0,0,2409,0.0,0.0,66+,<=50K
27,6,27,0,0,0,0,0,729,0.0,0.0,26-35,<=50K
64,7,36,0,0,0,0,0,2304,0.0,0.0,56-65,<=50K
29,15,34,0,0,0,0,0,986,0.0,0.0,26-35,<=50K
40,10,46,0,0,0,0,0,1840,0.0,0.0,36-45,<=50K
55,10,55,0,0,0,0,0,3025,0.0,0.0,46-55,<=50K
62,16,54,38254,0,1,0,38254,3348,10.552029549665953,0.0,56-65,>50K
72,5,51,0,0,0,0,0,3672,0.0,0.0,66+,<=50K
20,15,34,0,0,0,0,0,680,0.0,0.0,18-25,<=50K
30,8,38,0,0,0,0,0,1140,0.0,0.0,26-35,<=50K
35,10,44,0,0,0,0,0,1540,0.0,0.0,26-35,<=50K
37,9,32,0,0,0,0,0,1184,0.0,0.0,36-45,<=50K
79,9,33,0,0,0,0,0,2607,0.0,0.0,66+,<=50K
66,14,44,0,0,0,0,0,2904,0.0,0.0,66+,>50K
37,7,26,0,0,0,0,0,962,0.0,0.0,36-45,<=50K
78,16,51,0,0,0,0,0,3978,0.0,0.0,66+,>50K
48,9,36,25998,0,1,0,25998,1728,10.165813354725493,0.0,46-55,>50K
49,10,45,0,0,0,0,0,2205,0.0,0.0,46-55,<=50K
44,15,42,0,0,0,0,0,1848,0.0,0.0,36-45,<=50K
26,4,53,44054,4406,1,1,39648,1378,10.69319413230083,8.390949464841986,26-35,<=50K
75,14,19,0,0,0,0,0,1425,0.0,0.0,66+,>50K
18,10,53,0,0,0,0,0,954,0.0,0.0,18-25,<=50K
28,11,52,0,0,0,0,0,1456,0.0,0.0,26-35,<=50K
32,7,43,0,0,0,0,0,1376,0.0,0.0,26-35,<=50K
35,10,45,0,0,0,0,0,1575,0.0,0.0,26-35,<=50K
26,10,46,0,0,0,0,0,1196,0.0,0.0,26-35,<=50K
19,9,31,0,0,0,0,0,589,0.0,0.0,18-25,<=50K
60,7,41,0,0,0,0,0,2460,0.0,0.0,56-65,<=50K
78,9,49,0,0,0,0,0,3822,0.0,0.0,66+,>50K
25,13,22,0,0,0,0,0,550,0.0,0.0,18-25,<=50K
36,3,45,75540,0,1,0,75540,1620,11.232430834198418,0.0,36-45,<=50K
49,11,41,30417,0,1,0,30417,2009,10.322789817432314,0.0,46-55,<=50K
75,16,46,0,0,0,0,0,3450,0.0,0.0,66+,>50K
61,2,27,0,0,0,0,0,1647,0.0,0.0,56-65,<=50K
65,7,33,0,2144,0,1,-2144,2145,0.0,7.6708948313621175,56-65,>50K
54,10,26,0,0,0,0,0,1404,0.0,0.0,46-55,<=50K
43,4,26,0,0,0,0,0,1118,0.0,0.0,36-45,<=50K
30,10,48,0,0,0,0,0,1440,0.0,0.0,26-35,<=50K
71,11,34,0,4728,0,1,-4728,2414,0.0,8.461469042643875,66+,<=50K
67,10,33,0,0,0,0,0,2211,0.0,0.0,66+,<=50K
19,9,51,0,0,0,0,0,969,0.0,0.0,18-25,<=50K
62,11,37,68779,0,1,0,68779,2294,11.138668283986258,0.0,56-65,<=50K
23,10,50,0,0,0,0,0,1150,0.0,0.0,18-25,<=50K
63,8,30,0,0,0,0,0,1890,0.0,0.0,56-65,<=50K
69,10,37,0,0,0,0,0,2553,0.0,0.0,66+,<=50K
26,13,31,0,0,0,0,0,806,0.0,0.0,26-35,<=50K
44,10,45,0,0,0,0,0,1980,0.0,0.0,36-45,<=50K
25,9,38,0,0,0,0,0,950,0.0,0.0,18-25,<=50K
53,9,47,0,0,0,0,0,2491,0.0,0.0,46-55,<=50K
75,5,42,0,0,0,0,0,3150,0.0,0.0,66+,<=50K
23,9,21,40128,0,1,0,40128,483,10.599854543937271,0.0,18-25,<=50K
42,2,37,0,0,0,0,0,1554,0.0,0.0,36-45,<=50K
78,16,25,0,0,0,0,0,1950,0.0,0.0,66+,>50K
36,9,43,0,0,0,0,0,1548,0.0,0.0,36-45,<=50K
26,13,46,23742,0,1,0,23742,1196,10.075043029177243,0.0,26-35,<=50K
48,7,47,0,2148,0,1,-2148,2256,0.0,7.67275789664251,46-55,<=50K
49,9,39,0,0,0,0,0,1911,0.0,0.0,46-55,<=50K
59,9,24,0,0,0,0,0,1416,0.0,0.0,56-65,>50K
37,9,42,0,0,0,0,0,1554,0.0,0.0,36-45,>50K
77,13,44,0,0,0,0,0,3388,0.0,0.0,66+,>50K
50,14,38,0,0,0,0,0,1900,0.0,0.0,46-55,<=50K
35,13,41,0,0,0,0,0,1435,0.0,0.0,26-35,<=50K
77,7,21,0,0,0,0,0,1617,0.0,0.0,66+,<=50K
75,12,41,0,0,0,0,0,3075,0.0,0.0,66+,>50K
48,7,39,0,0,0,0,0,1872,0.0,0.0,46-55,<=50K
19,13,28,0,0,0,0,0,532,0.0,0.0,18-25,<=50K
55,10,45,0,0,0,0,0,2475,0.0,0.0,46-55,<=50K
52,9,35,0,0,0,0,0,1820,0.0,0.0,46-55,<=50K
27,7,42,0,0,0,0,0,1134,0.0,0.0,26-35,<=50K
57,2,45,0,0,0,0,0,2565,0.0,0.0,56-65,<=50K
70,9,43,0,0,0,0,0,3010,0.0,0.0,66+,>50K
24,13,27,0,0,0,0,0,648,0.0,0.0,18-25,<=50K
62,13,36,0,0,0,0,0,2232,0.0,0.0,56-65,<=50K
26,15,61,0,0,0,0,0,1586,0.0,0.0,26-35,<=50K
64,5,54,0,0,0,0,0,3456,0.0,0.0,56-65,<=50K
43,10,48,0,0,0,0,0,2064,0.0,0.0,36-45,<=50K
18,9,43,0,0,0,0,0,774,0.0,0.0,18-25,<=50K
77,10,30,0,0,0,0,0,2310,0.0,0.0,66+,<=50K
28,9,38,0,0,0,0,0,1064,0.0,0.0,26-35,<=50K
54,9,36,0,0,0,0,0,1944,0.0,0.0,46-55,<=50K
29,10,39,0,0,0,0,0,1131,0.0,0.0,26-35,<=50K
75,7,26,0,0,0,0,0,1950,0.0,0.0,66+,<=50K
63,9,50,0,0,0,0,0,3150,0.0,0.0,56-65,<=50K
67,10,13,0,0,0,0,0,871,0.0,0.0,66+,<=50K
44,6,49,0,0,0,0,0,2156,0.0,0.0,36-45,<=50K
46,14,49,0,0,0,0,0,2254,0.0,0.0,46-55,<=50K
57,10,63,0,0,0,0,0,3591,0.0,0.0,56-65,<=50K
66,13,38,0,0,0,0,0,2508,0.0,0.0,66+,>50K
70,10,35,0,0,0,0,0,2450,0.0,0.0,66+,<=50K
19,11,41,0,0,0,0,0,779,0.0,0.0,18-25,<=50K
59,11,46,0,0,0,0,0,2714,0.0,0.0,56-65,>50K
24,13,39,0,0,0,0,0,936,0.0,0.0,18-25,<=50K
35,10,28,34970,0,1,0,34970,980,10.462274425587943,0.0,26-35,>50K
69,9,46,82732,0,1,0,82732,3174,11.323373834067555,0.0,66+,<=50K
33,5,40,0,0,0,0,0,1320,0.0,0.0,26-35,<=50K
67,10,30,0,0,0,0,0,2010,0.0,0.0,66+,<=50K
46,4,24,0,0,0,0,0,1104,0.0,0.0,46-55,<=50K
32,9,65,0,0,0,0,0,2080,0.0,0.0,26-35,<=50K
38,4,48,0,0,0,0,0,1824,0.0,0.0,36-45,<=50K
50,10,46,17326,2729,1,1,14597,2300,9.760021257510846,7.912056888179006,46-55,<=50K
65,7,39,0,0,0,0,0,2535,0.0,0.0,56-65,<=50K
55,10,47,0,0,0,0,0,2585,0.0,0.0,46-55,<=50K
75,12,29,0,0,0,0,0,2175,0.0,0.0,66+,<=50K
71,13,42,0,0,0,0,0,2982,0.0,0.0,66+,<=50K
64,9,42,0,0,0,0,0,2688,0.0,0.0,56-65,<=50K
55,10,30,79733,0,1,0,79733,1650,11.286451373559563,0.0,46-55,>50K
35,10,39,0,1089,0,1,-1089,1365,0.0,6.993932975223189,26-35,<=50K
43,9,36,0,1630,0,1,-1630,1548,0.0,7.396948602621014,36-45,<=50K
25,10,32,0,0,0,0,0,800,0.0,0.0,18-25,<=50K
41,9,35,0,0,0,0,0,1435,0.0,0.0,36-45,<=50K
75,15,23,0,0,0,0,0,1725,0.0,0.0,66+,>50K
44,5,51,0,0,0,0,0,2244,0.0,0.0,36-45,<=50K
25,13,56,0,0,0,0,0,1400,0.0,0.0,18-25,<=50K
58,10,31,30014,2038,1,1,27976,1798,10.309452535685944,7.620214770574455,56-65,>50K
77,9,51,0,3130,0,1,-3130,3927,0.0,8.049107721326406,66+,<=50K
71,12,40,0,0,0,0,0,2840,0.0,0.0,66+,<=50K
34,5,40,0,0,0,0,0,1360,0.0,0.0,26-35,<=50K
46,12,27,0,0,0,0,0,1242,0.0,0.0,46-55,<=50K
50,10,34,0,0,0,0,0,1700,0.0,0.0,46-55,<=50K
33,6,45,0,0,0,0,0,1485,0.0,0.0,26-35,<=50K
34,5,30,0,0,0,0,0,1020,0.0,0.0,26-35,<=50K
32,12,33,0,0,0,0,0,1056,0.0,0.0,26-35,<=50K
79,9,35,0,0,0,0,0,2765,0.0,0.0,66+,<=50K
64,13,6,0,0,0,0,0,384,0.0,0.0,56-65,<=50K
70,12,43,0,0,0,0,0,3010,0.0,0.0,66+,>50K
68,11,46,64113,0,1,0,64113,3128,11.068418027797396,0.0,66+,>50K
77,9,44,0,0,0,0,0,3388,0.0,0.0,66+,<=50K
24,11,49,0,0,0,0,0,1176,0.0,0.0,18-25,<=50K
72,14,36,0,0,0,0,0,2592,0.0,0.0,66+,>50K
22,5,58,0,0,0,0,0,1276,0.0,0.0,18-25,<=50K
47,9,32,49307,0,1,0,49307,1504,10.80584161867141,0.0,46-55,<=50K
54,9,38,0,0,0,0,0,2052,0.0,0.0,46-55,<=50K
40,9,37,0,0,0,0,0,1480,0.0,0.0,36-45,>50K
27,12,42,0,0,0,0,0,1134,0.0,0.0,26-35,<=50K
29,9,38,75231,0,1,0,75231,1102,11.228331951339795,0.0,26-35,<=50K
69,10,39,0,0,0,0,0,2691,0.0,0.0,66+,<=50K
37,9,33,0,0,0,0,0,1221,0.0,0.0,36-45,<=50K
37,6,36,0,3286,0,1,-3286,1332,0.0,8.097730573664219,36-45,<=50K
75,9,18,0,0,0,0,0,1350,0.0,0.0,66+,<=50K
26,13,48,0,0,0,0,0,1248,0.0,0.0,26-35,<=50K
74,10,30,0,0,0,0,0,2220,0.0,0.0,66+,>50K
75,9,35,0,0,0,0,0,2625,0.0,0.0,66+,<=50K
55,12,29,36051,0,1,0,36051,1595,10.4927176196763,0.0,46-55,<=50K
28,4,46,0,0,0,0,0,1288,0.0,0.0,26-35,<=50K
27,9,35,0,0,0,0,0,945,0.0,0.0,26-35,<=50K
35,9,16,0,0,0,0,0,560,0.0,0.0,26-35,<=50K
53,15,43,0,2452,0,1,-2452,2279,0.0,7.8050670442584895,46-55,>50K
27,11,33,0,0,0,0,0,891,0.0,0.0,26-35,<=50K
46,10,40,0,0,0,0,0,1840,0.0,0.0,46-55,<=50K
25,2,48,0,0,0,0,0,1200,0.0,0.0,18-25,<=50K
51,7,30,0,0,0,0,0,1530,0.0,0.0,46-55,<=50K
19,10,39,0,0,0,0,0,741,0.0,0.0,18-25,<=50K
61,9,32,0,0,0,0,0,1952,0.0,0.0,56-65,<=50K
21,14,50,0,0,0,0,0,1050,0.0,0.0,18-25,<=50K
30,12,41,0,0,0,0,0,1230,0.0,0.0,26-35,>50K
28,9,40,0,0,0,0,0,1120,0.0,0.0,26-35,<=50K
69,12,28,0,0,0,0,0,1932,0.0,0.0,66+,>50K
21,15,48,0,0,0,0,0,1008,0.0,0.0,18-25,<=50K
44,9,49,0,0,0,0,0,2156,0.0,0.0,36-45,<=50K
54,10,32,0,0,0,0,0,1728,0.0,0.0,46-55,<=50K
49,14,42,0,0,0,0,0,2058,0.0,0.0,46-55,<=50K
60,9,46,0,0,0,0,0,2760,0.0,0.0,56-65,<=50K
67,13,62,0,0,0,0,0,4154,0.0,0.0,66+,<=50K
42,5,44,0,0,0,0,0,1848,0.0,0.0,36-45,<=50K
69,10,40,55237,0,1,0,55237,2760,10.919406401219707,0.0,66+,>50K
37,12,38,0,0,0,0,0,1406,0.0,0.0,36-45,<=50K
79,10,39,25907,0,1,0,25907,3081,10.162307080302808,0.0,66+,>50K
49,9,48,0,0,0,0,0,2352,0.0,0.0,46-55,<=50K
63,10,31,18755,0,1,0,18755,1953,9.839268980209477,0.0,56-65,<=50K
72,7,49,43050,0,1,0,43050,3528,10.67014073838981,0.0,66+,>50K
67,9,25,0,0,0,0,0,1675,0.0,0.0,66+,<=50K
70,9,47,63538,0,1,0,63538,3290,11.05940916958194,0.0,66+,>50K
51,10,49,0,0,0,0,0,2499,0.0,0.0,46-55,<=50K
20,9,48,0,0,0,0,0,960,0.0,0.0,18-25,<=50K
48,9,43,0,0,0,0,0,2064,0.0,0.0,46-55,<=50K
29,13,44,0,0,0,0,0,1276,0.0,0.0,26-35,<=50K
73,9,36,0,0,0,0,0,2628,0.0,0.0,66+,<=50K
32,9,29,0,0,0,0,0,928,0.0,0.0,26-35,<=50K
32,9,42,0,0,0,0,0,1344,0.0,0.0,26-35,<=50K
33,7,41,0,0,0,0,0,1353,0.0,0.0,26-35,<=50K
57,11,49,0,0,0,0,0,2793,0.0,0.0,56-65,>50K
53,9,39,0,0,0,0,0,2067,0.0,0.0,46-55,>50K
76,2,42,0,0,0,0,0,3192,0.0,0.0,66+,<=50K
43,14,43,0,0,0,0,0,1849,0.0,0.0,36-45,<=50K
35,13,46,94056,0,1,0,94056,1610,11.451656260454994,0.0,26-35,>50K
21,11,49,0,0,0,0,0,1029,0.0,0.0,18-25,<=50K
18,13,30,0,0,0,0,0,540,0.0,0.0,18-25,<=50K
41,13,47,0,0,0,0,0,1927,0.0,0.0,36-45,<=50K
75,9,38,0,0,0,0,0,2850,0.0,0.0,66+,>50K
50,10,46,0,0,0,0,0,2300,0.0,0.0,46-55,<=50K
73,10,55,0,0,0,0,0,4015,0.0,0.0,66+,<=50K
24,9,19,37103,0,1,0,37103,456,10.521480059495312,0.0,18-25,<=50K
23,9,52,0,0,0,0,0,1196,0.0,0.0,18-25,<=50K
69,6,39,0,0,0,0,0,2691,0.0,0.0,66+,<=50K
24,10,31,0,0,0,0,0,744,0.0,0.0,18-25,<=50K
21,12,36,0,0,0,0,0,756,0.0,0.0,18-25,<=50K
43,12,30,0,0,0,0,0,1290,0.0,0.0,36-45,<=50K
75,9,45,10322,0,1,0,10322,3375,9.24212969446559,0.0,66+,>50K
60,8,30,0,0,0,0,0,1800,0.0,0.0,56-65,<=50K
24,9,52,0,0,0,0,0,1248,0.0,0.0,18-25,<=50K
69,10,47,97689,0,1,0,97689,3243,11.489554478646989,0.0,66+,>50K
70,14,42,0,2211,0,1,-2211,2940,0.0,7.701652362642226,66+,<=50K
67,13,20,0,0,0,0,0,1340,0.0,0.0,66+,<=50K
73,13,27,0,0,0,0,0,1971,0.0,0.0,66+,<=50K
32,13,39,0,0,0,0,0,1248,0.0,0.0,26-35,<=50K
78,14,40,0,0,0,0,0,3120,0.0,0.0,66+,<=50K
37,9,49,0,0,0,0,0,1813,0.0,0.0,36-45,<=50K
67,3,11,0,0,0,0,0,737,0.0,0.0,66+,<=50K
53,5,32,0,0,0,0,0,1696,0.0,0.0,46-55,<=50K
66,9,48,10429,0,1,0,10429,3168,9.252441547994819,0.0,66+,<=50K
56,9,37,0,0,0,0,0,2072,0.0,0.0,56-65,<=50K
57,7,35,0,0,0,0,0,1995,0.0,0.0,56-65,<=50K
56,14,24,0,0,0,0,0,1344,0.0,0.0,56-65,>50K
66,8,51,0,0,0,0,0,3366,0.0,0.0,66+,<=50K
63,14,35,0,0,0,0,0,2205,0.0,0.0,56-65,>50K
26,12,51,0,0,0,0,0,1326,0.0,0.0,26-35,<=50K
69,10,55,0,4807,0,1,-4807,3795,0.0,8.478036476215044,66+,<=50K
51,11,53,0,0,0,0,0,2703,0.0,0.0,46-55,>50K
38,9,40,0,0,0,0,0,1520,0.0,0.0,36-45,<=50K
49,10,35,0,0,0,0,0,1715,0.0,0.0,46-55,<=50K
77,8,34,0,0,0,0,0,2618,0.0,0.0,66+,<=50K
71,14,60,0,0,0,0,0,4260,0.0,0.0,66+,>50K
69,9,38,0,0,0,0,0,2622,0.0,0.0,66+,<=50K
46,9,51,0,0,0,0,0,2346,0.0,0.0,46-55,>50K
66,11,45,0,0,0,0,0,2970,0.0,0.0,66+,>50K
41,10,36,0,0,0,0,0,1476,0.0,0.0,36-45,<=50K
60,9,37,0,0,0,0,0,2220,0.0,0.0,56-65,<=50K
57,10,52,0,0,0,0,0,2964,0.0,0.0,56-65,<=50K
33,7,40,0,0,0,0,0,1320,0.0,0.0,26-35,<=50K
34,10,35,0,0,0,0,0,1190,0.0,0.0,26-35,<=50K
21,9,32,0,0,0,0,0,672,0.0,0.0,18-25,<=50K
26,9,43,0,0,0,0,0,1118,0.0,0.0,26-35,<=50K
44,7,35,0,0,0,0,0,1540,0.0,0.0,36-45,<=50K
47,9,46,25438,0,1,0,25438,2162,10.144038708505372,0.0,46-55,>50K
28,9,65,0,0,0,0,0,1820,0.0,0.0,26-35,<=50K
43,9,45,0,0,0,0,0,1935,0.0,0.0,36-45,<=50K
55,8,58,0,0,0,0,0,3190,0.0,0.0,46-55,<=50K
32,8,33,0,0,0,0,0,1056,0.0,0.0,26-35,<=50K
38,10,47,0,0,0,0,0,1786,0.0,0.0,36-45,<=50K
40,6,53,0,0,0,0,0,2120,0.0,0.0,36-45,<=50K
49,11,54,0,0,0,0,0,2646,0.0,0.0,46-55,>50K
40,14,53,0,0,0,0,0,2120,0.0,0.0,36-45,<=50K
63,9,40,35408,1773,1,1,33635,2520,10.474721304097178,7.480992162869525,56-65,<=50K
38,13,49,64191,0,1,0,64191,1862,11.069633871321608,0.0,36-45,>50K
44,5,30,0,0,0,0,0,1320,0.0,0.0,36-45,<=50K
41,3,56,0,0,0,0,0,2296,0.0,0.0,36-45,<=50K
29,11,30,95907,0,1,0,95907,870,11.47114467762166,0.0,26-35,>50K
60,12,53,0,0,0,0,0,3180,0.0,0.0,56-65,<=50K
32,13,50,0,0,0,0,0,1600,0.0,0.0,26-35,<=50K
36,4,50,0,0,0,0,0,1800,0.0,0.0,36-45,<=50K
67,12,61,0,0,0,0,0,4087,0.0,0.0,66+,>50K
76,9,51,0,0,0,0,0,3876,0.0,0.0,66+,>50K
59,9,27,67600,0,1,0,67600,1593,11.121378054821049,0.0,56-65,<=50K
74,7,46,13655,0,1,0,13655,3404,9.521934264474277,0.0,66+,<=50K
70,16,21,59735,0,1,0,59735,1470,10.997690132715537,0.0,66+,<=50K
47,4,39,0,0,0,0,0,1833,0.0,0.0,46-55,<=50K
65,13,36,0,0,0,0,0,2340,0.0,0.0,56-65,<=50K
38,10,46,0,0,0,0,0,1748,0.0,0.0,36-45,<=50K
46,12,32,0,0,0,0,0,1472,0.0,0.0,46-55,<=50K
51,11,32,0,0,0,0,0,1632,0.0,0.0,46-55,<=50K
77,13,45,10265,0,1,0,10265,3465,9.236592743120248,0.0,66+,>50K
70,7,52,0,0,0,0,0,3640,0.0,0.0,66+,<=50K
48,1,40,0,0,0,0,0,1920,0.0,0.0,46-55,<=50K
58,10,63,0,0,0,0,0,3654,0.0,0.0,56-65,<=50K
30,9,37,0,0,0,0,0,1110,0.0,0.0,26-35,<=50K
67,6,47,0,0,0,0,0,3149,0.0,0.0,66+,<=50K
52,8,43,0,0,0,0,0,2236,0.0,0.0,46-55,<=50K
51,9,37,0,0,0,0,0,1887,0.0,0.0,46-55,<=50K
65,4,53,0,0,0,0,0,3445,0.0,0.0,56-65,<=50K
57,4,31,0,0,0,0,0,1767,0.0,0.0,56-65,<=50K
22,13,19,0,0,0,0,0,418,0.0,0.0,18-25,<=50K
35,9,39,0,0,0,0,0,1365,0.0,0.0,26-35,<=50K
28,15,37,0,0,0,0,0,1036,0.0,0.0,26-35,<=50K
63,14,51,0,0,0,0,0,3213,0.0,0.0,56-65,>50K
20,6,28,0,0,0,0,0,560,0.0,0.0,18-25,<=50K
30,11,45,0,0,0,0,0,1350,0.0,0.0,26-35,<=50K
55,10,44,0,0,0,0,0,2420,0.0,0.0,46-55,>50K
61,11,43,0,0,0,0,0,2623,0.0,0.0,56-65,>50K
49,5,50,0,0,0,0,0,2450,0.0,0.0,46-55,<=50K
71,8,40,0,0,0,0,0,2840,0.0,0.0,66+,<=50K
74,4,41,0,0,0,0,0,3034,0.0,0.0,66+,<=50K
26,10,45,0,0,0,0,0,1170,0.0,0.0,26-35,>50K
77,16,39,0,0,0,0,0,3003,0.0,0.0,66+,>50K
56,10,26,0,0,0,0,0,1456,0.0,0.0,56-65,<=50K
57,11,36,0,0,0,0,0,2052,0.0,0.0,56-65,<=50K
23,15,37,0,0,0,0,0,851,0.0,0.0,18-25,<=50K
56,11,34,0,0,0,0,0,1904,0.0,0.0,56-65,<=50K
62,3,37,0,0,0,0,0,2294,0.0,0.0,56-65,<=50K
54,13,42,0,0,0,0,0,2268,0.0,0.0,46-55,>50K
23,9,37,0,0,0,0,0,851,0.0,0.0,18-25,<=50K
50,1,49,0,0,0,0,0,2450,0.0,0.0,46-55,<=50K
76,10,49,0,0,0,0,0,3724,0.0,0.0,66+,<=50K
62,14,16,0,0,0,0,0,992,0.0,0.0,56-65,<=50K
26,9,26,0,0,0,0,0,676,0.0,0.0,26-35,<=50K
77,9,16,0,0,0,0,0,1232,0.0,0.0,66+,<=50K
77,7,37,0,0,0,0,0,2849,0.0,0.0,66+,>50K
28,4,37,0,0,0,0,0,1036,0.0,0.0,26-35,<=50K
67,5,42,0,0,0,0,0,2814,0.0,0.0,66+,<=50K
43,11,48,0,0,0,0,0,2064,0.0,0.0,36-45,<=50K
54,13,40,0,0,0,0,0,2160,0.0,0.0,46-55,<=50K
45,6,34,0,0,0,0,0,1530,0.0,0.0,36-45,<=50K
66,9,40,0,0,0,0,0,2640,0.0,0.0,66+,<=50K
79,8,35,0,0,0,0,0,2765,0.0,0.0,66+,<=50K
67,3,25,0,0,0,0,0,1675,0.0,0.0,66+,<=50K
75,10,50,0,0,0,0,0,3750,0.0,0.0,66+,>50K
76,11,44,0,0,0,0,0,3344,0.0,0.0,66+,>50K
23,10,54,0,0,0,0,0,1242,0.0,0.0,18-25,<=50K
33,9,28,9945,0,1,0,9945,924,9.204925739274683,0.0,26-35,<=50K
62,10,24,0,0,0,0,0,1488,0.0,0.0,56-65,<=50K
54,5,31,0,0,0,0,0,1674,0.0,0.0,46-55,<=50K
21,7,44,0,0,0,0,0,924,0.0,0.0,18-25,<=50K
23,14,49,0,0,0,0,0,1127,0.0,0.0,18-25,<=50K
50,12,43,0,0,0,0,0,2150,0.0,0.0,46-55,<=50K
56,14,41,73845,0,1,0,73845,2296,11.20973712264698,0.0,56-65,>50K
28,13,49,0,0,0,0,0,1372,0.0,0.0,26-35,<=50K
28,10,35,0,0,0,0,0,980,0.0,0.0,26-35,<=50K
26,14,51,13677,0,1,0,13677,1326,9.523543981658042,0.0,26-35,<=50K
53,9,60,0,0,0,0,0,3180,0.0,0.0,46-55,<=50K
18,1,29,0,0,0,0,0,522,0.0,0.0,18-25,<=50K
53,4,37,0,0,0,0,0,1961,0.0,0.0,46-55,<=50K
47,6,26,0,0,0,0,0,1222,0.0,0.0,46-55,<=50K
46,5,30,0,0,0,0,0,1380,0.0,0.0,46-55,<=50K
60,9,44,0,0,0,0,0,2640,0.0,0.0,56-65,<=50K
50,11,23,0,0,0,0,0,1150,0.0,0.0,46-55,>50K
63,12,32,0,0,0,0,0,2016,0.0,0.0,56-65,<=50K
65,10,51,0,0,0,0,0,3315,0.0,0.0,56-65,<=50K
75,7,42,0,0,0,0,0,3150,0.0,0.0,66+,<=50K
67,12,48,0,0,0,0,0,3216,0.0,0.0,66+,>50K
50,9,27,0,0,0,0,0,1350,0.0,0.0,46-55,<=50K
48,2,41,0,0,0,0,0,1968,0.0,0.0,46-55,<=50K
32,9,59,0,0,0,0,0,1888,0.0,0.0,26-35,<=50K
55,9,33,0,0,0,0,0,1815,0.0,0.0,46-55,<=50K
26,9,35,0,0,0,0,0,910,0.0,0.0,26-35,<=50K
75,13,46,0,0,0,0,0,3450,0.0,0.0,66+,>50K
70,12,31,0,0,0,0,0,2170,0.0,0.0,66+,<=50K
25,11,47,25534,0,1,0,25534,1175,10.147805339081744,0.0,18-25,<=50K
66,6,22,0,0,0,0,0,1452,0.0,0.0,66+,<=50K
25,13,16,0,0,0,0,0,400,0.0,0.0,18-25,<=50K
62,11,43,0,0,0,0,0,2666,0.0,0.0,56-65,<=50K
23,8,30,0,0,0,0,0,690,0.0,0.0,18-25,<=50K
48,10,34,0,0,0,0,0,1632,0.0,0.0,46-55,<=50K
58,9,49,0,0,0,0,0,2842,0.0,0.0,56-65,<=50K
63,9,46,0,0,0,0,0,2898,0.0,0.0,56-65,<=50K
43,6,28,0,0,0,0,0,1204,0.0,0.0,36-45,<=50K
75,10,45,0,0,0,0,0,3375,0.0,0.0,66+,<=50K
66,5,37,0,0,0,0,0,2442,0.0,0.0,66+,<=50K
30,7,44,0,1872,0,1,-1872,1320,0.0,7.5352967024440884,26-35,<=50K
59,6,40,0,0,0,0,0,2360,0.0,0.0,56-65,<=50K
63,14,25,0,4713,0,1,-4713,1575,0.0,8.458292083496076,56-65,>50K
38,9,33,0,0,0,0,0,1254,0.0,0.0,36-45,<=50K
63,9,16,0,0,0,0,0,1008,0.0,0.0,56-65,<=50K
73,9,42,0,0,0,0,0,3066,0.0,0.0,66+,<=50K
68,13,44,0,0,0,0,0,2992,0.0,0.0,66+,>50K
65,10,33,0,0,0,0,0,2145,0.0,0.0,56-65,<=50K
57,14,39,0,0,0,0,0,2223,0.0,0.0,56-65,<=50K
34,9,30,0,0,0,0,0,1020,0.0,0.0,26-35,<=50K
67,6,53,0,0,0,0,0,3551,0.0,0.0,66+,<=50K
40,10,27,0,0,0,0,0,1080,0.0,0.0,36-45,<=50K
50,9,37,0,0,0,0,0,1850,0.0,0.0,46-55,<=50K
37,13,27,0,0,0,0,0,999,0.0,0.0,36-45,<=50K
37,13,42,0,0,0,0,0,1554,0.0,0.0,36-45,>50K
27,9,50,0,0,0,0,0,1350,0.0,0.0,26-35,>50K
77,15,19,0,0,0,0,0,1463,0.0,0.0,66+,>50K
27,10,47,0,0,0,0,0,1269,0.0,0.0,26-35,<=50K
23,9,56,0,0,0,0,0,1288,0.0,0.0,18-25,<=50K
76,9,41,74584,0,1,0,74584,3116,11.21969469358803,0.0,66+,>50K
52,3,33,0,0,0,0,0,1716,0.0,0.0,46-55,<=50K
45,13,40,0,0,0,0,0,1800,0.0,0.0,36-45,<=50K
63,5,35,0,0,0,0,0,2205,0.0,0.0,56-65,<=50K
41,9,60,0,0,0,0,0,2460,0.0,0.0,36-45,<=50K
25,10,48,0,0,0,0,0,1200,0.0,0.0,18-25,<=50K
63,3,49,0,0,0,0,0,3087,0.0,0.0,56-65,<=50K
28,5,62,0,0,0,0,0,1736,0.0,0.0,26-35,<=50K
52,11,53,0,0,0,0,0,2756,0.0,0.0,46-55,>50K
76,4,39,0,0,0,0,0,2964,0.0,0.0,66+,<=50K
76,9,40,0,0,0,0,0,3040,0.0,0.0,66+,<=50K
40,9,64,0,0,0,0,0,2560,0.0,0.0,36-45,<=50K
66,9,33,0,0,0,0,0,2178,0.0,0.0,66+,<=50K
55,8,38,0,0,0,0,0,2090,0.0,0.0,46-55,<=50K
47,12,30,0,0,0,0,0,1410,0.0,0.0,46-55,<=50K
26,14,22,0,0,0,0,0,572,0.0,0.0,26-35,<=50K
41,6,31,0,0,0,0,0,1271,0.0,0.0,36-45,<=50K
58,14,31,0,0,0,0,0,1798,0.0,0.0,56-65,<=50K
79,10,34,0,0,0,0,0,2686,0.0,0.0,66+,<=50K
18,10,46,0,0,0,0,0,828,0.0,0.0,18-25,<=50K
62,11,40,37261,0,1,0,37261,2480,10.525729319580298,0.0,56-65,>50K
70,11,50,0,0,0,0,0,3500,0.0,0.0,66+,<=50K
76,13,42,0,0,0,0,0,3192,0.0,0.0,66+,>50K
44,9,42,0,0,0,0,0,1848,0.0,0.0,36-45,<=50K
25,10,37,0,0,0,0,0,925,0.0,0.0,18-25,>50K
34,9,59,0,0,0,0,0,2006,0.0,0.0,26-35,<=50K
70,5,36,0,0,0,0,0,2520,0.0,0.0,66+,<=50K
72,10,49,0,0,0,0,0,3528,0.0,0.0,66+,<=50K
57,3,28,0,0,0,0,0,1596,0.0,0.0,56-65,<=50K
25,9,38,0,0,0,0,0,950,0.0,0.0,18-25,<=50K
25,5,60,0,0,0,0,0,1500,0.0,0.0,18-25,<=50K
47,8,47,9092,2433,1,1,6659,2209,9.115260165725912,7.797291273547472,46-55,<=50K
54,10,26,11296,0,1,0,11296,1404,9.33229248272693,0.0,46-55,<=50K
20,10,30,0,0,0,0,0,600,0.0,0.0,18-25,<=50K
60,9,56,41292,0,1,0,41292,3360,10.628448273058389,0.0,56-65,<=50K
51,5,41,0,0,0,0,0,2091,0.0,0.0,46-55,<=50K
18,9,37,0,0,0,0,0,666,0.0,0.0,18-25,<=50K
23,9,32,0,0,0,0,0,736,0.0,0.0,18-25,<=50K
46,11,37,0,0,0,0,0,1702,0.0,0.0,46-55,<=50K
62,10,54,0,0,0,0,0,3348,0.0,0.0,56-65,<=50K
69,9,33,0,0,0,0,0,2277,0.0,0.0,66+,<=50K
44,9,34,0,0,0,0,0,1496,0.0,0.0,36-45,<=50K
36,15,46,0,0,0,0,0,1656,0.0,0.0,36-45,<=50K
78,12,30,0,0,0,0,0,2340,0.0,0.0,66+,>50K
46,9,31,0,0,0,0,0,1426,0.0,0.0,46-55,<=50K
37,9,40,0,0,0,0,0,1480,0.0,0.0,36-45,<=50K
45,3,40,0,0,0,0,0,1800,0.0,0.0,36-45,<=50K
18,14,32,0,0,0,0,0,576,0.0,0.0,18-25,<=50K
36,9,45,0,0,0,0,0,1620,0.0,0.0,36-45,<=50K
49,9,42,55252,0,1,0,55252,2058,10.919677916548416,0.0,46-55,<=50K
74,16,20,0,0,0,0,0,1480,0.0,0.0,66+,>50K
63,11,48,0,0,0,0,0,3024,0.0,0.0,56-65,<=50K
66,3,34,2256,0,1,0,2256,2244,7.721791776817535,0.0,66+,<=50K
51,4,48,0,0,0,0,0,2448,0.0,0.0,46-55,<=50K
24,3,61,0,0,0,0,0,1464,0.0,0.0,18-25,<=50K
42,10,39,0,0,0,0,0,1638,0.0,0.0,36-45,>50K
79,4,34,0,0,0,0,0,2686,0.0,0.0,66+,<=50K
20,14,54,0,0,0,0,0,1080,0.0,0.0,18-25,<=50K
72,14,32,0,0,0,0,0,2304,0.0,0.0,66+,>50K
60,10,59,0,0,0,0,0,3540,0.0,0.0,56-65,<=50K
35,10,35,0,0,0,0,0,1225,0.0,0.0,26-35,<=50K
66,9,34,0,0,0,0,0,2244,0.0,0.0,66+,<=50K
69,4,64,0,0,0,0,0,4416,0.0,0.0,66+,<=50K
20,12,44,0,0,0,0,0,880,0.0,0.0,18-25,<=50K
24,5,56,58428,0,1,0,58428,1344,10.97556762090605,0.0,18-25,<=50K
59,5,40,0,0,0,0,0,2360,0.0,0.0,56-65,<=50K
79,9,39,0,0,0,0,0,3081,0.0,0.0,66+,<=50K
19,2,11,0,0,0,0,0,209,0.0,0.0,18-25,<=50K
59,9,50,0,0,0,0,0,2950,0.0,0.0,56-65,<=50K
26,11,44,0,0,0,0,0,1144,0.0,0.0,26-35,<=50K
58,13,39,0,0,0,0,0,2262,0.0,0.0,56-65,>50K
56,10,46,0,0,0,0,0,2576,0.0,0.0,56-65,<=50K
23,13,40,0,0,0,0,0,920,0.0,0.0,18-25,<=50K
60,9,31,47202,0,1,0,47202,1860,10.762212728875873,0.0,56-65,<=50K
73,13,44,0,0,0,0,0,3212,0.0,0.0,66+,<=50K
71,10,38,0,0,0,0,0,2698,0.0,0.0,66+,>50K
19,9,47,0,0,0,0,0,893,0.0,0.0,18-25,<=50K
33,14,37,0,4927,0,1,-4927,1221,0.0,8.502688505213357,26-35,>50K
32,9,35,0,0,0,0,0,1120,0.0,0.0,26-35,<=50K
46,3,35,0,0,0,0,0,1610,0.0,0.0,46-55,<=50K
26,9,31,0,0,0,0,0,806,0.0,0.0,26-35,<=50K
70,9,35,0,0,0,0,0,2450,0.0,0.0,66+,<=50K
66,9,44,0,0,0,0,0,2904,0.0,0.0,66+,<=50K
68,10,33,0,0,0,0,0,2244,0.0,0.0,66+,>50K
30,13,28,0,0,0,0,0,840,0.0,0.0,26-35,<=50K
18,9,48,41253,0,1,0,41253,864,10.62750335675854,0.0,18-25,<=50K
74,10,39,0,0,0,0,0,2886,0.0,0.0,66+,>50K
35,9,48,0,0,0,0,0,1680,0.0,0.0,26-35,<=50K
58,13,38,0,0,0,0,0,2204,0.0,0.0,56-65,<=50K
74,7,34,0,4093,0,1,-4093,2516,0.0,8.317277766221235,66+,<=50K
20,5,23,0,0,0,0,0,460,0.0,0.0,18-25,<=50K
18,10,29,0,3067,0,1,-3067,522,0.0,8.028781162487148,18-25,<=50K
18,10,31,0,0,0,0,0,558,0.0,0.0,18-25,<=50K
27,13,43,0,0,0,0,0,1161,0.0,0.0,26-35,>50K
21,10,39,0,0,0,0,0,819,0.0,0.0,18-25,<=50K
68,12,30,0,0,0,0,0,2040,0.0,0.0,66+,<=50K
55,9,12,37503,0,1,0,37503,660,10.532202872936685,0.0,46-55,<=50K
78,3,45,0,0,0,0,0,3510,0.0,0.0,66+,<=50K
67,6,49,0,1895,0,1,-1895,3283,0.0,7.547501682814967,66+,<=50K
77,3,50,0,3026,0,1,-3026,3850,0.0,8.01532730902172,66+,<=50K
32,9,30,0,0,0,0,0,960,0.0,0.0,26-35,<=50K
35,9,50,0,0,0,0,0,1750,0.0,0.0,26-35,<=50K
70,9,46,0,0,0,0,0,3220,0.0,0.0,66+,>50K
33,10,46,0,0,0,0,0,1518,0.0,0.0,26-35,<=50K
21,9,34,0,0,0,0,0,714,0.0,0.0,18-25,<=50K
59,11,39,0,0,0,0,0,2301,0.0,0.0,56-65,<=50K
67,10,58,0,0,0,0,0,3886,0.0,0.0,66+,<=50K
78,9,57,0,0,0,0,0,4446,0.0,0.0,66+,>50K
75,9,40,0,3695,0,1,-3695,3000,0.0,8.215006432761575,66+,>50K
25,10,42,0,0,0,0,0,1050,0.0,0.0,18-25,<=50K
65,10,18,49440,0,1,0,49440,1170,10.808535318464235,0.0,56-65,>50K
70,9,52,0,0,0,0,0,3640,0.0,0.0,66+,<=50K
61,9,47,0,0,0,0,0,2867,0.0,0.0,56-65,<=50K
68,11,43,0,0,0,0,0,2924,0.0,0.0,66+,<=50K
69,10,34,29287,0,1,0,29287,2346,10.284933154800072,0.0,66+,>50K
45,6,41,0,0,0,0,0,1845,0.0,0.0,36-45,<=50K
20,9,55,0,0,0,0,0,1100,0.0,0.0,18-25,<=50K
46,13,44,26219,0,1,0,26219,2024,10.174277757317691,0.0,46-55,<=50K
30,3,66,0,0,0,0,0,1980,0.0,0.0,26-35,<=50K
25,13,48,0,0,0,0,0,1200,0.0,0.0,18-25,>50K
25,7,31,0,0,0,0,0,775,0.0,0.0,18-25,<=50K
61,10,36,0,0,0,0,0,2196,0.0,0.0,56-65,<=50K
49,9,33,0,0,0,0,0,1617,0.0,0.0,46-55,>50K
51,2,49,0,0,0,0,0,2499,0.0,0.0,46-55,<=50K
64,13,52,0,0,0,0,0,3328,0.0,0.0,56-65,>50K
51,9,57,55647,0,1,0,55647,2907,10.92680141715401,0.0,46-55,<=50K
57,14,37,0,0,0,0,0,2109,0.0,0.0,56-65,<=50K
23,9,45,0,0,0,0,0,1035,0.0,0.0,18-25,<=50K
70,13,53,0,0,0,0,0,3710,0.0,0.0,66+,>50K
45,14,55,0,528,0,1,-528,2475,0.0,6.270988431858299,36-45,<=50K
27,10,28,33029,0,1,0,33029,756,10.405171518384835,0.0,26-35,<=50K
68,8,46,0,0,0,0,0,3128,0.0,0.0,66+,<=50K
63,11,28,0,908,0,1,-908,1764,0.0,6.812345094177479,56-65,<=50K
21,10,34,0,0,0,0,0,714,0.0,0.0,18-25,<=50K
29,14,27,0,0,0,0,0,783,0.0,0.0,26-35,<=50K
18,9,34,0,0,0,0,0,612,0.0,0.0,18-25,<=50K
34,9,26,0,0,0,0,0,884,0.0,0.0,26-35,<=50K
24,6,28,0,0,0,0,0,672,0.0,0.0,18-25,<=50K
62,11,31,0,0,0,0,0,1922,0.0,0.0,56-65,>50K
50,15,43,0,0,0,0,0,2150,0.0,0.0,46-55,<=50K
78,3,40,0,0,0,0,0,3120,0.0,0.0,66+,<=50K
64,12,24,0,0,0,0,0,1536,0.0,0.0,56-65,<=50K
55,14,67,0,0,0,0,0,3685,0.0,0.0,46-55,<=50K
49,4,35,0,0,0,0,0,1715,0.0,0.0,46-55,<=50K
21,6,27,0,0,0,0,0,567,0.0,0.0,18-25,<=50K
22,11,46,0,3244,0,1,-3244,1012,0.0,8.08487062913819,18-25,<=50K
56,10,40,0,1718,0,1,-1718,2240,0.0,7.449498005382849,56-65,<=50K
18,4,32,0,0,0,0,0,576,0.0,0.0,18-25,<=50K
20,13,44,0,0,0,0,0,880,0.0,0.0,18-25,<=50K
31,10,33,0,0,0,0,0,1023,0.0,0.0,26-35,<=50K
72,13,37,0,0,0,0,0,2664,0.0,0.0,66+,>50K
46,13,55,0,0,0,0,0,2530,0.0,0.0,46-55,<=50K
61,13,41,0,0,0,0,0,2501,0.0,0.0,56-65,<=50K
43,10,46,0,0,0,0,0,1978,0.0,0.0,36-45,>50K
28,9,35,0,0,0,0,0,980,0.0,0.0,26-35,<=50K
41,10,42,95022,0,1,0,95022,1722,11.461874246543086,0.0,36-45,>50K
23,5,32,0,0,0,0,0,736,0.0,0.0,18-25,<=50K
65,10,32,0,0,0,0,0,2080,0.0,0.0,56-65,<=50K
29,6,36,4650,0,1,0,4650,1044,8.444837529224097,0.0,26-35,<=50K
41,10,33,0,0,0,0,0,1353,0.0,0.0,36-45,<=50K
78,4,50,0,0,0,0,0,3900,0.0,0.0,66+,<=50K
54,9,46,0,0,0,0,0,2484,0.0,0.0,46-55,>50K
46,9,17,0,0,0,0,0,782,0.0,0.0,46-55,<=50K
51,10,57,0,0,0,0,0,2907,0.0,0.0,46-55,<=50K
66,12,46,0,0,0,0,0,3036,0.0,0.0,66+,>50K
33,4,51,0,0,0,0,0,1683,0.0,0.0,26-35,<=50K
57,13,38,0,0,0,0,0,2166,0.0,0.0,56-65,<=50K
72,13,25,0,0,0,0,0,1800,0.0,0.0,66+,>50K
53,9,27,0,0,0,0,0,1431,0.0,0.0,46-55,<=50K
45,10,57,0,0,0,0,0,2565,0.0,0.0,36-45,<=50K
26,9,24,53424,0,1,0,53424,624,10.886034080187349,0.0,26-35,<=50K
33,7,26,0,0,0,0,0,858,0.0,0.0,26-35,<=50K
76,10,36,0,0,0,0,0,2736,0.0,0.0,66+,<=50K
51,5,26,0,0,0,0,0,1326,0.0,0.0,46-55,<=50K
36,13,45,0,0,0,0,0,1620,0.0,0.0,36-45,>50K
43,14,46,0,0,0,0,0,1978,0.0,0.0,36-45,>50K
53,13,44,41950,0,1,0,41950,2332,10.6442575495135,0.0,46-55,>50K
51,10,34,0,0,0,0,0,1734,0.0,0.0,46-55,<=50K
61,10,43,0,0,0,0,0,2623,0.0,0.0,56-65,>50K
33,15,58,39697,0,1,0,39697,1914,10.589056087572523,0.0,26-35,<=50K
58,9,26,0,0,0,0,0,1508,0.0,0.0,56-65,<=50K
45,4,51,0,0,0,0,0,2295,0.0,0.0,36-45,<=50K
76,10,48,0,0,0,0,0,3648,0.0,0.0,66+,>50K
27,9,39,0,0,0,0,0,1053,0.0,0.0,26-35,<=50K
27,9,42,0,0,0,0,0,1134,0.0,0.0,26-35,<=50K
46,2,44,0,0,0,0,0,2024,0.0,0.0,46-55,<=50K
49,10,30,0,0,0,0,0,1470,0.0,0.0,46-55,<=50K
60,9,24,0,0,0,0,0,1440,0.0,0.0,56-65,<=50K
43,8,49,0,0,0,0,0,2107,0.0,0.0,36-45,<=50K
74,3,28,0,0,0,0,0,2072,0.0,0.0,66+,<=50K
47,9,29,0,0,0,0,0,1363,0.0,0.0,46-55,<=50K
26,13,35,59942,0,1,0,59942,910,11.001149389668242,0.0,26-35,<=50K
25,9,43,0,0,0,0,0,1075,0.0,0.0,18-25,<=50K
78,11,35,0,0,0,0,0,2730,0.0,0.0,66+,>50K
26,12,33,0,0,0,0,0,858,0.0,0.0,26-35,<=50K
76,9,50,0,0,0,0,0,3800,0.0,0.0,66+,<=50K
35,13,37,0,0,0,0,0,1295,0.0,0.0,26-35,<=50K
23,11,32,0,0,0,0,0,736,0.0,0.0,18-25,<=50K
36,10,44,0,3390,0,1,-3390,1584,0.0,8.128880142125638,36-45,<=50K
56,1,41,88384,0,1,0,88384,2296,11.389457550969983,0.0,56-65,<=50K
44,3,40,0,0,0,0,0,1760,0.0,0.0,36-45,<=50K
66,16,44,0,0,0,0,0,2904,0.0,0.0,66+,>50K
55,12,39,64179,0,1,0,64179,2145,11.069446914663848,0.0,46-55,>50K
42,14,48,0,0,0,0,0,2016,0.0,0.0,36-45,>50K
57,13,26,0,0,0,0,0,1482,0.0,0.0,56-65,>50K
78,2,52,0,0,0,0,0,4056,0.0,0.0,66+,<=50K
43,13,31,0,0,0,0,0,1333,0.0,0.0,36-45,<=50K
27,9,24,0,0,0,0,0,648,0.0,0.0,26-35,<=50K
43,12,32,0,0,0,0,0,1376,0.0,0.0,36-45,<=50K
70,2,37,0,0,0,0,0,2590,0.0,0.0,66+,<=50K
31,9,33,0,0,0,0,0,1023,0.0,0.0,26-35,<=50K
76,12,30,0,4678,0,1,-4678,2280,0.0,8.450839690866216,66+,>50K
54,13,50,0,0,0,0,0,2700,0.0,0.0,46-55,<=50K
55,10,31,0,0,0,0,0,1705,0.0,0.0,46-55,<=50K
37,9,17,0,0,0,0,0,629,0.0,0.0,36-45,<=50K
75,9,36,0,0,0,0,0,2700,0.0,0.0,66+,<=50K
20,15,60,0,0,0,0,0,1200,0.0,0.0,18-25,>50K
36,9,29,0,0,0,0,0,1044,0.0,0.0,36-45,<=50K
43,9,31,0,0,0,0,0,1333,0.0,0.0,36-45,>50K
47,10,36,0,0,0,0,0,1692,0.0,0.0,46-55,<=50K
47,9,55,0,0,0,0,0,2585,0.0,0.0,46-55,<=50K
27,10,36,0,0,0,0,0,972,0.0,0.0,26-35,<=50K
31,9,30,0,0,0,0,0,930,0.0,0.0,26-35,<=50K
23,13,44,55321,0,1,0,55321,1012,10.92092593841513,0.0,18-25,<=50K
53,13,43,0,0,0,0,0,2279,0.0,0.0,46-55,<=50K
39,14,45,0,0,0,0,0,1755,0.0,0.0,36-45,>50K
53,10,29,0,0,0,0,0,1537,0.0,0.0,46-55,<=50K
54,9,34,0,0,0,0,0,1836,0.0,0.0,46-55,<=50K
61,11,51,0,0,0,0,0,3111,0.0,0.0,56-65,<=50K
51,13,44,0,0,0,0,0,2244,0.0,0.0,46-55,>50K
58,10,48,0,0,0,0,0,2784,0.0,0.0,56-65,<=50K
54,11,39,55647,0,1,0,55647,2106,10.92680141715401,0.0,46-55,<=50K
58,12,51,0,138,0,1,-138,2958,0.0,4.9344739331306915,56-65,>50K
56,11,43,0,0,0,0,0,2408,0.0,0.0,56-65,<=50K
37,12,35,0,0,0,0,0,1295,0.0,0.0,36-45,>50K
33,8,47,0,3787,0,1,-3787,1551,0.0,8.239593454305968,26-35,<=50K
66,9,31,0,0,0,0,0,2046,0.0,0.0,66+,<=50K
39,10,55,0,0,0,0,0,2145,0.0,0.0,36-45,<=50K
52,1,50,0,0,0,0,0,2600,0.0,0.0,46-55,<=50K
30,13,37,0,0,0,0,0,1110,0.0,0.0,26-35,<=50K
44,10,38,0,3883,0,1,-3883,1672,0.0,8.264620829411216,36-45,<=50K
50,6,41,0,0,0,0,0,2050,0.0,0.0,46-55,<=50K
56,13,38,0,0,0,0,0,2128,0.0,0.0,56-65,>50K
50,11,53,0,0,0,0,0,2650,0.0,0.0,46-55,<=50K
40,12,35,0,0,0,0,0,1400,0.0,0.0,36-45,<=50K
77,9,25,35248,0,1,0,35248,1925,10.470192439043686,0.0,66+,>50K
49,13,37,0,0,0,0,0,1813,0.0,0.0,46-55,<=50K
68,9,48,0,0,0,0,0,3264,0.0,0.0,66+,<=50K
63,10,50,0,0,0,0,0,3150,0.0,0.0,56-65,>50K
52,1,41,0,0,0,0,0,2132,0.0,0.0,46-55,<=50K
72,10,34,0,0,0,0,0,2448,0.0,0.0,66+,<=50K
25,11,40,0,0,0,0,0,1000,0.0,0.0,18-25,<=50K
75,10,33,0,0,0,0,0,2475,0.0,0.0,66+,<=50K
70,9,17,0,0,0,0,0,1190,0.0,0.0,66+,<=50K
49,13,31,0,3703,0,1,-3703,1519,0.0,8.21716859576607,46-55,>50K
63,11,45,0,0,0,0,0,2835,0.0,0.0,56-65,<=50K
50,9,37,0,0,0,0,0,1850,0.0,0.0,46-55,<=50K
34,14,37,0,0,0,0,0,1258,0.0,0.0,26-35,<=50K
67,11,51,0,0,0,0,0,3417,0.0,0.0,66+,<=50K
33,16,30,0,0,0,0,0,990,0.0,0.0,26-35,>50K
37,15,31,0,0,0,0,0,1147,0.0,0.0,36-45,<=50K
50,14,43,0,0,0,0,0,2150,0.0,0.0,46-55,<=50K
69,12,33,0,0,0,0,0,2277,0.0,0.0,66+,>50K
41,10,33,0,0,0,0,0,1353,0.0,0.0,36-45,<=50K
48,7,55,0,0,0,0,0,2640,0.0,0.0,46-55,>50K
20,10,29,0,0,0,0,0,580,0.0,0.0,18-25,<=50K
25,12,33,0,0,0,0,0,825,0.0,0.0,18-25,<=50K
21,10,44,0,623,0,1,-623,924,0.0,6.436150368369428,18-25,<=50K
22,13,40,0,0,0,0,0,880,0.0,0.0,18-25,<=50K
71,6,26,0,0,0,0,0,1846,0.0,0.0,66+,<=50K
70,9,58,0,1598,0,1,-1598,4060,0.0,7.377133712833954,66+,<=50K
68,10,32,0,0,0,0,0,2176,0.0,0.0,66+,<=50K
21,9,38,0,0,0,0,0,798,0.0,0.0,18-25,<=50K
22,6,44,0,0,0,0,0,968,0.0,0.0,18-25,<=50K
35,7,62,0,0,0,0,0,2170,0.0,0.0,26-35,<=50K
53,13,36,0,0,0,0,0,1908,0.0,0.0,46-55,<=50K
38,9,31,0,0,0,0,0,1178,0.0,0.0,36-45,<=50K
48,4,45,0,0,0,0,0,2160,0.0,0.0,46-55,<=50K
28,2,61,0,4826,0,1,-4826,1708,0.0,8.481980435660493,26-35,<=50K
63,9,41,0,0,0,0,0,2583,0.0,0.0,56-65,<=50K
37,7,37,70261,0,1,0,70261,1369,11.159986391113511,0.0,36-45,<=50K
22,11,44,0,0,0,0,0,968,0.0,0.0,18-25,<=50K
64,13,19,0,0,0,0,0,1216,0.0,0.0,56-65,<=50K
73,9,34,0,913,0,1,-913,2482,0.0,6.81783057145415,66+,<=50K
18,10,22,84493,0,1,0,84493,396,11.344435804907066,0.0,18-25,<=50K
45,7,36,0,0,0,0,0,1620,0.0,0.0,36-45,<=50K
69,9,35,0,0,0,0,0,2415,0.0,0.0,66+,<=50K
61,13,14,0,0,0,0,0,854,0.0,0.0,56-65,<=50K
71,10,42,0,0,0,0,0,2982,0.0,0.0,66+,<=50K
43,13,46,7455,3844,1,1,3611,1978,8.916774356365426,8.254528881939745,36-45,<=50K
41,9,38,0,0,0,0,0,1558,0.0,0.0,36-45,<=50K
61,9,25,0,0,0,0,0,1525,0.0,0.0,56-65,<=50K
27,9,53,70811,0,1,0,70811,1431,11.16778375684517,0.0,26-35,<=50K
32,9,59,0,0,0,0,0,1888,0.0,0.0,26-35,<=50K
55,16,44,0,0,0,0,0,2420,0.0,0.0,46-55,>50K
59,6,36,0,0,0,0,0,2124,0.0,0.0,56-65,<=50K
25,13,37,0,0,0,0,0,925,0.0,0.0,18-25,<=50K
49,13,44,0,0,0,0,0,2156,0.0,0.0,46-55,<=50K
40,10,41,0,0,0,0,0,1640,0.0,0.0,36-45,<=50K
49,9,44,0,0,0,0,0,2156,0.0,0.0,46-55,>50K
77,10,44,0,0,0,0,0,3388,0.0,0.0,66+,<=50K
22,9,33,0,0,0,0,0,726,0.0,0.0,18-25,<=50K
79,13,32,0,0,0,0,0,2528,0.0,0.0,66+,<=50K
45,9,37,0,0,0,0,0,1665,0.0,0.0,36-45,<=50K
65,14,45,0,0,0,0,0,2925,0.0,0.0,56-65,<=50K
44,10,24,0,0,0,0,0,1056,0.0,0.0,36-45,<=50K
37,10,38,0,0,0,0,0,1406,0.0,0.0,36-45,<=50K
65,11,40,0,0,0,0,0,2600,0.0,0.0,56-65,>50K
60,10,35,59851,0,1,0,59851,2100,10.99963012730331,0.0,56-65,<=50K
26,13,54,89643,0,1,0,89643,1404,11.403601549855479,0.0,26-35,<=50K
61,7,52,0,0,0,0,0,3172,0.0,0.0,56-65,<=50K
64,15,44,0,0,0,0,0,2816,0.0,0.0,56-65,<=50K
42,13,58,0,0,0,0,0,2436,0.0,0.0,36-45,<=50K
75,13,49,0,0,0,0,0,3675,0.0,0.0,66+,>50K
57,9,41,0,0,0,0,0,2337,0.0,0.0,56-65,<=50K
38,13,35,36794,0,1,0,36794,1330,10.5131172453607,0.0,36-45,<=50K
18,9,36,0,0,0,0,0,648,0.0,0.0,18-25,<=50K
59,12,44,0,0,0,0,0,2596,0.0,0.0,56-65,>50K
30,6,36,0,0,0,0,0,1080,0.0,0.0,26-35,<=50K
64,9,25,0,0,0,0,0,1600,0.0,0.0,56-65,<=50K
50,9,36,0,0,0,0,0,1800,0.0,0.0,46-55,<=50K
46,9,50,0,0,0,0,0,2300,0.0,0.0,46-55,<=50K
28,9,14,0,0,0,0,0,392,0.0,0.0,26-35,<=50K
62,13,54,0,0,0,0,0,3348,0.0,0.0,56-65,<=50K
28,9,46,0,0,0,0,0,1288,0.0,0.0,26-35,<=50K
43,12,38,0,0,0,0,0,1634,0.0,0.0,36-45,>50K
69,4,43,0,0,0,0,0,2967,0.0,0.0,66+,<=50K
75,12,50,0,0,0,0,0,3750,0.0,0.0,66+,<=50K
79,13,40,0,0,0,0,0,3160,0.0,0.0,66+,>50K
77,9,49,0,0,0,0,0,3773,0.0,0.0,66+,<=50K
52,11,49,0,0,0,0,0,2548,0.0,0.0,46-55,<=50K
30,13,42,0,0,0,0,0,1260,0.0,0.0,26-35,<=50K
70,13,29,0,0,0,0,0,2030,0.0,0.0,66+,>50K
67,9,39,0,0,0,0,0,2613,0.0,0.0,66+,<=50K
79,9,20,0,0,0,0,0,1580,0.0,0.0,66+,<=50K
58,12,44,0,0,0,0,0,2552,0.0,0.0,56-65,>50K
26,9,36,0,0,0,0,0,936,0.0,0.0,26-35,<=50K
49,13,34,0,0,0,0,0,1666,0.0,0.0,46-55,>50K
45,9,47,0,0,0,0,0,2115,0.0,0.0,36-45,<=50K
70,13,27,0,0,0,0,0,1890,0.0,0.0,66+,<=50K
42,5,41,63467,0,1,0,63467,1722,11.05829112085398,0.0,36-45,>50K
38,3,37,0,0,0,0,0,1406,0.0,0.0,36-45,<=50K
22,16,38,0,0,0,0,0,836,0.0,0.0,18-25,<=50K
69,13,43,0,0,0,0,0,2967,0.0,0.0,66+,>50K
64,13,58,0,0,0,0,0,3712,0.0,0.0,56-65,>50K
20,14,44,0,0,0,0,0,880,0.0,0.0,18-25,<=50K
44,9,54,0,0,0,0,0,2376,0.0,0.0,36-45,<=50K
47,9,54,0,0,0,0,0,2538,0.0,0.0,46-55,<=50K
47,6,48,0,0,0,0,0,2256,0.0,0.0,46-55,<=50K
74,10,22,0,0,0,0,0,1628,0.0,0.0,66+,<=50K
27,9,38,0,0,0,0,0,1026,0.0,0.0,26-35,<=50K
36,14,29,0,0,0,0,0,1044,0.0,0.0,36-45,>50K
29,1,69,0,0,0,0,0,2001,0.0,0.0,26-35,<=50K
33,6,30,0,0,0,0,0,990,0.0,0.0,26-35,<=50K
74,9,25,0,3583,0,1,-3583,1850,0.0,8.18423477409482,66+,<=50K
76,8,12,0,0,0,0,0,912,0.0,0.0,66+,<=50K
20,9,30,0,4073,0,1,-4073,600,0.0,8.31238059678675,18-25,<=50K
57,10,41,0,0,0,0,0,2337,0.0,0.0,56-65,<=50K
32,9,51,0,0,0,0,0,1632,0.0,0.0,26-35,<=50K
29,10,29,0,0,0,0,0,841,0.0,0.0,26-35,<=50K
36,13,52,0,0,0,0,0,1872,0.0,0.0,36-45,<=50K
30,10,39,0,0,0,0,0,1170,0.0,0.0,26-35,<=50K
48,11,35,0,0,0,0,0,1680,0.0,0.0,46-55,<=50K
79,9,42,0,0,0,0,0,3318,0.0,0.0,66+,>50K
54,7,54,0,0,0,0,0,2916,0.0,0.0,46-55,>50K
62,9,41,0,0,0,0,0,2542,0.0,0.0,56-65,<=50K
48,14,29,74925,0,1,0,74925,1392,11.224256238775812,0.0,46-55,>50K
18,10,44,0,0,0,0,0,792,0.0,0.0,18-25,<=50K
23,9,44,0,0,0,0,0,1012,0.0,0.0,18-25,<=50K
34,9,38,0,0,0,0,0,1292,0.0,0.0,26-35,<=50K
33,13,50,0,0,0,0,0,1650,0.0,0.0,26-35,<=50K
70,10,17,0,0,0,0,0,1190,0.0,0.0,66+,<=50K
70,10,44,0,0,0,0,0,3080,0.0,0.0,66+,<=50K
70,13,48,0,0,0,0,0,3360,0.0,0.0,66+,>50K
57,10,26,0,1196,0,1,-1196,1482,0.0,7.087573705557973,56-65,<=50K
52,10,25,0,0,0,0,0,1300,0.0,0.0,46-55,<=50K
58,8,50,0,0,0,0,0,2900,0.0,0.0,56-65,<=50K
43,5,52,0,0,0,0,0,2236,0.0,0.0,36-45,<=50K
59,14,54,0,0,0,0,0,3186,0.0,0.0,56-65,<=50K
67,10,33,0,0,0,0,0,2211,0.0,0.0,66+,<=50K
65,9,42,0,0,0,0,0,2730,0.0,0.0,56-65,<=50K
56,10,43,0,0,0,0,0,2408,0.0,0.0,56-65,<=50K
21,4,23,0,0,0,0,0,483,0.0,0.0,18-25,<=50K
62,13,42,0,0,0,0,0,2604,0.0,0.0,56-65,>50K
40,9,41,0,0,0,0,0,1640,0.0,0.0,36-45,<=50K
64,13,47,0,0,0,0,0,3008,0.0,0.0,56-65,<=50K
51,10,34,0,0,0,0,0,1734,0.0,0.0,46-55,<=50K
72,9,53,0,0,0,0,0,3816,0.0,0.0,66+,>50K
38,3,41,0,0,0,0,0,1558,0.0,0.0,36-45,<=50K
75,13,57,0,0,0,0,0,4275,0.0,0.0,66+,>50K
70,7,47,0,0,0,0,0,3290,0.0,0.0,66+,<=50K
38,4,43,0,0,0,0,0,1634,0.0,0.0,36-45,<=50K
47,12,28,0,0,0,0,0,1316,0.0,0.0,46-55,<=50K
50,9,27,0,0,0,0,0,1350,0.0,0.0,46-55,<=50K
65,9,56,0,3494,0,1,-3494,3640,0.0,8.15908865466791,56-65,<=50K
60,9,49,0,0,0,0,0,2940,0.0,0.0,56-65,<=50K
70,13,37,0,0,0,0,0,2590,0.0,0.0,66+,>50K
40,9,36,0,0,0,0,0,1440,0.0,0.0,36-45,<=50K
49,9,42,0,0,0,0,0,2058,0.0,0.0,46-55,<=50K
44,9,27,0,1175,0,1,-1175,1188,0.0,7.069874128458572,36-45,<=50K
74,8,35,0,0,0,0,0,2590,0.0,0.0,66+,<=50K
36,9,46,0,0,0,0,0,1656,0.0,0.0,36-45,<=50K
54,5,47,0,0,0,0,0,2538,0.0,0.0,46-55,<=50K
25,7,36,0,0,0,0,0,900,0.0,0.0,18-25,<=50K
70,9,56,70473,0,1,0,70473,3920,11.162999126452767,0.0,66+,<=50K
41,13,50,0,0,0,0,0,2050,0.0,0.0,36-45,>50K
39,4,32,0,0,0,0,0,1248,0.0,0.0,36-45,<=50K
54,9,27,0,0,0,0,0,1458,0.0,0.0,46-55,<=50K
48,13,46,79964,0,1,0,79964,2208,11.289344317924972,0.0,46-55,>50K
70,13,35,0,0,0,0,0,2450,0.0,0.0,66+,<=50K
50,11,34,0,0,0,0,0,1700,0.0,0.0,46-55,<=50K
50,9,42,67747,0,1,0,67747,2100,11.123550218011012,0.0,46-55,>50K
24,9,47,0,0,0,0,0,1128,0.0,0.0,18-25,<=50K
19,9,48,0,0,0,0,0,912,0.0,0.0,18-25,<=50K
42,6,41,0,0,0,0,0,1722,0.0,0.0,36-45,<=50K
79,9,17,0,0,0,0,0,1343,0.0,0.0,66+,<=50K
74,10,50,0,0,0,0,0,3700,0.0,0.0,66+,<=50K
56,9,32,0,0,0,0,0,1792,0.0,0.0,56-65,<=50K
57,10,43,0,0,0,0,0,2451,0.0,0.0,56-65,<=50K
42,9,39,0,2087,0,1,-2087,1638,0.0,7.643961949002529,36-45,<=50K
29,9,62,0,0,0,0,0,1798,0.0,0.0,26-35,<=50K
18,12,61,0,0,0,0,0,1098,0.0,0.0,18-25,<=50K
39,13,35,0,0,0,0,0,1365,0.0,0.0,36-45,>50K
37,9,27,0,542,0,1,-542,999,0.0,6.297109319933935,36-45,<=50K
29,10,27,0,0,0,0,0,783,0.0,0.0,26-35,<=50K
34,9,43,0,0,0,0,0,1462,0.0,0.0,26-35,<=50K
19,4,35,0,0,0,0,0,665,0.0,0.0,18-25,<=50K
55,12,29,0,0,0,0,0,1595,0.0,0.0,46-55,>50K
75,7,35,0,0,0,0,0,2625,0.0,0.0,66+,<=50K
60,9,45,0,0,0,0,0,2700,0.0,0.0,56-65,>50K
45,9,39,0,0,0,0,0,1755,0.0,0.0,36-45,<=50K
44,8,35,0,0,0,0,0,1540,0.0,0.0,36-45,<=50K
37,5,36,0,0,0,0,0,1332,0.0,0.0,36-45,<=50K
26,9,38,45630,1837,1,1,43793,988,10.72834258908784,7.516433302915632,26-35,<=50K
55,14,42,0,0,0,0,0,2310,0.0,0.0,46-55,>50K
53,10,43,0,0,0,0,0,2279,0.0,0.0,46-55,<=50K
18,9,24,0,0,0,0,0,432,0.0,0.0,18-25,<=50K
43,3,42,0,550,0,1,-550,1806,0.0,6.311734809152915,36-45,<=50K
35,10,36,0,0,0,0,0,1260,0.0,0.0,26-35,<=50K
28,5,30,0,0,0,0,0,840,0.0,0.0,26-35,<=50K
61,10,36,0,0,0,0,0,2196,0.0,0.0,56-65,<=50K
50,12,52,0,251,0,1,-251,2600,0.0,5.529429087511423,46-55,<=50K
57,9,48,0,0,0,0,0,2736,0.0,0.0,56-65,<=50K
62,9,41,55480,0,1,0,55480,2542,10.923795898779666,0.0,56-65,>50K
78,3,31,0,0,0,0,0,2418,0.0,0.0,66+,<=50K
67,3,26,0,0,0,0,0,1742,0.0,0.0,66+,<=50K
56,9,31,0,0,0,0,0,1736,0.0,0.0,56-65,<=50K
72,13,40,48667,0,1,0,48667,2880,10.79277700890734,0.0,66+,>50K
47,9,40,0,0,0,0,0,1880,0.0,0.0,46-55,<=50K
79,10,33,0,0,0,0,0,2607,0.0,0.0,66+,<=50K
65,11,49,0,0,0,0,0,3185,0.0,0.0,56-65,<=50K
58,4,44,0,0,0,0,0,2552,0.0,0.0,56-65,<=50K
74,7,13,0,0,0,0,0,962,0.0,0.0,66+,<=50K
49,9,41,0,0,0,0,0,2009,0.0,0.0,46-55,<=50K
62,10,48,0,0,0,0,0,2976,0.0,0.0,56-65,>50K
35,9,42,0,0,0,0,0,1470,0.0,0.0,26-35,<=50K
77,12,46,0,1776,0,1,-1776,3542,0.0,7.482681828154651,66+,>50K
56,13,37,0,0,0,0,0,2072,0.0,0.0,56-65,>50K
66,12,39,45215,0,1,0,45215,2574,10.719206285484255,0.0,66+,<=50K
46,16,40,0,0,0,0,0,1840,0.0,0.0,46-55,<=50K
71,12,42,0,0,0,0,0,2982,0.0,0.0,66+,<=50K
22,13,34,0,0,0,0,0,748,0.0,0.0,18-25,<=50K
25,13,51,0,0,0,0,0,1275,0.0,0.0,18-25,<=50K
49,11,54,0,0,0,0,0,2646,0.0,0.0,46-55,<=50K
63,13,35,0,0,0,0,0,2205,0.0,0.0,56-65,>50K
68,14,28,0,0,0,0,0,1904,0.0,0.0,66+,>50K
45,9,27,0,0,0,0,0,1215,0.0,0.0,36-45,<=50K
58,10,44,0,0,0,0,0,2552,0.0,0.0,56-65,<=50K
52,10,46,0,0,0,0,0,2392,0.0,0.0,46-55,>50K
77,13,44,0,0,0,0,0,3388,0.0,0.0,66+,<=50K
58,9,45,86643,0,1,0,86643,2610,11.369563048660869,0.0,56-65,>50K
43,13,34,0,0,0,0,0,1462,0.0,0.0,36-45,<=50K
78,13,20,0,0,0,0,0,1560,0.0,0.0,66+,<=50K
24,14,35,0,0,0,0,0,840,0.0,0.0,18-25,<=50K
79,9,57,0,0,0,0,0,4503,0.0,0.0,66+,<=50K
27,11,43,0,0,0,0,0,1161,0.0,0.0,26-35,<=50K
35,12,44,0,0,0,0,0,1540,0.0,0.0,26-35,<=50K
68,14,49,0,0,0,0,0,3332,0.0,0.0,66+,>50K
63,13,32,81791,276,1,1,81515,2016,11.311934718297152,5.6240175061873385,56-65,>50K
78,10,42,0,0,0,0,0,3276,0.0,0.0,66+,>50K
64,10,45,0,0,0,0,0,2880,0.0,0.0,56-65,<=50K
57,7,31,0,0,0,0,0,1767,0.0,0.0,56-65,<=50K
39,15,44,0,0,0,0,0,1716,0.0,0.0,36-45,>50K
18,9,53,0,0,0,0,0,954,0.0,0.0,18-25,<=50K
25,11,36,0,0,0,0,0,900,0.0,0.0,18-25,<=50K
36,13,23,0,0,0,0,0,828,0.0,0.0,36-45,<=50K
20,9,42,0,0,0,0,0,840,0.0,0.0,18-25,<=50K
49,9,33,0,4179,0,1,-4179,1617,0.0,8.338066525518801,46-55,<=50K
66,8,42,0,0,0,0,0,2772,0.0,0.0,66+,<=50K
77,13,32,0,0,0,0,0,2464,0.0,0.0,66+,>50K
48,10,41,0,0,0,0,0,1968,0.0,0.0,46-55,<=50K
72,5,52,0,0,0,0,0,3744,0.0,0.0,66+,<=50K
79,11,40,0,0,0,0,0,3160,0.0,0.0,66+,>50K
71,9,24,903,0,1,0,903,1704,6.806829360392176,0.0,66+,<=50K
46,13,44,0,0,0,0,0,2024,0.0,0.0,46-55,>50K
38,9,40,0,0,0,0,0,1520,0.0,0.0,36-45,>50K
78,8,42,0,0,0,0,0,3276,0.0,0.0,66+,<=50K
32,5,50,72383,0,1,0,72383,1600,11.189740559475792,0.0,26-35,<=50K
43,10,35,0,0,0,0,0,1505,0.0,0.0,36-45,>50K
22,9,37,0,0,0,0,0,814,0.0,0.0,18-25,<=50K
67,12,30,0,0,0,0,0,2010,0.0,0.0,66+,>50K
58,9,42,0,0,0,0,0,2436,0.0,0.0,56-65,<=50K
23,9,42,0,0,0,0,0,966,0.0,0.0,18-25,<=50K
31,9,37,0,0,0,0,0,1147,0.0,0.0,26-35,<=50K
52,9,47,40890,0,1,0,40890,2444,10.618665268916827,0.0,46-55,<=50K
51,14,30,0,0,0,0,0,1530,0.0,0.0,46-55,>50K
67,7,41,0,0,0,0,0,2747,0.0,0.0,66+,<=50K
34,16,46,0,0,0,0,0,1564,0.0,0.0,26-35,<=50K
75,9,35,0,0,0,0,0,2625,0.0,0.0,66+,<=50K
45,5,26,0,0,0,0,0,1170,0.0,0.0,36-45,<=50K
69,9,23,0,0,0,0,0,1587,0.0,0.0,66+,<=50K
32,4,42,0,579,0,1,-579,1344,0.0,6.363028103540465,26-35,<=50K
20,12,57,0,0,0,0,0,1140,0.0,0.0,18-25,<=50K
21,10,34,0,0,0,0,0,714,0.0,0.0,18-25,<=50K
41,9,45,0,0,0,0,0,1845,0.0,0.0,36-45,<=50K
77,10,16,0,0,0,0,0,1232,0.0,0.0,66+,<=50K
21,10,44,92545,0,1,0,92545,924,11.435461097186492,0.0,18-25,>50K
40,14,29,0,0,0,0,0,1160,0.0,0.0,36-45,>50K
24,14,36,0,2485,0,1,-2485,864,0.0,7.818430272070656,18-25,<=50K
75,11,41,77351,0,1,0,77351,3075,11.256121712163383,0.0,66+,>50K
59,13,23,0,0,0,0,0,1357,0.0,0.0,56-65,>50K
65,13,71,0,0,0,0,0,4615,0.0,0.0,56-65,>50K
62,9,34,27162,0,1,0,27162,2108,10.209611032126512,0.0,56-65,>50K
58,11,46,0,0,0,0,0,2668,0.0,0.0,56-65,<=50K
65,5,55,0,0,0,0,0,3575,0.0,0.0,56-65,<=50K
18,12,43,0,0,0,0,0,774,0.0,0.0,18-25,<=50K
71,14,28,0,0,0,0,0,1988,0.0,0.0,66+,<=50K
63,5,41,0,0,0,0,0,2583,0.0,0.0,56-65,<=50K
63,13,22,0,0,0,0,0,1386,0.0,0.0,56-65,<=50K
42,14,37,0,0,0,0,0,1554,0.0,0.0,36-45,<=50K
67,9,57,0,0,0,0,0,3819,0.0,0.0,66+,<=50K
41,10,26,0,0,0,0,0,1066,0.0,0.0,36-45,<=50K
21,14,32,0,0,0,0,0,672,0.0,0.0,18-25,<=50K
74,14,59,0,0,0,0,0,4366,0.0,0.0,66+,>50K
32,6,38,0,0,0,0,0,1216,0.0,0.0,26-35,<=50K
24,9,31,0,0,0,0,0,744,0.0,0.0,18-25,>50K
56,11,44,0,0,0,0,0,2464,0.0,0.0,56-65,>50K
32,9,35,0,0,0,0,0,1120,0.0,0.0,26-35,<=50K
71,9,13,0,0,0,0,0,923,0.0,0.0,66+,>50K
45,2,26,16756,0,1,0,16756,1170,9.726571360400724,0.0,36-45,<=50K
18,7,61,0,0,0,0,0,1098,0.0,0.0,18-25,<=50K
77,10,43,0,0,0,0,0,3311,0.0,0.0,66+,<=50K
49,10,55,70654,0,1,0,70654,2695,11.165564157016847,0.0,46-55,<=50K
34,10,30,0,2843,0,1,-2843,1020,0.0,7.952966790923131,26-35,<=50K
59,12,39,0,0,0,0,0,2301,0.0,0.0,56-65,<=50K
50,9,38,0,0,0,0,0,1900,0.0,0.0,46-55,<=50K
19,9,35,0,0,0,0,0,665,0.0,0.0,18-25,<=50K
65,2,42,0,0,0,0,0,2730,0.0,0.0,56-65,<=50K
42,8,29,0,0,0,0,0,1218,0.0,0.0,36-45,<=50K
61,9,52,0,584,0,1,-584,3172,0.0,6.371611847231857,56-65,<=50K
73,7,45,0,0,0,0,0,3285,0.0,0.0,66+,<=50K
55,2,38,0,0,0,0,0,2090,0.0,0.0,46-55,<=50K
59,7,41,0,0,0,0,0,2419,0.0,0.0,56-65,<=50K
33,10,37,0,0,0,0,0,1221,0.0,0.0,26-35,<=50K
32,10,23,0,0,0,0,0,736,0.0,0.0,26-35,<=50K
43,14,30,0,0,0,0,0,1290,0.0,0.0,36-45,<=50K
70,13,38,0,0,0,0,0,2660,0.0,0.0,66+,>50K
50,10,36,0,0,0,0,0,1800,0.0,0.0,46-55,<=50K
39,6,46,0,0,0,0,0,1794,0.0,0.0,36-45,<=50K
66,10,46,0,0,0,0,0,3036,0.0,0.0,66+,<=50K
70,4,34,0,0,0,0,0,2380,0.0,0.0,66+,<=50K
73,9,30,0,0,0,0,0,2190,0.0,0.0,66+,<=50K
36,9,48,0,0,0,0,0,1728,0.0,0.0,36-45,<=50K
61,9,42,0,0,0,0,0,2562,0.0,0.0,56-65,<=50K
54,9,34,0,0,0,0,0,1836,0.0,0.0,46-55,<=50K
45,11,29,0,0,0,0,0,1305,0.0,0.0,36-45,<=50K
42,13,33,0,0,0,0,0,1386,0.0,0.0,36-45,>50K
25,12,44,0,0,0,0,0,1100,0.0,0.0,18-25,<=50K
35,10,57,0,0,0,0,0,1995,0.0,0.0,26-35,<=50K
52,10,38,0,0,0,0,0,1976,0.0,0.0,46-55,<=50K
72,3,32,0,0,0,0,0,2304,0.0,0.0,66+,<=50K
71,11,62,0,0,0,0,0,4402,0.0,0.0,66+,>50K
29,10,36,0,0,0,0,0,1044,0.0,0.0,26-35,<=50K
60,9,32,0,0,0,0,0,1920,0.0,0.0,56-65,<=50K
23,9,36,0,0,0,0,0,828,0.0,0.0,18-25,<=50K
59,14,35,0,0,0,0,0,2065,0.0,0.0,56-65,>50K
39,10,53,0,0,0,0,0,2067,0.0,0.0,36-45,<=50K
45,9,23,0,0,0,0,0,1035,0.0,0.0,36-45,<=50K
62,10,46,5538,0,1,0,5538,2852,8.619569258033104,0.0,56-65,<=50K
44,9,40,0,0,0,0,0,1760,0.0,0.0,36-45,<=50K
68,9,34,0,0,0,0,0,2312,0.0,0.0,66+,<=50K
51,9,37,0,3936,0,1,-3936,1887,0.0,8.278174290943738,46-55,<=50K
79,9,37,0,0,0,0,0,2923,0.0,0.0,66+,>50K
57,11,41,0,0,0,0,0,2337,0.0,0.0,56-65,<=50K
36,3,35,0,0,0,0,0,1260,0.0,0.0,36-45,<=50K
66,13,39,0,0,0,0,0,2574,0.0,0.0,66+,<=50K
43,9,32,0,0,0,0,0,1376,0.0,0.0,36-45,<=50K
51,11,62,0,2986,0,1,-2986,3162,0.0,8.00202481821611,46-55,<=50K
26,10,50,0,0,0,0,0,1300,0.0,0.0,26-35,<=50K
25,10,45,0,0,0,0,0,1125,0.0,0.0,18-25,<=50K
53,10,36,0,0,0,0,0,1908,0.0,0.0,46-55,<=50K
29,14,48,0,0,0,0,0,1392,0.0,0.0,26-35,<=50K
79,10,43,0,0,0,0,0,3397,0.0,0.0,66+,<=50K
71,11,41,0,0,0,0,0,2911,0.0,0.0,66+,<=50K
61,11,35,0,0,0,0,0,2135,0.0,0.0,56-65,<=50K
63,9,43,0,0,0,0,0,2709,0.0,0.0,56-65,<=50K
54,9,57,0,0,0,0,0,3078,0.0,0.0,46-55,<=50K
21,9,41,0,0,0,0,0,861,0.0,0.0,18-25,<=50K
42,9,37,0,0,0,0,0,1554,0.0,0.0,36-45,<=50K
48,9,41,0,0,0,0,0,1968,0.0,0.0,46-55,<=50K
74,9,40,0,0,0,0,0,2960,0.0,0.0,66+,<=50K
31,10,35,0,0,0,0,0,1085,0.0,0.0,26-35,<=50K
48,9,33,0,501,0,1,-501,1584,0.0,6.218600119691729,46-55,<=50K
39,13,48,0,0,0,0,0,1872,0.0,0.0,36-45,<=50K
26,9,52,0,0,0,0,0,1352,0.0,0.0,26-35,<=50K
24,11,63,0,0,0,0,0,1512,0.0,0.0,18-25,<=50K
40,5,45,0,0,0,0,0,1800,0.0,0.0,36-45,<=50K
23,9,41,0,0,0,0,0,943,0.0,0.0,18-25,<=50K
22,3,49,43087,0,1,0,43087,1078,10.67099981505138,0.0,18-25,<=50K
39,11,31,4961,0,1,0,4961,1209,8.509564164251746,0.0,36-45,<=50K
30,9,46,0,0,0,0,0,1380,0.0,0.0,26-35,<=50K
52,14,50,0,0,0,0,0,2600,0.0,0.0,46-55,>50K
19,9,50,0,0,0,0,0,950,0.0,0.0,18-25,<=50K
36,10,57,0,0,0,0,0,2052,0.0,0.0,36-45,<=50K
46,9,34,0,0,0,0,0,1564,0.0,0.0,46-55,<=50K
77,10,35,30284,0,1,0,30284,2695,10.318407819415048,0.0,66+,>50K
57,9,38,0,4448,0,1,-4448,2166,0.0,8.400434630806041,56-65,<=50K
72,9,29,0,0,0,0,0,2088,0.0,0.0,66+,<=50K
39,8,45,0,0,0,0,0,1755,0.0,0.0,36-45,<=50K
45,6,47,0,0,0,0,0,2115,0.0,0.0,36-45,<=50K
44,6,46,0,0,0,0,0,2024,0.0,0.0,36-45,<=50K
73,16,41,0,0,0,0,0,2993,0.0,0.0,66+,>50K
77,9,50,0,4912,0,1,-4912,3850,0.0,8.499640032168648,66+,<=50K
77,1,46,0,0,0,0,0,3542,0.0,0.0,66+,<=50K
64,14,34,55285,0,1,0,55285,2176,10.920274990901907,0.0,56-65,>50K
49,2,11,0,0,0,0,0,539,0.0,0.0,46-55,<=50K
51,9,37,0,0,0,0,0,1887,0.0,0.0,46-55,<=50K
78,11,40,0,0,0,0,0,3120,0.0,0.0,66+,<=50K
35,13,40,0,0,0,0,0,1400,0.0,0.0,26-35,<=50K
39,11,38,0,0,0,0,0,1482,0.0,0.0,36-45,<=50K
73,9,35,0,0,0,0,0,2555,0.0,0.0,66+,<=50K
41,15,32,0,0,0,0,0,1312,0.0,0.0,36-45,<=50K
32,3,30,0,0,0,0,0,960,0.0,0.0,26-35,<=50K
52,16,44,0,0,0,0,0,2288,0.0,0.0,46-55,>50K
38,13,51,0,0,0,0,0,1938,0.0,0.0,36-45,<=50K
73,14,27,26244,0,1,0,26244,1971,10.1752307736864,0.0,66+,>50K
74,9,39,0,0,0,0,0,2886,0.0,0.0,66+,<=50K
36,6,48,0,0,0,0,0,1728,0.0,0.0,36-45,<=50K
50,10,38,0,227,0,1,-227,1900,0.0,5.429345628954441,46-55,<=50K
79,10,47,0,0,0,0,0,3713,0.0,0.0,66+,<=50K
64,10,51,0,0,0,0,0,3264,0.0,0.0,56-65,<=50K
31,14,44,0,0,0,0,0,1364,0.0,0.0,26-35,<=50K
54,10,35,0,0,0,0,0,1890,0.0,0.0,46-55,<=50K
56,9,53,0,0,0,0,0,2968,0.0,0.0,56-65,>50K
58,9,37,0,0,0,0,0,2146,0.0,0.0,56-65,<=50K
19,6,37,0,0,0,0,0,703,0.0,0.0,18-25,<=50K
36,8,45,0,0,0,0,0,1620,0.0,0.0,36-45,<=50K
70,6,37,0,0,0,0,0,2590,0.0,0.0,66+,<=50K
32,13,38,0,0,0,0,0,1216,0.0,0.0,26-35,<=50K
36,11,36,0,0,0,0,0,1296,0.0,0.0,36-45,<=50K
37,10,38,0,0,0,0,0,1406,0.0,0.0,36-45,<=50K
28,9,42,0,0,0,0,0,1176,0.0,0.0,26-35,<=50K
27,10,20,0,0,0,0,0,540,0.0,0.0,26-35,<=50K
39,13,39,0,0,0,0,0,1521,0.0,0.0,36-45,<=50K
72,13,22,0,0,0,0,0,1584,0.0,0.0,66+,<=50K
18,10,36,17240,0,1,0,17240,648,9.75504554717585,0.0,18-25,<=50K
35,13,43,0,0,0,0,0,1505,0.0,0.0,26-35,<=50K
21,10,37,0,0,0,0,0,777,0.0,0.0,18-25,<=50K
52,9,47,93687,0,1,0,93687,2444,11.447725391721972,0.0,46-55,>50K
33,13,43,0,0,0,0,0,1419,0.0,0.0,26-35,<=50K
67,9,18,0,0,0,0,0,1206,0.0,0.0,66+,<=50K
54,9,52,0,0,0,0,0,2808,0.0,0.0,46-55,<=50K
66,9,42,0,0,0,0,0,2772,0.0,0.0,66+,<=50K
57,10,34,0,0,0,0,0,1938,0.0,0.0,56-65,<=50K
45,10,35,0,0,0,0,0,1575,0.0,0.0,36-45,<=50K
71,10,19,73803,0,1,0,73803,1349,11.209168209661772,0.0,66+,>50K
47,9,42,59703,0,1,0,59703,1974,10.997154298811223,0.0,46-55,<=50K
76,9,47,0,0,0,0,0,3572,0.0,0.0,66+,<=50K
79,13,33,48591,0,1,0,48591,2607,10.79121418728553,0.0,66+,>50K
54,9,31,0,0,0,0,0,1674,0.0,0.0,46-55,<=50K
59,14,41,23797,0,1,0,23797,2419,10.0773568225151,0.0,56-65,>50K
33,8,52,0,0,0,0,0,1716,0.0,0.0,26-35,<=50K
68,10,51,0,0,0,0,0,3468,0.0,0.0,66+,<=50K
59,10,48,0,0,0,0,0,2832,0.0,0.0,56-65,<=50K
73,13,60,0,0,0,0,0,4380,0.0,0.0,66+,>50K
34,6,49,0,0,0,0,0,1666,0.0,0.0,26-35,<=50K
66,13,52,0,0,0,0,0,3432,0.0,0.0,66+,>50K
47,10,41,0,0,0,0,0,1927,0.0,0.0,46-55,>50K
29,10,37,0,0,0,0,0,1073,0.0,0.0,26-35,<=50K
28,10,51,0,0,0,0,0,1428,0.0,0.0,26-35,<=50K
52,3,30,0,0,0,0,0,1560,0.0,0.0,46-55,<=50K
37,9,44,10677,0,1,0,10677,1628,9.275940829060131,0.0,36-45,<=50K
24,9,34,0,0,0,0,0,816,0.0,0.0,18-25,<=50K
44,9,43,0,0,0,0,0,1892,0.0,0.0,36-45,<=50K
58,10,43,0,0,0,0,0,2494,0.0,0.0,56-65,>50K
37,9,42,0,3792,0,1,-3792,1554,0.0,8.2409125416889,36-45,<=50K
77,5,40,0,0,0,0,0,3080,0.0,0.0,66+,<=50K
66,4,45,0,0,0,0,0,2970,0.0,0.0,66+,<=50K
49,8,47,0,3808,0,1,-3808,2303,0.0,8.245121966478605,46-55,<=50K
75,8,26,0,0,0,0,0,1950,0.0,0.0,66+,<=50K
44,10,40,0,0,0,0,0,1760,0.0,0.0,36-45,<=50K
26,7,36,0,0,0,0,0,936,0.0,0.0,26-35,<=50K
20,13,42,0,0,0,0,0,840,0.0,0.0,18-25,<=50K
76,9,36,0,0,0,0,0,2736,0.0,0.0,66+,<=50K
77,5,53,0,0,0,0,0,4081,0.0,0.0,66+,<=50K
63,13,39,0,0,0,0,0,2457,0.0,0.0,56-65,>50K
24,9,50,0,0,0,0,0,1200,0.0,0.0,18-25,<=50K
36,9,30,0,0,0,0,0,1080,0.0,0.0,36-45,<=50K
20,14,37,0,0,0,0,0,740,0.0,0.0,18-25,<=50K
21,14,34,0,0,0,0,0,714,0.0,0.0,18-25,<=50K
33,11,44,0,0,0,0,0,1452,0.0,0.0,26-35,<=50K
53,4,28,0,0,0,0,0,1484,0.0,0.0,46-55,<=50K
22,10,23,0,0,0,0,0,506,0.0,0.0,18-25,<=50K
79,16,34,0,0,0,0,0,2686,0.0,0.0,66+,>50K
46,14,46,0,0,0,0,0,2116,0.0,0.0,46-55,<=50K
34,5,32,0,0,0,0,0,1088,0.0,0.0,26-35,<=50K
49,9,43,0,0,0,0,0,2107,0.0,0.0,46-55,<=50K
66,9,34,26609,0,1,0,26609,2244,10.189042363971735,0.0,66+,>50K
37,6,22,0,0,0,0,0,814,0.0,0.0,36-45,<=50K
20,11,49,0,0,0,0,0,980,0.0,0.0,18-25,<=50K
21,9,46,0,0,0,0,0,966,0.0,0.0,18-25,<=50K
70,9,40,0,0,0,0,0,2800,0.0,0.0,66+,<=50K
24,5,40,0,0,0,0,0,960,0.0,0.0,18-25,<=50K
57,9,38,0,0,0,0,0,2166,0.0,0.0,56-65,<=50K
41,7,30,0,0,0,0,0,1230,0.0,0.0,36-45,<=50K
66,9,53,0,0,0,0,0,3498,0.0,0.0,66+,>50K
21,6,39,62357,0,1,0,62357,819,11.040647250816477,0.0,18-25,<=50K
73,14,44,0,0,0,0,0,3212,0.0,0.0,66+,<=50K
61,6,35,0,0,0,0,0,2135,0.0,0.0,56-65,<=50K
45,10,44,0,0,0,0,0,1980,0.0,0.0,36-45,<=50K
30,8,51,56185,0,1,0,56185,1530,10.936422894528368,0.0,26-35,>50K
78,4,42,0,0,0,0,0,3276,0.0,0.0,66+,<=50K
36,8,44,0,0,0,0,0,1584,0.0,0.0,36-45,<=50K
48,4,49,0,0,0,0,0,2352,0.0,0.0,46-55,<=50K
42,6,47,0,3582,0,1,-3582,1974,0.0,8.183955717304954,36-45,<=50K
32,9,50,0,0,0,0,0,1600,0.0,0.0,26-35,<=50K
43,10,43,0,0,0,0,0,1849,0.0,0.0,36-45,<=50K
27,5,43,0,0,0,0,0,1161,0.0,0.0,26-35,<=50K
18,9,42,0,0,0,0,0,756,0.0,0.0,18-25,<=50K
35,10,49,0,4709,0,1,-4709,1715,0.0,8.457443187010464,26-35,<=50K
24,9,36,0,0,0,0,0,864,0.0,0.0,18-25,<=50K
43,9,45,0,0,0,0,0,1935,0.0,0.0,36-45,<=50K
71,4,63,59811,0,1,0,59811,4473,10.998961588703734,0.0,66+,<=50K
28,9,44,0,0,0,0,0,1232,0.0,0.0,26-35,<=50K
18,9,28,0,0,0,0,0,504,0.0,0.0,18-25,<=50K
24,16,37,0,0,0,0,0,888,0.0,0.0,18-25,>50K
49,16,46,11362,0,1,0,11362,2254,9.338117741918008,0.0,46-55,>50K
35,15,33,0,0,0,0,0,1155,0.0,0.0,26-35,<=50K
48,9,30,0,0,0,0,0,1440,0.0,0.0,46-55,<=50K
19,5,26,0,0,0,0,0,494,0.0,0.0,18-25,<=50K
38,9,38,0,0,0,0,0,1444,0.0,0.0,36-45,<=50K
43,9,56,0,0,0,0,0,2408,0.0,0.0,36-45,<=50K
44,2,35,0,1507,0,1,-1507,1540,0.0,7.318539548567902,36-45,<=50K
52,5,49,0,0,0,0,0,2548,0.0,0.0,46-55,<=50K
66,9,37,0,0,0,0,0,2442,0.0,0.0,66+,<=50K
46,9,36,0,0,0,0,0,1656,0.0,0.0,46-55,<=50K
70,7,45,0,0,0,0,0,3150,0.0,0.0,66+,<=50K
50,11,25,0,0,0,0,0,1250,0.0,0.0,46-55,<=50K
34,9,57,0,0,0,0,0,1938,0.0,0.0,26-35,<=50K
32,13,45,0,0,0,0,0,1440,0.0,0.0,26-35,>50K
37,9,51,0,0,0,0,0,1887,0.0,0.0,36-45,<=50K
55,10,37,0,4155,0,1,-4155,2035,0.0,8.332308352219117,46-55,<=50K
33,7,45,66432,0,1,0,66432,1485,11.103949199958723,0.0,26-35,<=50K
74,9,49,0,0,0,0,0,3626,0.0,0.0,66+,>50K
47,7,39,0,0,0,0,0,1833,0.0,0.0,46-55,<=50K
71,7,31,0,0,0,0,0,2201,0.0,0.0,66+,>50K
60,10,31,0,0,0,0,0,1860,0.0,0.0,56-65,<=50K
38,9,36,0,0,0,0,0,1368,0.0,0.0,36-45,<=50K
32,7,42,0,0,0,0,0,1344,0.0,0.0,26-35,<=50K
64,14,38,0,0,0,0,0,2432,0.0,0.0,56-65,>50K
38,3,35,0,0,0,0,0,1330,0.0,0.0,36-45,<=50K
33,10,47,0,0,0,0,0,1551,0.0,0.0,26-35,<=50K
75,10,35,0,0,0,0,0,2625,0.0,0.0,66+,>50K
47,9,34,0,0,0,0,0,1598,0.0,0.0,46-55,<=50K
21,9,49,0,0,0,0,0,1029,0.0,0.0,18-25,<=50K
48,5,46,0,0,0,0,0,2208,0.0,0.0,46-55,<=50K
46,11,28,0,0,0,0,0,1288,0.0,0.0,46-55,<=50K
71,9,27,34964,0,1,0,34964,1917,10.462102840137968,0.0,66+,<=50K
62,8,29,0,0,0,0,0,1798,0.0,0.0,56-65,<=50K
29,9,40,0,0,0,0,0,1160,0.0,0.0,26-35,<=50K
27,13,52,0,0,0,0,0,1404,0.0,0.0,26-35,<=50K
55,13,54,0,0,0,0,0,2970,0.0,0.0,46-55,>50K
20,14,48,0,0,0,0,0,960,0.0,0.0,18-25,>50K
37,10,59,71421,0,1,0,71421,2183,11.176361224116755,0.0,36-45,<=50K
26,10,42,0,0,0,0,0,1092,0.0,0.0,26-35,<=50K
19,9,51,0,0,0,0,0,969,0.0,0.0,18-25,<=50K
74,13,34,0,0,0,0,0,2516,0.0,0.0,66+,<=50K
23,10,24,0,0,0,0,0,552,0.0,0.0,18-25,<=50K
18,9,37,0,0,0,0,0,666,0.0,0.0,18-25,<=50K
75,10,39,0,0,0,0,0,2925,0.0,0.0,66+,>50K
29,10,66,0,0,0,0,0,1914,0.0,0.0,26-35,<=50K
68,6,40,0,0,0,0,0,2720,0.0,0.0,66+,<=50K
19,9,30,0,0,0,0,0,570,0.0,0.0,18-25,<=50K
27,9,50,0,0,0,0,0,1350,0.0,0.0,26-35,<=50K
24,13,32,0,0,0,0,0,768,0.0,0.0,18-25,<=50K
61,9,41,0,0,0,0,0,2501,0.0,0.0,56-65,<=50K
56,13,49,0,0,0,0,0,2744,0.0,0.0,56-65,>50K
47,9,31,0,0,0,0,0,1457,0.0,0.0,46-55,<=50K
32,12,55,0,0,0,0,0,1760,0.0,0.0,26-35,<=50K
23,6,51,49318,1354,1,1,47964,1173,10.806064681322521,7.2115567333138015,18-25,<=50K
53,14,44,0,0,0,0,0,2332,0.0,0.0,46-55,>50K
32,9,58,0,0,0,0,0,1856,0.0,0.0,26-35,<=50K
54,9,36,0,0,0,0,0,1944,0.0,0.0,46-55,<=50K
60,9,48,0,0,0,0,0,2880,0.0,0.0,56-65,<=50K
70,9,43,0,0,0,0,0,3010,0.0,0.0,66+,<=50K
48,9,34,0,2430,0,1,-2430,1632,0.0,7.796057974316123,46-55,<=50K
18,11,34,0,0,0,0,0,612,0.0,0.0,18-25,<=50K
35,14,60,0,0,0,0,0,2100,0.0,0.0,26-35,<=50K
70,10,51,1359,0,1,0,1359,3570,7.215239978730097,0.0,66+,>50K
51,10,49,0,0,0,0,0,2499,0.0,0.0,46-55,<=50K
56,9,34,0,0,0,0,0,1904,0.0,0.0,56-65,<=50K
46,13,47,0,0,0,0,0,2162,0.0,0.0,46-55,<=50K
28,13,36,0,0,0,0,0,1008,0.0,0.0,26-35,<=50K
73,9,57,0,0,0,0,0,4161,0.0,0.0,66+,<=50K
65,14,52,0,0,0,0,0,3380,0.0,0.0,56-65,>50K
79,9,49,0,0,0,0,0,3871,0.0,0.0,66+,>50K
71,13,48,0,0,0,0,0,3408,0.0,0.0,66+,>50K
36,15,39,0,0,0,0,0,1404,0.0,0.0,36-45,>50K
33,11,45,0,0,0,0,0,1485,0.0,0.0,26-35,<=50K
33,7,55,0,0,0,0,0,1815,0.0,0.0,26-35,<=50K
74,10,45,0,0,0,0,0,3330,0.0,0.0,66+,<=50K
52,6,32,0,0,0,0,0,1664,0.0,0.0,46-55,<=50K
46,12,53,0,0,0,0,0,2438,0.0,0.0,46-55,<=50K
78,9,33,0,0,0,0,0,2574,0.0,0.0,66+,<=50K
55,11,40,0,0,0,0,0,2200,0.0,0.0,46-55,<=50K
74,13,35,0,0,0,0,0,2590,0.0,0.0,66+,<=50K
79,7,14,0,0,0,0,0,1106,0.0,0.0,66+,>50K
22,9,42,0,0,0,0,0,924,0.0,0.0,18-25,<=50K
40,10,62,0,0,0,0,0,2480,0.0,0.0,36-45,<=50K
63,9,43,0,0,0,0,0,2709,0.0,0.0,56-65,<=50K
68,7,70,0,0,0,0,0,4760,0.0,0.0,66+,<=50K
27,3,38,0,0,0,0,0,1026,0.0,0.0,26-35,<=50K
37,9,42,0,0,0,0,0,1554,0.0,0.0,36-45,<=50K
51,10,39,0,0,0,0,0,1989,0.0,0.0,46-55,<=50K
67,10,41,0,0,0,0,0,2747,0.0,0.0,66+,<=50K
25,7,44,0,0,0,0,0,1100,0.0,0.0,18-25,<=50K
55,9,55,0,0,0,0,0,3025,0.0,0.0,46-55,>50K
36,9,32,0,0,0,0,0,1152,0.0,0.0,36-45,>50K
31,9,40,0,0,0,0,0,1240,0.0,0.0,26-35,<=50K
49,11,46,0,0,0,0,0,2254,0.0,0.0,46-55,<=50K
43,9,53,0,0,0,0,0,2279,0.0,0.0,36-45,>50K
57,10,18,0,0,0,0,0,1026,0.0,0.0,56-65,<=50K
37,14,26,0,0,0,0,0,962,0.0,0.0,36-45,<=50K
69,10,40,0,0,0,0,0,2760,0.0,0.0,66+,<=50K
22,10,51,0,0,0,0,0,1122,0.0,0.0,18-25,<=50K
71,4,35,0,0,0,0,0,2485,0.0,0.0,66+,<=50K
19,7,47,0,0,0,0,0,893,0.0,0.0,18-25,<=50K
63,5,60,0,0,0,0,0,3780,0.0,0.0,56-65,<=50K
39,12,40,0,0,0,0,0,1560,0.0,0.0,36-45,<=50K
41,13,38,0,0,0,0,0,1558,0.0,0.0,36-45,<=50K
19,8,45,0,0,0,0,0,855,0.0,0.0,18-25,<=50K
61,9,42,0,0,0,0,0,2562,0.0,0.0,56-65,<=50K
28,9,43,0,0,0,0,0,1204,0.0,0.0,26-35,<=50K
58,10,38,0,0,0,0,0,2204,0.0,0.0,56-65,<=50K
62,10,37,69183,0,1,0,69183,2294,11.14452490099888,0.0,56-65,>50K
70,11,30,0,0,0,0,0,2100,0.0,0.0,66+,>50K
61,13,46,4878,0,1,0,4878,2806,8.492695559815838,0.0,56-65,>50K
36,9,30,0,0,0,0,0,1080,0.0,0.0,36-45,<=50K
63,10,32,0,0,0,0,0,2016,0.0,0.0,56-65,<=50K
69,10,28,0,0,0,0,0,1932,0.0,0.0,66+,>50K
37,9,37,0,0,0,0,0,1369,0.0,0.0,36-45,<=50K
25,13,40,0,0,0,0,0,1000,0.0,0.0,18-25,>50K
73,5,29,0,0,0,0,0,2117,0.0,0.0,66+,<=50K
27,11,37,0,0,0,0,0,999,0.0,0.0,26-35,<=50K
54,11,42,0,0,0,0,0,2268,0.0,0.0,46-55,<=50K
32,13,24,44636,0,1,0,44636,768,10.706318390495808,0.0,26-35,<=50K
25,10,32,61777,0,1,0,61777,800,11.031302593012333,0.0,18-25,<=50K
66,9,58,0,0,0,0,0,3828,0.0,0.0,66+,<=50K
26,13,33,0,0,0,0,0,858,0.0,0.0,26-35,<=50K
59,12,47,0,0,0,0,0,2773,0.0,0.0,56-65,>50K
60,10,35,0,0,0,0,0,2100,0.0,0.0,56-65,<=50K
21,12,42,17892,0,1,0,17892,882,9.792164853891862,0.0,18-25,<=50K
28,9,32,0,0,0,0,0,896,0.0,0.0,26-35,<=50K
67,10,21,0,0,0,0,0,1407,0.0,0.0,66+,<=50K
49,13,36,0,0,0,0,0,1764,0.0,0.0,46-55,>50K
25,9,44,0,0,0,0,0,1100,0.0,0.0,18-25,<=50K
79,9,47,61197,0,1,0,61197,3713,11.02186978822786,0.0,66+,>50K
34,14,41,55704,0,1,0,55704,1394,10.927825188493417,0.0,26-35,<=50K
18,13,32,0,0,0,0,0,576,0.0,0.0,18-25,<=50K
75,13,49,0,0,0,0,0,3675,0.0,0.0,66+,>50K
19,9,33,45133,0,1,0,45133,627,10.717391121731856,0.0,18-25,<=50K
52,16,33,0,0,0,0,0,1716,0.0,0.0,46-55,>50K
79,7,30,0,0,0,0,0,2370,0.0,0.0,66+,<=50K
53,10,36,0,0,0,0,0,1908,0.0,0.0,46-55,<=50K
54,9,37,0,0,0,0,0,1998,0.0,0.0,46-55,<=50K
42,13,43,0,0,0,0,0,1806,0.0,0.0,36-45,<=50K
25,13,26,47036,0,1,0,47036,650,10.75868980502856,0.0,18-25,<=50K
53,11,35,71015,0,1,0,71015,1855,11.170660482748156,0.0,46-55,<=50K
73,10,32,0,0,0,0,0,2336,0.0,0.0,66+,<=50K
23,9,44,34180,0,1,0,34180,1012,10.439425213116973,0.0,18-25,<=50K
72,10,43,0,0,0,0,0,3096,0.0,0.0,66+,<=50K
43,10,30,0,279,0,1,-279,1290,0.0,5.634789603169249,36-45,<=50K
51,2,45,0,0,0,0,0,2295,0.0,0.0,46-55,<=50K
28,10,39,0,0,0,0,0,1092,0.0,0.0,26-35,<=50K
56,13,48,54478,0,1,0,54478,2688,10.905570585295168,0.0,56-65,>50K
29,11,34,0,0,0,0,0,986,0.0,0.0,26-35,<=50K
34,13,46,5422,0,1,0,5422,1564,8.59840444684106,0.0,26-35,<=50K
62,9,49,0,0,0,0,0,3038,0.0,0.0,56-65,<=50K
21,10,41,0,0,0,0,0,861,0.0,0.0,18-25,<=50K
45,3,61,0,0,0,0,0,2745,0.0,0.0,36-45,<=50K
54,9,45,0,0,0,0,0,2430,0.0,0.0,46-55,<=50K
26,9,58,0,0,0,0,0,1508,0.0,0.0,26-35,<=50K
36,9,65,0,0,0,0,0,2340,0.0,0.0,36-45,<=50K
39,3,23,0,0,0,0,0,897,0.0,0.0,36-45,<=50K
59,11,52,0,0,0,0,0,3068,0.0,0.0,56-65,<=50K
78,9,45,0,0,0,0,0,3510,0.0,0.0,66+,<=50K
69,9,42,0,0,0,0,0,2898,0.0,0.0,66+,<=50K
29,9,33,0,0,0,0,0,957,0.0,0.0,26-35,<=50K
19,10,31,77991,0,1,0,77991,589,11.264361536309108,0.0,18-25,<=50K
21,9,29,0,0,0,0,0,609,0.0,0.0,18-25,<=50K
54,9,62,0,0,0,0,0,3348,0.0,0.0,46-55,<=50K
27,10,45,0,0,0,0,0,1215,0.0,0.0,26-35,<=50K
32,2,26,0,0,0,0,0,832,0.0,0.0,26-35,<=50K
70,13,29,0,0,0,0,0,2030,0.0,0.0,66+,<=50K
72,4,20,0,0,0,0,0,1440,0.0,0.0,66+,<=50K
70,9,52,0,2184,0,1,-2184,3640,0.0,7.68937110752969,66+,>50K
33,8,40,0,0,0,0,0,1320,0.0,0.0,26-35,<=50K
56,10,45,0,0,0,0,0,2520,0.0,0.0,56-65,<=50K
55,9,40,0,0,0,0,0,2200,0.0,0.0,46-55,<=50K
29,13,49,0,0,0,0,0,1421,0.0,0.0,26-35,<=50K
52,9,36,0,0,0,0,0,1872,0.0,0.0,46-55,<=50K
50,10,43,0,0,0,0,0,2150,0.0,0.0,46-55,<=50K
42,9,43,0,0,0,0,0,1806,0.0,0.0,36-45,<=50K
64,2,28,0,0,0,0,0,1792,0.0,0.0,56-65,<=50K
60,9,33,0,0,0,0,0,1980,0.0,0.0,56-65,<=50K
51,10,37,0,0,0,0,0,1887,0.0,0.0,46-55,<=50K
62,9,43,0,0,0,0,0,2666,0.0,0.0,56-65,<=50K
65,14,54,0,0,0,0,0,3510,0.0,0.0,56-65,>50K
53,11,41,0,0,0,0,0,2173,0.0,0.0,46-55,<=50K
34,16,39,0,0,0,0,0,1326,0.0,0.0,26-35,<=50K
65,9,43,0,0,0,0,0,2795,0.0,0.0,56-65,<=50K
62,12,38,0,0,0,0,0,2356,0.0,0.0,56-65,>50K
78,10,40,0,0,0,0,0,3120,0.0,0.0,66+,>50K
27,10,55,0,0,0,0,0,1485,0.0,0.0,26-35,<=50K
43,16,38,0,0,0,0,0,1634,0.0,0.0,36-45,>50K
75,10,43,0,0,0,0,0,3225,0.0,0.0,66+,<=50K
49,13,34,0,0,0,0,0,1666,0.0,0.0,46-55,<=50K
76,11,53,0,0,0,0,0,4028,0.0,0.0,66+,<=50K
18,6,31,0,0,0,0,0,558,0.0,0.0,18-25,<=50K
20,11,39,0,0,0,0,0,780,0.0,0.0,18-25,<=50K
67,9,50,0,0,0,0,0,3350,0.0,0.0,66+,<=50K
40,14,31,0,0,0,0,0,1240,0.0,0.0,36-45,<=50K
50,13,49,5664,0,1,0,5664,2450,8.642062173462106,0.0,46-55,>50K
44,5,20,0,0,0,0,0,880,0.0,0.0,36-45,<=50K
43,6,29,0,0,0,0,0,1247,0.0,0.0,36-45,<=50K
76,4,39,0,0,0,0,0,2964,0.0,0.0,66+,<=50K
23,9,64,0,0,0,0,0,1472,0.0,0.0,18-25,<=50K
65,5,41,0,2554,0,1,-2554,2665,0.0,7.845807502637805,56-65,<=50K
73,11,42,2133,0,1,0,2133,3066,7.665753431861699,0.0,66+,<=50K
58,10,51,0,0,0,0,0,2958,0.0,0.0,56-65,<=50K
42,13,29,31297,0,1,0,31297,1218,10.351309476723117,0.0,36-45,<=50K
27,9,10,0,0,0,0,0,270,0.0,0.0,26-35,<=50K
60,10,57,0,0,0,0,0,3420,0.0,0.0,56-65,<=50K
47,6,46,0,0,0,0,0,2162,0.0,0.0,46-55,<=50K
27,13,36,0,0,0,0,0,972,0.0,0.0,26-35,<=50K
40,7,41,55096,0,1,0,55096,1640,10.916850547197763,0.0,36-45,<=50K
77,5,51,0,0,0,0,0,3927,0.0,0.0,66+,<=50K
34,8,39,87617,0,1,0,87617,1326,11.380741735268526,0.0,26-35,<=50K
29,13,41,0,0,0,0,0,1189,0.0,0.0,26-35,<=50K
60,5,60,60183,0,1,0,60183,3600,11.005161815240058,0.0,56-65,>50K
30,10,28,0,0,0,0,0,840,0.0,0.0,26-35,<=50K
75,12,45,0,0,0,0,0,3375,0.0,0.0,66+,<=50K
71,12,28,0,0,0,0,0,1988,0.0,0.0,66+,>50K
78,8,56,0,0,0,0,0,4368,0.0,0.0,66+,<=50K
74,4,43,0,0,0,0,0,3182,0.0,0.0,66+,<=50K
33,9,33,92286,0,1,0,92286,1089,11.432658565500923,0.0,26-35,>50K
31,8,25,90260,0,1,0,90260,775,11.410460752424427,0.0,26-35,<=50K
39,11,36,0,0,0,0,0,1404,0.0,0.0,36-45,<=50K
47,9,42,0,0,0,0,0,1974,0.0,0.0,46-55,<=50K
72,9,52,0,0,0,0,0,3744,0.0,0.0,66+,>50K
63,6,29,0,0,0,0,0,1827,0.0,0.0,56-65,<=50K
57,10,32,0,0,0,0,0,1824,0.0,0.0,56-65,<=50K
72,8,35,0,0,0,0,0,2520,0.0,0.0,66+,<=50K
58,11,32,0,0,0,0,0,1856,0.0,0.0,56-65,<=50K
41,4,35,40240,0,1,0,40240,1435,10.602641655359475,0.0,36-45,<=50K
43,15,31,0,0,0,0,0,1333,0.0,0.0,36-45,>50K
50,11,44,0,0,0,0,0,2200,0.0,0.0,46-55,<=50K
23,7,35,0,0,0,0,0,805,0.0,0.0,18-25,<=50K
63,2,40,88554,0,1,0,88554,2520,11.391379106890733,0.0,56-65,<=50K
58,9,43,0,0,0,0,0,2494,0.0,0.0,56-65,>50K
63,7,26,0,0,0,0,0,1638,0.0,0.0,56-65,<=50K
51,9,46,0,0,0,0,0,2346,0.0,0.0,46-55,<=50K
66,13,42,0,0,0,0,0,2772,0.0,0.0,66+,>50K
76,10,42,0,0,0,0,0,3192,0.0,0.0,66+,<=50K
53,7,39,0,0,0,0,0,2067,0.0,0.0,46-55,<=50K
45,10,37,0,0,0,0,0,1665,0.0,0.0,36-45,<=50K
24,9,41,0,0,0,0,0,984,0.0,0.0,18-25,<=50K
66,15,41,0,0,0,0,0,2706,0.0,0.0,66+,>50K
74,3,28,0,0,0,0,0,2072,0.0,0.0,66+,<=50K
61,11,56,0,0,0,0,0,3416,0.0,0.0,56-65,>50K
71,12,33,0,0,0,0,0,2343,0.0,0.0,66+,<=50K
71,4,41,0,0,0,0,0,2911,0.0,0.0,66+,<=50K
67,7,52,0,0,0,0,0,3484,0.0,0.0,66+,>50K
49,9,37,0,0,0,0,0,1813,0.0,0.0,46-55,<=50K
24,13,42,0,0,0,0,0,1008,0.0,0.0,18-25,<=50K
18,10,18,0,0,0,0,0,324,0.0,0.0,18-25,<=50K
30,10,20,73295,0,1,0,73295,600,11.202261316126524,0.0,26-35,>50K
44,12,40,0,0,0,0,0,1760,0.0,0.0,36-45,<=50K
64,13,42,0,0,0,0,0,2688,0.0,0.0,56-65,>50K
46,9,51,0,0,0,0,0,2346,0.0,0.0,46-55,<=50K
19,10,48,0,0,0,0,0,912,0.0,0.0,18-25,<=50K
31,11,24,0,0,0,0,0,744,0.0,0.0,26-35,<=50K
78,9,53,0,0,0,0,0,4134,0.0,0.0,66+,<=50K
79,13,28,0,0,0,0,0,2212,0.0,0.0,66+,<=50K
41,2,49,0,0,0,0,0,2009,0.0,0.0,36-45,<=50K
67,8,35,0,0,0,0,0,2345,0.0,0.0,66+,>50K
62,13,67,0,0,0,0,0,4154,0.0,0.0,56-65,>50K
75,9,34,0,0,0,0,0,2550,0.0,0.0,66+,>50K
73,7,39,0,0,0,0,0,2847,0.0,0.0,66+,<=50K
56,8,42,0,0,0,0,0,2352,0.0,0.0,56-65,<=50K
42,10,38,0,0,0,0,0,1596,0.0,0.0,36-45,<=50K
56,13,30,0,0,0,0,0,1680,0.0,0.0,56-65,<=50K
37,4,62,0,0,0,0,0,2294,0.0,0.0,36-45,<=50K
39,3,34,0,0,0,0,0,1326,0.0,0.0,36-45,<=50K
55,9,34,0,0,0,0,0,1870,0.0,0.0,46-55,<=50K
53,14,39,0,0,0,0,0,2067,0.0,0.0,46-55,>50K
54,9,42,0,0,0,0,0,2268,0.0,0.0,46-55,<=50K
41,14,33,0,0,0,0,0,1353,0.0,0.0,36-45,>50K
43,13,50,0,0,0,0,0,2150,0.0,0.0,36-45,<=50K
18,9,42,0,0,0,0,0,756,0.0,0.0,18-25,<=50K
55,13,40,0,0,0,0,0,2200,0.0,0.0,46-55,>50K
53,11,46,0,0,0,0,0,2438,0.0,0.0,46-55,>50K
75,10,32,0,0,0,0,0,2400,0.0,0.0,66+,<=50K
49,9,34,0,0,0,0,0,1666,0.0,0.0,46-55,<=50K
46,13,40,0,0,0,0,0,1840,0.0,0.0,46-55,>50K
22,13,49,0,0,0,0,0,1078,0.0,0.0,18-25,<=50K
30,12,38,0,0,0,0,0,1140,0.0,0.0,26-35,<=50K
38,16,37,0,0,0,0,0,1406,0.0,0.0,36-45,<=50K
41,9,19,0,0,0,0,0,779,0.0,0.0,36-45,<=50K
40,13,33,0,0,0,0,0,1320,0.0,0.0,36-45,>50K
42,13,23,0,0,0,0,0,966,0.0,0.0,36-45,>50K
65,9,26,0,0,0,0,0,1690,0.0,0.0,56-65,<=50K
26,3,44,0,0,0,0,0,1144,0.0,0.0,26-35,<=50K
38,9,73,94647,0,1,0,94647,2774,11.457920025933499,0.0,36-45,<=50K
28,13,42,97334,0,1,0,97334,1176,11.485913915723378,0.0,26-35,>50K
37,9,43,0,0,0,0,0,1591,0.0,0.0,36-45,<=50K
60,11,32,0,0,0,0,0,1920,0.0,0.0,56-65,<=50K
20,2,30,0,0,0,0,0,600,0.0,0.0,18-25,<=50K
39,9,61,0,0,0,0,0,2379,0.0,0.0,36-45,<=50K
19,10,32,0,0,0,0,0,608,0.0,0.0,18-25,<=50K
77,6,20,0,0,0,0,0,1540,0.0,0.0,66+,>50K
63,13,42,0,0,0,0,0,2646,0.0,0.0,56-65,<=50K
33,7,36,0,0,0,0,0,1188,0.0,0.0,26-35,<=50K
30,13,46,0,0,0,0,0,1380,0.0,0.0,26-35,<=50K
24,9,56,0,1671,0,1,-1671,1344,0.0,7.421775793644647,18-25,<=50K
47,16,44,0,0,0,0,0,2068,0.0,0.0,46-55,<=50K
64,10,42,0,0,0,0,0,2688,0.0,0.0,56-65,<=50K
54,5,47,0,0,0,0,0,2538,0.0,0.0,46-55,<=50K
72,4,67,0,0,0,0,0,4824,0.0,0.0,66+,>50K
39,4,63,0,0,0,0,0,2457,0.0,0.0,36-45,<=50K
35,10,37,0,0,0,0,0,1295,0.0,0.0,26-35,<=50K
47,13,49,0,0,0,0,0,2303,0.0,0.0,46-55,>50K
30,9,58,12120,0,1,0,12120,1740,9.402694764470512,0.0,26-35,<=50K
78,9,47,0,0,0,0,0,3666,0.0,0.0,66+,<=50K
29,10,39,8982,0,1,0,8982,1131,9.103089181229207,0.0,26-35,<=50K
47,10,35,0,0,0,0,0,1645,0.0,0.0,46-55,<=50K
50,11,41,2453,0,1,0,2453,2050,7.805474625270857,0.0,46-55,<=50K
21,9,29,99136,0,1,0,99136,609,11.504258010878667,0.0,18-25,<=50K
47,11,49,0,0,0,0,0,2303,0.0,0.0,46-55,<=50K
46,16,54,0,0,0,0,0,2484,0.0,0.0,46-55,>50K
34,9,36,0,0,0,0,0,1224,0.0,0.0,26-35,<=50K
25,2,35,0,0,0,0,0,875,0.0,0.0,18-25,<=50K
20,6,29,0,922,0,1,-922,580,0.0,6.827629234502852,18-25,<=50K
18,10,45,0,0,0,0,0,810,0.0,0.0,18-25,<=50K
47,9,40,0,0,0,0,0,1880,0.0,0.0,46-55,<=50K
23,14,26,0,0,0,0,0,598,0.0,0.0,18-25,<=50K
77,10,69,91112,0,1,0,91112,5313,11.419855773396634,0.0,66+,<=50K
33,10,22,0,0,0,0,0,726,0.0,0.0,26-35,<=50K
58,13,26,0,1956,0,1,-1956,1508,0.0,7.579167967396076,56-65,>50K
59,9,49,0,0,0,0,0,2891,0.0,0.0,56-65,>50K
48,13,47,0,0,0,0,0,2256,0.0,0.0,46-55,>50K
72,1,33,0,0,0,0,0,2376,0.0,0.0,66+,<=50K
24,10,32,0,0,0,0,0,768,0.0,0.0,18-25,<=50K
32,14,45,32083,1230,1,1,30853,1440,10.376112742486816,7.115582126184454,26-35,<=50K
33,12,44,0,0,0,0,0,1452,0.0,0.0,26-35,<=50K
26,13,33,0,0,0,0,0,858,0.0,0.0,26-35,<=50K
36,9,50,0,0,0,0,0,1800,0.0,0.0,36-45,<=50K
37,13,46,0,0,0,0,0,1702,0.0,0.0,36-45,>50K
65,10,53,0,0,0,0,0,3445,0.0,0.0,56-65,<=50K
36,10,40,0,0,0,0,0,1440,0.0,0.0,36-45,<=50K
72,4,48,0,0,0,0,0,3456,0.0,0.0,66+,<=50K
65,8,38,0,0,0,0,0,2470,0.0,0.0,56-65,<=50K
73,10,45,0,0,0,0,0,3285,0.0,0.0,66+,<=50K
24,4,44,0,0,0,0,0,1056,0.0,0.0,18-25,<=50K
79,12,48,0,3095,0,1,-3095,3792,0.0,8.037866234709618,66+,<=50K
56,13,45,88037,0,1,0,88037,2520,11.385523818435521,0.0,56-65,>50K
78,14,21,0,1398,0,1,-1398,1638,0.0,7.243512974665482,66+,>50K
40,5,34,0,0,0,0,0,1360,0.0,0.0,36-45,<=50K
77,14,41,0,0,0,0,0,3157,0.0,0.0,66+,>50K
54,4,45,67675,0,1,0,67675,2430,11.122486890878687,0.0,46-55,<=50K
22,9,48,0,0,0,0,0,1056,0.0,0.0,18-25,<=50K
43,13,45,40312,0,1,0,40312,1935,10.604429276561985,0.0,36-45,>50K
26,4,33,0,0,0,0,0,858,0.0,0.0,26-35,<=50K
76,2,49,0,0,0,0,0,3724,0.0,0.0,66+,<=50K
36,3,32,0,0,0,0,0,1152,0.0,0.0,36-45,<=50K
31,10,53,0,0,0,0,0,1643,0.0,0.0,26-35,<=50K
52,13,53,0,0,0,0,0,2756,0.0,0.0,46-55,>50K
44,6,40,0,0,0,0,0,1760,0.0,0.0,36-45,<=50K
24,6,34,0,0,0,0,0,816,0.0,0.0,18-25,<=50K
68,10,33,0,0,0,0,0,2244,0.0,0.0,66+,>50K
70,9,29,0,0,0,0,0,2030,0.0,0.0,66+,<=50K
64,11,31,0,0,0,0,0,1984,0.0,0.0,56-65,>50K
56,14,38,0,0,0,0,0,2128,0.0,0.0,56-65,<=50K
42,12,34,0,0,0,0,0,1428,0.0,0.0,36-45,<=50K
51,13,24,0,0,0,0,0,1224,0.0,0.0,46-55,>50K
50,10,35,17294,1382,1,1,15912,1750,9.758172721371269,7.232010331664759,46-55,<=50K
28,13,41,0,0,0,0,0,1148,0.0,0.0,26-35,<=50K
23,7,37,0,0,0,0,0,851,0.0,0.0,18-25,<=50K
33,4,31,0,0,0,0,0,1023,0.0,0.0,26-35,<=50K
46,10,16,0,0,0,0,0,736,0.0,0.0,46-55,<=50K
27,4,51,0,0,0,0,0,1377,0.0,0.0,26-35,<=50K
24,13,40,0,0,0,0,0,960,0.0,0.0,18-25,<=50K
70,11,43,0,0,0,0,0,3010,0.0,0.0,66+,<=50K
41,14,42,0,0,0,0,0,1722,0.0,0.0,36-45,>50K
54,9,45,0,2186,0,1,-2186,2430,0.0,7.690286020676768,46-55,<=50K
50,9,42,0,0,0,0,0,2100,0.0,0.0,46-55,<=50K
63,12,41,0,0,0,0,0,2583,0.0,0.0,56-65,<=50K
63,9,48,0,0,0,0,0,3024,0.0,0.0,56-65,<=50K
36,10,50,0,0,0,0,0,1800,0.0,0.0,36-45,>50K
70,10,54,0,0,0,0,0,3780,0.0,0.0,66+,<=50K
41,15,32,0,0,0,0,0,1312,0.0,0.0,36-45,<=50K
69,12,42,56643,0,1,0,56643,2898,10.94454134734295,0.0,66+,>50K
43,6,24,0,0,0,0,0,1032,0.0,0.0,36-45,<=50K
24,9,35,0,0,0,0,0,840,0.0,0.0,18-25,<=50K
65,10,38,0,0,0,0,0,2470,0.0,0.0,56-65,<=50K
19,7,47,0,0,0,0,0,893,0.0,0.0,18-25,<=50K
65,9,39,0,0,0,0,0,2535,0.0,0.0,56-65,<=50K
20,9,47,0,0,0,0,0,940,0.0,0.0,18-25,<=50K
30,6,37,0,0,0,0,0,1110,0.0,0.0,26-35,<=50K
55,10,34,0,0,0,0,0,1870,0.0,0.0,46-55,<=50K
76,7,32,0,0,0,0,0,2432,0.0,0.0,66+,<=50K
43,10,47,0,0,0,0,0,2021,0.0,0.0,36-45,<=50K
25,7,36,0,0,0,0,0,900,0.0,0.0,18-25,<=50K
32,11,16,0,0,0,0,0,512,0.0,0.0,26-35,<=50K
73,8,46,0,0,0,0,0,3358,0.0,0.0,66+,<=50K
63,13,31,0,2298,0,1,-2298,1953,0.0,7.740229524763182,56-65,>50K
24,3,42,0,0,0,0,0,1008,0.0,0.0,18-25,<=50K
41,10,29,0,0,0,0,0,1189,0.0,0.0,36-45,<=50K
34,9,40,68261,0,1,0,68261,1360,11.131108521767771,0.0,26-35,<=50K
29,9,11,0,0,0,0,0,319,0.0,0.0,26-35,<=50K
70,9,40,0,0,0,0,0,2800,0.0,0.0,66+,<=50K
56,13,31,0,0,0,0,0,1736,0.0,0.0,56-65,>50K
29,13,27,21268,0,1,0,21268,783,9.965005892514545,0.0,26-35,>50K
58,9,48,0,0,0,0,0,2784,0.0,0.0,56-65,<=50K
43,7,39,0,1618,0,1,-1618,1677,0.0,7.389563953677635,36-45,<=50K
21,11,38,0,210,0,1,-210,798,0.0,5.351858133476067,18-25,<=50K
45,10,33,0,0,0,0,0,1485,0.0,0.0,36-45,<=50K
29,8,49,0,0,0,0,0,1421,0.0,0.0,26-35,<=50K
33,12,36,0,0,0,0,0,1188,0.0,0.0,26-35,<=50K
72,10,55,0,709,0,1,-709,3960,0.0,6.565264970035361,66+,<=50K
62,10,52,0,0,0,0,0,3224,0.0,0.0,56-65,<=50K
26,9,54,0,0,0,0,0,1404,0.0,0.0,26-35,<=50K
70,9,50,0,0,0,0,0,3500,0.0,0.0,66+,<=50K
53,7,34,0,3381,0,1,-3381,1802,0.0,8.126222529458525,46-55,<=50K
72,12,41,0,0,0,0,0,2952,0.0,0.0,66+,<=50K
64,7,38,0,0,0,0,0,2432,0.0,0.0,56-65,<=50K
39,12,48,91403,0,1,0,91403,1872,11.423044520160788,0.0,36-45,>50K
51,13,40,0,0,0,0,0,2040,0.0,0.0,46-55,<=50K
50,12,38,0,0,0,0,0,1900,0.0,0.0,46-55,<=50K
62,2,57,0,0,0,0,0,3534,0.0,0.0,56-65,<=50K
33,9,37,0,0,0,0,0,1221,0.0,0.0,26-35,<=50K
38,9,34,0,0,0,0,0,1292,0.0,0.0,36-45,<=50K
33,10,36,0,0,0,0,0,1188,0.0,0.0,26-35,<=50K
36,14,51,0,0,0,0,0,1836,0.0,0.0,36-45,<=50K
27,9,42,0,0,0,0,0,1134,0.0,0.0,26-35,<=50K
20,13,45,0,0,0,0,0,900,0.0,0.0,18-25,<=50K
76,7,42,0,0,0,0,0,3192,0.0,0.0,66+,<=50K
22,9,18,0,0,0,0,0,396,0.0,0.0,18-25,<=50K
73,4,29,0,0,0,0,0,2117,0.0,0.0,66+,<=50K
18,12,37,0,0,0,0,0,666,0.0,0.0,18-25,<=50K
66,7,43,0,0,0,0,0,2838,0.0,0.0,66+,<=50K
38,9,30,0,0,0,0,0,1140,0.0,0.0,36-45,<=50K
50,12,30,0,0,0,0,0,1500,0.0,0.0,46-55,<=50K
35,10,37,0,0,0,0,0,1295,0.0,0.0,26-35,<=50K
48,2,53,0,0,0,0,0,2544,0.0,0.0,46-55,<=50K
45,1,18,0,0,0,0,0,810,0.0,0.0,36-45,<=50K
50,10,13,0,0,0,0,0,650,0.0,0.0,46-55,<=50K
42,9,57,0,0,0,0,0,2394,0.0,0.0,36-45,<=50K
51,7,25,0,0,0,0,0,1275,0.0,0.0,46-55,<=50K
69,10,36,0,0,0,0,0,2484,0.0,0.0,66+,<=50K
44,9,25,0,2422,0,1,-2422,1100,0.0,7.792761720816526,36-45,<=50K
40,10,37,0,0,0,0,0,1480,0.0,0.0,36-45,<=50K
26,9,39,0,0,0,0,0,1014,0.0,0.0,26-35,<=50K
40,8,56,0,0,0,0,0,2240,0.0,0.0,36-45,<=50K
25,6,47,0,0,0,0,0,1175,0.0,0.0,18-25,<=50K
29,9,27,0,0,0,0,0,783,0.0,0.0,26-35,<=50K
77,3,21,0,0,0,0,0,1617,0.0,0.0,66+,<=50K
23,9,45,0,0,0,0,0,1035,0.0,0.0,18-25,<=50K
47,13,35,0,3350,0,1,-3350,1645,0.0,8.11701408773731,46-55,<=50K
69,13,33,0,0,0,0,0,2277,0.0,0.0,66+,<=50K
77,9,52,0,0,0,0,0,4004,0.0,0.0,66+,<=50K
27,10,22,93364,0,1,0,93364,594,11.44427182165318,0.0,26-35,>50K
28,10,36,0,4783,0,1,-4783,1008,0.0,8.473032295630468,26-35,<=50K
41,13,46,0,0,0,0,0,1886,0.0,0.0,36-45,<=50K
52,9,28,94381,0,1,0,94381,1456,11.455105655986136,0.0,46-55,<=50K
77,9,53,0,0,0,0,0,4081,0.0,0.0,66+,<=50K
30,9,30,0,0,0,0,0,900,0.0,0.0,26-35,<=50K
28,3,39,0,0,0,0,0,1092,0.0,0.0,26-35,<=50K
33,9,33,0,0,0,0,0,1089,0.0,0.0,26-35,<=50K
72,13,13,0,0,0,0,0,936,0.0,0.0,66+,>50K
19,13,36,0,0,0,0,0,684,0.0,0.0,18-25,<=50K
41,6,48,0,0,0,0,0,1968,0.0,0.0,36-45,<=50K
25,9,30,0,0,0,0,0,750,0.0,0.0,18-25,<=50K
27,9,34,0,0,0,0,0,918,0.0,0.0,26-35,<=50K
74,9,35,0,0,0,0,0,2590,0.0,0.0,66+,<=50K
18,10,45,0,0,0,0,0,810,0.0,0.0,18-25,<=50K
37,2,36,0,0,0,0,0,1332,0.0,0.0,36-45,<=50K
74,13,40,0,0,0,0,0,2960,0.0,0.0,66+,<=50K
55,15,40,0,0,0,0,0,2200,0.0,0.0,46-55,<=50K
22,10,35,0,0,0,0,0,770,0.0,0.0,18-25,<=50K
46,10,57,0,0,0,0,0,2622,0.0,0.0,46-55,<=50K
78,10,30,0,0,0,0,0,2340,0.0,0.0,66+,<=50K
42,9,47,0,0,0,0,0,1974,0.0,0.0,36-45,<=50K
50,7,53,0,0,0,0,0,2650,0.0,0.0,46-55,<=50K
50,10,39,0,0,0,0,0,1950,0.0,0.0,46-55,>50K
58,3,41,0,0,0,0,0,2378,0.0,0.0,56-65,<=50K
29,13,45,0,0,0,0,0,1305,0.0,0.0,26-35,>50K
70,9,36,0,0,0,0,0,2520,0.0,0.0,66+,<=50K
79,9,21,0,0,0,0,0,1659,0.0,0.0,66+,<=50K
26,9,38,0,0,0,0,0,988,0.0,0.0,26-35,<=50K
68,15,56,0,0,0,0,0,3808,0.0,0.0,66+,<=50K
68,7,46,0,0,0,0,0,3128,0.0,0.0,66+,<=50K
63,7,41,0,0,0,0,0,2583,0.0,0.0,56-65,<=50K
40,7,48,0,0,0,0,0,1920,0.0,0.0,36-45,<=50K
47,10,39,0,0,0,0,0,1833,0.0,0.0,46-55,<=50K
70,16,40,0,0,0,0,0,2800,0.0,0.0,66+,>50K
27,9,36,0,0,0,0,0,972,0.0,0.0,26-35,<=50K
69,13,45,0,0,0,0,0,3105,0.0,0.0,66+,>50K
75,9,35,0,0,0,0,0,2625,0.0,0.0,66+,<=50K
60,10,37,0,0,0,0,0,2220,0.0,0.0,56-65,<=50K
39,3,49,0,0,0,0,0,1911,0.0,0.0,36-45,<=50K
52,9,38,0,0,0,0,0,1976,0.0,0.0,46-55,<=50K
21,10,46,0,0,0,0,0,966,0.0,0.0,18-25,<=50K
75,10,46,0,0,0,0,0,3450,0.0,0.0,66+,<=50K
39,9,39,0,0,0,0,0,1521,0.0,0.0,36-45,<=50K
21,13,37,0,0,0,0,0,777,0.0,0.0,18-25,<=50K
67,15,27,0,0,0,0,0,1809,0.0,0.0,66+,>50K
58,9,29,0,0,0,0,0,1682,0.0,0.0,56-65,<=50K
56,10,46,0,0,0,0,0,2576,0.0,0.0,56-65,>50K
21,12,46,0,0,0,0,0,966,0.0,0.0,18-25,<=50K
64,9,30,0,0,0,0,0,1920,0.0,0.0,56-65,<=50K
57,13,44,0,0,0,0,0,2508,0.0,0.0,56-65,<=50K
67,9,42,0,0,0,0,0,2814,0.0,0.0,66+,<=50K
69,12,49,0,0,0,0,0,3381,0.0,0.0,66+,>50K
31,6,62,0,0,0,0,0,1922,0.0,0.0,26-35,<=50K
31,9,46,0,0,0,0,0,1426,0.0,0.0,26-35,<=50K
75,10,33,0,0,0,0,0,2475,0.0,0.0,66+,>50K
50,10,47,0,0,0,0,0,2350,0.0,0.0,46-55,<=50K
45,13,30,0,0,0,0,0,1350,0.0,0.0,36-45,<=50K
35,16,62,0,0,0,0,0,2170,0.0,0.0,26-35,<=50K
57,6,28,0,0,0,0,0,1596,0.0,0.0,56-65,<=50K
64,9,44,0,3314,0,1,-3314,2816,0.0,8.106212902619962,56-65,<=50K
18,9,40,0,0,0,0,0,720,0.0,0.0,18-25,<=50K
52,9,36,38382,0,1,0,38382,1872,10.55536993221822,0.0,46-55,<=50K
79,9,35,0,1282,0,1,-1282,2765,0.0,7.1569563646156364,66+,<=50K
35,13,54,0,0,0,0,0,1890,0.0,0.0,26-35,<=50K
35,12,46,0,0,0,0,0,1610,0.0,0.0,26-35,<=50K
72,2,38,0,0,0,0,0,2736,0.0,0.0,66+,<=50K
21,9,57,0,0,0,0,0,1197,0.0,0.0,18-25,<=50K
42,10,39,0,0,0,0,0,1638,0.0,0.0,36-45,<=50K
46,9,47,0,0,0,0,0,2162,0.0,0.0,46-55,<=50K
67,6,27,0,0,0,0,0,1809,0.0,0.0,66+,<=50K
25,9,27,0,0,0,0,0,675,0.0,0.0,18-25,<=50K
44,9,47,0,0,0,0,0,2068,0.0,0.0,36-45,<=50K
27,8,43,0,0,0,0,0,1161,0.0,0.0,26-35,<=50K
66,12,61,0,0,0,0,0,4026,0.0,0.0,66+,<=50K
57,9,33,0,0,0,0,0,1881,0.0,0.0,56-65,<=50K
48,10,47,0,0,0,0,0,2256,0.0,0.0,46-55,>50K
42,10,38,0,0,0,0,0,1596,0.0,0.0,36-45,<=50K
27,13,48,0,0,0,0,0,1296,0.0,0.0,26-35,>50K
75,6,48,0,0,0,0,0,3600,0.0,0.0,66+,<=50K
58,6,40,0,0,0,0,0,2320,0.0,0.0,56-65,<=50K
37,9,33,60071,0,1,0,60071,1221,11.00329912177972,0.0,36-45,<=50K
43,9,37,0,0,0,0,0,1591,0.0,0.0,36-45,<=50K
63,9,29,13426,0,1,0,13426,1827,9.505022884072709,0.0,56-65,<=50K
62,12,44,0,0,0,0,0,2728,0.0,0.0,56-65,<=50K
46,9,12,0,0,0,0,0,552,0.0,0.0,46-55,<=50K
36,5,34,0,0,0,0,0,1224,0.0,0.0,36-45,>50K
58,9,49,0,0,0,0,0,2842,0.0,0.0,56-65,>50K
58,12,49,0,0,0,0,0,2842,0.0,0.0,56-65,>50K
55,13,24,0,0,0,0,0,1320,0.0,0.0,46-55,<=50K
22,12,46,0,0,0,0,0,1012,0.0,0.0,18-25,<=50K
47,10,29,0,0,0,0,0,1363,0.0,0.0,46-55,<=50K
56,11,36,0,0,0,0,0,2016,0.0,0.0,56-65,<=50K
76,11,48,0,3927,0,1,-3927,3648,0.0,8.275885669474356,66+,>50K
50,9,30,0,0,0,0,0,1500,0.0,0.0,46-55,>50K
39,10,54,50289,0,1,0,50289,2106,10.825561529166011,0.0,36-45,>50K
52,12,43,0,0,0,0,0,2236,0.0,0.0,46-55,>50K
28,9,45,48957,0,1,0,48957,1260,10.798718066678635,0.0,26-35,>50K
23,10,51,0,0,0,0,0,1173,0.0,0.0,18-25,<=50K
60,9,49,0,0,0,0,0,2940,0.0,0.0,56-65,<=50K
79,10,48,0,0,0,0,0,3792,0.0,0.0,66+,<=50K
70,5,33,0,0,0,0,0,2310,0.0,0.0,66+,<=50K
54,10,29,0,0,0,0,0,1566,0.0,0.0,46-55,<=50K
20,13,37,0,0,0,0,0,740,0.0,0.0,18-25,<=50K
79,6,45,0,0,0,0,0,3555,0.0,0.0,66+,<=50K
45,9,27,0,0,0,0,0,1215,0.0,0.0,36-45,<=50K
35,4,46,0,0,0,0,0,1610,0.0,0.0,26-35,<=50K
73,3,44,0,0,0,0,0,3212,0.0,0.0,66+,<=50K
64,16,38,0,0,0,0,0,2432,0.0,0.0,56-65,<=50K
64,9,41,0,0,0,0,0,2624,0.0,0.0,56-65,<=50K
35,9,41,0,0,0,0,0,1435,0.0,0.0,26-35,<=50K
79,9,44,0,0,0,0,0,3476,0.0,0.0,66+,>50K
46,15,47,0,0,0,0,0,2162,0.0,0.0,46-55,>50K
50,9,69,0,0,0,0,0,3450,0.0,0.0,46-55,<=50K
64,11,42,0,0,0,0,0,2688,0.0,0.0,56-65,<=50K
58,9,34,0,0,0,0,0,1972,0.0,0.0,56-65,<=50K
28,4,21,0,0,0,0,0,588,0.0,0.0,26-35,<=50K
36,11,26,0,0,0,0,0,936,0.0,0.0,36-45,<=50K
40,1,32,0,0,0,0,0,1280,0.0,0.0,36-45,<=50K
76,11,47,0,0,0,0,0,3572,0.0,0.0,66+,<=50K
62,9,36,0,0,0,0,0,2232,0.0,0.0,56-65,<=50K
40,12,44,0,0,0,0,0,1760,0.0,0.0,36-45,<=50K
63,12,33,0,0,0,0,0,2079,0.0,0.0,56-65,>50K
63,11,45,70934,0,1,0,70934,2835,11.169519243746086,0.0,56-65,>50K
42,3,49,0,0,0,0,0,2058,0.0,0.0,36-45,<=50K
42,11,36,0,0,0,0,0,1512,0.0,0.0,36-45,>50K
73,16,44,0,0,0,0,0,3212,0.0,0.0,66+,>50K
52,9,36,19740,0,1,0,19740,1872,9.890452970265668,0.0,46-55,>50K
27,9,28,0,0,0,0,0,756,0.0,0.0,26-35,<=50K
62,13,46,0,0,0,0,0,2852,0.0,0.0,56-65,<=50K
54,7,44,0,0,0,0,0,2376,0.0,0.0,46-55,<=50K
49,10,46,91874,3130,1,1,88744,2254,11.428184236515138,8.049107721326406,46-55,>50K
62,12,50,0,0,0,0,0,3100,0.0,0.0,56-65,>50K
74,3,38,0,0,0,0,0,2812,0.0,0.0,66+,<=50K
38,10,38,0,0,0,0,0,1444,0.0,0.0,36-45,<=50K
43,10,37,0,1141,0,1,-1141,1591,0.0,7.040536390215956,36-45,<=50K
29,9,43,0,0,0,0,0,1247,0.0,0.0,26-35,<=50K
58,13,39,0,0,0,0,0,2262,0.0,0.0,56-65,>50K
42,7,41,0,0,0,0,0,1722,0.0,0.0,36-45,<=50K
39,9,33,0,0,0,0,0,1287,0.0,0.0,36-45,<=50K
61,13,30,0,0,0,0,0,1830,0.0,0.0,56-65,<=50K
43,8,31,86434,0,1,0,86434,1333,11.367147965356887,0.0,36-45,<=50K
46,13,44,1507,0,1,0,1507,2024,7.318539548567902,0.0,46-55,>50K
45,5,40,0,0,0,0,0,1800,0.0,0.0,36-45,<=50K
34,9,35,0,0,0,0,0,1190,0.0,0.0,26-35,<=50K
25,4,47,0,0,0,0,0,1175,0.0,0.0,18-25,<=50K
69,11,55,0,0,0,0,0,3795,0.0,0.0,66+,>50K
23,12,35,12158,0,1,0,12158,805,9.405824915296419,0.0,18-25,<=50K
38,13,29,73861,0,1,0,73861,1102,11.209953766296104,0.0,36-45,>50K
59,15,49,0,0,0,0,0,2891,0.0,0.0,56-65,>50K
26,10,40,0,0,0,0,0,1040,0.0,0.0,26-35,<=50K
58,12,38,0,0,0,0,0,2204,0.0,0.0,56-65,<=50K
63,10,50,0,2700,0,1,-2700,3150,0.0,7.901377353792616,56-65,<=50K
59,13,37,0,0,0,0,0,2183,0.0,0.0,56-65,<=50K
36,10,44,0,0,0,0,0,1584,0.0,0.0,36-45,<=50K
19,13,42,0,0,0,0,0,798,0.0,0.0,18-25,<=50K
73,9,72,0,0,0,0,0,5256,0.0,0.0,66+,<=50K
38,9,39,0,0,0,0,0,1482,0.0,0.0,36-45,<=50K
67,11,49,0,0,0,0,0,3283,0.0,0.0,66+,<=50K
30,8,37,0,0,0,0,0,1110,0.0,0.0,26-35,<=50K
28,9,45,0,0,0,0,0,1260,0.0,0.0,26-35,<=50K
66,15,38,0,0,0,0,0,2508,0.0,0.0,66+,<=50K
76,9,48,0,0,0,0,0,3648,0.0,0.0,66+,>50K
71,7,39,0,0,0,0,0,2769,0.0,0.0,66+,<=50K
64,9,45,0,0,0,0,0,2880,0.0,0.0,56-65,<=50K
33,9,32,0,0,0,0,0,1056,0.0,0.0,26-35,<=50K
74,10,32,0,0,0,0,0,2368,0.0,0.0,66+,<=50K
59,14,21,0,0,0,0,0,1239,0.0,0.0,56-65,>50K
28,16,44,0,0,0,0,0,1232,0.0,0.0,26-35,<=50K
26,10,34,0,844,0,1,-844,884,0.0,6.739336627357174,26-35,<=50K
72,11,62,0,0,0,0,0,4464,0.0,0.0,66+,<=50K
35,9,35,0,0,0,0,0,1225,0.0,0.0,26-35,<=50K
65,13,52,0,0,0,0,0,3380,0.0,0.0,56-65,<=50K
26,9,51,0,0,0,0,0,1326,0.0,0.0,26-35,<=50K
35,5,38,0,0,0,0,0,1330,0.0,0.0,26-35,<=50K
35,15,33,0,0,0,0,0,1155,0.0,0.0,26-35,<=50K
35,13,39,5984,0,1,0,5984,1365,8.697011617992073,0.0,26-35,<=50K
59,9,51,0,3878,0,1,-3878,3009,0.0,8.263332667439967,56-65,<=50K
74,11,63,0,0,0,0,0,4662,0.0,0.0,66+,<=50K
74,9,28,0,0,0,0,0,2072,0.0,0.0,66+,<=50K
63,9,40,0,0,0,0,0,2520,0.0,0.0,56-65,<=50K
30,9,34,0,0,0,0,0,1020,0.0,0.0,26-35,<=50K
77,6,36,0,0,0,0,0,2772,0.0,0.0,66+,<=50K
51,10,57,0,0,0,0,0,2907,0.0,0.0,46-55,<=50K
51,9,32,0,0,0,0,0,1632,0.0,0.0,46-55,<=50K
61,10,24,0,0,0,0,0,1464,0.0,0.0,56-65,<=50K
65,9,42,0,0,0,0,0,2730,0.0,0.0,56-65,<=50K
77,14,44,0,0,0,0,0,3388,0.0,0.0,66+,>50K
54,10,36,0,0,0,0,0,1944,0.0,0.0,46-55,<=50K
55,13,33,0,0,0,0,0,1815,0.0,0.0,46-55,>50K
64,6,42,0,0,0,0,0,2688,0.0,0.0,56-65,<=50K
33,10,27,71740,0,1,0,71740,891,11.180817690214102,0.0,26-35,<=50K
37,13,44,0,0,0,0,0,1628,0.0,0.0,36-45,<=50K
56,9,37,0,0,0,0,0,2072,0.0,0.0,56-65,<=50K
21,8,54,0,0,0,0,0,1134,0.0,0.0,18-25,<=50K
37,9,43,0,0,0,0,0,1591,0.0,0.0,36-45,<=50K
62,9,38,0,0,0,0,0,2356,0.0,0.0,56-65,<=50K
78,9,38,0,0,0,0,0,2964,0.0,0.0,66+,>50K
50,9,21,0,0,0,0,0,1050,0.0,0.0,46-55,<=50K
42,9,39,0,0,0,0,0,1638,0.0,0.0,36-45,<=50K
45,10,38,0,0,0,0,0,1710,0.0,0.0,36-45,<=50K
60,4,41,0,0,0,0,0,2460,0.0,0.0,56-65,<=50K
51,9,38,0,0,0,0,0,1938,0.0,0.0,46-55,>50K
19,11,54,99138,0,1,0,99138,1026,11.504278184777677,0.0,18-25,>50K
51,7,37,0,0,0,0,0,1887,0.0,0.0,46-55,<=50K
42,9,32,0,0,0,0,0,1344,0.0,0.0,36-45,<=50K
61,8,23,0,0,0,0,0,1403,0.0,0.0,56-65,<=50K
72,1,36,0,0,0,0,0,2592,0.0,0.0,66+,<=50K
77,9,30,92212,0,1,0,92212,2310,11.431856397436228,0.0,66+,>50K
55,3,27,0,0,0,0,0,1485,0.0,0.0,46-55,<=50K
40,9,37,0,0,0,0,0,1480,0.0,0.0,36-45,<=50K
45,16,51,0,0,0,0,0,2295,0.0,0.0,36-45,<=50K
28,14,49,37276,0,1,0,37276,1372,10.52613179345847,0.0,26-35,>50K
76,9,27,0,0,0,0,0,2052,0.0,0.0,66+,<=50K
70,9,40,29924,0,1,0,29924,2800,10.306449530426175,0.0,66+,>50K
70,9,44,0,0,0,0,0,3080,0.0,0.0,66+,<=50K
38,13,46,35483,0,1,0,35483,1748,10.476837169640477,0.0,36-45,>50K
37,13,56,0,0,0,0,0,2072,0.0,0.0,36-45,<=50K
71,6,28,0,0,0,0,0,1988,0.0,0.0,66+,<=50K
51,6,31,0,0,0,0,0,1581,0.0,0.0,46-55,<=50K
61,9,33,0,0,0,0,0,2013,0.0,0.0,56-65,<=50K
48,13,44,0,0,0,0,0,2112,0.0,0.0,46-55,<=50K
45,13,13,0,0,0,0,0,585,0.0,0.0,36-45,<=50K
57,6,38,0,708,0,1,-708,2166,0.0,6.5638555265321274,56-65,<=50K
68,10,22,0,0,0,0,0,1496,0.0,0.0,66+,>50K
38,7,40,0,0,0,0,0,1520,0.0,0.0,36-45,<=50K
68,11,61,0,0,0,0,0,4148,0.0,0.0,66+,<=50K
33,13,49,0,0,0,0,0,1617,0.0,0.0,26-35,<=50K
42,9,28,0,0,0,0,0,1176,0.0,0.0,36-45,<=50K
74,5,36,0,0,0,0,0,2664,0.0,0.0,66+,<=50K
77,10,31,0,0,0,0,0,2387,0.0,0.0,66+,<=50K
75,9,53,0,0,0,0,0,3975,0.0,0.0,66+,>50K
37,13,18,0,0,0,0,0,666,0.0,0.0,36-45,<=50K
70,9,36,0,0,0,0,0,2520,0.0,0.0,66+,<=50K
76,13,33,0,2084,0,1,-2084,2508,0.0,7.642524134232902,66+,>50K
78,9,28,0,0,0,0,0,2184,0.0,0.0,66+,<=50K
19,7,57,0,0,0,0,0,1083,0.0,0.0,18-25,<=50K
64,9,24,0,0,0,0,0,1536,0.0,0.0,56-65,<=50K
79,3,28,0,0,0,0,0,2212,0.0,0.0,66+,<=50K
65,9,56,0,0,0,0,0,3640,0.0,0.0,56-65,<=50K
32,10,39,0,0,0,0,0,1248,0.0,0.0,26-35,<=50K
65,6,38,0,0,0,0,0,2470,0.0,0.0,56-65,<=50K
24,6,34,0,0,0,0,0,816,0.0,0.0,18-25,<=50K
47,6,40,0,0,0,0,0,1880,0.0,0.0,46-55,<=50K
56,4,36,0,0,0,0,0,2016,0.0,0.0,56-65,<=50K
46,13,33,0,0,0,0,0,1518,0.0,0.0,46-55,<=50K
61,14,26,0,0,0,0,0,1586,0.0,0.0,56-65,<=50K
32,3,40,0,0,0,0,0,1280,0.0,0.0,26-35,<=50K
55,12,34,0,0,0,0,0,1870,0.0,0.0,46-55,>50K
57,12,35,0,0,0,0,0,1995,0.0,0.0,56-65,>50K
57,16,47,0,0,0,0,0,2679,0.0,0.0,56-65,>50K
35,9,35,0,0,0,0,0,1225,0.0,0.0,26-35,<=50K
36,9,39,0,0,0,0,0,1404,0.0,0.0,36-45,<=50K
33,9,57,0,0,0,0,0,1881,0.0,0.0,26-35,<=50K
46,13,44,0,0,0,0,0,2024,0.0,0.0,46-55,<=50K
54,11,35,0,0,0,0,0,1890,0.0,0.0,46-55,<=50K
40,9,29,57742,0,1,0,57742,1160,10.963757408916045,0.0,36-45,>50K
43,9,39,47577,0,1,0,47577,1677,10.770125748505212,0.0,36-45,<=50K
35,11,48,0,0,0,0,0,1680,0.0,0.0,26-35,<=50K
31,13,34,0,0,0,0,0,1054,0.0,0.0,26-35,>50K
58,9,40,0,0,0,0,0,2320,0.0,0.0,56-65,<=50K
68,10,34,0,0,0,0,0,2312,0.0,0.0,66+,<=50K
36,9,36,0,2249,0,1,-2249,1296,0.0,7.718685495198466,36-45,<=50K
71,9,27,1932,0,1,0,1932,1917,7.566828479208331,0.0,66+,<=50K
53,10,42,0,0,0,0,0,2226,0.0,0.0,46-55,<=50K
28,12,41,0,0,0,0,0,1148,0.0,0.0,26-35,<=50K
40,15,54,0,0,0,0,0,2160,0.0,0.0,36-45,>50K
18,9,40,0,0,0,0,0,720,0.0,0.0,18-25,<=50K
20,9,32,0,0,0,0,0,640,0.0,0.0,18-25,<=50K
38,9,54,0,0,0,0,0,2052,0.0,0.0,36-45,<=50K
46,6,43,0,0,0,0,0,1978,0.0,0.0,46-55,<=50K
67,9,41,0,531,0,1,-531,2747,0.0,6.2766434893416445,66+,<=50K
26,5,39,0,0,0,0,0,1014,0.0,0.0,26-35,<=50K
70,9,41,0,0,0,0,0,2870,0.0,0.0,66+,<=50K
32,7,31,0,0,0,0,0,992,0.0,0.0,26-35,<=50K
26,9,38,0,0,0,0,0,988,0.0,0.0,26-35,<=50K
61,13,37,33171,0,1,0,33171,2257,10.409461425571095,0.0,56-65,>50K
66,9,43,17293,353,1,1,16940,2838,9.758114899520375,5.869296913133774,66+,<=50K
55,10,50,0,0,0,0,0,2750,0.0,0.0,46-55,<=50K
25,13,49,0,0,0,0,0,1225,0.0,0.0,18-25,<=50K
25,10,44,0,0,0,0,0,1100,0.0,0.0,18-25,<=50K
42,8,22,0,0,0,0,0,924,0.0,0.0,36-45,>50K
45,9,35,0,0,0,0,0,1575,0.0,0.0,36-45,<=50K
79,10,21,60494,0,1,0,60494,1659,11.010315995975578,0.0,66+,>50K
35,10,50,0,2898,0,1,-2898,1750,0.0,7.972121128921655,26-35,<=50K
29,7,38,0,0,0,0,0,1102,0.0,0.0,26-35,<=50K
76,9,38,0,0,0,0,0,2888,0.0,0.0,66+,<=50K
27,10,32,0,0,0,0,0,864,0.0,0.0,26-35,<=50K
19,9,52,0,0,0,0,0,988,0.0,0.0,18-25,<=50K
44,10,40,0,0,0,0,0,1760,0.0,0.0,36-45,<=50K
42,4,38,0,0,0,0,0,1596,0.0,0.0,36-45,<=50K
56,9,41,0,0,0,0,0,2296,0.0,0.0,56-65,<=50K
72,13,41,0,0,0,0,0,2952,0.0,0.0,66+,<=50K
75,9,38,0,4093,0,1,-4093,2850,0.0,8.317277766221235,66+,>50K
35,10,52,0,0,0,0,0,1820,0.0,0.0,26-35,<=50K
78,9,52,0,0,0,0,0,4056,0.0,0.0,66+,<=50K
57,9,40,0,0,0,0,0,2280,0.0,0.0,56-65,<=50K
22,13,32,0,0,0,0,0,704,0.0,0.0,18-25,<=50K
76,9,43,0,4986,0,1,-4986,3268,0.0,8.514589805546123,66+,<=50K
26,9,33,0,0,0,0,0,858,0.0,0.0,26-35,<=50K
54,13,54,59861,0,1,0,59861,2916,10.999797192141562,0.0,46-55,>50K
67,12,55,0,2891,0,1,-2891,3685,0.0,7.969703583278656,66+,>50K
33,11,46,0,0,0,0,0,1518,0.0,0.0,26-35,<=50K
34,4,28,0,0,0,0,0,952,0.0,0.0,26-35,<=50K
47,6,35,0,0,0,0,0,1645,0.0,0.0,46-55,<=50K
72,10,37,0,0,0,0,0,2664,0.0,0.0,66+,>50K
31,9,31,0,0,0,0,0,961,0.0,0.0,26-35,<=50K
59,9,36,0,0,0,0,0,2124,0.0,0.0,56-65,<=50K
46,12,42,0,0,0,0,0,1932,0.0,0.0,46-55,>50K
24,9,45,0,0,0,0,0,1080,0.0,0.0,18-25,<=50K
62,4,52,0,0,0,0,0,3224,0.0,0.0,56-65,<=50K
69,3,39,0,0,0,0,0,2691,0.0,0.0,66+,<=50K
53,9,36,0,0,0,0,0,1908,0.0,0.0,46-55,<=50K
28,10,26,0,0,0,0,0,728,0.0,0.0,26-35,<=50K
27,13,43,0,0,0,0,0,1161,0.0,0.0,26-35,<=50K
44,6,35,0,0,0,0,0,1540,0.0,0.0,36-45,<=50K
49,8,37,0,0,0,0,0,1813,0.0,0.0,46-55,<=50K
52,10,34,0,0,0,0,0,1768,0.0,0.0,46-55,<=50K
33,9,34,0,0,0,0,0,1122,0.0,0.0,26-35,<=50K
49,9,46,0,0,0,0,0,2254,0.0,0.0,46-55,>50K
36,14,39,0,0,0,0,0,1404,0.0,0.0,36-45,<=50K
60,10,55,0,0,0,0,0,3300,0.0,0.0,56-65,<=50K
67,9,28,0,0,0,0,0,1876,0.0,0.0,66+,<=50K
58,16,52,0,0,0,0,0,3016,0.0,0.0,56-65,>50K
18,4,34,0,0,0,0,0,612,0.0,0.0,18-25,<=50K
79,14,39,0,0,0,0,0,3081,0.0,0.0,66+,>50K
19,10,44,0,0,0,0,0,836,0.0,0.0,18-25,<=50K
79,10,50,0,0,0,0,0,3950,0.0,0.0,66+,<=50K
19,14,50,0,0,0,0,0,950,0.0,0.0,18-25,<=50K
50,10,50,0,0,0,0,0,2500,0.0,0.0,46-55,<=50K
24,9,37,0,0,0,0,0,888,0.0,0.0,18-25,<=50K
23,9,57,0,0,0,0,0,1311,0.0,0.0,18-25,<=50K
60,10,45,0,0,0,0,0,2700,0.0,0.0,56-65,>50K
63,10,10,0,0,0,0,0,630,0.0,0.0,56-65,<=50K
25,9,40,0,0,0,0,0,1000,0.0,0.0,18-25,<=50K
78,11,36,0,0,0,0,0,2808,0.0,0.0,66+,<=50K
37,10,36,0,0,0,0,0,1332,0.0,0.0,36-45,<=50K
37,9,46,0,0,0,0,0,1702,0.0,0.0,36-45,<=50K
36,1,43,0,0,0,0,0,1548,0.0,0.0,36-45,<=50K
46,9,33,0,0,0,0,0,1518,0.0,0.0,46-55,<=50K
29,2,55,0,0,0,0,0,1595,0.0,0.0,26-35,<=50K
44,4,27,0,0,0,0,0,1188,0.0,0.0,36-45,<=50K
31,9,26,0,0,0,0,0,806,0.0,0.0,26-35,<=50K
21,5,29,0,0,0,0,0,609,0.0,0.0,18-25,<=50K
40,9,44,0,0,0,0,0,1760,0.0,0.0,36-45,<=50K
59,10,43,0,0,0,0,0,2537,0.0,0.0,56-65,<=50K
65,9,31,0,0,0,0,0,2015,0.0,0.0,56-65,<=50K
39,16,34,67368,0,1,0,67368,1326,11.117940250442434,0.0,36-45,>50K
38,13,40,0,0,0,0,0,1520,0.0,0.0,36-45,>50K
66,10,29,68856,0,1,0,68856,1914,11.139787169286475,0.0,66+,<=50K
60,15,48,0,0,0,0,0,2880,0.0,0.0,56-65,<=50K
69,13,55,0,0,0,0,0,3795,0.0,0.0,66+,>50K
74,9,38,0,0,0,0,0,2812,0.0,0.0,66+,<=50K
68,12,43,82072,0,1,0,82072,2924,11.315364374116752,0.0,66+,>50K
76,6,41,0,0,0,0,0,3116,0.0,0.0,66+,<=50K
43,11,53,0,0,0,0,0,2279,0.0,0.0,36-45,<=50K
42,9,59,44871,0,1,0,44871,2478,10.711569271188173,0.0,36-45,<=50K
37,2,36,0,0,0,0,0,1332,0.0,0.0,36-45,<=50K
32,9,40,0,0,0,0,0,1280,0.0,0.0,26-35,<=50K
64,14,48,0,0,0,0,0,3072,0.0,0.0,56-65,>50K
62,9,43,0,0,0,0,0,2666,0.0,0.0,56-65,<=50K
67,7,30,0,0,0,0,0,2010,0.0,0.0,66+,<=50K
28,8,22,0,0,0,0,0,616,0.0,0.0,26-35,<=50K
48,9,34,0,0,0,0,0,1632,0.0,0.0,46-55,<=50K
31,13,43,0,0,0,0,0,1333,0.0,0.0,26-35,<=50K
73,12,36,0,0,0,0,0,2628,0.0,0.0,66+,<=50K
34,9,29,0,0,0,0,0,986,0.0,0.0,26-35,<=50K
26,8,34,0,0,0,0,0,884,0.0,0.0,26-35,<=50K
53,3,58,0,0,0,0,0,3074,0.0,0.0,46-55,<=50K
72,9,28,0,0,0,0,0,2016,0.0,0.0,66+,<=50K
74,13,36,0,4394,0,1,-4394,2664,0.0,8.388222810119277,66+,>50K
23,11,34,0,0,0,0,0,782,0.0,0.0,18-25,<=50K
38,9,59,0,0,0,0,0,2242,0.0,0.0,36-45,<=50K
27,10,25,0,2437,0,1,-2437,675,0.0,7.798933310041217,26-35,<=50K
37,9,32,0,0,0,0,0,1184,0.0,0.0,36-45,<=50K
51,10,40,0,0,0,0,0,2040,0.0,0.0,46-55,<=50K
35,10,41,0,0,0,0,0,1435,0.0,0.0,26-35,<=50K
22,11,51,0,0,0,0,0,1122,0.0,0.0,18-25,<=50K
49,10,50,0,0,0,0,0,2450,0.0,0.0,46-55,<=50K
21,14,33,0,0,0,0,0,693,0.0,0.0,18-25,>50K
32,9,43,0,0,0,0,0,1376,0.0,0.0,26-35,<=50K
18,2,38,0,0,0,0,0,684,0.0,0.0,18-25,<=50K
23,9,35,0,0,0,0,0,805,0.0,0.0,18-25,<=50K
45,10,50,0,0,0,0,0,2250,0.0,0.0,36-45,<=50K
70,10,42,0,0,0,0,0,2940,0.0,0.0,66+,<=50K
66,10,56,467,0,1,0,467,3696,6.148468295917647,0.0,66+,<=50K
24,11,44,0,0,0,0,0,1056,0.0,0.0,18-25,<=50K
20,9,49,0,0,0,0,0,980,0.0,0.0,18-25,<=50K
38,10,12,0,0,0,0,0,456,0.0,0.0,36-45,<=50K
58,11,41,0,0,0,0,0,2378,0.0,0.0,56-65,<=50K
64,9,44,0,0,0,0,0,2816,0.0,0.0,56-65,<=50K
69,9,45,0,0,0,0,0,3105,0.0,0.0,66+,<=50K
39,7,55,0,0,0,0,0,2145,0.0,0.0,36-45,<=50K
28,9,46,0,0,0,0,0,1288,0.0,0.0,26-35,<=50K
19,12,28,0,0,0,0,0,532,0.0,0.0,18-25,>50K
27,13,45,0,0,0,0,0,1215,0.0,0.0,26-35,<=50K
22,10,48,53540,0,1,0,53540,1056,10.888202994524125,0.0,18-25,<=50K
71,9,34,0,0,0,0,0,2414,0.0,0.0,66+,<=50K
34,11,36,0,0,0,0,0,1224,0.0,0.0,26-35,<=50K
69,12,48,0,0,0,0,0,3312,0.0,0.0,66+,>50K
52,9,40,0,0,0,0,0,2080,0.0,0.0,46-55,<=50K
51,13,51,0,0,0,0,0,2601,0.0,0.0,46-55,<=50K
46,4,42,0,0,0,0,0,1932,0.0,0.0,46-55,<=50K
68,2,18,0,0,0,0,0,1224,0.0,0.0,66+,<=50K
20,6,40,0,4158,0,1,-4158,800,0.0,8.33302993974291,18-25,<=50K
23,7,36,0,0,0,0,0,828,0.0,0.0,18-25,<=50K
44,13,46,0,0,0,0,0,2024,0.0,0.0,36-45,<=50K
42,9,44,76740,0,1,0,76740,1848,11.248191394729853,0.0,36-45,>50K
51,9,30,85214,0,1,0,85214,1530,11.352932753659337,0.0,46-55,<=50K
63,9,42,0,0,0,0,0,2646,0.0,0.0,56-65,<=50K
54,9,45,0,0,0,0,0,2430,0.0,0.0,46-55,<=50K
33,9,44,0,0,0,0,0,1452,0.0,0.0,26-35,<=50K
38,6,50,0,0,0,0,0,1900,0.0,0.0,36-45,<=50K
64,10,30,0,0,0,0,0,1920,0.0,0.0,56-65,<=50K
30,6,38,0,0,0,0,0,1140,0.0,0.0,26-35,<=50K
49,12,17,0,0,0,0,0,833,0.0,0.0,46-55,<=50K
51,8,52,0,0,0,0,0,2652,0.0,0.0,46-55,<=50K
64,11,41,0,2893,0,1,-2893,2624,0.0,7.970394907191429,56-65,>50K
62,13,39,0,0,0,0,0,2418,0.0,0.0,56-65,<=50K
46,6,39,0,0,0,0,0,1794,0.0,0.0,46-55,<=50K
37,5,45,0,0,0,0,0,1665,0.0,0.0,36-45,<=50K
40,14,50,0,0,0,0,0,2000,0.0,0.0,36-45,<=50K
43,9,37,0,0,0,0,0,1591,0.0,0.0,36-45,<=50K
31,10,44,0,0,0,0,0,1364,0.0,0.0,26-35,<=50K
56,2,44,0,0,0,0,0,2464,0.0,0.0,56-65,<=50K
30,9,18,0,0,0,0,0,540,0.0,0.0,26-35,<=50K
58,10,33,0,0,0,0,0,1914,0.0,0.0,56-65,<=50K
64,13,44,0,0,0,0,0,2816,0.0,0.0,56-65,<=50K
77,9,52,0,0,0,0,0,4004,0.0,0.0,66+,>50K
25,12,54,0,0,0,0,0,1350,0.0,0.0,18-25,<=50K
65,10,28,0,0,0,0,0,1820,0.0,0.0,56-65,<=50K
23,6,50,0,0,0,0,0,1150,0.0,0.0,18-25,<=50K
38,9,50,0,0,0,0,0,1900,0.0,0.0,36-45,<=50K
28,9,44,0,0,0,0,0,1232,0.0,0.0,26-35,<=50K
28,9,20,0,0,0,0,0,560,0.0,0.0,26-35,<=50K
28,10,35,0,0,0,0,0,980,0.0,0.0,26-35,<=50K
20,9,41,0,1777,0,1,-1777,820,0.0,7.48324441607385,18-25,<=50K
69,9,38,0,2027,0,1,-2027,2622,0.0,7.614805364711073,66+,<=50K
21,11,18,0,0,0,0,0,378,0.0,0.0,18-25,<=50K
42,10,37,0,0,0,0,0,1554,0.0,0.0,36-45,<=50K
61,10,31,92973,0,1,0,92973,1891,11.440075163155973,0.0,56-65,>50K
79,10,46,0,0,0,0,0,3634,0.0,0.0,66+,<=50K
70,9,45,0,0,0,0,0,3150,0.0,0.0,66+,<=50K
26,11,45,0,0,0,0,0,1170,0.0,0.0,26-35,<=50K
79,9,36,0,0,0,0,0,2844,0.0,0.0,66+,<=50K
58,9,40,0,1766,0,1,-1766,2320,0.0,7.4770384723196965,56-65,<=50K
29,7,39,0,0,0,0,0,1131,0.0,0.0,26-35,<=50K
45,10,49,0,0,0,0,0,2205,0.0,0.0,36-45,<=50K
74,10,35,0,0,0,0,0,2590,0.0,0.0,66+,<=50K
42,9,32,0,0,0,0,0,1344,0.0,0.0,36-45,<=50K
29,13,50,0,0,0,0,0,1450,0.0,0.0,26-35,<=50K
72,13,48,0,0,0,0,0,3456,0.0,0.0,66+,>50K
77,6,45,0,0,0,0,0,3465,0.0,0.0,66+,<=50K
78,11,56,0,0,0,0,0,4368,0.0,0.0,66+,<=50K
77,9,61,0,0,0,0,0,4697,0.0,0.0,66+,<=50K
72,16,52,0,0,0,0,0,3744,0.0,0.0,66+,>50K
46,9,33,0,0,0,0,0,1518,0.0,0.0,46-55,<=50K
29,9,48,0,0,0,0,0,1392,0.0,0.0,26-35,<=50K
56,9,41,0,0,0,0,0,2296,0.0,0.0,56-65,>50K
31,9,34,0,0,0,0,0,1054,0.0,0.0,26-35,<=50K
47,11,33,0,0,0,0,0,1551,0.0,0.0,46-55,>50K
58,9,43,0,1224,0,1,-1224,2494,0.0,7.110696122978827,56-65,<=50K
76,9,48,0,0,0,0,0,3648,0.0,0.0,66+,>50K
35,10,54,0,0,0,0,0,1890,0.0,0.0,26-35,<=50K
33,13,47,0,0,0,0,0,1551,0.0,0.0,26-35,>50K
63,13,46,0,0,0,0,0,2898,0.0,0.0,56-65,<=50K
18,9,38,0,0,0,0,0,684,0.0,0.0,18-25,<=50K
53,9,42,0,0,0,0,0,2226,0.0,0.0,46-55,<=50K
64,7,25,0,0,0,0,0,1600,0.0,0.0,56-65,<=50K
52,13,46,0,0,0,0,0,2392,0.0,0.0,46-55,<=50K
41,11,44,0,0,0,0,0,1804,0.0,0.0,36-45,<=50K
69,10,59,0,817,0,1,-817,4071,0.0,6.706862336602747,66+,<=50K
41,13,40,0,0,0,0,0,1640,0.0,0.0,36-45,<=50K
62,6,52,0,0,0,0,0,3224,0.0,0.0,56-65,>50K
46,11,35,0,0,0,0,0,1610,0.0,0.0,46-55,<=50K
19,9,57,0,0,0,0,0,1083,0.0,0.0,18-25,<=50K
50,6,54,0,0,0,0,0,2700,0.0,0.0,46-55,<=50K
21,9,51,0,0,0,0,0,1071,0.0,0.0,18-25,<=50K
75,9,41,0,0,0,0,0,3075,0.0,0.0,66+,<=50K
55,14,38,0,0,0,0,0,2090,0.0,0.0,46-55,<=50K
41,9,36,68398,0,1,0,68398,1476,11.133113483620729,0.0,36-45,>50K
48,13,30,0,0,0,0,0,1440,0.0,0.0,46-55,<=50K
56,12,45,0,0,0,0,0,2520,0.0,0.0,56-65,<=50K
34,10,38,0,0,0,0,0,1292,0.0,0.0,26-35,<=50K
35,14,44,0,0,0,0,0,1540,0.0,0.0,26-35,<=50K
43,9,42,0,0,0,0,0,1806,0.0,0.0,36-45,<=50K
34,9,29,0,0,0,0,0,986,0.0,0.0,26-35,<=50K
64,7,51,0,0,0,0,0,3264,0.0,0.0,56-65,<=50K
24,9,41,0,0,0,0,0,984,0.0,0.0,18-25,<=50K
69,13,49,39315,0,1,0,39315,3381,10.57938683968652,0.0,66+,>50K
39,9,28,0,0,0,0,0,1092,0.0,0.0,36-45,<=50K
52,9,32,0,1112,0,1,-1112,1664,0.0,7.014814351275545,46-55,<=50K
27,9,36,0,0,0,0,0,972,0.0,0.0,26-35,<=50K
41,9,42,4383,0,1,0,4383,1722,8.385716828627851,0.0,36-45,<=50K
64,11,39,0,0,0,0,0,2496,0.0,0.0,56-65,<=50K
34,9,54,0,0,0,0,0,1836,0.0,0.0,26-35,<=50K
26,12,50,0,0,0,0,0,1300,0.0,0.0,26-35,<=50K
50,10,33,0,0,0,0,0,1650,0.0,0.0,46-55,<=50K
28,12,69,0,0,0,0,0,1932,0.0,0.0,26-35,<=50K
37,9,39,0,0,0,0,0,1443,0.0,0.0,36-45,<=50K
45,10,53,0,0,0,0,0,2385,0.0,0.0,36-45,<=50K
52,7,37,0,0,0,0,0,1924,0.0,0.0,46-55,<=50K
57,9,46,0,0,0,0,0,2622,0.0,0.0,56-65,<=50K
59,11,49,0,0,0,0,0,2891,0.0,0.0,56-65,>50K
70,10,25,0,0,0,0,0,1750,0.0,0.0,66+,>50K
22,8,57,0,0,0,0,0,1254,0.0,0.0,18-25,<=50K
40,13,32,0,0,0,0,0,1280,0.0,0.0,36-45,>50K
18,4,37,0,0,0,0,0,666,0.0,0.0,18-25,<=50K
18,10,34,0,0,0,0,0,612,0.0,0.0,18-25,<=50K
31,15,34,0,0,0,0,0,1054,0.0,0.0,26-35,<=50K
55,10,35,0,0,0,0,0,1925,0.0,0.0,46-55,<=50K
73,13,28,0,0,0,0,0,2044,0.0,0.0,66+,<=50K
65,10,48,0,0,0,0,0,3120,0.0,0.0,56-65,<=50K
58,12,41,0,0,0,0,0,2378,0.0,0.0,56-65,<=50K
66,10,39,57028,0,1,0,57028,2574,10.951315189365955,0.0,66+,<=50K
28,11,50,0,0,0,0,0,1400,0.0,0.0,26-35,<=50K
70,9,58,0,0,0,0,0,4060,0.0,0.0,66+,>50K
73,12,24,0,0,0,0,0,1752,0.0,0.0,66+,<=50K
23,9,56,0,0,0,0,0,1288,0.0,0.0,18-25,<=50K
47,15,40,0,0,0,0,0,1880,0.0,0.0,46-55,>50K
69,9,26,0,0,0,0,0,1794,0.0,0.0,66+,<=50K
47,9,44,0,0,0,0,0,2068,0.0,0.0,46-55,<=50K
70,13,39,0,0,0,0,0,2730,0.0,0.0,66+,<=50K
76,9,49,0,0,0,0,0,3724,0.0,0.0,66+,>50K
47,9,41,0,0,0,0,0,1927,0.0,0.0,46-55,<=50K
21,11,44,0,0,0,0,0,924,0.0,0.0,18-25,<=50K
39,7,36,0,0,0,0,0,1404,0.0,0.0,36-45,<=50K
31,7,30,0,0,0,0,0,930,0.0,0.0,26-35,<=50K
47,9,47,0,0,0,0,0,2209,0.0,0.0,46-55,>50K
54,9,35,0,2235,0,1,-2235,1890,0.0,7.71244383427499,46-55,<=50K
46,9,44,0,0,0,0,0,2024,0.0,0.0,46-55,>50K
30,2,55,0,898,0,1,-898,1650,0.0,6.80128303447162,26-35,<=50K
36,9,38,0,0,0,0,0,1368,0.0,0.0,36-45,<=50K
60,9,47,0,0,0,0,0,2820,0.0,0.0,56-65,<=50K
19,3,40,0,0,0,0,0,760,0.0,0.0,18-25,<=50K
31,10,36,0,0,0,0,0,1116,0.0,0.0,26-35,<=50K
73,10,24,0,0,0,0,0,1752,0.0,0.0,66+,<=50K
24,4,40,0,0,0,0,0,960,0.0,0.0,18-25,<=50K
43,9,38,0,0,0,0,0,1634,0.0,0.0,36-45,<=50K
30,13,31,0,0,0,0,0,930,0.0,0.0,26-35,<=50K
24,10,20,0,0,0,0,0,480,0.0,0.0,18-25,<=50K
44,9,23,0,0,0,0,0,1012,0.0,0.0,36-45,<=50K
50,9,58,60596,0,1,0,60596,2900,11.0120006658815,0.0,46-55,>50K
28,8,40,0,0,0,0,0,1120,0.0,0.0,26-35,<=50K
22,13,26,0,0,0,0,0,572,0.0,0.0,18-25,<=50K
26,13,34,0,0,0,0,0,884,0.0,0.0,26-35,<=50K
58,13,40,0,0,0,0,0,2320,0.0,0.0,56-65,<=50K
71,9,44,0,0,0,0,0,3124,0.0,0.0,66+,<=50K
29,9,38,0,0,0,0,0,1102,0.0,0.0,26-35,<=50K
37,7,60,0,0,0,0,0,2220,0.0,0.0,36-45,<=50K
39,9,61,0,0,0,0,0,2379,0.0,0.0,36-45,<=50K
40,9,44,0,0,0,0,0,1760,0.0,0.0,36-45,>50K
33,10,36,0,0,0,0,0,1188,0.0,0.0,26-35,<=50K
21,8,44,0,0,0,0,0,924,0.0,0.0,18-25,<=50K
50,14,27,0,0,0,0,0,1350,0.0,0.0,46-55,<=50K
40,5,50,0,1359,0,1,-1359,2000,0.0,7.215239978730097,36-45,<=50K
39,2,42,0,0,0,0,0,1638,0.0,0.0,36-45,<=50K
34,13,28,0,0,0,0,0,952,0.0,0.0,26-35,>50K
75,11,34,0,0,0,0,0,2550,0.0,0.0,66+,<=50K
55,9,46,0,0,0,0,0,2530,0.0,0.0,46-55,<=50K
43,10,23,0,0,0,0,0,989,0.0,0.0,36-45,<=50K
30,9,31,0,0,0,0,0,930,0.0,0.0,26-35,<=50K
67,7,35,0,0,0,0,0,2345,0.0,0.0,66+,>50K
73,9,50,0,0,0,0,0,3650,0.0,0.0,66+,<=50K
20,9,57,0,0,0,0,0,1140,0.0,0.0,18-25,<=50K
75,10,44,0,0,0,0,0,3300,0.0,0.0,66+,>50K
61,9,8,0,0,0,0,0,488,0.0,0.0,56-65,<=50K
24,10,29,0,0,0,0,0,696,0.0,0.0,18-25,<=50K
64,12,75,0,0,0,0,0,4800,0.0,0.0,56-65,>50K
24,7,42,0,0,0,0,0,1008,0.0,0.0,18-25,<=50K
21,3,14,0,0,0,0,0,294,0.0,0.0,18-25,<=50K
25,9,64,12597,0,1,0,12597,1600,9.441293350181875,0.0,18-25,<=50K
46,12,27,0,0,0,0,0,1242,0.0,0.0,46-55,<=50K
56,10,46,0,0,0,0,0,2576,0.0,0.0,56-65,<=50K
43,11,29,0,0,0,0,0,1247,0.0,0.0,36-45,<=50K
25,9,62,0,0,0,0,0,1550,0.0,0.0,18-25,<=50K
30,9,26,0,0,0,0,0,780,0.0,0.0,26-35,<=50K
70,10,34,0,0,0,0,0,2380,0.0,0.0,66+,>50K
77,8,50,54719,0,1,0,54719,3850,10.909984552296432,0.0,66+,>50K
64,11,34,0,0,0,0,0,2176,0.0,0.0,56-65,>50K
24,8,45,0,0,0,0,0,1080,0.0,0.0,18-25,<=50K
68,9,48,0,0,0,0,0,3264,0.0,0.0,66+,<=50K
60,10,42,0,0,0,0,0,2520,0.0,0.0,56-65,<=50K
50,9,29,0,0,0,0,0,1450,0.0,0.0,46-55,<=50K
26,10,32,0,0,0,0,0,832,0.0,0.0,26-35,<=50K
79,9,36,0,0,0,0,0,2844,0.0,0.0,66+,<=50K
45,14,46,0,1553,0,1,-1553,2070,0.0,7.348587530927593,36-45,<=50K
20,13,48,0,0,0,0,0,960,0.0,0.0,18-25,<=50K
31,13,42,0,0,0,0,0,1302,0.0,0.0,26-35,<=50K
42,10,47,0,0,0,0,0,1974,0.0,0.0,36-45,<=50K
21,10,24,0,2731,0,1,-2731,504,0.0,7.912789220690681,18-25,<=50K
38,10,43,0,0,0,0,0,1634,0.0,0.0,36-45,<=50K
47,9,39,0,0,0,0,0,1833,0.0,0.0,46-55,<=50K
76,9,45,0,0,0,0,0,3420,0.0,0.0,66+,<=50K
23,10,48,0,0,0,0,0,1104,0.0,0.0,18-25,<=50K
53,3,29,95908,0,1,0,95908,1537,11.471155104226186,0.0,46-55,>50K
74,2,39,0,0,0,0,0,2886,0.0,0.0,66+,<=50K
67,13,53,0,0,0,0,0,3551,0.0,0.0,66+,>50K
75,3,43,0,0,0,0,0,3225,0.0,0.0,66+,<=50K
28,10,39,0,0,0,0,0,1092,0.0,0.0,26-35,<=50K
67,10,28,0,0,0,0,0,1876,0.0,0.0,66+,<=50K
78,8,45,59716,0,1,0,59716,3510,10.997372015964007,0.0,66+,<=50K
38,13,26,0,0,0,0,0,988,0.0,0.0,36-45,>50K
48,8,38,0,0,0,0,0,1824,0.0,0.0,46-55,<=50K
50,13,35,0,0,0,0,0,1750,0.0,0.0,46-55,>50K
48,12,44,0,0,0,0,0,2112,0.0,0.0,46-55,<=50K
35,9,34,0,0,0,0,0,1190,0.0,0.0,26-35,<=50K
78,7,37,0,0,0,0,0,2886,0.0,0.0,66+,<=50K
77,9,31,0,0,0,0,0,2387,0.0,0.0,66+,>50K
41,9,38,0,0,0,0,0,1558,0.0,0.0,36-45,<=50K
67,9,42,0,0,0,0,0,2814,0.0,0.0,66+,>50K
42,16,37,0,0,0,0,0,1554,0.0,0.0,36-45,<=50K
67,9,37,0,0,0,0,0,2479,0.0,0.0,66+,<=50K
54,13,42,0,0,0,0,0,2268,0.0,0.0,46-55,<=50K
47,7,50,0,0,0,0,0,2350,0.0,0.0,46-55,<=50K
25,15,47,0,0,0,0,0,1175,0.0,0.0,18-25,<=50K
58,9,27,0,0,0,0,0,1566,0.0,0.0,56-65,<=50K
37,9,48,0,0,0,0,0,1776,0.0,0.0,36-45,<=50K
31,10,54,0,0,0,0,0,1674,0.0,0.0,26-35,<=50K
29,6,47,55116,0,1,0,55116,1363,10.917213477500983,0.0,26-35,<=50K
78,13,16,0,0,0,0,0,1248,0.0,0.0,66+,>50K
24,9,43,0,0,0,0,0,1032,0.0,0.0,18-25,<=50K
67,10,54,0,0,0,0,0,3618,0.0,0.0,66+,>50K
71,10,36,0,0,0,0,0,2556,0.0,0.0,66+,>50K
19,10,69,0,0,0,0,0,1311,0.0,0.0,18-25,<=50K
54,4,18,0,0,0,0,0,972,0.0,0.0,46-55,<=50K
53,7,41,0,0,0,0,0,2173,0.0,0.0,46-55,<=50K
40,7,47,0,0,0,0,0,1880,0.0,0.0,36-45,<=50K
59,9,42,0,0,0,0,0,2478,0.0,0.0,56-65,<=50K
43,6,42,95752,0,1,0,95752,1806,11.469527238144758,0.0,36-45,>50K
45,14,30,0,0,0,0,0,1350,0.0,0.0,36-45,<=50K
44,10,34,0,1446,0,1,-1446,1496,0.0,7.277247726631484,36-45,<=50K
67,10,46,0,0,0,0,0,3082,0.0,0.0,66+,<=50K
57,9,19,0,0,0,0,0,1083,0.0,0.0,56-65,<=50K
41,9,49,0,0,0,0,0,2009,0.0,0.0,36-45,<=50K
75,10,39,0,0,0,0,0,2925,0.0,0.0,66+,<=50K
67,9,46,0,0,0,0,0,3082,0.0,0.0,66+,>50K
75,9,48,0,0,0,0,0,3600,0.0,0.0,66+,<=50K
63,9,77,0,0,0,0,0,4851,0.0,0.0,56-65,<=50K
42,10,54,0,508,0,1,-508,2268,0.0,6.2324480165505225,36-45,<=50K
65,15,28,0,0,0,0,0,1820,0.0,0.0,56-65,<=50K
38,9,62,18070,0,1,0,18070,2356,9.802063722398165,0.0,36-45,<=50K
34,9,13,0,0,0,0,0,442,0.0,0.0,26-35,<=50K
45,7,36,0,0,0,0,0,1620,0.0,0.0,36-45,<=50K
78,9,42,0,0,0,0,0,3276,0.0,0.0,66+,>50K
53,11,37,0,0,0,0,0,1961,0.0,0.0,46-55,>50K
41,7,43,0,0,0,0,0,1763,0.0,0.0,36-45,<=50K
46,10,38,0,0,0,0,0,1748,0.0,0.0,46-55,<=50K
36,9,53,30179,0,1,0,30179,1908,10.31493473232184,0.0,36-45,>50K
58,4,35,0,0,0,0,0,2030,0.0,0.0,56-65,<=50K
39,14,39,0,0,0,0,0,1521,0.0,0.0,36-45,<=50K
52,9,58,0,0,0,0,0,3016,0.0,0.0,46-55,<=50K
40,12,50,0,0,0,0,0,2000,0.0,0.0,36-45,<=50K
37,9,38,75730,0,1,0,75730,1406,11.234942866827236,0.0,36-45,<=50K
78,14,45,7606,0,1,0,7606,3510,8.936824154997302,0.0,66+,>50K
39,9,59,0,0,0,0,0,2301,0.0,0.0,36-45,<=50K
22,9,26,0,0,0,0,0,572,0.0,0.0,18-25,<=50K
41,12,29,0,0,0,0,0,1189,0.0,0.0,36-45,<=50K
50,9,34,0,0,0,0,0,1700,0.0,0.0,46-55,<=50K
23,9,42,0,0,0,0,0,966,0.0,0.0,18-25,<=50K
36,16,50,0,0,0,0,0,1800,0.0,0.0,36-45,<=50K
28,10,32,92310,0,1,0,92310,896,11.432918589988027,0.0,26-35,>50K
49,11,31,27478,0,1,0,27478,1519,10.221177355572257,0.0,46-55,>50K
62,10,27,0,0,0,0,0,1674,0.0,0.0,56-65,>50K
78,13,31,0,0,0,0,0,2418,0.0,0.0,66+,>50K
42,13,33,0,0,0,0,0,1386,0.0,0.0,36-45,>50K
71,10,18,0,0,0,0,0,1278,0.0,0.0,66+,<=50K
31,9,34,0,0,0,0,0,1054,0.0,0.0,26-35,<=50K
66,2,30,0,0,0,0,0,1980,0.0,0.0,66+,<=50K
52,10,38,0,0,0,0,0,1976,0.0,0.0,46-55,>50K
65,13,57,0,0,0,0,0,3705,0.0,0.0,56-65,<=50K
64,9,24,0,0,0,0,0,1536,0.0,0.0,56-65,<=50K
51,7,50,0,0,0,0,0,2550,0.0,0.0,46-55,<=50K
33,9,57,0,0,0,0,0,1881,0.0,0.0,26-35,<=50K
50,10,50,0,0,0,0,0,2500,0.0,0.0,46-55,<=50K
69,13,43,0,0,0,0,0,2967,0.0,0.0,66+,>50K
78,7,53,0,0,0,0,0,4134,0.0,0.0,66+,<=50K
75,10,46,0,0,0,0,0,3450,0.0,0.0,66+,<=50K
29,12,51,0,0,0,0,0,1479,0.0,0.0,26-35,<=50K
55,14,41,0,0,0,0,0,2255,0.0,0.0,46-55,<=50K
24,6,29,0,0,0,0,0,696,0.0,0.0,18-25,<=50K
59,14,52,0,0,0,0,0,3068,0.0,0.0,56-65,>50K
79,10,66,0,0,0,0,0,5214,0.0,0.0,66+,>50K
21,12,37,0,0,0,0,0,777,0.0,0.0,18-25,<=50K
58,4,40,0,608,0,1,-608,2320,0.0,6.411818267709897,56-65,<=50K
76,10,41,0,0,0,0,0,3116,0.0,0.0,66+,<=50K
70,10,25,48292,0,1,0,48292,1750,10.785041901601423,0.0,66+,>50K
42,9,32,0,0,0,0,0,1344,0.0,0.0,36-45,<=50K
24,9,43,0,0,0,0,0,1032,0.0,0.0,18-25,<=50K
75,10,39,0,0,0,0,0,2925,0.0,0.0,66+,<=50K
75,10,40,0,0,0,0,0,3000,0.0,0.0,66+,<=50K
53,3,40,0,0,0,0,0,2120,0.0,0.0,46-55,<=50K
78,9,39,0,0,0,0,0,3042,0.0,0.0,66+,<=50K
18,9,32,95651,0,1,0,95651,576,11.468471884215923,0.0,18-25,<=50K
56,13,44,39408,0,1,0,39408,2464,10.581749495596627,0.0,56-65,<=50K
20,15,43,0,0,0,0,0,860,0.0,0.0,18-25,>50K
76,9,31,31810,0,1,0,31810,2356,10.367567420904209,0.0,66+,<=50K
60,7,44,0,0,0,0,0,2640,0.0,0.0,56-65,<=50K
74,9,34,0,0,0,0,0,2516,0.0,0.0,66+,<=50K
52,9,47,0,0,0,0,0,2444,0.0,0.0,46-55,<=50K
23,13,40,0,0,0,0,0,920,0.0,0.0,18-25,<=50K
19,10,44,0,0,0,0,0,836,0.0,0.0,18-25,<=50K
38,4,42,0,0,0,0,0,1596,0.0,0.0,36-45,<=50K
64,3,39,0,0,0,0,0,2496,0.0,0.0,56-65,<=50K
27,9,43,0,0,0,0,0,1161,0.0,0.0,26-35,<=50K
70,13,48,0,0,0,0,0,3360,0.0,0.0,66+,>50K
32,10,41,0,0,0,0,0,1312,0.0,0.0,26-35,<=50K
48,10,41,0,0,0,0,0,1968,0.0,0.0,46-55,<=50K
30,9,36,0,0,0,0,0,1080,0.0,0.0,26-35,<=50K
46,14,22,0,0,0,0,0,1012,0.0,0.0,46-55,<=50K
46,9,40,0,0,0,0,0,1840,0.0,0.0,46-55,<=50K
18,13,27,0,0,0,0,0,486,0.0,0.0,18-25,<=50K
53,13,34,0,0,0,0,0,1802,0.0,0.0,46-55,<=50K
66,9,31,0,0,0,0,0,2046,0.0,0.0,66+,<=50K
76,13,33,0,0,0,0,0,2508,0.0,0.0,66+,<=50K
38,9,33,0,0,0,0,0,1254,0.0,0.0,36-45,<=50K
72,10,45,0,0,0,0,0,3240,0.0,0.0,66+,>50K
72,5,43,0,0,0,0,0,3096,0.0,0.0,66+,<=50K
79,9,41,0,0,0,0,0,3239,0.0,0.0,66+,>50K
41,9,52,0,0,0,0,0,2132,0.0,0.0,36-45,<=50K
70,4,71,0,0,0,0,0,4970,0.0,0.0,66+,<=50K
53,1,45,0,0,0,0,0,2385,0.0,0.0,46-55,<=50K
21,9,49,0,0,0,0,0,1029,0.0,0.0,18-25,<=50K
34,10,43,0,0,0,0,0,1462,0.0,0.0,26-35,<=50K
59,9,46,0,0,0,0,0,2714,0.0,0.0,56-65,<=50K
27,9,24,0,0,0,0,0,648,0.0,0.0,26-35,<=50K
44,16,13,0,0,0,0,0,572,0.0,0.0,36-45,<=50K
66,14,19,0,0,0,0,0,1254,0.0,0.0,66+,>50K
27,6,34,0,0,0,0,0,918,0.0,0.0,26-35,<=50K
48,9,54,0,0,0,0,0,2592,0.0,0.0,46-55,<=50K
31,10,43,0,0,0,0,0,1333,0.0,0.0,26-35,<=50K
51,12,36,0,0,0,0,0,1836,0.0,0.0,46-55,>50K
32,9,46,0,0,0,0,0,1472,0.0,0.0,26-35,<=50K
77,12,44,0,0,0,0,0,3388,0.0,0.0,66+,<=50K
22,6,26,0,0,0,0,0,572,0.0,0.0,18-25,<=50K
77,9,45,0,0,0,0,0,3465,0.0,0.0,66+,<=50K
67,11,48,0,0,0,0,0,3216,0.0,0.0,66+,>50K
71,10,61,0,0,0,0,0,4331,0.0,0.0,66+,<=50K
70,13,39,0,0,0,0,0,2730,0.0,0.0,66+,>50K
29,3,57,0,0,0,0,0,1653,0.0,0.0,26-35,<=50K
75,7,36,0,0,0,0,0,2700,0.0,0.0,66+,<=50K
54,3,63,0,0,0,0,0,3402,0.0,0.0,46-55,<=50K
77,8,34,0,0,0,0,0,2618,0.0,0.0,66+,<=50K
72,1,46,0,0,0,0,0,3312,0.0,0.0,66+,<=50K
53,10,43,0,0,0,0,0,2279,0.0,0.0,46-55,<=50K
41,10,55,0,0,0,0,0,2255,0.0,0.0,36-45,<=50K
25,10,54,0,0,0,0,0,1350,0.0,0.0,18-25,<=50K
24,9,30,0,0,0,0,0,720,0.0,0.0,18-25,<=50K
42,1,37,0,0,0,0,0,1554,0.0,0.0,36-45,<=50K
68,10,61,0,0,0,0,0,4148,0.0,0.0,66+,<=50K
49,4,41,0,0,0,0,0,2009,0.0,0.0,46-55,<=50K
47,13,48,0,0,0,0,0,2256,0.0,0.0,46-55,<=50K
33,2,29,0,2484,0,1,-2484,957,0.0,7.818027938530729,26-35,<=50K
52,10,38,0,0,0,0,0,1976,0.0,0.0,46-55,<=50K
57,13,33,0,0,0,0,0,1881,0.0,0.0,56-65,<=50K
78,10,49,9749,0,1,0,9749,3822,9.185022563991893,0.0,66+,<=50K
63,10,47,0,0,0,0,0,2961,0.0,0.0,56-65,<=50K
55,11,52,0,0,0,0,0,2860,0.0,0.0,46-55,<=50K
74,6,29,0,0,0,0,0,2146,0.0,0.0,66+,<=50K
44,11,45,0,0,0,0,0,1980,0.0,0.0,36-45,<=50K
75,13,40,0,0,0,0,0,3000,0.0,0.0,66+,>50K
40,15,16,0,0,0,0,0,640,0.0,0.0,36-45,>50K
25,9,45,0,0,0,0,0,1125,0.0,0.0,18-25,<=50K
43,9,53,744,0,1,0,744,2279,6.61338421837956,0.0,36-45,<=50K
25,12,56,0,0,0,0,0,1400,0.0,0.0,18-25,>50K
25,10,40,0,0,0,0,0,1000,0.0,0.0,18-25,<=50K
72,9,48,0,0,0,0,0,3456,0.0,0.0,66+,<=50K
67,7,45,0,0,0,0,0,3015,0.0,0.0,66+,<=50K
31,7,32,0,0,0,0,0,992,0.0,0.0,26-35,<=50K
69,9,31,0,0,0,0,0,2139,0.0,0.0,66+,<=50K
22,7,40,1412,0,1,0,1412,880,7.253470382684528,0.0,18-25,<=50K
35,2,38,0,0,0,0,0,1330,0.0,0.0,26-35,<=50K
61,4,41,0,0,0,0,0,2501,0.0,0.0,56-65,<=50K
36,14,36,0,0,0,0,0,1296,0.0,0.0,36-45,<=50K
63,4,42,0,0,0,0,0,2646,0.0,0.0,56-65,<=50K
72,4,29,0,0,0,0,0,2088,0.0,0.0,66+,<=50K
22,9,55,0,0,0,0,0,1210,0.0,0.0,18-25,<=50K
19,9,22,0,0,0,0,0,418,0.0,0.0,18-25,<=50K
76,14,39,0,0,0,0,0,2964,0.0,0.0,66+,>50K
50,13,38,0,0,0,0,0,1900,0.0,0.0,46-55,<=50K
49,9,39,0,1560,0,1,-1560,1911,0.0,7.353081920515432,46-55,<=50K
46,9,32,0,0,0,0,0,1472,0.0,0.0,46-55,<=50K
44,9,25,0,0,0,0,0,1100,0.0,0.0,36-45,<=50K
60,3,42,0,0,0,0,0,2520,0.0,0.0,56-65,<=50K
53,9,38,0,0,0,0,0,2014,0.0,0.0,46-55,<=50K
28,6,44,0,0,0,0,0,1232,0.0,0.0,26-35,<=50K
56,5,24,0,0,0,0,0,1344,0.0,0.0,56-65,<=50K
59,10,57,0,0,0,0,0,3363,0.0,0.0,56-65,>50K
25,5,39,0,0,0,0,0,975,0.0,0.0,18-25,<=50K
41,5,10,0,0,0,0,0,410,0.0,0.0,36-45,<=50K
67,9,42,0,0,0,0,0,2814,0.0,0.0,66+,<=50K
56,9,35,0,3849,0,1,-3849,1960,0.0,8.25582842728183,56-65,<=50K
26,6,29,0,0,0,0,0,754,0.0,0.0,26-35,<=50K
20,1,52,0,0,0,0,0,1040,0.0,0.0,18-25,<=50K
54,8,49,0,0,0,0,0,2646,0.0,0.0,46-55,<=50K
46,9,43,0,0,0,0,0,1978,0.0,0.0,46-55,<=50K
77,13,41,0,0,0,0,0,3157,0.0,0.0,66+,>50K
50,13,45,0,2514,0,1,-2514,2250,0.0,7.83002808253384,46-55,<=50K
75,9,24,0,0,0,0,0,1800,0.0,0.0,66+,>50K
31,9,42,0,0,0,0,0,1302,0.0,0.0,26-35,<=50K
45,11,52,0,2773,0,1,-2773,2340,0.0,7.928045600874777,36-45,>50K
26,10,50,0,0,0,0,0,1300,0.0,0.0,26-35,<=50K
53,7,29,15074,0,1,0,15074,1537,9.620793021595386,0.0,46-55,<=50K
29,6,42,0,0,0,0,0,1218,0.0,0.0,26-35,<=50K
48,9,29,0,0,0,0,0,1392,0.0,0.0,46-55,<=50K
39,10,42,0,0,0,0,0,1638,0.0,0.0,36-45,<=50K
29,6,32,0,0,0,0,0,928,0.0,0.0,26-35,<=50K
24,9,31,0,0,0,0,0,744,0.0,0.0,18-25,<=50K
49,9,44,0,0,0,0,0,2156,0.0,0.0,46-55,>50K
76,9,33,0,0,0,0,0,2508,0.0,0.0,66+,<=50K
30,9,32,0,0,0,0,0,960,0.0,0.0,26-35,<=50K
43,10,44,0,0,0,0,0,1892,0.0,0.0,36-45,<=50K
31,10,25,24940,0,1,0,24940,775,10.12426831466115,0.0,26-35,<=50K
68,8,37,0,0,0,0,0,2516,0.0,0.0,66+,<=50K
43,5,25,0,0,0,0,0,1075,0.0,0.0,36-45,<=50K
78,13,26,0,0,0,0,0,2028,0.0,0.0,66+,>50K
33,9,52,0,0,0,0,0,1716,0.0,0.0,26-35,<=50K
23,4,36,0,0,0,0,0,828,0.0,0.0,18-25,<=50K
54,9,33,0,0,0,0,0,1782,0.0,0.0,46-55,<=50K
58,13,49,0,0,0,0,0,2842,0.0,0.0,56-65,>50K
79,12,56,0,0,0,0,0,4424,0.0,0.0,66+,>50K
72,13,43,0,0,0,0,0,3096,0.0,0.0,66+,<=50K
72,10,50,0,0,0,0,0,3600,0.0,0.0,66+,<=50K
57,9,34,0,0,0,0,0,1938,0.0,0.0,56-65,<=50K
40,9,41,0,0,0,0,0,1640,0.0,0.0,36-45,<=50K
44,8,40,0,0,0,0,0,1760,0.0,0.0,36-45,<=50K
26,10,43,0,0,0,0,0,1118,0.0,0.0,26-35,<=50K
44,10,50,0,0,0,0,0,2200,0.0,0.0,36-45,<=50K
40,7,25,0,0,0,0,0,1000,0.0,0.0,36-45,<=50K
20,13,31,24195,0,1,0,24195,620,10.093942609226804,0.0,18-25,<=50K
30,9,35,0,2636,0,1,-2636,1050,0.0,7.877397186353287,26-35,<=50K
51,4,30,0,0,0,0,0,1530,0.0,0.0,46-55,<=50K
40,9,42,0,0,0,0,0,1680,0.0,0.0,36-45,<=50K
79,13,42,0,0,0,0,0,3318,0.0,0.0,66+,>50K
47,13,41,0,0,0,0,0,1927,0.0,0.0,46-55,<=50K
77,9,36,0,0,0,0,0,2772,0.0,0.0,66+,>50K
58,14,53,14724,0,1,0,14724,3074,9.597302008519787,0.0,56-65,<=50K
20,13,42,0,2535,0,1,-2535,840,0.0,7.8383433155571165,18-25,<=50K
30,13,38,0,2295,0,1,-2295,1140,0.0,7.738923757439457,26-35,<=50K
61,13,41,0,0,0,0,0,2501,0.0,0.0,56-65,>50K
51,9,47,70860,0,1,0,70860,2397,11.168475490654066,0.0,46-55,<=50K
36,12,42,0,0,0,0,0,1512,0.0,0.0,36-45,<=50K
50,10,31,0,0,0,0,0,1550,0.0,0.0,46-55,<=50K
73,11,58,0,0,0,0,0,4234,0.0,0.0,66+,<=50K
42,7,45,47416,0,1,0,47416,1890,10.766736093172735,0.0,36-45,<=50K
20,11,28,0,0,0,0,0,560,0.0,0.0,18-25,<=50K
37,14,22,0,0,0,0,0,814,0.0,0.0,36-45,<=50K
76,9,47,0,0,0,0,0,3572,0.0,0.0,66+,<=50K
65,16,53,0,0,0,0,0,3445,0.0,0.0,56-65,>50K
69,9,45,0,0,0,0,0,3105,0.0,0.0,66+,>50K
74,8,46,0,0,0,0,0,3404,0.0,0.0,66+,<=50K
25,6,46,0,0,0,0,0,1150,0.0,0.0,18-25,<=50K
35,12,40,0,0,0,0,0,1400,0.0,0.0,26-35,<=50K
21,10,23,0,0,0,0,0,483,0.0,0.0,18-25,<=50K
18,9,33,0,0,0,0,0,594,0.0,0.0,18-25,<=50K
69,10,48,0,0,0,0,0,3312,0.0,0.0,66+,<=50K
76,9,46,0,0,0,0,0,3496,0.0,0.0,66+,>50K
27,9,38,0,0,0,0,0,1026,0.0,0.0,26-35,<=50K
62,13,35,0,0,0,0,0,2170,0.0,0.0,56-65,<=50K
51,10,42,0,0,0,0,0,2142,0.0,0.0,46-55,<=50K
22,12,37,0,0,0,0,0,814,0.0,0.0,18-25,<=50K
74,10,39,66538,0,1,0,66538,2886,11.105543520905284,0.0,66+,>50K
72,16,41,30121,0,1,0,30121,2952,10.313011080771794,0.0,66+,>50K
53,9,32,0,0,0,0,0,1696,0.0,0.0,46-55,<=50K
61,9,48,0,0,0,0,0,2928,0.0,0.0,56-65,>50K
42,5,38,0,0,0,0,0,1596,0.0,0.0,36-45,<=50K
67,10,45,234,0,1,0,234,3015,5.459585514144159,0.0,66+,>50K
45,10,41,0,0,0,0,0,1845,0.0,0.0,36-45,>50K
79,11,55,0,0,0,0,0,4345,0.0,0.0,66+,>50K
21,9,45,0,0,0,0,0,945,0.0,0.0,18-25,<=50K
28,2,44,0,3919,0,1,-3919,1232,0.0,8.273846932784508,26-35,<=50K
78,10,44,0,0,0,0,0,3432,0.0,0.0,66+,<=50K
35,16,61,0,0,0,0,0,2135,0.0,0.0,26-35,>50K
37,9,40,0,0,0,0,0,1480,0.0,0.0,36-45,<=50K
67,7,42,0,0,0,0,0,2814,0.0,0.0,66+,>50K
29,9,41,0,3351,0,1,-3351,1189,0.0,8.117312461601975,26-35,<=50K
49,9,20,0,0,0,0,0,980,0.0,0.0,46-55,<=50K
35,9,41,0,0,0,0,0,1435,0.0,0.0,26-35,<=50K
30,9,50,0,0,0,0,0,1500,0.0,0.0,26-35,<=50K
77,10,45,0,0,0,0,0,3465,0.0,0.0,66+,<=50K
30,9,55,98903,4729,1,1,94174,1650,11.501904961686764,8.46168048148598,26-35,>50K
23,9,48,0,0,0,0,0,1104,0.0,0.0,18-25,<=50K
59,3,45,0,0,0,0,0,2655,0.0,0.0,56-65,<=50K
71,14,49,0,0,0,0,0,3479,0.0,0.0,66+,>50K
25,9,44,0,0,0,0,0,1100,0.0,0.0,18-25,<=50K
61,9,37,0,0,0,0,0,2257,0.0,0.0,56-65,<=50K
51,5,39,89641,0,1,0,89641,1989,11.40357923913406,0.0,46-55,<=50K
69,10,16,0,0,0,0,0,1104,0.0,0.0,66+,<=50K
25,13,56,0,0,0,0,0,1400,0.0,0.0,18-25,<=50K
78,3,38,0,0,0,0,0,2964,0.0,0.0,66+,<=50K
56,6,30,0,0,0,0,0,1680,0.0,0.0,56-65,<=50K
70,7,36,0,0,0,0,0,2520,0.0,0.0,66+,<=50K
40,10,58,0,0,0,0,0,2320,0.0,0.0,36-45,<=50K
76,14,41,0,0,0,0,0,3116,0.0,0.0,66+,>50K
56,9,43,0,0,0,0,0,2408,0.0,0.0,56-65,<=50K
25,9,61,0,0,0,0,0,1525,0.0,0.0,18-25,<=50K
75,12,48,0,0,0,0,0,3600,0.0,0.0,66+,>50K
67,12,37,0,0,0,0,0,2479,0.0,0.0,66+,<=50K
36,9,23,0,0,0,0,0,828,0.0,0.0,36-45,<=50K
51,7,46,0,0,0,0,0,2346,0.0,0.0,46-55,<=50K
42,9,33,0,0,0,0,0,1386,0.0,0.0,36-45,<=50K
51,12,47,0,0,0,0,0,2397,0.0,0.0,46-55,<=50K
77,11,40,0,0,0,0,0,3080,0.0,0.0,66+,<=50K
73,10,44,0,0,0,0,0,3212,0.0,0.0,66+,<=50K
31,13,49,0,0,0,0,0,1519,0.0,0.0,26-35,<=50K
78,9,23,0,0,0,0,0,1794,0.0,0.0,66+,<=50K
45,9,41,0,0,0,0,0,1845,0.0,0.0,36-45,<=50K
61,3,40,0,0,0,0,0,2440,0.0,0.0,56-65,<=50K
65,13,43,0,0,0,0,0,2795,0.0,0.0,56-65,>50K
47,10,45,0,0,0,0,0,2115,0.0,0.0,46-55,<=50K
46,9,42,0,0,0,0,0,1932,0.0,0.0,46-55,<=50K
46,4,34,0,0,0,0,0,1564,0.0,0.0,46-55,<=50K
71,11,29,0,0,0,0,0,2059,0.0,0.0,66+,>50K
41,12,24,0,0,0,0,0,984,0.0,0.0,36-45,<=50K
35,10,41,0,0,0,0,0,1435,0.0,0.0,26-35,<=50K
40,8,45,0,0,0,0,0,1800,0.0,0.0,36-45,<=50K
30,13,37,0,0,0,0,0,1110,0.0,0.0,26-35,>50K
42,12,48,0,0,0,0,0,2016,0.0,0.0,36-45,<=50K
25,10,39,0,0,0,0,0,975,0.0,0.0,18-25,<=50K
23,10,39,0,0,0,0,0,897,0.0,0.0,18-25,<=50K
62,13,26,0,0,0,0,0,1612,0.0,0.0,56-65,<=50K
22,14,36,42056,0,1,0,42056,792,10.646781120036646,0.0,18-25,>50K
53,10,49,0,0,0,0,0,2597,0.0,0.0,46-55,<=50K
66,9,54,0,0,0,0,0,3564,0.0,0.0,66+,>50K
62,9,38,43779,0,1,0,43779,2356,10.686932371076853,0.0,56-65,<=50K
45,13,49,0,0,0,0,0,2205,0.0,0.0,36-45,<=50K
30,10,54,0,2102,0,1,-2102,1620,0.0,7.6511201757027,26-35,<=50K
75,4,31,0,0,0,0,0,2325,0.0,0.0,66+,<=50K
69,6,43,0,0,0,0,0,2967,0.0,0.0,66+,<=50K
55,13,42,0,0,0,0,0,2310,0.0,0.0,46-55,<=50K
23,13,51,0,0,0,0,0,1173,0.0,0.0,18-25,<=50K
20,14,32,0,0,0,0,0,640,0.0,0.0,18-25,<=50K
37,9,43,0,0,0,0,0,1591,0.0,0.0,36-45,<=50K
27,12,37,0,0,0,0,0,999,0.0,0.0,26-35,<=50K
71,13,44,0,0,0,0,0,3124,0.0,0.0,66+,>50K
30,9,52,0,0,0,0,0,1560,0.0,0.0,26-35,<=50K
35,6,55,90854,0,1,0,90854,1925,11.417020108083157,0.0,26-35,<=50K
78,16,52,0,0,0,0,0,4056,0.0,0.0,66+,>50K
68,3,30,0,0,0,0,0,2040,0.0,0.0,66+,<=50K
31,10,35,0,0,0,0,0,1085,0.0,0.0,26-35,>50K
41,10,50,41691,0,1,0,41691,2050,10.638064542859214,0.0,36-45,>50K
49,11,46,0,0,0,0,0,2254,0.0,0.0,46-55,<=50K
59,9,37,0,2969,0,1,-2969,2183,0.0,7.996317231796746,56-65,<=50K
76,11,31,0,0,0,0,0,2356,0.0,0.0,66+,>50K
72,9,1,0,0,0,0,0,72,0.0,0.0,66+,<=50K
78,13,24,0,408,0,1,-408,1872,0.0,6.013715156042802,66+,<=50K
20,9,37,0,0,0,0,0,740,0.0,0.0,18-25,<=50K
32,11,37,0,0,0,0,0,1184,0.0,0.0,26-35,<=50K
52,12,44,0,0,0,0,0,2288,0.0,0.0,46-55,<=50K
21,8,46,0,0,0,0,0,966,0.0,0.0,18-25,<=50K
40,9,63,0,0,0,0,0,2520,0.0,0.0,36-45,<=50K
27,12,32,0,0,0,0,0,864,0.0,0.0,26-35,<=50K
75,5,20,0,0,0,0,0,1500,0.0,0.0,66+,<=50K
21,8,31,0,0,0,0,0,651,0.0,0.0,18-25,<=50K
27,9,57,71812,0,1,0,71812,1539,11.181820797143025,0.0,26-35,<=50K
30,14,40,0,0,0,0,0,1200,0.0,0.0,26-35,<=50K
27,10,50,0,0,0,0,0,1350,0.0,0.0,26-35,<=50K
53,9,34,0,0,0,0,0,1802,0.0,0.0,46-55,>50K
40,15,35,0,0,0,0,0,1400,0.0,0.0,36-45,<=50K
74,9,23,0,0,0,0,0,1702,0.0,0.0,66+,<=50K
34,9,37,0,0,0,0,0,1258,0.0,0.0,26-35,<=50K
51,9,40,0,0,0,0,0,2040,0.0,0.0,46-55,<=50K
58,9,49,44485,0,1,0,44485,2842,10.702929811913675,0.0,56-65,<=50K
56,9,46,0,0,0,0,0,2576,0.0,0.0,56-65,<=50K
67,11,60,0,0,0,0,0,4020,0.0,0.0,66+,<=50K
30,3,38,0,0,0,0,0,1140,0.0,0.0,26-35,<=50K
49,11,42,0,0,0,0,0,2058,0.0,0.0,46-55,<=50K
67,8,40,0,0,0,0,0,2680,0.0,0.0,66+,>50K
71,9,33,0,0,0,0,0,2343,0.0,0.0,66+,<=50K
56,7,44,0,0,0,0,0,2464,0.0,0.0,56-65,>50K
58,10,37,0,0,0,0,0,2146,0.0,0.0,56-65,<=50K
71,11,57,0,0,0,0,0,4047,0.0,0.0,66+,<=50K
56,9,32,0,0,0,0,0,1792,0.0,0.0,56-65,<=50K
76,7,37,0,0,0,0,0,2812,0.0,0.0,66+,<=50K
25,9,28,0,0,0,0,0,700,0.0,0.0,18-25,<=50K
39,13,43,0,0,0,0,0,1677,0.0,0.0,36-45,<=50K
24,9,27,81924,0,1,0,81924,648,11.313559473567015,0.0,18-25,<=50K
23,12,40,0,0,0,0,0,920,0.0,0.0,18-25,<=50K
47,9,28,0,0,0,0,0,1316,0.0,0.0,46-55,<=50K
32,8,30,0,0,0,0,0,960,0.0,0.0,26-35,<=50K
43,11,32,0,4131,0,1,-4131,1376,0.0,8.326516830239528,36-45,<=50K
45,9,47,0,0,0,0,0,2115,0.0,0.0,36-45,<=50K
56,3,39,14024,0,1,0,14024,2184,9.548596730390898,0.0,56-65,<=50K
76,14,39,0,0,0,0,0,2964,0.0,0.0,66+,>50K
70,7,46,26565,0,1,0,26565,3220,10.187387481692449,0.0,66+,>50K
41,9,33,0,0,0,0,0,1353,0.0,0.0,36-45,<=50K
38,9,20,0,0,0,0,0,760,0.0,0.0,36-45,<=50K
65,9,29,0,0,0,0,0,1885,0.0,0.0,56-65,<=50K
25,12,37,0,882,0,1,-882,925,0.0,6.78332520060396,18-25,<=50K
51,2,40,0,0,0,0,0,2040,0.0,0.0,46-55,<=50K
44,14,46,0,0,0,0,0,2024,0.0,0.0,36-45,<=50K
29,10,39,0,0,0,0,0,1131,0.0,0.0,26-35,<=50K
56,14,50,0,0,0,0,0,2800,0.0,0.0,56-65,<=50K
37,13,44,0,0,0,0,0,1628,0.0,0.0,36-45,<=50K
29,14,26,0,0,0,0,0,754,0.0,0.0,26-35,<=50K
58,10,15,90981,0,1,0,90981,870,11.41841696373575,0.0,56-65,>50K
28,9,30,0,0,0,0,0,840,0.0,0.0,26-35,<=50K
59,9,41,25249,4866,1,1,20383,2419,10.136581434703507,8.490233009833455,56-65,<=50K
28,10,44,0,0,0,0,0,1232,0.0,0.0,26-35,<=50K
44,9,39,0,0,0,0,0,1716,0.0,0.0,36-45,<=50K
68,11,41,0,0,0,0,0,2788,0.0,0.0,66+,>50K
32,5,53,0,0,0,0,0,1696,0.0,0.0,26-35,<=50K
65,13,40,0,0,0,0,0,2600,0.0,0.0,56-65,<=50K
62,8,43,0,0,0,0,0,2666,0.0,0.0,56-65,<=50K
73,14,56,0,0,0,0,0,4088,0.0,0.0,66+,>50K
28,7,22,0,0,0,0,0,616,0.0,0.0,26-35,<=50K
62,6,57,0,0,0,0,0,3534,0.0,0.0,56-65,<=50K
76,13,14,0,0,0,0,0,1064,0.0,0.0,66+,>50K
65,13,32,0,0,0,0,0,2080,0.0,0.0,56-65,>50K
29,12,34,0,0,0,0,0,986,0.0,0.0,26-35,<=50K
68,14,24,27985,0,1,0,27985,1632,10.239459664115659,0.0,66+,>50K
24,9,38,0,0,0,0,0,912,0.0,0.0,18-25,<=50K
54,13,39,0,0,0,0,0,2106,0.0,0.0,46-55,<=50K
48,9,47,0,0,0,0,0,2256,0.0,0.0,46-55,<=50K
50,10,47,0,0,0,0,0,2350,0.0,0.0,46-55,<=50K
50,9,42,23393,0,1,0,23393,2100,10.060234858210652,0.0,46-55,<=50K
19,2,51,0,0,0,0,0,969,0.0,0.0,18-25,<=50K
49,10,46,0,0,0,0,0,2254,0.0,0.0,46-55,<=50K
76,12,37,94625,0,1,0,94625,2812,11.457687558715612,0.0,66+,>50K
45,7,41,0,0,0,0,0,1845,0.0,0.0,36-45,<=50K
35,14,34,0,0,0,0,0,1190,0.0,0.0,26-35,<=50K
79,10,28,0,0,0,0,0,2212,0.0,0.0,66+,<=50K
24,7,44,0,0,0,0,0,1056,0.0,0.0,18-25,<=50K
48,10,25,0,0,0,0,0,1200,0.0,0.0,46-55,<=50K
49,8,38,0,0,0,0,0,1862,0.0,0.0,46-55,<=50K
47,4,17,0,0,0,0,0,799,0.0,0.0,46-55,<=50K
75,11,41,0,0,0,0,0,3075,0.0,0.0,66+,>50K
44,6,33,0,0,0,0,0,1452,0.0,0.0,36-45,<=50K
78,5,46,0,0,0,0,0,3588,0.0,0.0,66+,<=50K
22,12,38,0,2977,0,1,-2977,836,0.0,7.999007213243955,18-25,<=50K
63,4,39,0,0,0,0,0,2457,0.0,0.0,56-65,<=50K
54,13,41,0,0,0,0,0,2214,0.0,0.0,46-55,>50K
32,13,34,0,1503,0,1,-1503,1088,0.0,7.315883504509785,26-35,<=50K
32,6,34,0,0,0,0,0,1088,0.0,0.0,26-35,<=50K
62,10,34,0,0,0,0,0,2108,0.0,0.0,56-65,<=50K
57,5,39,0,0,0,0,0,2223,0.0,0.0,56-65,<=50K
55,10,34,61218,0,1,0,61218,1870,11.022212877834795,0.0,46-55,>50K
21,4,45,0,0,0,0,0,945,0.0,0.0,18-25,<=50K
55,14,22,0,0,0,0,0,1210,0.0,0.0,46-55,<=50K
78,8,25,0,0,0,0,0,1950,0.0,0.0,66+,<=50K
19,11,59,0,0,0,0,0,1121,0.0,0.0,18-25,<=50K
47,6,36,20128,0,1,0,20128,1692,9.909916840301031,0.0,46-55,<=50K
48,9,30,0,0,0,0,0,1440,0.0,0.0,46-55,<=50K
73,9,40,0,0,0,0,0,2920,0.0,0.0,66+,<=50K
35,10,48,0,0,0,0,0,1680,0.0,0.0,26-35,<=50K
47,16,46,0,0,0,0,0,2162,0.0,0.0,46-55,>50K
62,3,33,0,0,0,0,0,2046,0.0,0.0,56-65,<=50K
21,1,35,0,0,0,0,0,735,0.0,0.0,18-25,<=50K
67,9,37,0,0,0,0,0,2479,0.0,0.0,66+,>50K
68,9,43,0,0,0,0,0,2924,0.0,0.0,66+,>50K
62,13,40,0,0,0,0,0,2480,0.0,0.0,56-65,<=50K
58,13,31,0,0,0,0,0,1798,0.0,0.0,56-65,>50K
64,13,35,0,0,0,0,0,2240,0.0,0.0,56-65,<=50K
66,6,37,0,0,0,0,0,2442,0.0,0.0,66+,<=50K
74,9,55,0,0,0,0,0,4070,0.0,0.0,66+,<=50K
44,12,38,0,0,0,0,0,1672,0.0,0.0,36-45,<=50K
46,9,73,87441,0,1,0,87441,3358,11.378730995415923,0.0,46-55,<=50K
57,10,37,0,0,0,0,0,2109,0.0,0.0,56-65,<=50K
29,9,23,0,0,0,0,0,667,0.0,0.0,26-35,<=50K
71,9,44,0,0,0,0,0,3124,0.0,0.0,66+,<=50K
65,13,50,0,0,0,0,0,3250,0.0,0.0,56-65,>50K
57,9,45,0,0,0,0,0,2565,0.0,0.0,56-65,<=50K
36,14,42,0,0,0,0,0,1512,0.0,0.0,36-45,<=50K
39,9,36,0,0,0,0,0,1404,0.0,0.0,36-45,<=50K
44,2,37,0,0,0,0,0,1628,0.0,0.0,36-45,<=50K
59,9,17,73183,0,1,0,73183,1003,11.200732096822508,0.0,56-65,<=50K
66,7,49,0,0,0,0,0,3234,0.0,0.0,66+,<=50K
59,10,36,40461,0,1,0,40461,2124,10.60811854103736,0.0,56-65,>50K
75,6,51,0,2425,0,1,-2425,3825,0.0,7.793999089503996,66+,<=50K
77,10,35,66985,0,1,0,66985,2695,11.112238921315038,0.0,66+,>50K
61,13,39,0,0,0,0,0,2379,0.0,0.0,56-65,<=50K
40,9,52,0,0,0,0,0,2080,0.0,0.0,36-45,<=50K
55,7,53,0,0,0,0,0,2915,0.0,0.0,46-55,<=50K
44,9,48,93723,0,1,0,93723,2112,11.448109572035323,0.0,36-45,<=50K
57,12,21,0,1068,0,1,-1068,1197,0.0,6.974478911025045,56-65,<=50K
68,10,27,0,0,0,0,0,1836,0.0,0.0,66+,<=50K
40,5,47,0,0,0,0,0,1880,0.0,0.0,36-45,<=50K
49,10,33,0,0,0,0,0,1617,0.0,0.0,46-55,<=50K
20,9,41,0,0,0,0,0,820,0.0,0.0,18-25,<=50K
63,9,42,0,0,0,0,0,2646,0.0,0.0,56-65,<=50K
48,6,43,0,0,0,0,0,2064,0.0,0.0,46-55,<=50K
46,15,29,15314,0,1,0,15314,1334,9.636588019266876,0.0,46-55,<=50K
51,7,50,0,0,0,0,0,2550,0.0,0.0,46-55,<=50K
31,8,35,0,0,0,0,0,1085,0.0,0.0,26-35,<=50K
55,6,46,0,0,0,0,0,2530,0.0,0.0,46-55,<=50K
64,10,38,0,0,0,0,0,2432,0.0,0.0,56-65,<=50K
39,9,59,0,0,0,0,0,2301,0.0,0.0,36-45,<=50K
26,9,54,0,0,0,0,0,1404,0.0,0.0,26-35,<=50K
41,9,61,0,0,0,0,0,2501,0.0,0.0,36-45,<=50K
30,10,57,0,0,0,0,0,1710,0.0,0.0,26-35,<=50K
41,9,39,0,0,0,0,0,1599,0.0,0.0,36-45,<=50K
56,13,35,0,0,0,0,0,1960,0.0,0.0,56-65,<=50K
25,9,29,29847,0,1,0,29847,725,10.303873114900993,0.0,18-25,<=50K
64,8,43,0,0,0,0,0,2752,0.0,0.0,56-65,<=50K
31,14,40,0,0,0,0,0,1240,0.0,0.0,26-35,<=50K
73,13,40,0,0,0,0,0,2920,0.0,0.0,66+,>50K
63,9,32,54890,0,1,0,54890,2016,10.913104679632676,0.0,56-65,<=50K
34,13,44,0,0,0,0,0,1496,0.0,0.0,26-35,<=50K
52,10,36,0,878,0,1,-878,1872,0.0,6.778784897685177,46-55,<=50K
24,9,35,0,0,0,0,0,840,0.0,0.0,18-25,<=50K
24,13,42,0,0,0,0,0,1008,0.0,0.0,18-25,<=50K
77,12,39,0,0,0,0,0,3003,0.0,0.0,66+,>50K
67,9,26,0,0,0,0,0,1742,0.0,0.0,66+,<=50K
27,10,32,0,0,0,0,0,864,0.0,0.0,26-35,<=50K
35,9,45,0,0,0,0,0,1575,0.0,0.0,26-35,<=50K
30,1,40,0,0,0,0,0,1200,0.0,0.0,26-35,<=50K
42,14,21,0,0,0,0,0,882,0.0,0.0,36-45,>50K
36,10,47,0,0,0,0,0,1692,0.0,0.0,36-45,<=50K
38,10,40,0,0,0,0,0,1520,0.0,0.0,36-45,<=50K
50,10,29,97197,0,1,0,97197,1450,11.484505414105152,0.0,46-55,>50K
29,10,33,0,0,0,0,0,957,0.0,0.0,26-35,<=50K
72,9,42,0,0,0,0,0,3024,0.0,0.0,66+,>50K
63,15,18,0,0,0,0,0,1134,0.0,0.0,56-65,<=50K
65,10,44,0,2987,0,1,-2987,2860,0.0,8.002359546252707,56-65,>50K
28,10,50,0,0,0,0,0,1400,0.0,0.0,26-35,<=50K
61,9,49,0,0,0,0,0,2989,0.0,0.0,56-65,<=50K
69,9,52,0,0,0,0,0,3588,0.0,0.0,66+,<=50K
28,4,32,0,0,0,0,0,896,0.0,0.0,26-35,<=50K
64,9,50,0,0,0,0,0,3200,0.0,0.0,56-65,<=50K
40,7,43,87890,0,1,0,87890,1720,11.38385268935265,0.0,36-45,<=50K
66,10,32,0,0,0,0,0,2112,0.0,0.0,66+,>50K
47,13,45,0,0,0,0,0,2115,0.0,0.0,46-55,<=50K
67,9,44,0,0,0,0,0,2948,0.0,0.0,66+,>50K
27,9,55,0,0,0,0,0,1485,0.0,0.0,26-35,<=50K
42,10,52,0,0,0,0,0,2184,0.0,0.0,36-45,<=50K
34,7,33,0,0,0,0,0,1122,0.0,0.0,26-35,<=50K
33,14,43,0,0,0,0,0,1419,0.0,0.0,26-35,<=50K
37,9,43,0,0,0,0,0,1591,0.0,0.0,36-45,<=50K
41,5,43,0,0,0,0,0,1763,0.0,0.0,36-45,<=50K
25,7,37,0,0,0,0,0,925,0.0,0.0,18-25,<=50K
61,14,58,0,0,0,0,0,3538,0.0,0.0,56-65,>50K
52,9,34,0,0,0,0,0,1768,0.0,0.0,46-55,<=50K
69,10,57,0,0,0,0,0,3933,0.0,0.0,66+,<=50K
61,7,26,0,0,0,0,0,1586,0.0,0.0,56-65,<=50K
27,8,36,0,0,0,0,0,972,0.0,0.0,26-35,<=50K
22,13,48,0,0,0,0,0,1056,0.0,0.0,18-25,<=50K
44,7,29,0,0,0,0,0,1276,0.0,0.0,36-45,<=50K
47,2,33,0,0,0,0,0,1551,0.0,0.0,46-55,<=50K
32,10,45,0,0,0,0,0,1440,0.0,0.0,26-35,>50K
66,13,23,5976,0,1,0,5976,1518,8.695674048824253,0.0,66+,<=50K
54,9,51,0,0,0,0,0,2754,0.0,0.0,46-55,<=50K
64,6,55,0,0,0,0,0,3520,0.0,0.0,56-65,<=50K
24,15,55,0,0,0,0,0,1320,0.0,0.0,18-25,<=50K
68,11,43,0,0,0,0,0,2924,0.0,0.0,66+,<=50K
30,13,36,0,0,0,0,0,1080,0.0,0.0,26-35,>50K
45,12,36,0,0,0,0,0,1620,0.0,0.0,36-45,<=50K
45,11,43,0,0,0,0,0,1935,0.0,0.0,36-45,<=50K
68,9,41,0,0,0,0,0,2788,0.0,0.0,66+,<=50K
35,9,36,0,0,0,0,0,1260,0.0,0.0,26-35,<=50K
32,11,56,0,0,0,0,0,1792,0.0,0.0,26-35,<=50K
39,11,38,0,0,0,0,0,1482,0.0,0.0,36-45,<=50K
40,14,54,0,0,0,0,0,2160,0.0,0.0,36-45,<=50K
29,10,41,0,0,0,0,0,1189,0.0,0.0,26-35,<=50K
28,9,40,0,0,0,0,0,1120,0.0,0.0,26-35,<=50K
32,9,45,76432,0,1,0,76432,1440,11.244169819069379,0.0,26-35,<=50K
46,10,45,0,0,0,0,0,2070,0.0,0.0,46-55,<=50K
39,9,39,0,0,0,0,0,1521,0.0,0.0,36-45,<=50K
42,12,46,0,0,0,0,0,1932,0.0,0.0,36-45,<=50K
62,10,47,0,0,0,0,0,2914,0.0,0.0,56-65,<=50K
32,2,57,0,0,0,0,0,1824,0.0,0.0,26-35,<=50K
74,10,41,72021,0,1,0,72021,3034,11.184726906881156,0.0,66+,<=50K
64,10,32,0,0,0,0,0,2048,0.0,0.0,56-65,>50K
28,13,33,0,0,0,0,0,924,0.0,0.0,26-35,>50K
37,9,64,0,0,0,0,0,2368,0.0,0.0,36-45,<=50K
29,10,21,0,0,0,0,0,609,0.0,0.0,26-35,<=50K
34,9,28,0,0,0,0,0,952,0.0,0.0,26-35,<=50K
40,10,40,0,0,0,0,0,1600,0.0,0.0,36-45,<=50K
26,4,34,0,0,0,0,0,884,0.0,0.0,26-35,<=50K
18,13,48,0,0,0,0,0,864,0.0,0.0,18-25,<=50K
45,13,47,0,0,0,0,0,2115,0.0,0.0,36-45,<=50K
61,10,35,19641,0,1,0,19641,2135,9.885425409717719,0.0,56-65,<=50K
36,10,55,0,0,0,0,0,1980,0.0,0.0,36-45,<=50K
71,4,29,0,0,0,0,0,2059,0.0,0.0,66+,>50K
40,10,33,0,0,0,0,0,1320,0.0,0.0,36-45,<=50K
73,9,56,0,0,0,0,0,4088,0.0,0.0,66+,>50K
32,11,27,0,0,0,0,0,864,0.0,0.0,26-35,<=50K
51,3,43,0,0,0,0,0,2193,0.0,0.0,46-55,<=50K
65,11,56,0,0,0,0,0,3640,0.0,0.0,56-65,<=50K
21,9,14,0,0,0,0,0,294,0.0,0.0,18-25,<=50K
75,10,37,0,0,0,0,0,2775,0.0,0.0,66+,<=50K
40,10,49,0,0,0,0,0,1960,0.0,0.0,36-45,<=50K
48,9,37,0,0,0,0,0,1776,0.0,0.0,46-55,<=50K
56,9,41,0,609,0,1,-609,2296,0.0,6.413458957167357,56-65,<=50K
57,13,42,0,0,0,0,0,2394,0.0,0.0,56-65,>50K
19,10,43,0,0,0,0,0,817,0.0,0.0,18-25,<=50K
71,4,32,0,0,0,0,0,2272,0.0,0.0,66+,<=50K
56,9,48,0,0,0,0,0,2688,0.0,0.0,56-65,<=50K
79,9,43,0,0,0,0,0,3397,0.0,0.0,66+,<=50K
47,10,29,0,0,0,0,0,1363,0.0,0.0,46-55,<=50K
56,10,35,0,0,0,0,0,1960,0.0,0.0,56-65,<=50K
45,2,26,0,0,0,0,0,1170,0.0,0.0,36-45,<=50K
73,10,42,78168,0,1,0,78168,3066,11.266628428501106,0.0,66+,>50K
69,12,45,766,2385,1,1,-1619,3105,6.642486801367256,7.777373602657861,66+,>50K
74,12,42,0,0,0,0,0,3108,0.0,0.0,66+,<=50K
49,4,45,0,0,0,0,0,2205,0.0,0.0,46-55,<=50K
67,9,41,60254,0,1,0,60254,2747,11.006340835461492,0.0,66+,<=50K
40,9,48,0,0,0,0,0,1920,0.0,0.0,36-45,<=50K
46,7,39,0,0,0,0,0,1794,0.0,0.0,46-55,<=50K
65,9,47,0,0,0,0,0,3055,0.0,0.0,56-65,<=50K
23,4,27,0,0,0,0,0,621,0.0,0.0,18-25,<=50K
62,6,26,0,0,0,0,0,1612,0.0,0.0,56-65,<=50K
18,10,41,0,0,0,0,0,738,0.0,0.0,18-25,<=50K
54,9,47,0,0,0,0,0,2538,0.0,0.0,46-55,<=50K
47,11,37,66047,0,1,0,66047,1739,11.09813702940118,0.0,46-55,>50K
47,3,46,0,0,0,0,0,2162,0.0,0.0,46-55,<=50K
48,10,43,0,0,0,0,0,2064,0.0,0.0,46-55,<=50K
48,9,20,0,0,0,0,0,960,0.0,0.0,46-55,<=50K
43,13,63,0,0,0,0,0,2709,0.0,0.0,36-45,<=50K
45,12,27,0,0,0,0,0,1215,0.0,0.0,36-45,<=50K
53,9,31,0,0,0,0,0,1643,0.0,0.0,46-55,<=50K
65,10,51,0,0,0,0,0,3315,0.0,0.0,56-65,<=50K
52,9,40,0,0,0,0,0,2080,0.0,0.0,46-55,<=50K
57,10,32,0,0,0,0,0,1824,0.0,0.0,56-65,<=50K
69,5,35,0,2250,0,1,-2250,2415,0.0,7.719129840906732,66+,<=50K
79,9,31,0,0,0,0,0,2449,0.0,0.0,66+,<=50K
24,7,32,0,0,0,0,0,768,0.0,0.0,18-25,<=50K
62,13,48,0,0,0,0,0,2976,0.0,0.0,56-65,<=50K
31,9,35,0,0,0,0,0,1085,0.0,0.0,26-35,<=50K
30,10,29,0,0,0,0,0,870,0.0,0.0,26-35,<=50K
67,9,32,0,0,0,0,0,2144,0.0,0.0,66+,<=50K
22,9,38,0,0,0,0,0,836,0.0,0.0,18-25,<=50K
70,8,33,0,0,0,0,0,2310,0.0,0.0,66+,<=50K
65,13,37,0,0,0,0,0,2405,0.0,0.0,56-65,<=50K
79,13,43,0,0,0,0,0,3397,0.0,0.0,66+,>50K
59,6,35,0,0,0,0,0,2065,0.0,0.0,56-65,<=50K
72,12,31,0,0,0,0,0,2232,0.0,0.0,66+,<=50K
25,9,33,0,0,0,0,0,825,0.0,0.0,18-25,<=50K
73,2,54,81759,0,1,0,81759,3942,11.311543405437531,0.0,66+,<=50K
27,10,62,0,0,0,0,0,1674,0.0,0.0,26-35,<=50K
37,6,40,0,0,0,0,0,1480,0.0,0.0,36-45,<=50K
25,9,47,0,0,0,0,0,1175,0.0,0.0,18-25,<=50K
42,11,31,0,0,0,0,0,1302,0.0,0.0,36-45,>50K
64,9,34,0,0,0,0,0,2176,0.0,0.0,56-65,<=50K
34,13,44,0,0,0,0,0,1496,0.0,0.0,26-35,<=50K
68,10,16,0,0,0,0,0,1088,0.0,0.0,66+,<=50K
55,13,48,0,0,0,0,0,2640,0.0,0.0,46-55,<=50K
56,10,34,0,0,0,0,0,1904,0.0,0.0,56-65,<=50K
76,13,29,0,0,0,0,0,2204,0.0,0.0,66+,>50K
44,9,44,0,0,0,0,0,1936,0.0,0.0,36-45,<=50K
39,10,54,0,0,0,0,0,2106,0.0,0.0,36-45,<=50K
79,10,37,0,0,0,0,0,2923,0.0,0.0,66+,<=50K
52,13,43,0,0,0,0,0,2236,0.0,0.0,46-55,<=50K
56,7,45,0,0,0,0,0,2520,0.0,0.0,56-65,<=50K
36,10,42,0,0,0,0,0,1512,0.0,0.0,36-45,<=50K
31,12,30,0,0,0,0,0,930,0.0,0.0,26-35,<=50K
28,9,42,0,0,0,0,0,1176,0.0,0.0,26-35,<=50K
31,13,42,0,0,0,0,0,1302,0.0,0.0,26-35,>50K
30,9,13,90301,0,1,0,90301,390,11.410914887554046,0.0,26-35,<=50K
64,7,49,0,0,0,0,0,3136,0.0,0.0,56-65,<=50K
21,10,25,0,0,0,0,0,525,0.0,0.0,18-25,<=50K
57,9,41,0,0,0,0,0,2337,0.0,0.0,56-65,<=50K
76,2,55,0,0,0,0,0,4180,0.0,0.0,66+,<=50K
65,4,38,0,0,0,0,0,2470,0.0,0.0,56-65,<=50K
42,8,30,0,0,0,0,0,1260,0.0,0.0,36-45,<=50K
21,12,46,0,0,0,0,0,966,0.0,0.0,18-25,<=50K
69,13,54,0,0,0,0,0,3726,0.0,0.0,66+,>50K
18,10,29,0,0,0,0,0,522,0.0,0.0,18-25,<=50K
60,5,16,0,0,0,0,0,960,0.0,0.0,56-65,<=50K
59,10,52,0,0,0,0,0,3068,0.0,0.0,56-65,<=50K
29,13,49,0,0,0,0,0,1421,0.0,0.0,26-35,<=50K
63,12,44,0,0,0,0,0,2772,0.0,0.0,56-65,>50K
28,9,22,0,0,0,0,0,616,0.0,0.0,26-35,<=50K
31,6,46,0,0,0,0,0,1426,0.0,0.0,26-35,<=50K
68,13,50,0,0,0,0,0,3400,0.0,0.0,66+,>50K
78,13,62,0,0,0,0,0,4836,0.0,0.0,66+,>50K
34,4,37,0,0,0,0,0,1258,0.0,0.0,26-35,<=50K
75,13,42,0,0,0,0,0,3150,0.0,0.0,66+,<=50K
74,5,18,0,0,0,0,0,1332,0.0,0.0,66+,<=50K
65,4,50,0,0,0,0,0,3250,0.0,0.0,56-65,<=50K
26,12,49,0,0,0,0,0,1274,0.0,0.0,26-35,<=50K
36,10,44,0,0,0,0,0,1584,0.0,0.0,36-45,<=50K
60,9,52,0,0,0,0,0,3120,0.0,0.0,56-65,<=50K
79,13,32,0,0,0,0,0,2528,0.0,0.0,66+,>50K
68,13,38,0,0,0,0,0,2584,0.0,0.0,66+,<=50K
44,4,38,0,0,0,0,0,1672,0.0,0.0,36-45,<=50K
32,10,51,0,0,0,0,0,1632,0.0,0.0,26-35,<=50K
77,12,51,0,2650,0,1,-2650,3927,0.0,7.8826922062890254,66+,<=50K
35,10,43,0,0,0,0,0,1505,0.0,0.0,26-35,<=50K
39,15,43,0,0,0,0,0,1677,0.0,0.0,36-45,<=50K
77,11,46,0,0,0,0,0,3542,0.0,0.0,66+,>50K
52,5,37,0,0,0,0,0,1924,0.0,0.0,46-55,<=50K
34,8,54,0,0,0,0,0,1836,0.0,0.0,26-35,<=50K
18,13,35,0,252,0,1,-252,630,0.0,5.53338948872752,18-25,<=50K
44,16,44,0,0,0,0,0,1936,0.0,0.0,36-45,>50K
79,5,34,0,0,0,0,0,2686,0.0,0.0,66+,<=50K
44,5,49,0,0,0,0,0,2156,0.0,0.0,36-45,<=50K
61,12,39,73504,0,1,0,73504,2379,11.205108710098067,0.0,56-65,>50K
33,4,61,0,0,0,0,0,2013,0.0,0.0,26-35,<=50K
66,4,39,0,0,0,0,0,2574,0.0,0.0,66+,<=50K
66,13,49,0,0,0,0,0,3234,0.0,0.0,66+,>50K
55,13,34,0,0,0,0,0,1870,0.0,0.0,46-55,>50K
65,13,37,0,0,0,0,0,2405,0.0,0.0,56-65,<=50K
53,10,40,0,0,0,0,0,2120,0.0,0.0,46-55,<=50K
41,9,44,0,0,0,0,0,1804,0.0,0.0,36-45,<=50K
63,13,33,0,0,0,0,0,2079,0.0,0.0,56-65,>50K
69,9,34,0,0,0,0,0,2346,0.0,0.0,66+,<=50K
70,9,41,0,0,0,0,0,2870,0.0,0.0,66+,>50K
31,13,44,0,0,0,0,0,1364,0.0,0.0,26-35,<=50K
59,11,40,0,0,0,0,0,2360,0.0,0.0,56-65,>50K
18,13,38,0,0,0,0,0,684,0.0,0.0,18-25,<=50K
53,7,27,0,0,0,0,0,1431,0.0,0.0,46-55,<=50K
53,14,45,0,0,0,0,0,2385,0.0,0.0,46-55,>50K
40,10,48,83938,0,1,0,83938,1920,11.337845623545235,0.0,36-45,<=50K
79,10,50,0,0,0,0,0,3950,0.0,0.0,66+,<=50K
72,13,42,0,0,0,0,0,3024,0.0,0.0,66+,<=50K
20,9,34,0,0,0,0,0,680,0.0,0.0,18-25,<=50K
30,11,37,0,0,0,0,0,1110,0.0,0.0,26-35,<=50K
30,10,42,0,0,0,0,0,1260,0.0,0.0,26-35,<=50K
73,12,40,0,0,0,0,0,2920,0.0,0.0,66+,<=50K
50,13,32,0,0,0,0,0,1600,0.0,0.0,46-55,>50K
63,11,23,0,0,0,0,0,1449,0.0,0.0,56-65,<=50K
68,4,34,0,0,0,0,0,2312,0.0,0.0,66+,<=50K
65,7,37,0,0,0,0,0,2405,0.0,0.0,56-65,>50K
23,14,43,0,0,0,0,0,989,0.0,0.0,18-25,>50K
26,15,36,0,2138,0,1,-2138,936,0.0,7.668093709082406,26-35,<=50K
42,15,37,0,0,0,0,0,1554,0.0,0.0,36-45,<=50K
38,3,41,0,0,0,0,0,1558,0.0,0.0,36-45,<=50K
64,9,56,0,0,0,0,0,3584,0.0,0.0,56-65,<=50K
27,12,38,0,0,0,0,0,1026,0.0,0.0,26-35,<=50K
41,12,25,0,0,0,0,0,1025,0.0,0.0,36-45,<=50K
32,5,33,0,0,0,0,0,1056,0.0,0.0,26-35,<=50K
29,10,58,0,0,0,0,0,1682,0.0,0.0,26-35,<=50K
28,6,54,0,0,0,0,0,1512,0.0,0.0,26-35,<=50K
30,9,49,0,0,0,0,0,1470,0.0,0.0,26-35,<=50K
52,9,47,0,0,0,0,0,2444,0.0,0.0,46-55,<=50K
43,4,47,0,0,0,0,0,2021,0.0,0.0,36-45,<=50K
44,5,38,0,0,0,0,0,1672,0.0,0.0,36-45,<=50K
47,13,49,0,0,0,0,0,2303,0.0,0.0,46-55,<=50K
63,12,49,0,0,0,0,0,3087,0.0,0.0,56-65,>50K
71,14,48,0,0,0,0,0,3408,0.0,0.0,66+,>50K
50,9,34,0,0,0,0,0,1700,0.0,0.0,46-55,<=50K
57,9,37,0,0,0,0,0,2109,0.0,0.0,56-65,<=50K
63,9,34,0,0,0,0,0,2142,0.0,0.0,56-65,>50K
60,10,50,0,0,0,0,0,3000,0.0,0.0,56-65,>50K
26,9,43,0,0,0,0,0,1118,0.0,0.0,26-35,<=50K
78,12,44,0,0,0,0,0,3432,0.0,0.0,66+,>50K
28,13,46,0,0,0,0,0,1288,0.0,0.0,26-35,<=50K
43,13,26,0,0,0,0,0,1118,0.0,0.0,36-45,<=50K
58,9,49,0,0,0,0,0,2842,0.0,0.0,56-65,<=50K
43,10,35,0,0,0,0,0,1505,0.0,0.0,36-45,>50K
33,9,36,94956,0,1,0,94956,1188,11.461179436535136,0.0,26-35,<=50K
75,3,32,4399,0,1,0,4399,2400,8.389359819906353,0.0,66+,<=50K
22,11,41,0,0,0,0,0,902,0.0,0.0,18-25,<=50K
33,10,39,0,0,0,0,0,1287,0.0,0.0,26-35,<=50K
79,11,26,0,0,0,0,0,2054,0.0,0.0,66+,<=50K
63,5,22,0,0,0,0,0,1386,0.0,0.0,56-65,<=50K
23,16,38,0,0,0,0,0,874,0.0,0.0,18-25,<=50K
64,16,48,0,0,0,0,0,3072,0.0,0.0,56-65,>50K
78,9,47,0,0,0,0,0,3666,0.0,0.0,66+,<=50K
24,13,50,0,0,0,0,0,1200,0.0,0.0,18-25,<=50K
43,9,38,0,0,0,0,0,1634,0.0,0.0,36-45,<=50K
47,12,36,0,0,0,0,0,1692,0.0,0.0,46-55,<=50K
26,13,39,0,0,0,0,0,1014,0.0,0.0,26-35,<=50K
30,13,48,0,0,0,0,0,1440,0.0,0.0,26-35,<=50K
28,13,56,0,0,0,0,0,1568,0.0,0.0,26-35,<=50K
29,9,35,0,0,0,0,0,1015,0.0,0.0,26-35,<=50K
43,13,37,0,0,0,0,0,1591,0.0,0.0,36-45,>50K
46,11,40,0,0,0,0,0,1840,0.0,0.0,46-55,>50K
32,6,37,0,0,0,0,0,1184,0.0,0.0,26-35,<=50K
35,6,34,0,0,0,0,0,1190,0.0,0.0,26-35,<=50K
29,12,39,0,0,0,0,0,1131,0.0,0.0,26-35,<=50K
67,10,32,42231,0,1,0,42231,2144,10.650933506503453,0.0,66+,<=50K
31,10,47,0,0,0,0,0,1457,0.0,0.0,26-35,<=50K
74,13,55,0,0,0,0,0,4070,0.0,0.0,66+,<=50K
51,10,37,0,0,0,0,0,1887,0.0,0.0,46-55,<=50K
67,9,57,0,0,0,0,0,3819,0.0,0.0,66+,<=50K
57,9,39,0,0,0,0,0,2223,0.0,0.0,56-65,<=50K
34,10,33,0,0,0,0,0,1122,0.0,0.0,26-35,<=50K
55,12,47,0,0,0,0,0,2585,0.0,0.0,46-55,<=50K
34,10,31,0,0,0,0,0,1054,0.0,0.0,26-35,<=50K
25,10,46,0,0,0,0,0,1150,0.0,0.0,18-25,<=50K
33,11,43,0,0,0,0,0,1419,0.0,0.0,26-35,<=50K
35,11,36,0,0,0,0,0,1260,0.0,0.0,26-35,<=50K
26,13,35,0,0,0,0,0,910,0.0,0.0,26-35,<=50K
19,4,31,0,1322,0,1,-1322,589,0.0,7.187657164114956,18-25,<=50K
76,12,50,0,0,0,0,0,3800,0.0,0.0,66+,>50K
49,10,38,0,0,0,0,0,1862,0.0,0.0,46-55,<=50K
42,4,43,0,0,0,0,0,1806,0.0,0.0,36-45,<=50K
75,11,40,0,0,0,0,0,3000,0.0,0.0,66+,>50K
31,11,38,0,0,0,0,0,1178,0.0,0.0,26-35,<=50K
42,10,43,0,0,0,0,0,1806,0.0,0.0,36-45,<=50K
70,13,45,0,0,0,0,0,3150,0.0,0.0,66+,<=50K
57,9,41,0,0,0,0,0,2337,0.0,0.0,56-65,<=50K
42,8,38,0,0,0,0,0,1596,0.0,0.0,36-45,<=50K
33,9,29,0,0,0,0,0,957,0.0,0.0,26-35,<=50K
20,9,34,0,3869,0,1,-3869,680,0.0,8.261009786023827,18-25,<=50K
23,11,37,0,0,0,0,0,851,0.0,0.0,18-25,<=50K
28,13,40,0,870,0,1,-870,1120,0.0,6.769641976852503,26-35,>50K
66,11,23,0,0,0,0,0,1518,0.0,0.0,66+,>50K
57,7,46,0,0,0,0,0,2622,0.0,0.0,56-65,<=50K
44,9,43,0,4680,0,1,-4680,1892,0.0,8.45126704130007,36-45,<=50K
66,7,34,0,0,0,0,0,2244,0.0,0.0,66+,<=50K
27,11,31,0,0,0,0,0,837,0.0,0.0,26-35,<=50K
31,9,33,0,0,0,0,0,1023,0.0,0.0,26-35,<=50K
42,10,27,0,0,0,0,0,1134,0.0,0.0,36-45,<=50K
74,13,37,0,0,0,0,0,2738,0.0,0.0,66+,>50K
56,10,38,0,0,0,0,0,2128,0.0,0.0,56-65,<=50K
70,9,49,0,0,0,0,0,3430,0.0,0.0,66+,<=50K
33,9,45,0,0,0,0,0,1485,0.0,0.0,26-35,<=50K
70,10,52,0,0,0,0,0,3640,0.0,0.0,66+,>50K
22,10,41,1211,0,1,0,1211,902,7.10002716662926,0.0,18-25,<=50K
32,5,31,0,1699,0,1,-1699,992,0.0,7.438383530044307,26-35,<=50K
50,13,57,0,0,0,0,0,2850,0.0,0.0,46-55,<=50K
21,10,37,0,0,0,0,0,777,0.0,0.0,18-25,<=50K
71,9,25,0,0,0,0,0,1775,0.0,0.0,66+,<=50K
71,8,42,0,0,0,0,0,2982,0.0,0.0,66+,<=50K
51,9,24,0,0,0,0,0,1224,0.0,0.0,46-55,<=50K
36,9,39,0,0,0,0,0,1404,0.0,0.0,36-45,<=50K
24,9,35,0,0,0,0,0,840,0.0,0.0,18-25,<=50K
56,10,45,0,0,0,0,0,2520,0.0,0.0,56-65,>50K
51,9,50,32466,0,1,0,32466,2550,10.387979467850263,0.0,46-55,<=50K
65,13,37,0,0,0,0,0,2405,0.0,0.0,56-65,>50K
55,14,36,0,0,0,0,0,1980,0.0,0.0,46-55,<=50K
25,9,48,0,0,0,0,0,1200,0.0,0.0,18-25,<=50K
25,5,32,0,0,0,0,0,800,0.0,0.0,18-25,<=50K
66,12,41,0,0,0,0,0,2706,0.0,0.0,66+,<=50K
27,16,45,0,0,0,0,0,1215,0.0,0.0,26-35,<=50K
76,13,32,0,0,0,0,0,2432,0.0,0.0,66+,<=50K
24,2,37,0,0,0,0,0,888,0.0,0.0,18-25,<=50K
63,9,41,0,0,0,0,0,2583,0.0,0.0,56-65,<=50K
78,3,53,0,0,0,0,0,4134,0.0,0.0,66+,<=50K
45,13,28,0,0,0,0,0,1260,0.0,0.0,36-45,<=50K
21,10,39,0,0,0,0,0,819,0.0,0.0,18-25,<=50K
72,10,54,82619,0,1,0,82619,3888,11.322007060950755,0.0,66+,>50K
29,10,50,0,0,0,0,0,1450,0.0,0.0,26-35,<=50K
50,9,37,0,0,0,0,0,1850,0.0,0.0,46-55,<=50K
79,10,39,0,183,0,1,-183,3081,0.0,5.214935757608986,66+,<=50K
64,3,45,0,0,0,0,0,2880,0.0,0.0,56-65,<=50K
20,10,45,0,0,0,0,0,900,0.0,0.0,18-25,<=50K
68,12,54,0,2873,0,1,-2873,3672,0.0,7.96346006663897,66+,<=50K
27,10,51,0,0,0,0,0,1377,0.0,0.0,26-35,<=50K
64,9,26,0,0,0,0,0,1664,0.0,0.0,56-65,<=50K
56,13,24,0,0,0,0,0,1344,0.0,0.0,56-65,<=50K
35,11,35,0,0,0,0,0,1225,0.0,0.0,26-35,<=50K
44,6,21,0,0,0,0,0,924,0.0,0.0,36-45,<=50K
25,8,53,0,0,0,0,0,1325,0.0,0.0,18-25,<=50K
79,10,25,0,0,0,0,0,1975,0.0,0.0,66+,<=50K
32,9,37,0,0,0,0,0,1184,0.0,0.0,26-35,<=50K
37,6,31,0,0,0,0,0,1147,0.0,0.0,36-45,<=50K
49,7,24,0,0,0,0,0,1176,0.0,0.0,46-55,<=50K
59,7,52,0,0,0,0,0,3068,0.0,0.0,56-65,<=50K
49,9,34,0,0,0,0,0,1666,0.0,0.0,46-55,<=50K
49,10,59,0,0,0,0,0,2891,0.0,0.0,46-55,<=50K
54,7,54,0,0,0,0,0,2916,0.0,0.0,46-55,<=50K
71,11,40,0,0,0,0,0,2840,0.0,0.0,66+,>50K
42,9,19,0,0,0,0,0,798,0.0,0.0,36-45,<=50K
69,9,37,0,0,0,0,0,2553,0.0,0.0,66+,>50K
66,9,63,0,0,0,0,0,4158,0.0,0.0,66+,<=50K
77,12,44,0,0,0,0,0,3388,0.0,0.0,66+,>50K
74,14,38,0,0,0,0,0,2812,0.0,0.0,66+,<=50K
67,9,34,0,0,0,0,0,2278,0.0,0.0,66+,>50K
33,3,49,0,0,0,0,0,1617,0.0,0.0,26-35,<=50K
66,9,44,0,0,0,0,0,2904,0.0,0.0,66+,<=50K
63,7,43,0,0,0,0,0,2709,0.0,0.0,56-65,<=50K
35,13,51,0,0,0,0,0,1785,0.0,0.0,26-35,<=50K
60,5,51,0,0,0,0,0,3060,0.0,0.0,56-65,<=50K
33,15,44,0,0,0,0,0,1452,0.0,0.0,26-35,<=50K
50,10,24,0,0,0,0,0,1200,0.0,0.0,46-55,<=50K
67,10,30,0,0,0,0,0,2010,0.0,0.0,66+,<=50K
29,13,34,0,0,0,0,0,986,0.0,0.0,26-35,<=50K
38,3,40,0,0,0,0,0,1520,0.0,0.0,36-45,<=50K
67,12,55,0,0,0,0,0,3685,0.0,0.0,66+,>50K
46,6,61,0,0,0,0,0,2806,0.0,0.0,46-55,<=50K
77,13,44,0,0,0,0,0,3388,0.0,0.0,66+,>50K
18,10,46,0,0,0,0,0,828,0.0,0.0,18-25,<=50K
62,4,25,0,0,0,0,0,1550,0.0,0.0,56-65,<=50K
68,13,36,0,0,0,0,0,2448,0.0,0.0,66+,>50K
74,3,34,0,0,0,0,0,2516,0.0,0.0,66+,<=50K
27,6,34,0,0,0,0,0,918,0.0,0.0,26-35,<=50K
79,13,46,0,1178,0,1,-1178,3634,0.0,7.072421900537371,66+,>50K
42,9,35,0,0,0,0,0,1470,0.0,0.0,36-45,<=50K
39,13,21,0,0,0,0,0,819,0.0,0.0,36-45,>50K
40,10,48,0,0,0,0,0,1920,0.0,0.0,36-45,>50K
57,10,52,0,0,0,0,0,2964,0.0,0.0,56-65,<=50K
58,9,43,0,0,0,0,0,2494,0.0,0.0,56-65,<=50K
47,6,38,0,3946,0,1,-3946,1786,0.0,8.280711075662847,46-55,<=50K
22,14,31,0,0,0,0,0,682,0.0,0.0,18-25,<=50K
79,5,32,0,0,0,0,0,2528,0.0,0.0,66+,<=50K
31,10,51,0,0,0,0,0,1581,0.0,0.0,26-35,<=50K
23,9,33,0,0,0,0,0,759,0.0,0.0,18-25,<=50K
55,9,60,0,3477,0,1,-3477,3300,0.0,8.154212694914229,46-55,<=50K
43,10,49,0,0,0,0,0,2107,0.0,0.0,36-45,<=50K
56,13,43,0,0,0,0,0,2408,0.0,0.0,56-65,>50K
72,12,67,0,0,0,0,0,4824,0.0,0.0,66+,<=50K
24,13,53,0,0,0,0,0,1272,0.0,0.0,18-25,<=50K
35,9,36,0,0,0,0,0,1260,0.0,0.0,26-35,<=50K
50,9,30,0,0,0,0,0,1500,0.0,0.0,46-55,<=50K
66,2,36,0,0,0,0,0,2376,0.0,0.0,66+,<=50K
55,12,39,0,0,0,0,0,2145,0.0,0.0,46-55,>50K
41,9,32,55303,0,1,0,55303,1312,10.9206005176251,0.0,36-45,<=50K
55,10,29,0,0,0,0,0,1595,0.0,0.0,46-55,<=50K
78,7,42,0,0,0,0,0,3276,0.0,0.0,66+,<=50K
47,13,49,0,0,0,0,0,2303,0.0,0.0,46-55,<=50K
72,13,59,0,0,0,0,0,4248,0.0,0.0,66+,<=50K
66,13,41,0,3204,0,1,-3204,2706,0.0,8.07246736935477,66+,>50K
36,3,46,0,0,0,0,0,1656,0.0,0.0,36-45,<=50K
33,16,21,0,0,0,0,0,693,0.0,0.0,26-35,<=50K
65,9,49,92350,0,1,0,92350,3185,11.43335181393909,0.0,56-65,<=50K
30,9,30,0,0,0,0,0,900,0.0,0.0,26-35,<=50K
38,9,43,0,0,0,0,0,1634,0.0,0.0,36-45,<=50K
32,9,40,0,0,0,0,0,1280,0.0,0.0,26-35,<=50K
55,10,38,0,0,0,0,0,2090,0.0,0.0,46-55,<=50K
36,9,25,0,0,0,0,0,900,0.0,0.0,36-45,<=50K
58,9,32,19186,0,1,0,19186,1856,9.861988245358098,0.0,56-65,<=50K
75,10,30,0,0,0,0,0,2250,0.0,0.0,66+,<=50K
69,13,34,0,0,0,0,0,2346,0.0,0.0,66+,>50K
76,11,52,0,0,0,0,0,3952,0.0,0.0,66+,>50K
19,10,36,0,0,0,0,0,684,0.0,0.0,18-25,<=50K
46,7,33,0,678,0,1,-678,1518,0.0,6.520621127558696,46-55,<=50K
31,13,46,0,0,0,0,0,1426,0.0,0.0,26-35,<=50K
74,3,43,0,0,0,0,0,3182,0.0,0.0,66+,<=50K
62,9,60,0,0,0,0,0,3720,0.0,0.0,56-65,<=50K
37,4,50,0,0,0,0,0,1850,0.0,0.0,36-45,<=50K
52,10,20,86762,0,1,0,86762,1040,11.370935542489612,0.0,46-55,<=50K
55,9,48,0,0,0,0,0,2640,0.0,0.0,46-55,<=50K
48,10,47,0,0,0,0,0,2256,0.0,0.0,46-55,<=50K
47,9,57,0,0,0,0,0,2679,0.0,0.0,46-55,>50K
21,9,38,0,0,0,0,0,798,0.0,0.0,18-25,<=50K
46,9,51,0,0,0,0,0,2346,0.0,0.0,46-55,<=50K
39,3,36,68788,0,1,0,68788,1404,11.138799127417741,0.0,36-45,<=50K
68,9,43,0,0,0,0,0,2924,0.0,0.0,66+,<=50K
71,10,29,0,0,0,0,0,2059,0.0,0.0,66+,<=50K
64,10,26,0,0,0,0,0,1664,0.0,0.0,56-65,<=50K
19,4,49,0,0,0,0,0,931,0.0,0.0,18-25,<=50K
70,10,40,0,0,0,0,0,2800,0.0,0.0,66+,>50K
42,9,27,0,0,0,0,0,1134,0.0,0.0,36-45,>50K
43,2,48,0,0,0,0,0,2064,0.0,0.0,36-45,<=50K
76,7,13,0,0,0,0,0,988,0.0,0.0,66+,>50K
71,9,32,0,0,0,0,0,2272,0.0,0.0,66+,<=50K
21,9,23,97279,0,1,0,97279,483,11.485348697199994,0.0,18-25,>50K
40,11,52,0,0,0,0,0,2080,0.0,0.0,36-45,<=50K
64,9,36,0,0,0,0,0,2304,0.0,0.0,56-65,>50K
51,12,41,0,0,0,0,0,2091,0.0,0.0,46-55,<=50K
33,9,43,0,0,0,0,0,1419,0.0,0.0,26-35,<=50K
50,10,48,0,0,0,0,0,2400,0.0,0.0,46-55,<=50K
71,13,47,0,0,0,0,0,3337,0.0,0.0,66+,<=50K
31,9,48,0,0,0,0,0,1488,0.0,0.0,26-35,<=50K
64,3,37,0,0,0,0,0,2368,0.0,0.0,56-65,<=50K
63,10,49,0,0,0,0,0,3087,0.0,0.0,56-65,<=50K
72,16,33,0,0,0,0,0,2376,0.0,0.0,66+,>50K
36,15,36,0,0,0,0,0,1296,0.0,0.0,36-45,<=50K
31,9,25,0,0,0,0,0,775,0.0,0.0,26-35,<=50K
51,12,57,0,0,0,0,0,2907,0.0,0.0,46-55,<=50K
50,9,30,0,0,0,0,0,1500,0.0,0.0,46-55,<=50K
43,7,54,23770,0,1,0,23770,2322,10.076221629305257,0.0,36-45,<=50K
66,10,45,82410,0,1,0,82410,2970,11.31947420213351,0.0,66+,>50K
67,10,42,0,2630,0,1,-2630,2814,0.0,7.875119281040293,66+,>50K
33,10,44,0,0,0,0,0,1452,0.0,0.0,26-35,<=50K
67,13,29,0,0,0,0,0,1943,0.0,0.0,66+,<=50K
32,9,56,0,2563,0,1,-2563,1792,0.0,7.849323818040561,26-35,<=50K
43,10,36,0,0,0,0,0,1548,0.0,0.0,36-45,<=50K
19,9,50,0,0,0,0,0,950,0.0,0.0,18-25,<=50K
39,3,35,0,0,0,0,0,1365,0.0,0.0,36-45,<=50K
77,9,26,0,0,0,0,0,2002,0.0,0.0,66+,<=50K
45,14,60,92000,0,1,0,92000,2700,11.429554725537322,0.0,36-45,>50K
62,9,34,0,0,0,0,0,2108,0.0,0.0,56-65,<=50K
24,6,45,0,719,0,1,-719,1080,0.0,6.579251212010101,18-25,<=50K
57,11,10,0,0,0,0,0,570,0.0,0.0,56-65,<=50K
41,14,39,0,0,0,0,0,1599,0.0,0.0,36-45,<=50K
64,13,46,0,0,0,0,0,2944,0.0,0.0,56-65,<=50K
75,10,41,0,0,0,0,0,3075,0.0,0.0,66+,>50K
50,9,39,0,0,0,0,0,1950,0.0,0.0,46-55,<=50K
24,10,38,0,0,0,0,0,912,0.0,0.0,18-25,<=50K
47,13,49,0,0,0,0,0,2303,0.0,0.0,46-55,>50K
25,13,27,0,0,0,0,0,675,0.0,0.0,18-25,<=50K
45,13,38,0,0,0,0,0,1710,0.0,0.0,36-45,<=50K
21,9,54,0,0,0,0,0,1134,0.0,0.0,18-25,<=50K
57,6,25,42406,0,1,0,42406,1425,10.655068721933102,0.0,56-65,<=50K
37,10,39,0,0,0,0,0,1443,0.0,0.0,36-45,<=50K
30,7,29,0,0,0,0,0,870,0.0,0.0,26-35,<=50K
19,4,43,0,0,0,0,0,817,0.0,0.0,18-25,<=50K
73,9,40,0,0,0,0,0,2920,0.0,0.0,66+,>50K
69,10,31,0,0,0,0,0,2139,0.0,0.0,66+,<=50K
68,13,40,0,0,0,0,0,2720,0.0,0.0,66+,>50K
21,12,41,0,0,0,0,0,861,0.0,0.0,18-25,<=50K
39,13,34,67175,0,1,0,67175,1326,11.115071319863398,0.0,36-45,>50K
78,12,36,45229,0,1,0,45229,2808,10.719515862471889,0.0,66+,>50K
53,11,34,0,0,0,0,0,1802,0.0,0.0,46-55,<=50K
25,2,17,0,0,0,0,0,425,0.0,0.0,18-25,<=50K
26,10,49,0,0,0,0,0,1274,0.0,0.0,26-35,<=50K
34,6,52,0,0,0,0,0,1768,0.0,0.0,26-35,<=50K
78,4,22,0,0,0,0,0,1716,0.0,0.0,66+,<=50K
28,7,52,0,0,0,0,0,1456,0.0,0.0,26-35,<=50K
73,13,44,0,0,0,0,0,3212,0.0,0.0,66+,<=50K
60,12,29,0,2449,0,1,-2449,1740,0.0,7.803843303538772,56-65,<=50K
75,14,38,0,0,0,0,0,2850,0.0,0.0,66+,<=50K
69,15,33,0,0,0,0,0,2277,0.0,0.0,66+,>50K
38,13,49,28769,0,1,0,28769,1862,10.267088456545594,0.0,36-45,<=50K
69,6,31,0,0,0,0,0,2139,0.0,0.0,66+,<=50K
28,13,61,0,0,0,0,0,1708,0.0,0.0,26-35,<=50K
36,13,52,0,0,0,0,0,1872,0.0,0.0,36-45,<=50K
31,13,28,72651,0,1,0,72651,868,11.193436197869334,0.0,26-35,<=50K
26,7,56,0,0,0,0,0,1456,0.0,0.0,26-35,<=50K
23,6,47,0,0,0,0,0,1081,0.0,0.0,18-25,<=50K
29,14,38,0,0,0,0,0,1102,0.0,0.0,26-35,<=50K
25,7,47,0,0,0,0,0,1175,0.0,0.0,18-25,<=50K
41,9,49,0,0,0,0,0,2009,0.0,0.0,36-45,<=50K
22,9,32,0,0,0,0,0,704,0.0,0.0,18-25,<=50K
21,6,48,0,0,0,0,0,1008,0.0,0.0,18-25,<=50K
79,2,36,0,0,0,0,0,2844,0.0,0.0,66+,<=50K
23,16,48,0,0,0,0,0,1104,0.0,0.0,18-25,<=50K
22,13,39,0,0,0,0,0,858,0.0,0.0,18-25,<=50K
19,13,30,0,0,0,0,0,570,0.0,0.0,18-25,<=50K
26,9,46,0,0,0,0,0,1196,0.0,0.0,26-35,<=50K
50,9,36,0,0,0,0,0,1800,0.0,0.0,46-55,<=50K
69,9,42,0,0,0,0,0,2898,0.0,0.0,66+,<=50K
63,9,44,0,0,0,0,0,2772,0.0,0.0,56-65,<=50K
53,2,55,0,0,0,0,0,2915,0.0,0.0,46-55,<=50K
23,12,36,0,0,0,0,0,828,0.0,0.0,18-25,<=50K
66,16,32,0,0,0,0,0,2112,0.0,0.0,66+,>50K
20,10,56,0,0,0,0,0,1120,0.0,0.0,18-25,<=50K
57,9,40,0,0,0,0,0,2280,0.0,0.0,56-65,<=50K
43,9,35,0,0,0,0,0,1505,0.0,0.0,36-45,<=50K
72,5,44,85827,0,1,0,85827,3168,11.360100572564972,0.0,66+,<=50K
37,9,37,0,0,0,0,0,1369,0.0,0.0,36-45,<=50K
57,10,37,0,0,0,0,0,2109,0.0,0.0,56-65,<=50K
45,9,66,0,0,0,0,0,2970,0.0,0.0,36-45,<=50K
50,10,30,0,0,0,0,0,1500,0.0,0.0,46-55,<=50K
76,13,26,0,0,0,0,0,1976,0.0,0.0,66+,>50K
62,9,52,0,0,0,0,0,3224,0.0,0.0,56-65,<=50K
43,3,36,4197,0,1,0,4197,1548,8.342363500380579,0.0,36-45,<=50K
45,3,43,0,0,0,0,0,1935,0.0,0.0,36-45,<=50K
61,6,46,25169,0,1,0,25169,2806,10.133408088129361,0.0,56-65,<=50K
39,10,23,0,0,0,0,0,897,0.0,0.0,36-45,<=50K
28,13,51,0,0,0,0,0,1428,0.0,0.0,26-35,<=50K
46,13,34,0,0,0,0,0,1564,0.0,0.0,46-55,<=50K
22,10,59,0,0,0,0,0,1298,0.0,0.0,18-25,<=50K
28,9,32,0,0,0,0,0,896,0.0,0.0,26-35,<=50K
44,7,56,0,825,0,1,-825,2464,0.0,6.716594773520978,36-45,<=50K
67,9,57,0,0,0,0,0,3819,0.0,0.0,66+,>50K
66,9,35,0,0,0,0,0,2310,0.0,0.0,66+,<=50K
34,13,38,0,0,0,0,0,1292,0.0,0.0,26-35,<=50K
44,9,37,0,0,0,0,0,1628,0.0,0.0,36-45,<=50K
27,9,55,0,0,0,0,0,1485,0.0,0.0,26-35,<=50K
64,9,42,0,0,0,0,0,2688,0.0,0.0,56-65,<=50K
33,6,45,0,0,0,0,0,1485,0.0,0.0,26-35,<=50K
67,14,39,0,0,0,0,0,2613,0.0,0.0,66+,>50K
70,4,45,0,0,0,0,0,3150,0.0,0.0,66+,<=50K
60,2,45,0,0,0,0,0,2700,0.0,0.0,56-65,<=50K
38,7,34,0,4874,0,1,-4874,1292,0.0,8.491875383431948,36-45,<=50K
77,13,58,0,0,0,0,0,4466,0.0,0.0,66+,>50K
60,10,38,0,0,0,0,0,2280,0.0,0.0,56-65,<=50K
58,10,50,0,0,0,0,0,2900,0.0,0.0,56-65,<=50K
71,9,27,0,0,0,0,0,1917,0.0,0.0,66+,<=50K
72,4,47,0,0,0,0,0,3384,0.0,0.0,66+,<=50K
22,13,51,0,0,0,0,0,1122,0.0,0.0,18-25,<=50K
72,8,43,54874,0,1,0,54874,3096,10.912813150377472,0.0,66+,>50K
65,3,51,0,0,0,0,0,3315,0.0,0.0,56-65,<=50K
30,10,33,0,0,0,0,0,990,0.0,0.0,26-35,<=50K
37,5,45,0,0,0,0,0,1665,0.0,0.0,36-45,<=50K
64,5,25,0,0,0,0,0,1600,0.0,0.0,56-65,<=50K
31,13,41,0,0,0,0,0,1271,0.0,0.0,26-35,<=50K
46,9,32,0,0,0,0,0,1472,0.0,0.0,46-55,>50K
60,9,39,0,0,0,0,0,2340,0.0,0.0,56-65,<=50K
58,9,54,0,0,0,0,0,3132,0.0,0.0,56-65,>50K
74,11,57,0,0,0,0,0,4218,0.0,0.0,66+,>50K
24,4,27,32111,0,1,0,32111,648,10.376985071036119,0.0,18-25,<=50K
36,6,52,0,0,0,0,0,1872,0.0,0.0,36-45,<=50K
79,10,54,0,0,0,0,0,4266,0.0,0.0,66+,<=50K
53,10,43,61796,0,1,0,61796,2279,11.031610098578179,0.0,46-55,<=50K
33,15,54,0,0,0,0,0,1782,0.0,0.0,26-35,<=50K
35,9,36,0,0,0,0,0,1260,0.0,0.0,26-35,<=50K
39,4,35,0,0,0,0,0,1365,0.0,0.0,36-45,<=50K
52,10,35,0,0,0,0,0,1820,0.0,0.0,46-55,>50K
35,10,47,0,0,0,0,0,1645,0.0,0.0,26-35,>50K
56,6,39,0,0,0,0,0,2184,0.0,0.0,56-65,<=50K
45,10,33,0,0,0,0,0,1485,0.0,0.0,36-45,<=50K
55,8,33,0,0,0,0,0,1815,0.0,0.0,46-55,<=50K
27,13,40,0,0,0,0,0,1080,0.0,0.0,26-35,<=50K
56,13,32,0,0,0,0,0,1792,0.0,0.0,56-65,<=50K
75,9,47,0,0,0,0,0,3525,0.0,0.0,66+,<=50K
26,15,52,0,0,0,0,0,1352,0.0,0.0,26-35,<=50K
38,15,50,0,0,0,0,0,1900,0.0,0.0,36-45,<=50K
60,6,69,0,0,0,0,0,4140,0.0,0.0,56-65,<=50K
56,9,44,0,0,0,0,0,2464,0.0,0.0,56-65,<=50K
59,10,57,0,0,0,0,0,3363,0.0,0.0,56-65,<=50K
52,5,42,0,0,0,0,0,2184,0.0,0.0,46-55,<=50K
60,9,37,0,0,0,0,0,2220,0.0,0.0,56-65,<=50K
55,9,41,0,0,0,0,0,2255,0.0,0.0,46-55,<=50K
22,14,42,0,0,0,0,0,924,0.0,0.0,18-25,<=50K
64,9,39,22331,0,1,0,22331,2496,10.01377590643025,0.0,56-65,<=50K
45,12,29,0,0,0,0,0,1305,0.0,0.0,36-45,>50K
21,9,30,52076,0,1,0,52076,630,10.86047867153666,0.0,18-25,<=50K
43,6,51,0,0,0,0,0,2193,0.0,0.0,36-45,<=50K
44,13,48,0,0,0,0,0,2112,0.0,0.0,36-45,<=50K
23,1,58,0,0,0,0,0,1334,0.0,0.0,18-25,<=50K
79,4,36,0,0,0,0,0,2844,0.0,0.0,66+,<=50K
31,9,35,0,0,0,0,0,1085,0.0,0.0,26-35,>50K
38,11,29,0,0,0,0,0,1102,0.0,0.0,36-45,<=50K
45,9,51,0,3750,0,1,-3750,2295,0.0,8.229777750081887,36-45,<=50K
69,4,31,0,0,0,0,0,2139,0.0,0.0,66+,<=50K
64,9,40,0,0,0,0,0,2560,0.0,0.0,56-65,<=50K
65,9,43,0,0,0,0,0,2795,0.0,0.0,56-65,<=50K
32,2,24,38195,2272,1,1,35923,768,10.550486077070094,7.728855823852543,26-35,<=50K
70,10,48,0,0,0,0,0,3360,0.0,0.0,66+,<=50K
69,6,50,0,0,0,0,0,3450,0.0,0.0,66+,<=50K
46,9,43,0,0,0,0,0,1978,0.0,0.0,46-55,<=50K
51,10,39,0,0,0,0,0,1989,0.0,0.0,46-55,<=50K
20,11,40,0,0,0,0,0,800,0.0,0.0,18-25,<=50K
65,9,54,0,0,0,0,0,3510,0.0,0.0,56-65,<=50K
77,9,41,0,0,0,0,0,3157,0.0,0.0,66+,>50K
47,9,40,0,0,0,0,0,1880,0.0,0.0,46-55,<=50K
51,14,33,0,0,0,0,0,1683,0.0,0.0,46-55,<=50K
48,8,12,0,0,0,0,0,576,0.0,0.0,46-55,<=50K
23,7,51,0,0,0,0,0,1173,0.0,0.0,18-25,<=50K
56,9,40,0,0,0,0,0,2240,0.0,0.0,56-65,<=50K
62,8,31,0,0,0,0,0,1922,0.0,0.0,56-65,<=50K
75,7,61,0,0,0,0,0,4575,0.0,0.0,66+,<=50K
75,5,44,0,0,0,0,0,3300,0.0,0.0,66+,<=50K
48,10,38,0,0,0,0,0,1824,0.0,0.0,46-55,<=50K
77,10,50,0,0,0,0,0,3850,0.0,0.0,66+,>50K
50,10,44,0,2366,0,1,-2366,2200,0.0,7.769378609513984,46-55,<=50K
57,12,43,0,0,0,0,0,2451,0.0,0.0,56-65,<=50K
55,9,34,0,0,0,0,0,1870,0.0,0.0,46-55,<=50K
79,14,47,0,0,0,0,0,3713,0.0,0.0,66+,>50K
63,12,49,58402,0,1,0,58402,3087,10.975122537359946,0.0,56-65,>50K
25,13,34,0,0,0,0,0,850,0.0,0.0,18-25,<=50K
22,11,21,0,0,0,0,0,462,0.0,0.0,18-25,<=50K
43,9,50,0,0,0,0,0,2150,0.0,0.0,36-45,<=50K
49,9,46,63285,0,1,0,63285,2254,11.055419414634455,0.0,46-55,<=50K
59,9,48,0,406,0,1,-406,2832,0.0,6.008813185442595,56-65,<=50K
47,5,40,0,0,0,0,0,1880,0.0,0.0,46-55,<=50K
49,9,50,91157,0,1,0,91157,2450,11.420349543671822,0.0,46-55,>50K
75,3,33,0,0,0,0,0,2475,0.0,0.0,66+,<=50K
38,1,38,0,0,0,0,0,1444,0.0,0.0,36-45,<=50K
48,14,30,0,0,0,0,0,1440,0.0,0.0,46-55,<=50K
52,11,52,0,0,0,0,0,2704,0.0,0.0,46-55,<=50K
47,10,40,0,0,0,0,0,1880,0.0,0.0,46-55,<=50K
78,9,42,0,0,0,0,0,3276,0.0,0.0,66+,<=50K
77,10,44,0,0,0,0,0,3388,0.0,0.0,66+,>50K
49,13,38,0,0,0,0,0,1862,0.0,0.0,46-55,<=50K
45,10,48,0,0,0,0,0,2160,0.0,0.0,36-45,<=50K
54,10,57,0,3243,0,1,-3243,3078,0.0,8.084562415235304,46-55,<=50K
29,9,50,58643,0,1,0,58643,1450,10.979240547058156,0.0,26-35,>50K
44,9,23,0,0,0,0,0,1012,0.0,0.0,36-45,<=50K
31,11,41,0,0,0,0,0,1271,0.0,0.0,26-35,<=50K
26,15,42,0,0,0,0,0,1092,0.0,0.0,26-35,<=50K
23,9,52,60827,0,1,0,60827,1196,11.01580548826035,0.0,18-25,<=50K
54,9,35,0,0,0,0,0,1890,0.0,0.0,46-55,<=50K
18,9,30,72754,0,1,0,72754,540,11.19485291119438,0.0,18-25,<=50K
58,9,48,0,0,0,0,0,2784,0.0,0.0,56-65,<=50K
44,16,40,0,0,0,0,0,1760,0.0,0.0,36-45,>50K
40,11,34,0,0,0,0,0,1360,0.0,0.0,36-45,<=50K
65,9,37,0,0,0,0,0,2405,0.0,0.0,56-65,<=50K
51,9,26,0,0,0,0,0,1326,0.0,0.0,46-55,<=50K
63,9,42,0,0,0,0,0,2646,0.0,0.0,56-65,<=50K
61,3,37,0,0,0,0,0,2257,0.0,0.0,56-65,<=50K
19,10,45,0,0,0,0,0,855,0.0,0.0,18-25,<=50K
31,13,38,0,0,0,0,0,1178,0.0,0.0,26-35,<=50K
53,10,40,0,0,0,0,0,2120,0.0,0.0,46-55,<=50K
78,8,35,0,0,0,0,0,2730,0.0,0.0,66+,<=50K
27,11,37,0,0,0,0,0,999,0.0,0.0,26-35,<=50K
24,11,29,0,0,0,0,0,696,0.0,0.0,18-25,<=50K
76,9,50,0,0,0,0,0,3800,0.0,0.0,66+,>50K
77,10,40,0,0,0,0,0,3080,0.0,0.0,66+,<=50K
28,10,20,0,0,0,0,0,560,0.0,0.0,26-35,<=50K
42,13,24,0,0,0,0,0,1008,0.0,0.0,36-45,<=50K
56,6,50,0,0,0,0,0,2800,0.0,0.0,56-65,<=50K
30,8,40,0,0,0,0,0,1200,0.0,0.0,26-35,<=50K
38,9,40,0,0,0,0,0,1520,0.0,0.0,36-45,<=50K
42,3,40,0,0,0,0,0,1680,0.0,0.0,36-45,<=50K
57,9,45,0,0,0,0,0,2565,0.0,0.0,56-65,<=50K
37,12,55,0,0,0,0,0,2035,0.0,0.0,36-45,<=50K
43,7,44,0,0,0,0,0,1892,0.0,0.0,36-45,<=50K
35,9,43,0,0,0,0,0,1505,0.0,0.0,26-35,<=50K
65,16,34,0,0,0,0,0,2210,0.0,0.0,56-65,>50K
27,10,25,0,0,0,0,0,675,0.0,0.0,26-35,<=50K
32,9,45,0,0,0,0,0,1440,0.0,0.0,26-35,<=50K
33,10,46,0,0,0,0,0,1518,0.0,0.0,26-35,<=50K
74,8,51,13394,0,1,0,13394,3774,9.502636781978708,0.0,66+,<=50K
76,7,57,0,0,0,0,0,4332,0.0,0.0,66+,<=50K
49,11,28,0,0,0,0,0,1372,0.0,0.0,46-55,<=50K
27,9,34,0,0,0,0,0,918,0.0,0.0,26-35,<=50K
64,9,47,0,0,0,0,0,3008,0.0,0.0,56-65,<=50K
48,3,40,0,0,0,0,0,1920,0.0,0.0,46-55,<=50K
70,13,54,0,0,0,0,0,3780,0.0,0.0,66+,>50K
40,3,38,0,0,0,0,0,1520,0.0,0.0,36-45,<=50K
79,12,60,45678,0,1,0,45678,4740,10.729393952671707,0.0,66+,>50K
68,9,41,0,0,0,0,0,2788,0.0,0.0,66+,<=50K
31,10,56,23597,0,1,0,23597,1736,10.068917241659864,0.0,26-35,>50K
62,9,16,39415,0,1,0,39415,992,10.5819271042238,0.0,56-65,>50K
35,7,45,0,0,0,0,0,1575,0.0,0.0,26-35,<=50K
39,10,40,0,0,0,0,0,1560,0.0,0.0,36-45,<=50K
33,11,19,0,0,0,0,0,627,0.0,0.0,26-35,<=50K
60,8,40,0,0,0,0,0,2400,0.0,0.0,56-65,<=50K
34,9,28,0,0,0,0,0,952,0.0,0.0,26-35,<=50K
57,9,35,16658,0,1,0,16658,1995,9.720705889909716,0.0,56-65,>50K
54,9,43,0,0,0,0,0,2322,0.0,0.0,46-55,<=50K
64,10,39,0,0,0,0,0,2496,0.0,0.0,56-65,<=50K
79,7,44,0,0,0,0,0,3476,0.0,0.0,66+,<=50K
18,10,42,0,0,0,0,0,756,0.0,0.0,18-25,<=50K
79,6,64,0,0,0,0,0,5056,0.0,0.0,66+,<=50K
24,9,43,0,0,0,0,0,1032,0.0,0.0,18-25,<=50K
50,9,41,0,0,0,0,0,2050,0.0,0.0,46-55,<=50K
39,9,44,0,0,0,0,0,1716,0.0,0.0,36-45,<=50K
57,9,40,0,0,0,0,0,2280,0.0,0.0,56-65,<=50K
62,13,24,0,0,0,0,0,1488,0.0,0.0,56-65,>50K
71,9,47,0,0,0,0,0,3337,0.0,0.0,66+,>50K
42,13,53,0,0,0,0,0,2226,0.0,0.0,36-45,<=50K
75,9,56,0,0,0,0,0,4200,0.0,0.0,66+,>50K
37,9,47,0,0,0,0,0,1739,0.0,0.0,36-45,<=50K
30,4,37,0,0,0,0,0,1110,0.0,0.0,26-35,<=50K
41,9,43,0,0,0,0,0,1763,0.0,0.0,36-45,<=50K
50,10,58,0,0,0,0,0,2900,0.0,0.0,46-55,<=50K
59,13,38,0,0,0,0,0,2242,0.0,0.0,56-65,>50K
69,10,28,0,0,0,0,0,1932,0.0,0.0,66+,<=50K
31,10,62,0,0,0,0,0,1922,0.0,0.0,26-35,<=50K
36,7,30,0,0,0,0,0,1080,0.0,0.0,36-45,<=50K
76,3,24,32130,0,1,0,32130,1824,10.377576575186112,0.0,66+,<=50K
45,13,43,0,0,0,0,0,1935,0.0,0.0,36-45,<=50K
32,7,44,0,0,0,0,0,1408,0.0,0.0,26-35,<=50K
79,5,45,0,0,0,0,0,3555,0.0,0.0,66+,<=50K
45,14,49,0,0,0,0,0,2205,0.0,0.0,36-45,>50K
79,14,38,0,0,0,0,0,3002,0.0,0.0,66+,>50K
74,10,39,0,493,0,1,-493,2886,0.0,6.202535517187923,66+,<=50K
74,9,34,0,0,0,0,0,2516,0.0,0.0,66+,<=50K
54,13,41,0,0,0,0,0,2214,0.0,0.0,46-55,<=50K
67,8,45,0,0,0,0,0,3015,0.0,0.0,66+,<=50K
77,9,49,0,0,0,0,0,3773,0.0,0.0,66+,<=50K
34,9,31,0,0,0,0,0,1054,0.0,0.0,26-35,<=50K
20,13,28,0,0,0,0,0,560,0.0,0.0,18-25,>50K
37,14,49,0,4558,0,1,-4558,1813,0.0,8.424858580213442,36-45,<=50K
57,10,35,0,0,0,0,0,1995,0.0,0.0,56-65,<=50K
51,6,30,10234,0,1,0,10234,1530,9.23356849809539,0.0,46-55,<=50K
22,9,21,0,0,0,0,0,462,0.0,0.0,18-25,>50K
52,9,54,0,0,0,0,0,2808,0.0,0.0,46-55,<=50K
28,13,43,0,0,0,0,0,1204,0.0,0.0,26-35,<=50K
49,6,45,0,0,0,0,0,2205,0.0,0.0,46-55,<=50K
53,4,44,0,0,0,0,0,2332,0.0,0.0,46-55,<=50K
57,11,42,0,0,0,0,0,2394,0.0,0.0,56-65,<=50K
43,9,40,0,0,0,0,0,1720,0.0,0.0,36-45,<=50K
43,13,39,0,0,0,0,0,1677,0.0,0.0,36-45,<=50K
60,4,30,0,0,0,0,0,1800,0.0,0.0,56-65,<=50K
64,13,22,0,0,0,0,0,1408,0.0,0.0,56-65,>50K
68,3,62,0,0,0,0,0,4216,0.0,0.0,66+,<=50K
38,3,40,0,0,0,0,0,1520,0.0,0.0,36-45,<=50K
44,9,36,0,0,0,0,0,1584,0.0,0.0,36-45,<=50K
38,9,32,95415,0,1,0,95415,1216,11.466001558258505,0.0,36-45,<=50K
50,10,50,0,0,0,0,0,2500,0.0,0.0,46-55,<=50K
25,3,41,0,0,0,0,0,1025,0.0,0.0,18-25,<=50K
44,3,31,0,4912,0,1,-4912,1364,0.0,8.499640032168648,36-45,<=50K
29,11,37,69020,0,1,0,69020,1073,11.142166085101078,0.0,26-35,<=50K
51,9,43,0,426,0,1,-426,2193,0.0,6.056784013228625,46-55,>50K
70,10,36,1989,0,1,0,1989,2520,7.595889917718538,0.0,66+,>50K
79,12,48,57383,0,1,0,57383,3792,10.95752079780627,0.0,66+,<=50K
45,4,61,63108,0,1,0,63108,2745,11.052618669103357,0.0,36-45,>50K
21,12,36,0,0,0,0,0,756,0.0,0.0,18-25,<=50K
32,9,37,0,0,0,0,0,1184,0.0,0.0,26-35,<=50K
24,9,32,78333,0,1,0,78333,768,11.26873701506027,0.0,18-25,<=50K
65,5,38,0,0,0,0,0,2470,0.0,0.0,56-65,<=50K
79,13,20,0,0,0,0,0,1580,0.0,0.0,66+,>50K
52,10,51,0,0,0,0,0,2652,0.0,0.0,46-55,<=50K
28,10,27,0,0,0,0,0,756,0.0,0.0,26-35,<=50K
19,15,32,0,0,0,0,0,608,0.0,0.0,18-25,<=50K
78,9,41,67015,0,1,0,67015,3198,11.112686675833645,0.0,66+,>50K
37,13,54,0,0,0,0,0,1998,0.0,0.0,36-45,<=50K
24,11,31,0,3474,0,1,-3474,744,0.0,8.153349757998892,18-25,<=50K
28,14,38,0,0,0,0,0,1064,0.0,0.0,26-35,>50K
33,13,43,0,0,0,0,0,1419,0.0,0.0,26-35,<=50K
58,16,33,0,0,0,0,0,1914,0.0,0.0,56-65,<=50K
73,6,39,0,0,0,0,0,2847,0.0,0.0,66+,<=50K
35,13,24,0,0,0,0,0,840,0.0,0.0,26-35,<=50K
60,13,35,0,0,0,0,0,2100,0.0,0.0,56-65,<=50K
22,10,52,6122,0,1,0,6122,1144,8.719807451477955,0.0,18-25,<=50K
18,9,48,0,0,0,0,0,864,0.0,0.0,18-25,<=50K
21,14,36,0,0,0,0,0,756,0.0,0.0,18-25,<=50K
75,8,30,0,0,0,0,0,2250,0.0,0.0,66+,<=50K
54,9,38,0,0,0,0,0,2052,0.0,0.0,46-55,<=50K
67,10,25,0,0,0,0,0,1675,0.0,0.0,66+,<=50K
19,7,38,0,0,0,0,0,722,0.0,0.0,18-25,<=50K
19,11,36,0,0,0,0,0,684,0.0,0.0,18-25,<=50K
70,5,36,0,0,0,0,0,2520,0.0,0.0,66+,<=50K
24,11,39,0,0,0,0,0,936,0.0,0.0,18-25,<=50K
27,13,45,64184,0,1,0,64184,1215,11.069524817519026,0.0,26-35,>50K
50,9,30,0,1702,0,1,-1702,1500,0.0,7.440146680662688,46-55,<=50K
55,11,50,0,0,0,0,0,2750,0.0,0.0,46-55,<=50K
32,7,51,0,0,0,0,0,1632,0.0,0.0,26-35,<=50K
45,13,62,0,0,0,0,0,2790,0.0,0.0,36-45,<=50K
59,14,43,0,0,0,0,0,2537,0.0,0.0,56-65,>50K
45,7,55,0,0,0,0,0,2475,0.0,0.0,36-45,>50K
41,11,50,11980,0,1,0,11980,2050,9.3910773406399,0.0,36-45,<=50K
22,10,42,0,0,0,0,0,924,0.0,0.0,18-25,<=50K
46,10,28,0,0,0,0,0,1288,0.0,0.0,46-55,<=50K
67,11,49,0,0,0,0,0,3283,0.0,0.0,66+,<=50K
56,9,42,22668,0,1,0,22668,2352,10.028753631368525,0.0,56-65,>50K
73,10,58,0,0,0,0,0,4234,0.0,0.0,66+,>50K
25,9,47,0,0,0,0,0,1175,0.0,0.0,18-25,<=50K
18,9,51,0,0,0,0,0,918,0.0,0.0,18-25,<=50K
51,13,34,0,0,0,0,0,1734,0.0,0.0,46-55,<=50K
29,6,42,0,0,0,0,0,1218,0.0,0.0,26-35,<=50K
54,10,21,0,0,0,0,0,1134,0.0,0.0,46-55,<=50K
74,7,46,0,0,0,0,0,3404,0.0,0.0,66+,<=50K
38,13,52,0,0,0,0,0,1976,0.0,0.0,36-45,<=50K
52,10,54,0,0,0,0,0,2808,0.0,0.0,46-55,<=50K
60,9,36,20103,0,1,0,20103,2160,9.908674079223427,0.0,56-65,<=50K
27,9,22,0,0,0,0,0,594,0.0,0.0,26-35,<=50K
73,9,35,6132,0,1,0,6132,2555,8.721439305625983,0.0,66+,>50K
30,14,39,0,0,0,0,0,1170,0.0,0.0,26-35,<=50K
68,10,44,0,0,0,0,0,2992,0.0,0.0,66+,>50K
58,9,20,0,0,0,0,0,1160,0.0,0.0,56-65,<=50K
26,12,39,0,0,0,0,0,1014,0.0,0.0,26-35,<=50K
62,9,30,0,0,0,0,0,1860,0.0,0.0,56-65,<=50K
30,9,54,0,0,0,0,0,1620,0.0,0.0,26-35,<=50K
55,9,17,0,0,0,0,0,935,0.0,0.0,46-55,<=50K
77,7,50,0,0,0,0,0,3850,0.0,0.0,66+,<=50K
77,11,38,0,0,0,0,0,2926,0.0,0.0,66+,<=50K
72,13,20,0,0,0,0,0,1440,0.0,0.0,66+,>50K
48,13,57,0,0,0,0,0,2736,0.0,0.0,46-55,<=50K
52,13,54,0,0,0,0,0,2808,0.0,0.0,46-55,<=50K
36,9,52,0,0,0,0,0,1872,0.0,0.0,36-45,<=50K
75,9,41,48620,0,1,0,48620,3075,10.79181081532623,0.0,66+,>50K
47,10,33,0,0,0,0,0,1551,0.0,0.0,46-55,>50K
65,14,41,80973,0,1,0,80973,2665,11.301883394472691,0.0,56-65,>50K
40,11,45,0,0,0,0,0,1800,0.0,0.0,36-45,<=50K
63,9,35,0,0,0,0,0,2205,0.0,0.0,56-65,<=50K
31,11,31,0,0,0,0,0,961,0.0,0.0,26-35,<=50K
63,12,45,0,0,0,0,0,2835,0.0,0.0,56-65,>50K
20,14,42,0,393,0,1,-393,840,0.0,5.976350909297934,18-25,<=50K
24,12,49,0,0,0,0,0,1176,0.0,0.0,18-25,<=50K
39,9,55,0,0,0,0,0,2145,0.0,0.0,36-45,<=50K
47,9,49,0,0,0,0,0,2303,0.0,0.0,46-55,<=50K
62,9,28,0,0,0,0,0,1736,0.0,0.0,56-65,<=50K
40,9,40,0,0,0,0,0,1600,0.0,0.0,36-45,<=50K
19,14,44,0,0,0,0,0,836,0.0,0.0,18-25,<=50K
38,10,48,0,0,0,0,0,1824,0.0,0.0,36-45,<=50K
45,9,49,0,0,0,0,0,2205,0.0,0.0,36-45,<=50K
51,9,39,0,0,0,0,0,1989,0.0,0.0,46-55,<=50K
57,10,35,0,0,0,0,0,1995,0.0,0.0,56-65,<=50K
33,10,50,0,0,0,0,0,1650,0.0,0.0,26-35,<=50K
55,6,44,0,0,0,0,0,2420,0.0,0.0,46-55,<=50K
57,13,43,0,0,0,0,0,2451,0.0,0.0,56-65,>50K
66,9,33,0,0,0,0,0,2178,0.0,0.0,66+,<=50K
50,9,61,0,413,0,1,-413,3050,0.0,6.025865973825314,46-55,<=50K
68,8,42,0,0,0,0,0,2856,0.0,0.0,66+,<=50K
31,10,39,0,0,0,0,0,1209,0.0,0.0,26-35,<=50K
62,11,42,0,0,0,0,0,2604,0.0,0.0,56-65,>50K
20,13,39,83206,0,1,0,83206,780,11.329086757885566,0.0,18-25,>50K
24,4,27,0,0,0,0,0,648,0.0,0.0,18-25,<=50K
71,15,43,0,0,0,0,0,3053,0.0,0.0,66+,>50K
47,11,25,0,0,0,0,0,1175,0.0,0.0,46-55,<=50K
56,9,41,0,0,0,0,0,2296,0.0,0.0,56-65,<=50K
55,8,24,0,0,0,0,0,1320,0.0,0.0,46-55,<=50K
61,9,18,0,0,0,0,0,1098,0.0,0.0,56-65,<=50K
33,13,46,99344,0,1,0,99344,1518,11.50635391958719,0.0,26-35,>50K
29,9,29,0,0,0,0,0,841,0.0,0.0,26-35,<=50K
20,9,44,0,0,0,0,0,880,0.0,0.0,18-25,<=50K
71,11,42,0,1414,0,1,-1414,2982,0.0,7.254884810077338,66+,>50K
31,13,41,97566,0,1,0,97566,1271,11.488294600473404,0.0,26-35,<=50K
53,10,34,0,0,0,0,0,1802,0.0,0.0,46-55,<=50K
46,12,39,0,0,0,0,0,1794,0.0,0.0,46-55,<=50K
28,7,33,66211,929,1,1,65282,924,11.100616994380056,6.835184586147301,26-35,>50K
43,13,49,0,0,0,0,0,2107,0.0,0.0,36-45,>50K
23,9,35,0,0,0,0,0,805,0.0,0.0,18-25,<=50K
28,6,38,0,1757,0,1,-1757,1064,0.0,7.471932078245122,26-35,<=50K
26,15,47,0,0,0,0,0,1222,0.0,0.0,26-35,<=50K
69,8,34,0,0,0,0,0,2346,0.0,0.0,66+,<=50K
53,6,22,0,0,0,0,0,1166,0.0,0.0,46-55,<=50K
75,10,29,0,0,0,0,0,2175,0.0,0.0,66+,<=50K
45,9,51,0,0,0,0,0,2295,0.0,0.0,36-45,<=50K
30,6,41,0,0,0,0,0,1230,0.0,0.0,26-35,<=50K
55,10,43,0,0,0,0,0,2365,0.0,0.0,46-55,<=50K
75,12,43,0,0,0,0,0,3225,0.0,0.0,66+,<=50K
51,13,58,0,0,0,0,0,2958,0.0,0.0,46-55,>50K
19,7,19,6058,0,1,0,6058,361,8.70930004894499,0.0,18-25,<=50K
36,10,39,0,0,0,0,0,1404,0.0,0.0,36-45,<=50K
75,13,40,0,0,0,0,0,3000,0.0,0.0,66+,<=50K
50,7,40,0,0,0,0,0,2000,0.0,0.0,46-55,<=50K
77,8,48,0,0,0,0,0,3696,0.0,0.0,66+,>50K
49,1,48,0,0,0,0,0,2352,0.0,0.0,46-55,<=50K
18,10,38,0,0,0,0,0,684,0.0,0.0,18-25,<=50K
72,8,23,0,0,0,0,0,1656,0.0,0.0,66+,<=50K
65,11,65,0,0,0,0,0,4225,0.0,0.0,56-65,>50K
62,14,40,0,0,0,0,0,2480,0.0,0.0,56-65,>50K
78,9,41,0,0,0,0,0,3198,0.0,0.0,66+,<=50K
30,10,53,0,0,0,0,0,1590,0.0,0.0,26-35,<=50K
74,9,36,0,0,0,0,0,2664,0.0,0.0,66+,<=50K
32,2,53,0,0,0,0,0,1696,0.0,0.0,26-35,<=50K
78,12,37,0,0,0,0,0,2886,0.0,0.0,66+,>50K
29,9,58,0,0,0,0,0,1682,0.0,0.0,26-35,<=50K
52,14,45,0,0,0,0,0,2340,0.0,0.0,46-55,>50K
66,10,33,0,0,0,0,0,2178,0.0,0.0,66+,>50K
22,7,62,0,0,0,0,0,1364,0.0,0.0,18-25,<=50K
22,9,46,0,0,0,0,0,1012,0.0,0.0,18-25,<=50K
70,8,34,0,0,0,0,0,2380,0.0,0.0,66+,<=50K
21,13,26,0,3024,0,1,-3024,546,0.0,8.014666370464942,18-25,<=50K
56,11,47,0,0,0,0,0,2632,0.0,0.0,56-65,>50K
76,9,54,0,0,0,0,0,4104,0.0,0.0,66+,<=50K
56,10,44,0,0,0,0,0,2464,0.0,0.0,56-65,<=50K
47,10,43,10861,0,1,0,10861,2021,9.29302573859479,0.0,46-55,<=50K
43,12,56,0,0,0,0,0,2408,0.0,0.0,36-45,<=50K
57,5,46,0,0,0,0,0,2622,0.0,0.0,56-65,<=50K
53,2,33,0,0,0,0,0,1749,0.0,0.0,46-55,<=50K
49,6,34,0,0,0,0,0,1666,0.0,0.0,46-55,<=50K
27,9,46,0,0,0,0,0,1242,0.0,0.0,26-35,<=50K
59,9,45,0,0,0,0,0,2655,0.0,0.0,56-65,<=50K
63,6,51,0,0,0,0,0,3213,0.0,0.0,56-65,<=50K
61,9,44,0,0,0,0,0,2684,0.0,0.0,56-65,<=50K
22,9,47,0,0,0,0,0,1034,0.0,0.0,18-25,<=50K
61,6,43,0,0,0,0,0,2623,0.0,0.0,56-65,<=50K
63,13,50,0,0,0,0,0,3150,0.0,0.0,56-65,<=50K
29,10,47,0,0,0,0,0,1363,0.0,0.0,26-35,<=50K
70,9,37,48151,0,1,0,48151,2590,10.782117953227607,0.0,66+,<=50K
50,10,38,0,0,0,0,0,1900,0.0,0.0,46-55,<=50K
47,9,43,0,0,0,0,0,2021,0.0,0.0,46-55,<=50K
62,13,41,0,0,0,0,0,2542,0.0,0.0,56-65,<=50K
49,10,53,18470,0,1,0,18470,2597,9.82395721357932,0.0,46-55,<=50K
51,9,42,692,0,1,0,692,2142,6.541029999189903,0.0,46-55,<=50K
37,13,26,0,0,0,0,0,962,0.0,0.0,36-45,<=50K
75,13,28,0,0,0,0,0,2100,0.0,0.0,66+,>50K
78,13,38,0,0,0,0,0,2964,0.0,0.0,66+,<=50K
26,9,47,0,0,0,0,0,1222,0.0,0.0,26-35,<=50K
63,7,33,0,3499,0,1,-3499,2079,0.0,8.160518247477505,56-65,<=50K
19,11,47,0,0,0,0,0,893,0.0,0.0,18-25,<=50K
40,9,32,0,4371,0,1,-4371,1280,0.0,8.382975849296429,36-45,<=50K
78,11,42,0,0,0,0,0,3276,0.0,0.0,66+,<=50K
28,12,44,0,2363,0,1,-2363,1232,0.0,7.768110378525988,26-35,<=50K
41,9,29,0,0,0,0,0,1189,0.0,0.0,36-45,<=50K
31,9,44,0,0,0,0,0,1364,0.0,0.0,26-35,<=50K
63,9,56,0,0,0,0,0,3528,0.0,0.0,56-65,<=50K
46,9,38,78046,0,1,0,78046,1748,11.265066488305438,0.0,46-55,>50K
54,10,41,0,0,0,0,0,2214,0.0,0.0,46-55,<=50K
76,12,43,0,0,0,0,0,3268,0.0,0.0,66+,<=50K
50,9,41,0,4196,0,1,-4196,2050,0.0,8.34212526333359,46-55,<=50K
63,11,40,0,0,0,0,0,2520,0.0,0.0,56-65,<=50K
24,10,39,0,0,0,0,0,936,0.0,0.0,18-25,<=50K
31,11,24,0,0,0,0,0,744,0.0,0.0,26-35,<=50K
76,9,45,0,0,0,0,0,3420,0.0,0.0,66+,<=50K
71,12,29,0,0,0,0,0,2059,0.0,0.0,66+,<=50K
58,11,44,0,0,0,0,0,2552,0.0,0.0,56-65,<=50K
41,9,47,0,0,0,0,0,1927,0.0,0.0,36-45,<=50K
30,10,44,0,0,0,0,0,1320,0.0,0.0,26-35,<=50K
70,13,31,0,0,0,0,0,2170,0.0,0.0,66+,>50K
66,9,43,0,0,0,0,0,2838,0.0,0.0,66+,<=50K
32,12,38,0,0,0,0,0,1216,0.0,0.0,26-35,<=50K
54,14,34,0,0,0,0,0,1836,0.0,0.0,46-55,<=50K
56,13,61,0,2834,0,1,-2834,3416,0.0,7.949797216161852,56-65,>50K
47,9,31,0,0,0,0,0,1457,0.0,0.0,46-55,>50K
75,10,45,31969,0,1,0,31969,3375,10.372553242053888,0.0,66+,<=50K
25,16,55,0,0,0,0,0,1375,0.0,0.0,18-25,<=50K
33,10,44,0,3724,0,1,-3724,1452,0.0,8.22282213081366,26-35,<=50K
23,6,34,0,0,0,0,0,782,0.0,0.0,18-25,<=50K
60,3,34,0,0,0,0,0,2040,0.0,0.0,56-65,<=50K
57,12,26,0,0,0,0,0,1482,0.0,0.0,56-65,>50K
79,9,41,0,0,0,0,0,3239,0.0,0.0,66+,<=50K
51,9,41,0,0,0,0,0,2091,0.0,0.0,46-55,<=50K
27,9,37,0,0,0,0,0,999,0.0,0.0,26-35,<=50K
45,12,54,0,0,0,0,0,2430,0.0,0.0,36-45,<=50K
23,9,40,0,0,0,0,0,920,0.0,0.0,18-25,<=50K
59,13,24,0,0,0,0,0,1416,0.0,0.0,56-65,<=50K
59,12,55,68742,0,1,0,68742,3245,11.138130192163176,0.0,56-65,>50K
71,15,29,0,0,0,0,0,2059,0.0,0.0,66+,>50K
39,13,45,0,0,0,0,0,1755,0.0,0.0,36-45,<=50K
37,9,47,65878,0,1,0,65878,1739,11.095575005062832,0.0,36-45,<=50K
22,10,40,18106,0,1,0,18106,880,9.804053882820643,0.0,18-25,<=50K
43,2,50,0,0,0,0,0,2150,0.0,0.0,36-45,<=50K
47,16,41,0,0,0,0,0,1927,0.0,0.0,46-55,<=50K
64,9,37,0,0,0,0,0,2368,0.0,0.0,56-65,>50K
64,10,20,0,0,0,0,0,1280,0.0,0.0,56-65,<=50K
26,13,23,0,0,0,0,0,598,0.0,0.0,26-35,<=50K
35,7,68,0,0,0,0,0,2380,0.0,0.0,26-35,<=50K
49,13,48,0,0,0,0,0,2352,0.0,0.0,46-55,<=50K
38,2,53,0,0,0,0,0,2014,0.0,0.0,36-45,<=50K
19,9,66,0,0,0,0,0,1254,0.0,0.0,18-25,<=50K
70,9,37,0,0,0,0,0,2590,0.0,0.0,66+,<=50K
63,9,39,0,0,0,0,0,2457,0.0,0.0,56-65,<=50K
50,10,24,0,0,0,0,0,1200,0.0,0.0,46-55,<=50K
37,13,38,0,0,0,0,0,1406,0.0,0.0,36-45,<=50K
70,9,37,0,0,0,0,0,2590,0.0,0.0,66+,<=50K
20,10,37,0,0,0,0,0,740,0.0,0.0,18-25,<=50K
45,13,51,0,0,0,0,0,2295,0.0,0.0,36-45,<=50K
67,12,48,0,0,0,0,0,3216,0.0,0.0,66+,<=50K
77,3,50,0,0,0,0,0,3850,0.0,0.0,66+,<=50K
33,14,28,0,0,0,0,0,924,0.0,0.0,26-35,>50K
58,3,41,0,0,0,0,0,2378,0.0,0.0,56-65,<=50K
29,10,44,0,0,0,0,0,1276,0.0,0.0,26-35,<=50K
25,10,59,0,0,0,0,0,1475,0.0,0.0,18-25,<=50K
39,12,42,0,0,0,0,0,1638,0.0,0.0,36-45,<=50K
72,7,39,0,0,0,0,0,2808,0.0,0.0,66+,>50K
60,7,51,0,0,0,0,0,3060,0.0,0.0,56-65,<=50K
48,12,38,0,0,0,0,0,1824,0.0,0.0,46-55,<=50K
35,7,45,0,0,0,0,0,1575,0.0,0.0,26-35,<=50K
26,9,45,0,0,0,0,0,1170,0.0,0.0,26-35,<=50K
34,11,35,0,0,0,0,0,1190,0.0,0.0,26-35,<=50K
27,10,34,0,4080,0,1,-4080,918,0.0,8.314097335405807,26-35,<=50K
29,9,40,0,0,0,0,0,1160,0.0,0.0,26-35,<=50K
60,9,36,0,0,0,0,0,2160,0.0,0.0,56-65,<=50K
26,15,25,0,0,0,0,0,650,0.0,0.0,26-35,<=50K
20,9,47,0,0,0,0,0,940,0.0,0.0,18-25,<=50K
51,3,46,0,0,0,0,0,2346,0.0,0.0,46-55,<=50K
35,9,33,96395,0,1,0,96395,1155,11.476219985961812,0.0,26-35,>50K
46,9,32,0,0,0,0,0,1472,0.0,0.0,46-55,<=50K
26,16,45,0,0,0,0,0,1170,0.0,0.0,26-35,<=50K
31,9,58,0,0,0,0,0,1798,0.0,0.0,26-35,<=50K
45,3,50,0,0,0,0,0,2250,0.0,0.0,36-45,<=50K
60,10,52,89105,0,1,0,89105,3120,11.397581951259,0.0,56-65,>50K
43,5,37,97790,0,1,0,97790,1591,11.490587827248513,0.0,36-45,<=50K
51,9,44,0,0,0,0,0,2244,0.0,0.0,46-55,<=50K
50,16,39,0,0,0,0,0,1950,0.0,0.0,46-55,>50K
34,11,33,0,0,0,0,0,1122,0.0,0.0,26-35,<=50K
35,4,42,0,0,0,0,0,1470,0.0,0.0,26-35,<=50K
44,9,31,1080,0,1,0,1080,1364,6.985641817639208,0.0,36-45,<=50K
19,7,33,0,0,0,0,0,627,0.0,0.0,18-25,<=50K
60,6,36,0,0,0,0,0,2160,0.0,0.0,56-65,<=50K
56,10,37,0,0,0,0,0,2072,0.0,0.0,56-65,<=50K
36,10,40,0,0,0,0,0,1440,0.0,0.0,36-45,<=50K
41,12,19,0,0,0,0,0,779,0.0,0.0,36-45,<=50K
38,13,31,0,0,0,0,0,1178,0.0,0.0,36-45,<=50K
58,9,56,0,0,0,0,0,3248,0.0,0.0,56-65,<=50K
65,14,40,0,0,0,0,0,2600,0.0,0.0,56-65,<=50K
24,10,46,0,0,0,0,0,1104,0.0,0.0,18-25,<=50K
43,9,44,0,1109,0,1,-1109,1892,0.0,7.01211529430638,36-45,<=50K
18,13,39,0,0,0,0,0,702,0.0,0.0,18-25,<=50K
46,3,31,0,0,0,0,0,1426,0.0,0.0,46-55,<=50K
33,10,35,0,0,0,0,0,1155,0.0,0.0,26-35,<=50K
38,11,60,37477,0,1,0,37477,2280,10.531509373135611,0.0,36-45,<=50K
46,9,35,0,0,0,0,0,1610,0.0,0.0,46-55,<=50K
38,13,57,0,0,0,0,0,2166,0.0,0.0,36-45,<=50K
42,9,36,0,0,0,0,0,1512,0.0,0.0,36-45,<=50K
65,13,37,0,0,0,0,0,2405,0.0,0.0,56-65,>50K
68,5,41,0,0,0,0,0,2788,0.0,0.0,66+,<=50K
18,7,38,0,0,0,0,0,684,0.0,0.0,18-25,<=50K
41,9,31,0,0,0,0,0,1271,0.0,0.0,36-45,<=50K
70,13,40,0,0,0,0,0,2800,0.0,0.0,66+,>50K
50,6,25,0,0,0,0,0,1250,0.0,0.0,46-55,<=50K
30,13,44,0,0,0,0,0,1320,0.0,0.0,26-35,<=50K
54,9,42,0,0,0,0,0,2268,0.0,0.0,46-55,<=50K
26,9,47,0,0,0,0,0,1222,0.0,0.0,26-35,<=50K
19,9,35,0,0,0,0,0,665,0.0,0.0,18-25,<=50K
57,6,47,0,0,0,0,0,2679,0.0,0.0,56-65,<=50K
49,14,44,0,0,0,0,0,2156,0.0,0.0,46-55,>50K
64,9,41,0,0,0,0,0,2624,0.0,0.0,56-65,<=50K
39,11,60,0,0,0,0,0,2340,0.0,0.0,36-45,<=50K
70,10,45,0,0,0,0,0,3150,0.0,0.0,66+,>50K
44,10,35,0,0,0,0,0,1540,0.0,0.0,36-45,<=50K
63,10,55,0,0,0,0,0,3465,0.0,0.0,56-65,<=50K
24,13,45,0,0,0,0,0,1080,0.0,0.0,18-25,<=50K
24,11,58,0,0,0,0,0,1392,0.0,0.0,18-25,<=50K
66,10,21,0,0,0,0,0,1386,0.0,0.0,66+,<=50K
69,10,37,0,0,0,0,0,2553,0.0,0.0,66+,<=50K
76,10,37,0,0,0,0,0,2812,0.0,0.0,66+,>50K
38,9,21,0,0,0,0,0,798,0.0,0.0,36-45,<=50K
19,10,42,0,0,0,0,0,798,0.0,0.0,18-25,<=50K
78,9,36,0,0,0,0,0,2808,0.0,0.0,66+,<=50K
55,12,20,0,0,0,0,0,1100,0.0,0.0,46-55,<=50K
33,15,32,0,0,0,0,0,1056,0.0,0.0,26-35,<=50K
65,14,54,0,0,0,0,0,3510,0.0,0.0,56-65,>50K
74,13,49,0,0,0,0,0,3626,0.0,0.0,66+,<=50K
35,10,33,0,2676,0,1,-2676,1155,0.0,7.892452043520352,26-35,<=50K
65,12,33,0,1633,0,1,-1633,2145,0.0,7.3987862754199485,56-65,<=50K
66,7,49,0,0,0,0,0,3234,0.0,0.0,66+,<=50K
49,9,20,0,0,0,0,0,980,0.0,0.0,46-55,<=50K
57,9,46,0,0,0,0,0,2622,0.0,0.0,56-65,<=50K
34,1,22,0,0,0,0,0,748,0.0,0.0,26-35,<=50K
75,15,56,0,0,0,0,0,4200,0.0,0.0,66+,>50K
78,13,47,0,0,0,0,0,3666,0.0,0.0,66+,<=50K
78,10,22,0,0,0,0,0,1716,0.0,0.0,66+,<=50K
63,9,36,0,0,0,0,0,2268,0.0,0.0,56-65,<=50K
20,11,43,0,0,0,0,0,860,0.0,0.0,18-25,<=50K
40,9,20,0,0,0,0,0,800,0.0,0.0,36-45,<=50K
45,13,40,0,0,0,0,0,1800,0.0,0.0,36-45,<=50K
77,16,45,0,0,0,0,0,3465,0.0,0.0,66+,>50K
51,9,19,0,0,0,0,0,969,0.0,0.0,46-55,<=50K
51,9,47,0,0,0,0,0,2397,0.0,0.0,46-55,<=50K
27,9,39,0,0,0,0,0,1053,0.0,0.0,26-35,<=50K
67,5,49,40692,0,1,0,40692,3283,10.61381136646669,0.0,66+,<=50K
38,9,38,0,0,0,0,0,1444,0.0,0.0,36-45,<=50K
23,2,29,0,0,0,0,0,667,0.0,0.0,18-25,<=50K
79,6,28,94388,0,1,0,94388,2212,11.455179819920248,0.0,66+,>50K
29,9,37,0,0,0,0,0,1073,0.0,0.0,26-35,<=50K
19,7,38,0,0,0,0,0,722,0.0,0.0,18-25,<=50K
22,11,51,0,0,0,0,0,1122,0.0,0.0,18-25,<=50K
46,5,37,0,2758,0,1,-2758,1702,0.0,7.922623574217286,46-55,>50K
24,13,24,0,0,0,0,0,576,0.0,0.0,18-25,<=50K
70,9,35,0,0,0,0,0,2450,0.0,0.0,66+,<=50K
49,6,25,0,0,0,0,0,1225,0.0,0.0,46-55,<=50K
38,2,43,0,0,0,0,0,1634,0.0,0.0,36-45,<=50K
18,11,46,0,0,0,0,0,828,0.0,0.0,18-25,<=50K
47,9,48,0,0,0,0,0,2256,0.0,0.0,46-55,<=50K
27,10,37,0,0,0,0,0,999,0.0,0.0,26-35,<=50K
78,6,33,0,0,0,0,0,2574,0.0,0.0,66+,<=50K
36,15,35,0,0,0,0,0,1260,0.0,0.0,36-45,<=50K
47,6,39,0,0,0,0,0,1833,0.0,0.0,46-55,<=50K
19,9,35,0,0,0,0,0,665,0.0,0.0,18-25,<=50K
26,13,56,0,0,0,0,0,1456,0.0,0.0,26-35,<=50K
30,9,36,0,0,0,0,0,1080,0.0,0.0,26-35,<=50K
21,9,39,0,0,0,0,0,819,0.0,0.0,18-25,<=50K
63,13,32,0,0,0,0,0,2016,0.0,0.0,56-65,<=50K
76,9,33,0,0,0,0,0,2508,0.0,0.0,66+,<=50K
79,1,27,0,0,0,0,0,2133,0.0,0.0,66+,<=50K
34,9,30,0,0,0,0,0,1020,0.0,0.0,26-35,<=50K
66,2,59,0,0,0,0,0,3894,0.0,0.0,66+,<=50K
49,13,45,0,0,0,0,0,2205,0.0,0.0,46-55,<=50K
20,10,37,0,0,0,0,0,740,0.0,0.0,18-25,<=50K
23,10,33,0,0,0,0,0,759,0.0,0.0,18-25,<=50K
51,8,52,0,0,0,0,0,2652,0.0,0.0,46-55,<=50K
44,11,32,0,0,0,0,0,1408,0.0,0.0,36-45,<=50K
18,11,23,0,0,0,0,0,414,0.0,0.0,18-25,<=50K
75,4,45,0,0,0,0,0,3375,0.0,0.0,66+,<=50K
63,13,31,0,0,0,0,0,1953,0.0,0.0,56-65,<=50K
49,10,27,0,0,0,0,0,1323,0.0,0.0,46-55,<=50K
79,13,29,0,0,0,0,0,2291,0.0,0.0,66+,>50K
78,9,44,0,0,0,0,0,3432,0.0,0.0,66+,<=50K
78,6,39,0,0,0,0,0,3042,0.0,0.0,66+,>50K
34,11,30,0,0,0,0,0,1020,0.0,0.0,26-35,<=50K
72,13,45,43964,0,1,0,43964,3240,10.691149141813103,0.0,66+,<=50K
49,9,32,0,0,0,0,0,1568,0.0,0.0,46-55,<=50K
63,2,24,0,0,0,0,0,1512,0.0,0.0,56-65,<=50K
71,13,27,0,0,0,0,0,1917,0.0,0.0,66+,>50K
28,8,40,0,0,0,0,0,1120,0.0,0.0,26-35,<=50K
45,9,32,33285,0,1,0,33285,1440,10.412892167146671,0.0,36-45,<=50K
25,10,41,0,0,0,0,0,1025,0.0,0.0,18-25,<=50K
35,5,51,0,0,0,0,0,1785,0.0,0.0,26-35,<=50K
43,4,34,0,0,0,0,0,1462,0.0,0.0,36-45,<=50K
71,3,67,0,0,0,0,0,4757,0.0,0.0,66+,<=50K
71,13,43,0,0,0,0,0,3053,0.0,0.0,66+,>50K
42,9,38,0,0,0,0,0,1596,0.0,0.0,36-45,<=50K
38,10,27,0,0,0,0,0,1026,0.0,0.0,36-45,<=50K
50,16,37,0,0,0,0,0,1850,0.0,0.0,46-55,>50K
74,10,38,0,0,0,0,0,2812,0.0,0.0,66+,>50K
78,10,48,34858,0,1,0,34858,3744,10.459066632489291,0.0,66+,>50K
32,10,34,0,0,0,0,0,1088,0.0,0.0,26-35,<=50K
29,9,44,0,0,0,0,0,1276,0.0,0.0,26-35,<=50K
61,10,40,0,0,0,0,0,2440,0.0,0.0,56-65,<=50K
36,14,50,0,0,0,0,0,1800,0.0,0.0,36-45,<=50K
30,12,51,0,0,0,0,0,1530,0.0,0.0,26-35,<=50K
19,9,43,0,0,0,0,0,817,0.0,0.0,18-25,<=50K
42,9,48,0,0,0,0,0,2016,0.0,0.0,36-45,<=50K
42,13,51,0,1256,0,1,-1256,2142,0.0,7.136483208590247,36-45,<=50K
52,6,45,27516,0,1,0,27516,2340,10.222559274477174,0.0,46-55,<=50K
30,13,43,53997,0,1,0,53997,1290,10.896702287823487,0.0,26-35,>50K
62,9,44,0,0,0,0,0,2728,0.0,0.0,56-65,<=50K
60,11,56,0,0,0,0,0,3360,0.0,0.0,56-65,<=50K
46,13,41,0,0,0,0,0,1886,0.0,0.0,46-55,>50K
29,9,47,0,0,0,0,0,1363,0.0,0.0,26-35,<=50K
49,8,33,0,0,0,0,0,1617,0.0,0.0,46-55,<=50K
59,13,55,0,0,0,0,0,3245,0.0,0.0,56-65,<=50K
41,9,44,5671,0,1,0,5671,1804,8.643297068211963,0.0,36-45,<=50K
34,9,37,0,0,0,0,0,1258,0.0,0.0,26-35,<=50K
49,10,39,0,0,0,0,0,1911,0.0,0.0,46-55,<=50K
40,9,38,0,0,0,0,0,1520,0.0,0.0,36-45,<=50K
42,11,40,0,0,0,0,0,1680,0.0,0.0,36-45,<=50K
39,6,42,0,0,0,0,0,1638,0.0,0.0,36-45,<=50K
36,9,38,0,0,0,0,0,1368,0.0,0.0,36-45,<=50K
62,13,24,0,0,0,0,0,1488,0.0,0.0,56-65,<=50K
46,3,58,0,0,0,0,0,2668,0.0,0.0,46-55,<=50K
46,9,43,0,0,0,0,0,1978,0.0,0.0,46-55,<=50K
58,10,43,0,0,0,0,0,2494,0.0,0.0,56-65,<=50K
40,13,40,0,0,0,0,0,1600,0.0,0.0,36-45,<=50K
24,10,49,0,0,0,0,0,1176,0.0,0.0,18-25,<=50K
70,13,40,0,0,0,0,0,2800,0.0,0.0,66+,>50K
21,9,37,0,0,0,0,0,777,0.0,0.0,18-25,<=50K
53,9,38,0,0,0,0,0,2014,0.0,0.0,46-55,<=50K
34,14,53,0,0,0,0,0,1802,0.0,0.0,26-35,<=50K
31,13,42,0,0,0,0,0,1302,0.0,0.0,26-35,<=50K
20,10,40,0,0,0,0,0,800,0.0,0.0,18-25,<=50K
73,9,36,0,0,0,0,0,2628,0.0,0.0,66+,<=50K
44,9,37,0,0,0,0,0,1628,0.0,0.0,36-45,<=50K
39,4,51,25304,0,1,0,25304,1989,10.138757283648179,0.0,36-45,<=50K
63,13,31,0,0,0,0,0,1953,0.0,0.0,56-65,<=50K
20,13,47,0,0,0,0,0,940,0.0,0.0,18-25,>50K
53,9,47,0,0,0,0,0,2491,0.0,0.0,46-55,<=50K
48,9,42,0,0,0,0,0,2016,0.0,0.0,46-55,<=50K
52,9,38,0,0,0,0,0,1976,0.0,0.0,46-55,<=50K
25,6,25,0,0,0,0,0,625,0.0,0.0,18-25,<=50K
77,11,47,52040,0,1,0,52040,3619,10.859787148429518,0.0,66+,>50K
32,10,24,0,0,0,0,0,768,0.0,0.0,26-35,<=50K
60,9,42,0,0,0,0,0,2520,0.0,0.0,56-65,<=50K
64,10,41,0,0,0,0,0,2624,0.0,0.0,56-65,>50K
39,15,48,0,0,0,0,0,1872,0.0,0.0,36-45,<=50K
26,6,31,0,0,0,0,0,806,0.0,0.0,26-35,<=50K
36,9,31,0,0,0,0,0,1116,0.0,0.0,36-45,<=50K
68,9,45,0,0,0,0,0,3060,0.0,0.0,66+,>50K
74,7,38,0,0,0,0,0,2812,0.0,0.0,66+,<=50K
76,10,20,0,0,0,0,0,1520,0.0,0.0,66+,<=50K
32,10,40,0,0,0,0,0,1280,0.0,0.0,26-35,<=50K
55,7,58,0,0,0,0,0,3190,0.0,0.0,46-55,<=50K
27,7,45,0,0,0,0,0,1215,0.0,0.0,26-35,<=50K
62,13,28,0,0,0,0,0,1736,0.0,0.0,56-65,<=50K
43,9,45,0,0,0,0,0,1935,0.0,0.0,36-45,<=50K
62,10,50,90413,0,1,0,90413,3100,11.412154401646209,0.0,56-65,>50K
60,10,23,0,0,0,0,0,1380,0.0,0.0,56-65,<=50K
79,13,37,0,0,0,0,0,2923,0.0,0.0,66+,>50K
48,12,53,0,0,0,0,0,2544,0.0,0.0,46-55,>50K
39,13,25,0,0,0,0,0,975,0.0,0.0,36-45,<=50K
50,10,37,0,0,0,0,0,1850,0.0,0.0,46-55,<=50K
28,9,38,0,0,0,0,0,1064,0.0,0.0,26-35,<=50K
24,9,36,50303,0,1,0,50303,864,10.825839875788878,0.0,18-25,>50K
50,9,54,2584,0,1,0,2584,2700,7.85748078694253,0.0,46-55,<=50K
69,9,52,0,0,0,0,0,3588,0.0,0.0,66+,<=50K
51,6,37,0,0,0,0,0,1887,0.0,0.0,46-55,<=50K
66,9,30,0,0,0,0,0,1980,0.0,0.0,66+,<=50K
29,9,53,0,0,0,0,0,1537,0.0,0.0,26-35,<=50K
45,3,48,0,0,0,0,0,2160,0.0,0.0,36-45,<=50K
56,9,40,0,0,0,0,0,2240,0.0,0.0,56-65,<=50K
39,12,47,0,0,0,0,0,1833,0.0,0.0,36-45,<=50K
18,10,46,0,0,0,0,0,828,0.0,0.0,18-25,<=50K
22,13,31,21275,0,1,0,21275,682,9.965334955862208,0.0,18-25,>50K
75,10,34,0,0,0,0,0,2550,0.0,0.0,66+,<=50K
55,13,40,0,0,0,0,0,2200,0.0,0.0,46-55,<=50K
34,13,21,0,0,0,0,0,714,0.0,0.0,26-35,<=50K
34,5,37,0,0,0,0,0,1258,0.0,0.0,26-35,<=50K
20,15,32,0,2063,0,1,-2063,640,0.0,7.6324011266014535,18-25,>50K
76,2,42,0,0,0,0,0,3192,0.0,0.0,66+,<=50K
24,10,29,0,0,0,0,0,696,0.0,0.0,18-25,<=50K
65,13,44,0,0,0,0,0,2860,0.0,0.0,56-65,<=50K
32,9,42,77500,0,1,0,77500,1344,11.258046118484,0.0,26-35,<=50K
38,10,39,0,0,0,0,0,1482,0.0,0.0,36-45,<=50K
34,9,45,0,0,0,0,0,1530,0.0,0.0,26-35,<=50K
69,4,46,0,0,0,0,0,3174,0.0,0.0,66+,<=50K
20,2,38,0,0,0,0,0,760,0.0,0.0,18-25,<=50K
39,5,40,0,0,0,0,0,1560,0.0,0.0,36-45,<=50K
35,5,33,0,0,0,0,0,1155,0.0,0.0,26-35,<=50K
34,10,33,0,0,0,0,0,1122,0.0,0.0,26-35,<=50K
29,10,56,0,0,0,0,0,1624,0.0,0.0,26-35,<=50K
74,9,38,7600,0,1,0,7600,2812,8.936035096566041,0.0,66+,>50K
41,11,40,0,0,0,0,0,1640,0.0,0.0,36-45,<=50K
43,2,39,0,0,0,0,0,1677,0.0,0.0,36-45,<=50K
41,9,44,0,0,0,0,0,1804,0.0,0.0,36-45,<=50K
78,12,35,0,0,0,0,0,2730,0.0,0.0,66+,<=50K
39,13,36,0,0,0,0,0,1404,0.0,0.0,36-45,<=50K
39,9,49,0,0,0,0,0,1911,0.0,0.0,36-45,<=50K
38,5,25,0,0,0,0,0,950,0.0,0.0,36-45,<=50K
38,13,42,0,0,0,0,0,1596,0.0,0.0,36-45,>50K
23,13,32,32033,0,1,0,32033,736,10.374553117728242,0.0,18-25,<=50K
55,9,20,0,0,0,0,0,1100,0.0,0.0,46-55,>50K
19,9,39,47146,0,1,0,47146,741,10.761025659314114,0.0,18-25,<=50K
32,3,28,0,0,0,0,0,896,0.0,0.0,26-35,<=50K
30,10,27,0,3308,0,1,-3308,810,0.0,8.104401307921613,26-35,<=50K
36,13,66,50931,0,1,0,50931,2376,10.838246688693326,0.0,36-45,>50K
64,11,45,0,0,0,0,0,2880,0.0,0.0,56-65,>50K
55,9,46,0,0,0,0,0,2530,0.0,0.0,46-55,<=50K
79,10,39,0,0,0,0,0,3081,0.0,0.0,66+,<=50K
39,13,28,0,0,0,0,0,1092,0.0,0.0,36-45,<=50K
75,9,38,0,0,0,0,0,2850,0.0,0.0,66+,>50K
20,13,36,0,0,0,0,0,720,0.0,0.0,18-25,<=50K
49,9,21,0,0,0,0,0,1029,0.0,0.0,46-55,<=50K
67,9,58,0,3893,0,1,-3893,3886,0.0,8.267192185932146,66+,<=50K
50,10,39,0,0,0,0,0,1950,0.0,0.0,46-55,<=50K
75,9,32,0,1804,0,1,-1804,2400,0.0,7.498315870766981,66+,<=50K
37,15,41,0,0,0,0,0,1517,0.0,0.0,36-45,>50K
20,10,26,0,0,0,0,0,520,0.0,0.0,18-25,<=50K
65,9,31,0,0,0,0,0,2015,0.0,0.0,56-65,<=50K
22,9,55,0,0,0,0,0,1210,0.0,0.0,18-25,<=50K
65,10,35,0,0,0,0,0,2275,0.0,0.0,56-65,<=50K
63,9,40,0,0,0,0,0,2520,0.0,0.0,56-65,<=50K
70,11,41,0,0,0,0,0,2870,0.0,0.0,66+,<=50K
47,9,38,0,0,0,0,0,1786,0.0,0.0,46-55,<=50K
73,9,35,0,0,0,0,0,2555,0.0,0.0,66+,<=50K
28,10,63,0,0,0,0,0,1764,0.0,0.0,26-35,<=50K
44,4,33,0,0,0,0,0,1452,0.0,0.0,36-45,<=50K
25,10,31,0,0,0,0,0,775,0.0,0.0,18-25,<=50K
65,10,45,0,0,0,0,0,2925,0.0,0.0,56-65,<=50K
62,9,27,0,0,0,0,0,1674,0.0,0.0,56-65,<=50K
67,11,50,0,0,0,0,0,3350,0.0,0.0,66+,>50K
65,12,38,16693,0,1,0,16693,2470,9.722804652410682,0.0,56-65,>50K
37,13,41,0,0,0,0,0,1517,0.0,0.0,36-45,<=50K
22,9,43,0,0,0,0,0,946,0.0,0.0,18-25,<=50K
75,9,37,0,0,0,0,0,2775,0.0,0.0,66+,<=50K
48,11,49,0,0,0,0,0,2352,0.0,0.0,46-55,<=50K
23,10,46,0,0,0,0,0,1058,0.0,0.0,18-25,<=50K
75,10,45,0,0,0,0,0,3375,0.0,0.0,66+,>50K
79,10,25,0,0,0,0,0,1975,0.0,0.0,66+,<=50K
45,12,37,0,1266,0,1,-1266,1665,0.0,7.144407180321139,36-45,<=50K
65,8,39,76272,0,1,0,76272,2535,11.24207428832992,0.0,56-65,<=50K
20,10,57,66804,0,1,0,66804,1140,11.109533207022995,0.0,18-25,<=50K
23,7,26,0,0,0,0,0,598,0.0,0.0,18-25,<=50K
35,9,34,32126,0,1,0,32126,1190,10.377452077068984,0.0,26-35,<=50K
58,10,51,0,0,0,0,0,2958,0.0,0.0,56-65,<=50K
26,9,31,0,0,0,0,0,806,0.0,0.0,26-35,<=50K
20,9,33,0,0,0,0,0,660,0.0,0.0,18-25,<=50K
59,13,57,0,0,0,0,0,3363,0.0,0.0,56-65,>50K
65,12,44,0,3808,0,1,-3808,2860,0.0,8.245121966478605,56-65,<=50K
63,10,49,0,0,0,0,0,3087,0.0,0.0,56-65,<=50K
67,14,47,0,0,0,0,0,3149,0.0,0.0,66+,>50K
67,9,41,0,0,0,0,0,2747,0.0,0.0,66+,<=50K
55,12,41,0,0,0,0,0,2255,0.0,0.0,46-55,<=50K
50,7,49,0,0,0,0,0,2450,0.0,0.0,46-55,<=50K
71,9,32,0,0,0,0,0,2272,0.0,0.0,66+,<=50K
39,9,57,0,0,0,0,0,2223,0.0,0.0,36-45,<=50K
24,5,35,0,0,0,0,0,840,0.0,0.0,18-25,<=50K
64,10,50,0,0,0,0,0,3200,0.0,0.0,56-65,<=50K
35,8,45,0,0,0,0,0,1575,0.0,0.0,26-35,<=50K
78,10,35,0,0,0,0,0,2730,0.0,0.0,66+,>50K
43,8,45,0,0,0,0,0,1935,0.0,0.0,36-45,<=50K
70,6,41,0,0,0,0,0,2870,0.0,0.0,66+,<=50K
20,15,22,0,0,0,0,0,440,0.0,0.0,18-25,<=50K
58,10,39,0,0,0,0,0,2262,0.0,0.0,56-65,<=50K
45,14,28,0,0,0,0,0,1260,0.0,0.0,36-45,<=50K
46,9,45,0,0,0,0,0,2070,0.0,0.0,46-55,<=50K
34,3,39,90862,0,1,0,90862,1326,11.417108156597946,0.0,26-35,<=50K
78,10,49,0,0,0,0,0,3822,0.0,0.0,66+,<=50K
42,10,33,0,0,0,0,0,1386,0.0,0.0,36-45,<=50K
70,2,27,0,0,0,0,0,1890,0.0,0.0,66+,<=50K
44,13,29,0,0,0,0,0,1276,0.0,0.0,36-45,>50K
20,10,60,0,0,0,0,0,1200,0.0,0.0,18-25,<=50K
72,12,70,18249,0,1,0,18249,5040,9.811920359010637,0.0,66+,>50K
29,9,60,0,0,0,0,0,1740,0.0,0.0,26-35,<=50K
34,10,25,0,0,0,0,0,850,0.0,0.0,26-35,<=50K
71,9,26,0,0,0,0,0,1846,0.0,0.0,66+,<=50K
73,15,29,26562,0,1,0,26562,2117,10.187274549019024,0.0,66+,<=50K
74,9,48,0,0,0,0,0,3552,0.0,0.0,66+,<=50K
44,7,61,0,0,0,0,0,2684,0.0,0.0,36-45,<=50K
64,4,49,0,0,0,0,0,3136,0.0,0.0,56-65,<=50K
38,10,42,0,0,0,0,0,1596,0.0,0.0,36-45,<=50K
63,15,31,0,0,0,0,0,1953,0.0,0.0,56-65,>50K
49,13,37,28680,0,1,0,28680,1813,10.263990161609186,0.0,46-55,>50K
21,11,41,0,0,0,0,0,861,0.0,0.0,18-25,<=50K
43,16,49,0,0,0,0,0,2107,0.0,0.0,36-45,>50K
46,11,35,0,0,0,0,0,1610,0.0,0.0,46-55,<=50K
33,9,44,0,0,0,0,0,1452,0.0,0.0,26-35,<=50K
41,10,43,0,0,0,0,0,1763,0.0,0.0,36-45,<=50K
49,5,41,0,0,0,0,0,2009,0.0,0.0,46-55,<=50K
21,9,36,0,0,0,0,0,756,0.0,0.0,18-25,>50K
27,9,41,0,0,0,0,0,1107,0.0,0.0,26-35,<=50K
65,8,39,0,0,0,0,0,2535,0.0,0.0,56-65,<=50K
39,14,32,0,0,0,0,0,1248,0.0,0.0,36-45,>50K
55,16,49,0,0,0,0,0,2695,0.0,0.0,46-55,<=50K
53,9,56,0,0,0,0,0,2968,0.0,0.0,46-55,<=50K
52,11,42,0,0,0,0,0,2184,0.0,0.0,46-55,>50K
43,9,40,0,0,0,0,0,1720,0.0,0.0,36-45,<=50K
47,6,48,15222,0,1,0,15222,2256,9.630562721059254,0.0,46-55,<=50K
69,9,42,0,0,0,0,0,2898,0.0,0.0,66+,<=50K
77,9,51,0,0,0,0,0,3927,0.0,0.0,66+,<=50K
33,9,41,96022,0,1,0,96022,1353,11.472343025087802,0.0,26-35,<=50K
59,9,46,0,0,0,0,0,2714,0.0,0.0,56-65,<=50K
78,6,57,60744,0,1,0,60744,4446,11.014440053288842,0.0,66+,<=50K
18,9,53,0,0,0,0,0,954,0.0,0.0,18-25,<=50K
66,13,38,0,0,0,0,0,2508,0.0,0.0,66+,<=50K
48,5,51,0,0,0,0,0,2448,0.0,0.0,46-55,>50K
77,9,29,0,0,0,0,0,2233,0.0,0.0,66+,>50K
53,10,38,0,0,0,0,0,2014,0.0,0.0,46-55,<=50K
69,9,48,0,0,0,0,0,3312,0.0,0.0,66+,>50K
28,10,55,0,0,0,0,0,1540,0.0,0.0,26-35,<=50K
26,3,32,0,0,0,0,0,832,0.0,0.0,26-35,<=50K
75,10,40,0,0,0,0,0,3000,0.0,0.0,66+,<=50K
50,10,40,0,0,0,0,0,2000,0.0,0.0,46-55,<=50K
52,11,39,0,0,0,0,0,2028,0.0,0.0,46-55,>50K
28,10,28,0,3564,0,1,-3564,784,0.0,8.178919332848396,26-35,<=50K
32,9,45,0,0,0,0,0,1440,0.0,0.0,26-35,<=50K
68,9,27,0,0,0,0,0,1836,0.0,0.0,66+,<=50K
36,9,51,0,0,0,0,0,1836,0.0,0.0,36-45,<=50K
54,10,53,0,0,0,0,0,2862,0.0,0.0,46-55,>50K
37,3,34,0,0,0,0,0,1258,0.0,0.0,36-45,<=50K
34,9,27,0,0,0,0,0,918,0.0,0.0,26-35,>50K
28,11,40,0,0,0,0,0,1120,0.0,0.0,26-35,<=50K
75,6,35,0,0,0,0,0,2625,0.0,0.0,66+,<=50K
76,4,38,0,0,0,0,0,2888,0.0,0.0,66+,<=50K
25,10,41,0,0,0,0,0,1025,0.0,0.0,18-25,<=50K
39,9,31,0,0,0,0,0,1209,0.0,0.0,36-45,<=50K
52,13,57,0,0,0,0,0,2964,0.0,0.0,46-55,>50K
41,14,34,0,0,0,0,0,1394,0.0,0.0,36-45,<=50K
62,14,49,0,0,0,0,0,3038,0.0,0.0,56-65,>50K
34,9,31,0,0,0,0,0,1054,0.0,0.0,26-35,<=50K
21,9,41,0,0,0,0,0,861,0.0,0.0,18-25,<=50K
38,10,45,0,0,0,0,0,1710,0.0,0.0,36-45,<=50K
55,10,41,0,0,0,0,0,2255,0.0,0.0,46-55,<=50K
29,10,37,0,0,0,0,0,1073,0.0,0.0,26-35,<=50K
68,9,35,0,0,0,0,0,2380,0.0,0.0,66+,>50K
18,4,36,0,0,0,0,0,648,0.0,0.0,18-25,<=50K
22,9,33,0,0,0,0,0,726,0.0,0.0,18-25,<=50K
49,7,43,0,3532,0,1,-3532,2107,0.0,8.169902647359145,46-55,<=50K
49,6,58,1961,0,1,0,1961,2842,7.581719640125308,0.0,46-55,<=50K
36,14,44,0,0,0,0,0,1584,0.0,0.0,36-45,<=50K
34,2,46,0,0,0,0,0,1564,0.0,0.0,26-35,<=50K
22,10,51,67096,0,1,0,67096,1122,11.113894612571308,0.0,18-25,<=50K
59,14,35,0,0,0,0,0,2065,0.0,0.0,56-65,<=50K
41,9,22,0,0,0,0,0,902,0.0,0.0,36-45,<=50K
25,10,40,3889,0,1,0,3889,1000,8.266164436612492,0.0,18-25,<=50K
42,11,49,0,0,0,0,0,2058,0.0,0.0,36-45,<=50K
76,9,60,0,0,0,0,0,4560,0.0,0.0,66+,<=50K
34,9,30,0,0,0,0,0,1020,0.0,0.0,26-35,<=50K
73,13,51,0,0,0,0,0,3723,0.0,0.0,66+,>50K
34,12,43,0,0,0,0,0,1462,0.0,0.0,26-35,<=50K
29,13,36,0,0,0,0,0,1044,0.0,0.0,26-35,>50K
34,16,30,0,0,0,0,0,1020,0.0,0.0,26-35,<=50K
38,9,34,0,0,0,0,0,1292,0.0,0.0,36-45,<=50K
25,12,46,0,0,0,0,0,1150,0.0,0.0,18-25,<=50K
54,10,52,0,0,0,0,0,2808,0.0,0.0,46-55,<=50K
38,10,13,0,0,0,0,0,494,0.0,0.0,36-45,<=50K
62,12,45,37887,0,1,0,37887,2790,10.542389718243678,0.0,56-65,<=50K
48,12,34,0,0,0,0,0,1632,0.0,0.0,46-55,<=50K
45,13,35,0,0,0,0,0,1575,0.0,0.0,36-45,<=50K
47,9,44,0,0,0,0,0,2068,0.0,0.0,46-55,<=50K
27,10,59,0,0,0,0,0,1593,0.0,0.0,26-35,<=50K
62,9,33,0,465,0,1,-465,2046,0.0,6.144185634125646,56-65,>50K
24,10,39,0,0,0,0,0,936,0.0,0.0,18-25,<=50K
62,12,24,0,0,0,0,0,1488,0.0,0.0,56-65,>50K
79,12,44,0,0,0,0,0,3476,0.0,0.0,66+,>50K
65,9,33,0,0,0,0,0,2145,0.0,0.0,56-65,<=50K
46,10,56,0,0,0,0,0,2576,0.0,0.0,46-55,<=50K
37,9,44,0,0,0,0,0,1628,0.0,0.0,36-45,<=50K
72,7,37,0,0,0,0,0,2664,0.0,0.0,66+,<=50K
33,9,37,0,0,0,0,0,1221,0.0,0.0,26-35,<=50K
47,13,44,0,0,0,0,0,2068,0.0,0.0,46-55,<=50K
65,9,47,0,0,0,0,0,3055,0.0,0.0,56-65,<=50K
75,15,28,0,0,0,0,0,2100,0.0,0.0,66+,<=50K
75,9,39,0,0,0,0,0,2925,0.0,0.0,66+,<=50K
23,11,40,0,0,0,0,0,920,0.0,0.0,18-25,<=50K
73,10,42,0,0,0,0,0,3066,0.0,0.0,66+,<=50K
25,11,53,0,0,0,0,0,1325,0.0,0.0,18-25,<=50K
54,10,26,0,0,0,0,0,1404,0.0,0.0,46-55,<=50K
75,11,50,0,0,0,0,0,3750,0.0,0.0,66+,<=50K
58,13,44,0,0,0,0,0,2552,0.0,0.0,56-65,<=50K
76,10,35,0,0,0,0,0,2660,0.0,0.0,66+,<=50K
39,4,48,0,0,0,0,0,1872,0.0,0.0,36-45,<=50K
37,9,36,0,0,0,0,0,1332,0.0,0.0,36-45,<=50K
38,11,22,0,0,0,0,0,836,0.0,0.0,36-45,<=50K
40,9,6,0,0,0,0,0,240,0.0,0.0,36-45,<=50K
60,10,28,0,0,0,0,0,1680,0.0,0.0,56-65,<=50K
46,10,35,0,0,0,0,0,1610,0.0,0.0,46-55,<=50K
63,9,42,0,0,0,0,0,2646,0.0,0.0,56-65,<=50K
43,12,46,0,0,0,0,0,1978,0.0,0.0,36-45,>50K
37,11,37,0,0,0,0,0,1369,0.0,0.0,36-45,<=50K
29,11,26,0,0,0,0,0,754,0.0,0.0,26-35,<=50K
52,11,36,0,0,0,0,0,1872,0.0,0.0,46-55,<=50K
73,13,38,0,0,0,0,0,2774,0.0,0.0,66+,<=50K
71,10,57,0,0,0,0,0,4047,0.0,0.0,66+,<=50K
33,15,46,0,0,0,0,0,1518,0.0,0.0,26-35,<=50K
47,6,23,19583,0,1,0,19583,1081,9.882468185312053,0.0,46-55,<=50K
61,10,37,0,0,0,0,0,2257,0.0,0.0,56-65,<=50K
55,11,47,0,0,0,0,0,2585,0.0,0.0,46-55,<=50K
22,9,40,0,0,0,0,0,880,0.0,0.0,18-25,<=50K
54,9,24,0,0,0,0,0,1296,0.0,0.0,46-55,<=50K
20,10,48,0,0,0,0,0,960,0.0,0.0,18-25,<=50K
25,9,44,0,0,0,0,0,1100,0.0,0.0,18-25,<=50K
58,13,38,0,0,0,0,0,2204,0.0,0.0,56-65,>50K
24,9,32,0,0,0,0,0,768,0.0,0.0,18-25,<=50K
39,7,50,0,0,0,0,0,1950,0.0,0.0,36-45,<=50K
54,10,22,0,0,0,0,0,1188,0.0,0.0,46-55,<=50K
58,9,24,92272,0,1,0,92272,1392,11.43250685332031,0.0,56-65,<=50K
45,5,33,0,0,0,0,0,1485,0.0,0.0,36-45,<=50K
23,10,43,53900,0,1,0,53900,989,10.894904309600681,0.0,18-25,<=50K
67,10,26,0,0,0,0,0,1742,0.0,0.0,66+,<=50K
76,7,35,0,0,0,0,0,2660,0.0,0.0,66+,<=50K
73,10,37,0,0,0,0,0,2701,0.0,0.0,66+,<=50K
64,10,43,0,3025,0,1,-3025,2752,0.0,8.014996894348302,56-65,<=50K
42,12,37,0,0,0,0,0,1554,0.0,0.0,36-45,<=50K
72,9,37,0,0,0,0,0,2664,0.0,0.0,66+,<=50K
48,9,33,0,0,0,0,0,1584,0.0,0.0,46-55,<=50K
26,14,51,0,0,0,0,0,1326,0.0,0.0,26-35,<=50K
70,10,47,0,0,0,0,0,3290,0.0,0.0,66+,<=50K
37,3,46,0,0,0,0,0,1702,0.0,0.0,36-45,<=50K
76,13,32,0,0,0,0,0,2432,0.0,0.0,66+,>50K
40,8,35,51933,0,1,0,51933,1400,10.857728960638758,0.0,36-45,<=50K
71,12,45,0,0,0,0,0,3195,0.0,0.0,66+,>50K
51,11,34,0,0,0,0,0,1734,0.0,0.0,46-55,<=50K
46,15,31,78642,0,1,0,78642,1426,11.272673902618335,0.0,46-55,>50K
36,14,43,79711,0,1,0,79711,1548,11.286175418061907,0.0,36-45,>50K
69,9,27,0,0,0,0,0,1863,0.0,0.0,66+,>50K
21,12,38,0,0,0,0,0,798,0.0,0.0,18-25,<=50K
47,9,49,0,0,0,0,0,2303,0.0,0.0,46-55,<=50K
40,10,41,0,0,0,0,0,1640,0.0,0.0,36-45,<=50K
51,10,30,0,0,0,0,0,1530,0.0,0.0,46-55,>50K
33,4,45,0,0,0,0,0,1485,0.0,0.0,26-35,<=50K
59,2,34,0,0,0,0,0,2006,0.0,0.0,56-65,<=50K
41,4,48,0,0,0,0,0,1968,0.0,0.0,36-45,<=50K
29,6,45,0,0,0,0,0,1305,0.0,0.0,26-35,<=50K
30,9,37,0,0,0,0,0,1110,0.0,0.0,26-35,<=50K
61,13,33,0,0,0,0,0,2013,0.0,0.0,56-65,<=50K
34,10,32,0,0,0,0,0,1088,0.0,0.0,26-35,<=50K
37,13,66,0,0,0,0,0,2442,0.0,0.0,36-45,>50K
56,13,17,0,0,0,0,0,952,0.0,0.0,56-65,>50K
38,12,22,0,0,0,0,0,836,0.0,0.0,36-45,<=50K
42,9,51,0,0,0,0,0,2142,0.0,0.0,36-45,<=50K
33,13,49,0,0,0,0,0,1617,0.0,0.0,26-35,<=50K
39,12,44,0,0,0,0,0,1716,0.0,0.0,36-45,<=50K
60,12,20,0,0,0,0,0,1200,0.0,0.0,56-65,<=50K
51,13,45,0,0,0,0,0,2295,0.0,0.0,46-55,>50K
79,10,30,0,0,0,0,0,2370,0.0,0.0,66+,<=50K
65,10,39,0,0,0,0,0,2535,0.0,0.0,56-65,<=50K
19,13,44,0,0,0,0,0,836,0.0,0.0,18-25,<=50K
41,9,45,0,0,0,0,0,1845,0.0,0.0,36-45,<=50K
35,13,33,0,0,0,0,0,1155,0.0,0.0,26-35,<=50K
54,4,53,0,0,0,0,0,2862,0.0,0.0,46-55,<=50K
34,1,48,0,0,0,0,0,1632,0.0,0.0,26-35,<=50K
77,10,30,0,0,0,0,0,2310,0.0,0.0,66+,>50K
36,4,35,93128,0,1,0,93128,1260,11.44174090777954,0.0,36-45,<=50K
50,15,32,0,0,0,0,0,1600,0.0,0.0,46-55,<=50K
25,2,39,0,0,0,0,0,975,0.0,0.0,18-25,<=50K
74,11,46,0,0,0,0,0,3404,0.0,0.0,66+,<=50K
74,9,21,0,0,0,0,0,1554,0.0,0.0,66+,<=50K
67,15,20,0,0,0,0,0,1340,0.0,0.0,66+,>50K
39,9,32,0,0,0,0,0,1248,0.0,0.0,36-45,<=50K
21,3,54,0,0,0,0,0,1134,0.0,0.0,18-25,<=50K
62,3,42,0,0,0,0,0,2604,0.0,0.0,56-65,<=50K
44,10,56,0,0,0,0,0,2464,0.0,0.0,36-45,>50K
79,16,38,0,0,0,0,0,3002,0.0,0.0,66+,>50K
61,15,32,0,0,0,0,0,1952,0.0,0.0,56-65,>50K
51,9,23,0,0,0,0,0,1173,0.0,0.0,46-55,>50K
79,9,32,0,0,0,0,0,2528,0.0,0.0,66+,<=50K
67,5,34,0,0,0,0,0,2278,0.0,0.0,66+,<=50K
46,10,16,0,0,0,0,0,736,0.0,0.0,46-55,<=50K
19,10,32,0,0,0,0,0,608,0.0,0.0,18-25,<=50K
23,9,32,0,0,0,0,0,736,0.0,0.0,18-25,<=50K
45,10,40,0,0,0,0,0,1800,0.0,0.0,36-45,<=50K
52,13,40,0,0,0,0,0,2080,0.0,0.0,46-55,<=50K
19,1,43,0,0,0,0,0,817,0.0,0.0,18-25,<=50K
25,9,24,0,0,0,0,0,600,0.0,0.0,18-25,<=50K
61,9,29,0,0,0,0,0,1769,0.0,0.0,56-65,<=50K
64,6,49,76540,0,1,0,76540,3136,11.245581823958364,0.0,56-65,>50K
19,7,37,0,0,0,0,0,703,0.0,0.0,18-25,<=50K
49,10,48,0,0,0,0,0,2352,0.0,0.0,46-55,<=50K
23,5,39,0,0,0,0,0,897,0.0,0.0,18-25,<=50K
62,12,42,0,0,0,0,0,2604,0.0,0.0,56-65,>50K
69,13,45,0,0,0,0,0,3105,0.0,0.0,66+,>50K
71,14,34,0,0,0,0,0,2414,0.0,0.0,66+,<=50K
55,10,33,0,0,0,0,0,1815,0.0,0.0,46-55,<=50K
56,8,33,0,0,0,0,0,1848,0.0,0.0,56-65,<=50K
75,5,39,0,0,0,0,0,2925,0.0,0.0,66+,<=50K
55,9,46,0,0,0,0,0,2530,0.0,0.0,46-55,<=50K
45,14,36,0,0,0,0,0,1620,0.0,0.0,36-45,<=50K
64,14,52,0,0,0,0,0,3328,0.0,0.0,56-65,>50K
54,9,57,0,0,0,0,0,3078,0.0,0.0,46-55,>50K
70,9,31,0,0,0,0,0,2170,0.0,0.0,66+,<=50K
50,10,52,0,0,0,0,0,2600,0.0,0.0,46-55,<=50K
71,9,40,0,0,0,0,0,2840,0.0,0.0,66+,<=50K
20,15,44,0,0,0,0,0,880,0.0,0.0,18-25,<=50K
20,9,39,0,0,0,0,0,780,0.0,0.0,18-25,<=50K
24,9,52,0,0,0,0,0,1248,0.0,0.0,18-25,<=50K
52,9,43,0,0,0,0,0,2236,0.0,0.0,46-55,<=50K
61,6,37,0,0,0,0,0,2257,0.0,0.0,56-65,<=50K
31,9,36,0,0,0,0,0,1116,0.0,0.0,26-35,<=50K
27,13,28,0,0,0,0,0,756,0.0,0.0,26-35,<=50K
71,6,34,0,0,0,0,0,2414,0.0,0.0,66+,<=50K
64,10,52,0,0,0,0,0,3328,0.0,0.0,56-65,<=50K
58,9,51,0,0,0,0,0,2958,0.0,0.0,56-65,<=50K
48,7,34,0,0,0,0,0,1632,0.0,0.0,46-55,<=50K
44,2,29,0,622,0,1,-622,1276,0.0,6.434546518787453,36-45,<=50K
19,9,50,0,0,0,0,0,950,0.0,0.0,18-25,<=50K
29,4,44,0,0,0,0,0,1276,0.0,0.0,26-35,<=50K
73,9,20,0,0,0,0,0,1460,0.0,0.0,66+,<=50K
39,13,69,0,0,0,0,0,2691,0.0,0.0,36-45,<=50K
61,11,40,0,0,0,0,0,2440,0.0,0.0,56-65,<=50K
61,14,57,0,0,0,0,0,3477,0.0,0.0,56-65,<=50K
37,9,42,0,0,0,0,0,1554,0.0,0.0,36-45,<=50K
30,11,30,0,0,0,0,0,900,0.0,0.0,26-35,<=50K
60,10,42,0,0,0,0,0,2520,0.0,0.0,56-65,<=50K
23,9,25,0,0,0,0,0,575,0.0,0.0,18-25,<=50K
48,9,39,0,0,0,0,0,1872,0.0,0.0,46-55,<=50K
73,10,29,0,0,0,0,0,2117,0.0,0.0,66+,>50K
62,13,38,0,0,0,0,0,2356,0.0,0.0,56-65,<=50K
65,9,42,0,0,0,0,0,2730,0.0,0.0,56-65,<=50K
23,9,43,0,0,0,0,0,989,0.0,0.0,18-25,<=50K
30,16,25,0,0,0,0,0,750,0.0,0.0,26-35,>50K
35,6,34,0,0,0,0,0,1190,0.0,0.0,26-35,<=50K
36,14,20,0,0,0,0,0,720,0.0,0.0,36-45,<=50K
30,13,46,0,0,0,0,0,1380,0.0,0.0,26-35,<=50K
78,13,42,96739,0,1,0,96739,3276,11.479782246376974,0.0,66+,>50K
28,13,28,0,0,0,0,0,784,0.0,0.0,26-35,<=50K
61,8,54,0,0,0,0,0,3294,0.0,0.0,56-65,<=50K
54,10,45,0,0,0,0,0,2430,0.0,0.0,46-55,<=50K
55,12,39,0,0,0,0,0,2145,0.0,0.0,46-55,<=50K
31,12,35,0,0,0,0,0,1085,0.0,0.0,26-35,<=50K
37,9,34,0,0,0,0,0,1258,0.0,0.0,36-45,<=50K
55,7,32,0,0,0,0,0,1760,0.0,0.0,46-55,<=50K
36,9,52,0,0,0,0,0,1872,0.0,0.0,36-45,<=50K
61,9,43,0,0,0,0,0,2623,0.0,0.0,56-65,<=50K
20,10,30,0,0,0,0,0,600,0.0,0.0,18-25,<=50K
22,13,53,0,0,0,0,0,1166,0.0,0.0,18-25,<=50K
63,12,39,0,0,0,0,0,2457,0.0,0.0,56-65,>50K
56,11,31,0,0,0,0,0,1736,0.0,0.0,56-65,<=50K
20,9,60,0,0,0,0,0,1200,0.0,0.0,18-25,<=50K
73,9,29,75626,0,1,0,75626,2117,11.233568641264437,0.0,66+,>50K
18,9,32,81617,0,1,0,81617,576,11.309805104861486,0.0,18-25,<=50K
77,9,40,0,0,0,0,0,3080,0.0,0.0,66+,<=50K
63,2,43,0,0,0,0,0,2709,0.0,0.0,56-65,<=50K
79,9,32,0,0,0,0,0,2528,0.0,0.0,66+,<=50K
76,9,18,0,0,0,0,0,1368,0.0,0.0,66+,<=50K
37,10,40,41417,0,1,0,41417,1480,10.631470847931531,0.0,36-45,<=50K
64,4,30,0,0,0,0,0,1920,0.0,0.0,56-65,<=50K
31,9,36,0,0,0,0,0,1116,0.0,0.0,26-35,<=50K
47,3,32,0,0,0,0,0,1504,0.0,0.0,46-55,<=50K
32,10,29,0,0,0,0,0,928,0.0,0.0,26-35,<=50K
48,10,37,71549,0,1,0,71549,1776,11.178151784984596,0.0,46-55,<=50K
72,9,34,0,0,0,0,0,2448,0.0,0.0,66+,<=50K
45,7,32,0,0,0,0,0,1440,0.0,0.0,36-45,<=50K
23,14,50,46464,0,1,0,46464,1150,10.74645461999144,0.0,18-25,<=50K
38,10,30,0,0,0,0,0,1140,0.0,0.0,36-45,<=50K
66,11,37,0,0,0,0,0,2442,0.0,0.0,66+,<=50K
50,10,40,0,0,0,0,0,2000,0.0,0.0,46-55,<=50K
52,13,23,0,0,0,0,0,1196,0.0,0.0,46-55,>50K
44,13,29,0,0,0,0,0,1276,0.0,0.0,36-45,<=50K
36,9,40,0,0,0,0,0,1440,0.0,0.0,36-45,<=50K
55,11,39,30957,0,1,0,30957,2145,10.340386726133822,0.0,46-55,>50K
57,9,32,0,0,0,0,0,1824,0.0,0.0,56-65,<=50K
73,10,40,0,0,0,0,0,2920,0.0,0.0,66+,<=50K
56,9,43,0,0,0,0,0,2408,0.0,0.0,56-65,>50K
79,2,46,21513,0,1,0,21513,3634,9.976459164991951,0.0,66+,>50K
69,14,47,0,1668,0,1,-1668,3243,0.0,7.419979923661835,66+,>50K
22,13,52,40176,0,1,0,40176,1144,10.601049971569482,0.0,18-25,<=50K
42,9,41,0,0,0,0,0,1722,0.0,0.0,36-45,<=50K
41,16,26,0,0,0,0,0,1066,0.0,0.0,36-45,>50K
18,9,37,0,0,0,0,0,666,0.0,0.0,18-25,<=50K
29,9,27,0,0,0,0,0,783,0.0,0.0,26-35,<=50K
65,13,48,0,0,0,0,0,3120,0.0,0.0,56-65,<=50K
39,9,54,0,0,0,0,0,2106,0.0,0.0,36-45,<=50K
27,9,40,0,799,0,1,-799,1080,0.0,6.684611727667927,26-35,<=50K
35,10,52,0,0,0,0,0,1820,0.0,0.0,26-35,<=50K
35,6,51,0,0,0,0,0,1785,0.0,0.0,26-35,<=50K
28,9,43,0,0,0,0,0,1204,0.0,0.0,26-35,<=50K
24,9,45,0,0,0,0,0,1080,0.0,0.0,18-25,<=50K
65,11,49,0,0,0,0,0,3185,0.0,0.0,56-65,<=50K
69,6,26,0,0,0,0,0,1794,0.0,0.0,66+,<=50K
48,9,42,0,0,0,0,0,2016,0.0,0.0,46-55,<=50K
56,11,46,0,0,0,0,0,2576,0.0,0.0,56-65,<=50K
74,7,26,0,0,0,0,0,1924,0.0,0.0,66+,<=50K
70,9,59,0,0,0,0,0,4130,0.0,0.0,66+,<=50K
20,11,51,0,0,0,0,0,1020,0.0,0.0,18-25,<=50K
77,12,51,0,0,0,0,0,3927,0.0,0.0,66+,<=50K
22,5,44,0,1036,0,1,-1036,968,0.0,6.9440872082295275,18-25,<=50K
19,13,31,0,0,0,0,0,589,0.0,0.0,18-25,<=50K
43,11,27,90205,0,1,0,90205,1161,11.409851222685441,0.0,36-45,<=50K
64,9,39,0,0,0,0,0,2496,0.0,0.0,56-65,<=50K
22,12,47,57624,0,1,0,57624,1034,10.96171178029895,0.0,18-25,>50K
36,11,45,0,0,0,0,0,1620,0.0,0.0,36-45,<=50K
34,10,57,40828,0,1,0,40828,1938,10.617147892218444,0.0,26-35,<=50K
42,10,37,0,0,0,0,0,1554,0.0,0.0,36-45,<=50K
79,12,36,0,0,0,0,0,2844,0.0,0.0,66+,>50K
38,16,40,0,0,0,0,0,1520,0.0,0.0,36-45,<=50K
30,10,28,0,0,0,0,0,840,0.0,0.0,26-35,<=50K
25,13,55,0,0,0,0,0,1375,0.0,0.0,18-25,<=50K
30,12,37,0,0,0,0,0,1110,0.0,0.0,26-35,<=50K
26,13,43,0,0,0,0,0,1118,0.0,0.0,26-35,<=50K
53,14,48,0,2855,0,1,-2855,2544,0.0,7.957177323459475,46-55,<=50K
44,8,32,0,0,0,0,0,1408,0.0,0.0,36-45,<=50K
48,7,43,0,0,0,0,0,2064,0.0,0.0,46-55,<=50K
69,10,40,57517,0,1,0,57517,2760,10.959853221275816,0.0,66+,>50K
53,9,50,0,0,0,0,0,2650,0.0,0.0,46-55,<=50K
27,10,40,0,0,0,0,0,1080,0.0,0.0,26-35,<=50K
41,13,11,0,0,0,0,0,451,0.0,0.0,36-45,<=50K
37,14,31,0,0,0,0,0,1147,0.0,0.0,36-45,<=50K
69,9,25,0,0,0,0,0,1725,0.0,0.0,66+,<=50K
37,11,59,0,0,0,0,0,2183,0.0,0.0,36-45,<=50K
26,8,54,0,0,0,0,0,1404,0.0,0.0,26-35,<=50K
63,10,18,0,0,0,0,0,1134,0.0,0.0,56-65,<=50K
44,2,30,0,0,0,0,0,1320,0.0,0.0,36-45,<=50K
23,10,26,0,0,0,0,0,598,0.0,0.0,18-25,>50K
60,10,42,0,0,0,0,0,2520,0.0,0.0,56-65,<=50K
31,12,30,0,0,0,0,0,930,0.0,0.0,26-35,<=50K
71,10,37,0,0,0,0,0,2627,0.0,0.0,66+,<=50K
69,9,26,12116,0,1,0,12116,1794,9.402364704231523,0.0,66+,<=50K
40,2,44,0,0,0,0,0,1760,0.0,0.0,36-45,<=50K
52,6,23,0,0,0,0,0,1196,0.0,0.0,46-55,<=50K
53,15,65,13499,0,1,0,13499,3445,9.51044496442652,0.0,46-55,>50K
58,14,55,0,0,0,0,0,3190,0.0,0.0,56-65,<=50K
22,9,65,0,0,0,0,0,1430,0.0,0.0,18-25,<=50K
38,9,46,136,0,1,0,136,1748,4.919980925828125,0.0,36-45,<=50K
28,9,56,0,0,0,0,0,1568,0.0,0.0,26-35,<=50K
61,11,49,0,0,0,0,0,2989,0.0,0.0,56-65,>50K
22,9,30,0,0,0,0,0,660,0.0,0.0,18-25,<=50K
50,4,36,39301,0,1,0,39301,1800,10.579030687147712,0.0,46-55,<=50K
63,9,44,0,0,0,0,0,2772,0.0,0.0,56-65,<=50K
76,9,52,0,0,0,0,0,3952,0.0,0.0,66+,>50K
35,9,40,0,2949,0,1,-2949,1400,0.0,7.989560449333865,26-35,<=50K
18,7,46,0,0,0,0,0,828,0.0,0.0,18-25,<=50K
62,10,37,0,0,0,0,0,2294,0.0,0.0,56-65,<=50K
18,10,36,10655,0,1,0,10655,648,9.273878392780171,0.0,18-25,<=50K
22,9,25,0,0,0,0,0,550,0.0,0.0,18-25,<=50K
79,10,44,0,0,0,0,0,3476,0.0,0.0,66+,<=50K
71,9,35,44054,0,1,0,44054,2485,10.69319413230083,0.0,66+,>50K
61,13,27,0,0,0,0,0,1647,0.0,0.0,56-65,<=50K
69,14,34,0,0,0,0,0,2346,0.0,0.0,66+,<=50K
22,6,43,0,0,0,0,0,946,0.0,0.0,18-25,<=50K
23,13,47,79265,0,1,0,79265,1081,11.28056456410641,0.0,18-25,>50K
36,11,38,46261,0,1,0,46261,1368,10.742076168746246,0.0,36-45,>50K
19,11,51,0,0,0,0,0,969,0.0,0.0,18-25,<=50K
73,9,55,0,0,0,0,0,4015,0.0,0.0,66+,<=50K
21,9,37,0,0,0,0,0,777,0.0,0.0,18-25,<=50K
51,2,50,0,0,0,0,0,2550,0.0,0.0,46-55,<=50K
70,15,33,0,0,0,0,0,2310,0.0,0.0,66+,>50K
63,10,27,0,0,0,0,0,1701,0.0,0.0,56-65,<=50K
32,9,31,0,0,0,0,0,992,0.0,0.0,26-35,<=50K
47,10,31,0,0,0,0,0,1457,0.0,0.0,46-55,>50K
51,3,36,0,0,0,0,0,1836,0.0,0.0,46-55,<=50K
65,7,60,0,0,0,0,0,3900,0.0,0.0,56-65,<=50K
44,10,35,15627,0,1,0,15627,1540,9.656819456174961,0.0,36-45,<=50K
35,10,36,0,0,0,0,0,1260,0.0,0.0,26-35,<=50K
67,12,42,0,0,0,0,0,2814,0.0,0.0,66+,<=50K
72,10,27,0,0,0,0,0,1944,0.0,0.0,66+,<=50K
48,10,41,0,0,0,0,0,1968,0.0,0.0,46-55,<=50K
19,13,47,0,3450,0,1,-3450,893,0.0,8.146419323098003,18-25,<=50K
49,4,55,84379,0,1,0,84379,2695,11.34308568567833,0.0,46-55,<=50K
73,11,53,0,0,0,0,0,3869,0.0,0.0,66+,<=50K
79,11,44,0,0,0,0,0,3476,0.0,0.0,66+,>50K
42,9,38,0,0,0,0,0,1596,0.0,0.0,36-45,<=50K
27,8,38,0,0,0,0,0,1026,0.0,0.0,26-35,<=50K
53,9,44,0,0,0,0,0,2332,0.0,0.0,46-55,<=50K
69,8,40,0,0,0,0,0,2760,0.0,0.0,66+,<=50K
76,10,39,0,0,0,0,0,2964,0.0,0.0,66+,<=50K
21,6,31,0,0,0,0,0,651,0.0,0.0,18-25,<=50K
36,10,47,0,0,0,0,0,1692,0.0,0.0,36-45,<=50K
47,5,43,0,0,0,0,0,2021,0.0,0.0,46-55,<=50K
24,3,32,0,2671,0,1,-2671,768,0.0,7.890582534656536,18-25,<=50K
72,9,55,0,0,0,0,0,3960,0.0,0.0,66+,<=50K
24,8,42,99928,0,1,0,99928,1008,11.51221521280086,0.0,18-25,<=50K
59,16,26,0,0,0,0,0,1534,0.0,0.0,56-65,<=50K
74,9,49,0,0,0,0,0,3626,0.0,0.0,66+,<=50K
60,9,33,0,0,0,0,0,1980,0.0,0.0,56-65,<=50K
65,8,36,0,0,0,0,0,2340,0.0,0.0,56-65,<=50K
34,9,38,80504,0,1,0,80504,1292,11.29607457327904,0.0,26-35,<=50K
69,10,49,0,0,0,0,0,3381,0.0,0.0,66+,<=50K
43,12,39,0,0,0,0,0,1677,0.0,0.0,36-45,<=50K
21,9,46,0,0,0,0,0,966,0.0,0.0,18-25,<=50K
40,10,24,0,0,0,0,0,960,0.0,0.0,36-45,<=50K
39,9,29,0,0,0,0,0,1131,0.0,0.0,36-45,<=50K
50,13,40,0,0,0,0,0,2000,0.0,0.0,46-55,<=50K
34,10,33,0,0,0,0,0,1122,0.0,0.0,26-35,<=50K
46,9,38,0,0,0,0,0,1748,0.0,0.0,46-55,<=50K
44,11,47,0,0,0,0,0,2068,0.0,0.0,36-45,<=50K
38,13,32,0,0,0,0,0,1216,0.0,0.0,36-45,<=50K
61,9,33,0,0,0,0,0,2013,0.0,0.0,56-65,>50K
36,16,41,0,0,0,0,0,1476,0.0,0.0,36-45,<=50K
65,13,19,0,0,0,0,0,1235,0.0,0.0,56-65,<=50K
33,8,50,0,0,0,0,0,1650,0.0,0.0,26-35,<=50K
71,12,41,90096,0,1,0,90096,2911,11.408642146704691,0.0,66+,>50K
40,10,41,71347,0,1,0,71347,1640,11.175324591678194,0.0,36-45,<=50K
20,10,35,55792,0,1,0,55792,700,10.929403692471466,0.0,18-25,<=50K
27,10,47,0,0,0,0,0,1269,0.0,0.0,26-35,<=50K
67,13,38,0,2284,0,1,-2284,2546,0.0,7.734121303328305,66+,>50K
72,10,52,0,0,0,0,0,3744,0.0,0.0,66+,<=50K
31,10,23,0,0,0,0,0,713,0.0,0.0,26-35,<=50K
55,4,41,54749,0,1,0,54749,2255,10.910532647678748,0.0,46-55,<=50K
53,9,40,0,0,0,0,0,2120,0.0,0.0,46-55,<=50K
26,13,43,0,0,0,0,0,1118,0.0,0.0,26-35,<=50K
46,11,54,0,0,0,0,0,2484,0.0,0.0,46-55,<=50K
61,4,26,0,0,0,0,0,1586,0.0,0.0,56-65,<=50K
77,13,26,0,0,0,0,0,2002,0.0,0.0,66+,>50K
70,13,36,0,0,0,0,0,2520,0.0,0.0,66+,<=50K
24,10,21,0,0,0,0,0,504,0.0,0.0,18-25,<=50K
32,2,63,16933,0,1,0,16933,2016,9.737078714202223,0.0,26-35,<=50K
45,10,49,0,0,0,0,0,2205,0.0,0.0,36-45,<=50K
27,4,45,0,0,0,0,0,1215,0.0,0.0,26-35,<=50K
53,9,48,0,0,0,0,0,2544,0.0,0.0,46-55,<=50K
18,10,53,0,3875,0,1,-3875,954,0.0,8.262558973010657,18-25,<=50K
25,13,34,0,0,0,0,0,850,0.0,0.0,18-25,<=50K
20,9,36,0,0,0,0,0,720,0.0,0.0,18-25,<=50K
36,13,43,0,0,0,0,0,1548,0.0,0.0,36-45,>50K
65,14,35,0,2648,0,1,-2648,2275,0.0,7.88193748927207,56-65,>50K
28,2,31,0,0,0,0,0,868,0.0,0.0,26-35,<=50K
79,9,35,0,1855,0,1,-1855,2765,0.0,7.526178913346146,66+,<=50K
34,11,44,62732,0,1,0,62732,1496,11.04664290395491,0.0,26-35,>50K
20,12,49,0,0,0,0,0,980,0.0,0.0,18-25,<=50K
38,9,27,0,0,0,0,0,1026,0.0,0.0,36-45,<=50K
64,10,38,48690,0,1,0,48690,2432,10.793249487064015,0.0,56-65,<=50K
24,10,39,0,0,0,0,0,936,0.0,0.0,18-25,<=50K
22,12,26,0,0,0,0,0,572,0.0,0.0,18-25,<=50K
70,11,44,0,0,0,0,0,3080,0.0,0.0,66+,>50K
54,5,39,0,0,0,0,0,2106,0.0,0.0,46-55,<=50K
39,7,31,0,0,0,0,0,1209,0.0,0.0,36-45,<=50K
64,6,35,0,0,0,0,0,2240,0.0,0.0,56-65,<=50K
70,14,45,91390,0,1,0,91390,3150,11.422902284322587,0.0,66+,>50K
40,13,50,0,0,0,0,0,2000,0.0,0.0,36-45,<=50K
52,13,43,0,0,0,0,0,2236,0.0,0.0,46-55,<=50K
18,6,59,0,0,0,0,0,1062,0.0,0.0,18-25,>50K
36,10,51,0,0,0,0,0,1836,0.0,0.0,36-45,<=50K
54,8,46,0,0,0,0,0,2484,0.0,0.0,46-55,<=50K
30,9,33,0,320,0,1,-320,990,0.0,5.771441123130016,26-35,<=50K
79,9,51,0,0,0,0,0,4029,0.0,0.0,66+,<=50K
78,13,32,0,0,0,0,0,2496,0.0,0.0,66+,>50K
33,6,47,0,0,0,0,0,1551,0.0,0.0,26-35,<=50K
42,10,16,0,0,0,0,0,672,0.0,0.0,36-45,<=50K
29,15,35,0,3849,0,1,-3849,1015,0.0,8.25582842728183,26-35,<=50K
49,11,26,0,0,0,0,0,1274,0.0,0.0,46-55,<=50K
25,5,37,0,0,0,0,0,925,0.0,0.0,18-25,<=50K
42,13,25,0,3616,0,1,-3616,1050,0.0,8.193400231952097,36-45,<=50K
52,10,40,0,0,0,0,0,2080,0.0,0.0,46-55,<=50K
55,9,45,0,0,0,0,0,2475,0.0,0.0,46-55,>50K
54,10,33,0,0,0,0,0,1782,0.0,0.0,46-55,<=50K
31,13,37,0,0,0,0,0,1147,0.0,0.0,26-35,>50K
67,9,42,0,0,0,0,0,2814,0.0,0.0,66+,<=50K
60,10,40,0,0,0,0,0,2400,0.0,0.0,56-65,<=50K
64,9,53,0,0,0,0,0,3392,0.0,0.0,56-65,>50K
47,4,33,0,0,0,0,0,1551,0.0,0.0,46-55,<=50K
73,12,45,0,0,0,0,0,3285,0.0,0.0,66+,>50K
42,6,43,0,0,0,0,0,1806,0.0,0.0,36-45,<=50K
67,9,24,84331,0,1,0,84331,1608,11.342516668639885,0.0,66+,<=50K
30,9,41,0,0,0,0,0,1230,0.0,0.0,26-35,<=50K
33,9,39,0,0,0,0,0,1287,0.0,0.0,26-35,<=50K
50,9,35,0,0,0,0,0,1750,0.0,0.0,46-55,<=50K
52,10,58,0,0,0,0,0,3016,0.0,0.0,46-55,>50K
64,9,53,0,0,0,0,0,3392,0.0,0.0,56-65,<=50K
36,7,32,0,0,0,0,0,1152,0.0,0.0,36-45,<=50K
72,13,46,0,0,0,0,0,3312,0.0,0.0,66+,>50K
38,15,47,0,0,0,0,0,1786,0.0,0.0,36-45,<=50K
51,9,41,0,0,0,0,0,2091,0.0,0.0,46-55,<=50K
75,9,29,0,0,0,0,0,2175,0.0,0.0,66+,<=50K
51,3,30,0,0,0,0,0,1530,0.0,0.0,46-55,<=50K
60,3,45,0,0,0,0,0,2700,0.0,0.0,56-65,<=50K
74,9,45,0,0,0,0,0,3330,0.0,0.0,66+,<=50K
78,14,37,0,0,0,0,0,2886,0.0,0.0,66+,>50K
48,11,53,0,0,0,0,0,2544,0.0,0.0,46-55,<=50K
43,9,55,0,0,0,0,0,2365,0.0,0.0,36-45,<=50K
30,15,55,0,0,0,0,0,1650,0.0,0.0,26-35,>50K
51,9,55,0,0,0,0,0,2805,0.0,0.0,46-55,<=50K
74,9,40,0,0,0,0,0,2960,0.0,0.0,66+,<=50K
48,9,27,0,0,0,0,0,1296,0.0,0.0,46-55,<=50K
39,9,37,0,0,0,0,0,1443,0.0,0.0,36-45,<=50K
24,13,39,0,0,0,0,0,936,0.0,0.0,18-25,<=50K
42,9,34,0,0,0,0,0,1428,0.0,0.0,36-45,<=50K
32,10,36,0,0,0,0,0,1152,0.0,0.0,26-35,<=50K
78,9,28,14651,0,1,0,14651,2184,9.592332123898705,0.0,66+,<=50K
50,13,47,85474,0,1,0,85474,2350,11.355979214507503,0.0,46-55,>50K
26,10,56,0,0,0,0,0,1456,0.0,0.0,26-35,<=50K
22,9,64,0,0,0,0,0,1408,0.0,0.0,18-25,<=50K
70,6,42,0,0,0,0,0,2940,0.0,0.0,66+,<=50K
75,13,38,0,0,0,0,0,2850,0.0,0.0,66+,<=50K
65,10,40,0,0,0,0,0,2600,0.0,0.0,56-65,<=50K
25,9,54,0,0,0,0,0,1350,0.0,0.0,18-25,<=50K
24,13,53,0,0,0,0,0,1272,0.0,0.0,18-25,>50K
30,4,38,75616,0,1,0,75616,1140,11.233436404613535,0.0,26-35,<=50K
64,9,52,0,0,0,0,0,3328,0.0,0.0,56-65,<=50K
65,10,42,0,0,0,0,0,2730,0.0,0.0,56-65,<=50K
69,9,33,92655,0,1,0,92655,2277,11.43664898946557,0.0,66+,>50K
24,9,38,0,0,0,0,0,912,0.0,0.0,18-25,<=50K
27,9,57,0,0,0,0,0,1539,0.0,0.0,26-35,<=50K
73,6,47,0,0,0,0,0,3431,0.0,0.0,66+,<=50K
75,3,35,0,0,0,0,0,2625,0.0,0.0,66+,<=50K
62,7,49,0,0,0,0,0,3038,0.0,0.0,56-65,<=50K
24,14,47,0,0,0,0,0,1128,0.0,0.0,18-25,<=50K
22,10,37,0,0,0,0,0,814,0.0,0.0,18-25,<=50K
21,9,33,0,0,0,0,0,693,0.0,0.0,18-25,<=50K
60,9,29,0,0,0,0,0,1740,0.0,0.0,56-65,<=50K
70,11,24,0,0,0,0,0,1680,0.0,0.0,66+,<=50K
57,6,33,0,0,0,0,0,1881,0.0,0.0,56-65,<=50K
34,9,38,0,0,0,0,0,1292,0.0,0.0,26-35,<=50K
64,10,53,51043,0,1,0,51043,3392,10.840443284853867,0.0,56-65,>50K
21,9,48,0,0,0,0,0,1008,0.0,0.0,18-25,<=50K
69,12,42,0,0,0,0,0,2898,0.0,0.0,66+,<=50K
73,13,21,0,0,0,0,0,1533,0.0,0.0,66+,<=50K
62,13,43,0,0,0,0,0,2666,0.0,0.0,56-65,<=50K
72,7,24,0,0,0,0,0,1728,0.0,0.0,66+,<=50K
54,5,49,0,0,0,0,0,2646,0.0,0.0,46-55,<=50K
47,7,49,0,0,0,0,0,2303,0.0,0.0,46-55,<=50K
37,12,41,0,0,0,0,0,1517,0.0,0.0,36-45,>50K
75,13,48,0,0,0,0,0,3600,0.0,0.0,66+,<=50K
61,14,50,0,0,0,0,0,3050,0.0,0.0,56-65,>50K
29,9,41,0,0,0,0,0,1189,0.0,0.0,26-35,<=50K
77,13,39,0,0,0,0,0,3003,0.0,0.0,66+,<=50K
21,10,27,0,0,0,0,0,567,0.0,0.0,18-25,<=50K
54,13,36,0,0,0,0,0,1944,0.0,0.0,46-55,<=50K
29,10,30,0,0,0,0,0,870,0.0,0.0,26-35,<=50K
59,7,30,0,0,0,0,0,1770,0.0,0.0,56-65,<=50K
43,5,33,0,0,0,0,0,1419,0.0,0.0,36-45,<=50K
45,14,20,0,0,0,0,0,900,0.0,0.0,36-45,>50K
59,9,50,60917,0,1,0,60917,2950,11.017283976529278,0.0,56-65,<=50K
64,9,42,0,0,0,0,0,2688,0.0,0.0,56-65,<=50K
41,9,52,0,0,0,0,0,2132,0.0,0.0,36-45,>50K
79,9,48,0,0,0,0,0,3792,0.0,0.0,66+,>50K
48,14,45,0,0,0,0,0,2160,0.0,0.0,46-55,<=50K
27,4,48,0,0,0,0,0,1296,0.0,0.0,26-35,<=50K
18,6,42,0,0,0,0,0,756,0.0,0.0,18-25,<=50K
30,12,53,0,0,0,0,0,1590,0.0,0.0,26-35,<=50K
60,10,35,0,0,0,0,0,2100,0.0,0.0,56-65,<=50K
51,6,40,0,3398,0,1,-3398,2040,0.0,8.131236549696116,46-55,<=50K
38,3,37,0,0,0,0,0,1406,0.0,0.0,36-45,<=50K
47,9,60,0,0,0,0,0,2820,0.0,0.0,46-55,<=50K
69,9,34,0,0,0,0,0,2346,0.0,0.0,66+,<=50K
53,2,53,0,0,0,0,0,2809,0.0,0.0,46-55,<=50K
21,9,26,0,0,0,0,0,546,0.0,0.0,18-25,<=50K
21,12,41,25298,0,1,0,25298,861,10.138520148242751,0.0,18-25,<=50K
47,13,38,0,0,0,0,0,1786,0.0,0.0,46-55,<=50K
43,13,30,0,687,0,1,-687,1290,0.0,6.5337888379333435,36-45,<=50K
70,9,33,0,0,0,0,0,2310,0.0,0.0,66+,>50K
54,9,45,0,0,0,0,0,2430,0.0,0.0,46-55,<=50K
64,16,37,0,0,0,0,0,2368,0.0,0.0,56-65,<=50K
54,12,30,0,0,0,0,0,1620,0.0,0.0,46-55,>50K
39,10,49,0,0,0,0,0,1911,0.0,0.0,36-45,<=50K
58,9,40,0,0,0,0,0,2320,0.0,0.0,56-65,<=50K
56,9,43,0,0,0,0,0,2408,0.0,0.0,56-65,<=50K
62,10,51,0,0,0,0,0,3162,0.0,0.0,56-65,<=50K
29,10,55,0,0,0,0,0,1595,0.0,0.0,26-35,<=50K
57,2,17,0,0,0,0,0,969,0.0,0.0,56-65,<=50K
35,14,39,0,0,0,0,0,1365,0.0,0.0,26-35,>50K
66,10,23,0,0,0,0,0,1518,0.0,0.0,66+,<=50K
67,10,67,0,0,0,0,0,4489,0.0,0.0,66+,<=50K
56,9,42,0,0,0,0,0,2352,0.0,0.0,56-65,<=50K
76,12,50,0,0,0,0,0,3800,0.0,0.0,66+,<=50K
51,12,34,0,0,0,0,0,1734,0.0,0.0,46-55,<=50K
19,5,36,0,0,0,0,0,684,0.0,0.0,18-25,<=50K
55,10,51,55491,0,1,0,55491,2805,10.923994145200616,0.0,46-55,<=50K
66,10,45,0,0,0,0,0,2970,0.0,0.0,66+,<=50K
24,13,57,0,0,0,0,0,1368,0.0,0.0,18-25,<=50K
24,8,32,8008,0,1,0,8008,768,8.988321188323683,0.0,18-25,<=50K
34,13,38,0,0,0,0,0,1292,0.0,0.0,26-35,<=50K
70,9,45,0,0,0,0,0,3150,0.0,0.0,66+,<=50K
50,5,47,0,0,0,0,0,2350,0.0,0.0,46-55,<=50K
78,5,44,0,0,0,0,0,3432,0.0,0.0,66+,<=50K
72,8,27,436,0,1,0,436,1944,6.07993319509559,0.0,66+,<=50K
52,9,31,8137,0,1,0,8137,1612,9.004299728561636,0.0,46-55,>50K
60,9,43,0,0,0,0,0,2580,0.0,0.0,56-65,<=50K
38,12,25,0,0,0,0,0,950,0.0,0.0,36-45,<=50K
23,8,31,0,0,0,0,0,713,0.0,0.0,18-25,<=50K
42,16,40,0,0,0,0,0,1680,0.0,0.0,36-45,>50K
54,7,32,0,0,0,0,0,1728,0.0,0.0,46-55,<=50K
29,10,42,0,0,0,0,0,1218,0.0,0.0,26-35,<=50K
31,14,39,0,0,0,0,0,1209,0.0,0.0,26-35,>50K
18,13,32,0,0,0,0,0,576,0.0,0.0,18-25,>50K
63,10,32,0,0,0,0,0,2016,0.0,0.0,56-65,>50K
73,11,53,0,0,0,0,0,3869,0.0,0.0,66+,<=50K
69,6,44,0,2067,0,1,-2067,3036,0.0,7.63433723562832,66+,<=50K
41,2,42,0,0,0,0,0,1722,0.0,0.0,36-45,<=50K
54,9,41,0,0,0,0,0,2214,0.0,0.0,46-55,<=50K
77,5,31,0,0,0,0,0,2387,0.0,0.0,66+,<=50K
54,9,34,17350,0,1,0,17350,1836,9.761405420601672,0.0,46-55,>50K
36,9,16,0,0,0,0,0,576,0.0,0.0,36-45,<=50K
38,13,34,0,0,0,0,0,1292,0.0,0.0,36-45,<=50K
63,13,34,0,0,0,0,0,2142,0.0,0.0,56-65,<=50K
45,13,45,0,0,0,0,0,2025,0.0,0.0,36-45,<=50K
69,11,34,0,0,0,0,0,2346,0.0,0.0,66+,<=50K
71,7,48,0,0,0,0,0,3408,0.0,0.0,66+,<=50K
20,3,37,0,0,0,0,0,740,0.0,0.0,18-25,<=50K
62,10,41,0,0,0,0,0,2542,0.0,0.0,56-65,<=50K
40,10,40,0,0,0,0,0,1600,0.0,0.0,36-45,<=50K
50,9,47,0,0,0,0,0,2350,0.0,0.0,46-55,<=50K
34,9,52,0,0,0,0,0,1768,0.0,0.0,26-35,<=50K
40,9,30,0,0,0,0,0,1200,0.0,0.0,36-45,<=50K
38,9,58,0,0,0,0,0,2204,0.0,0.0,36-45,<=50K
21,9,31,33084,0,1,0,33084,651,10.40683528644616,0.0,18-25,<=50K
66,9,38,0,0,0,0,0,2508,0.0,0.0,66+,>50K
26,10,35,0,0,0,0,0,910,0.0,0.0,26-35,<=50K
41,14,55,51075,0,1,0,51075,2255,10.841069998544572,0.0,36-45,>50K
29,10,29,0,0,0,0,0,841,0.0,0.0,26-35,<=50K
27,11,47,0,0,0,0,0,1269,0.0,0.0,26-35,<=50K
41,13,18,0,0,0,0,0,738,0.0,0.0,36-45,<=50K
74,6,48,0,0,0,0,0,3552,0.0,0.0,66+,<=50K
76,10,38,0,0,0,0,0,2888,0.0,0.0,66+,<=50K
41,9,36,0,0,0,0,0,1476,0.0,0.0,36-45,<=50K
49,10,33,0,0,0,0,0,1617,0.0,0.0,46-55,>50K
79,3,39,0,0,0,0,0,3081,0.0,0.0,66+,<=50K
32,13,36,0,0,0,0,0,1152,0.0,0.0,26-35,<=50K
76,14,25,0,0,0,0,0,1900,0.0,0.0,66+,>50K
24,1,32,0,0,0,0,0,768,0.0,0.0,18-25,<=50K
32,9,48,0,475,0,1,-475,1536,0.0,6.16541785423142,26-35,<=50K
38,7,36,0,0,0,0,0,1368,0.0,0.0,36-45,<=50K
20,12,32,85942,0,1,0,85942,640,11.361439564795115,0.0,18-25,<=50K
68,10,40,0,0,0,0,0,2720,0.0,0.0,66+,<=50K
71,7,45,0,0,0,0,0,3195,0.0,0.0,66+,<=50K
41,13,47,13289,0,1,0,13289,1927,9.494767151707292,0.0,36-45,<=50K
69,9,43,0,0,0,0,0,2967,0.0,0.0,66+,>50K
65,9,52,0,0,0,0,0,3380,0.0,0.0,56-65,>50K
67,9,40,0,0,0,0,0,2680,0.0,0.0,66+,<=50K
67,10,38,0,0,0,0,0,2546,0.0,0.0,66+,<=50K
53,9,49,0,0,0,0,0,2597,0.0,0.0,46-55,<=50K
24,9,33,0,0,0,0,0,792,0.0,0.0,18-25,<=50K
75,9,36,0,0,0,0,0,2700,0.0,0.0,66+,<=50K
55,13,24,0,0,0,0,0,1320,0.0,0.0,46-55,<=50K
73,10,58,0,0,0,0,0,4234,0.0,0.0,66+,>50K
77,13,61,0,2181,0,1,-2181,4697,0.0,7.687997166393016,66+,>50K
29,10,38,0,0,0,0,0,1102,0.0,0.0,26-35,<=50K
42,12,48,0,0,0,0,0,2016,0.0,0.0,36-45,<=50K
29,9,47,0,0,0,0,0,1363,0.0,0.0,26-35,<=50K
21,12,42,34367,0,1,0,34367,882,10.444881177868536,0.0,18-25,>50K
77,9,52,0,0,0,0,0,4004,0.0,0.0,66+,>50K
75,2,27,0,0,0,0,0,2025,0.0,0.0,66+,<=50K
75,7,38,0,0,0,0,0,2850,0.0,0.0,66+,<=50K
72,2,19,0,0,0,0,0,1368,0.0,0.0,66+,<=50K
58,14,30,0,0,0,0,0,1740,0.0,0.0,56-65,<=50K
50,16,24,0,0,0,0,0,1200,0.0,0.0,46-55,<=50K
79,12,22,0,0,0,0,0,1738,0.0,0.0,66+,<=50K
52,6,35,8031,0,1,0,8031,1820,8.99118884193151,0.0,46-55,<=50K
57,13,44,0,0,0,0,0,2508,0.0,0.0,56-65,>50K
31,12,33,0,0,0,0,0,1023,0.0,0.0,26-35,<=50K
64,9,35,48315,0,1,0,48315,2240,10.78551804772517,0.0,56-65,>50K
68,10,33,0,0,0,0,0,2244,0.0,0.0,66+,<=50K
60,10,41,0,0,0,0,0,2460,0.0,0.0,56-65,<=50K
48,2,34,0,0,0,0,0,1632,0.0,0.0,46-55,<=50K
