Age,BMI,Glucose,BloodPressure,Insulin,HbA1c,Cholesterol,FamilyHistory,PhysicalActivityHours,Smoker,Pregnancies,Severity
55.96132203680761,26.0142696108057,136.86215786033725,78.70140072446083,111.79324833889179,6.411532442873823,193.2280725756529,1,2.2509412236378092,0,3,1
38.48020661887356,24.8376725888376,159.3326440779163,75.35988445303927,201.0256930536103,7.278948180798935,207.2889745715305,1,1.2040559602622152,0,4,1
61.75586554548394,30.887054028975587,137.5662439787906,86.36852351289076,198.36301361610634,4.433275260999577,157.8512741242942,1,3.9958320507256584,0,2,0
64.22734131308579,29.88519928412253,206.35910832450483,83.28079812894072,67.13380605274212,5.85764220513494,152.26536465539016,0,3.4615708985737745,0,0,2
26.636542547500127,20.7736464881432,178.04256083646465,,102.09676218780857,,211.92731572884344,1,3.9759671141968824,1,0,1
35.07166641078987,34.674730400100565,117.23652823490445,82.54290645314148,26.79307207491506,6.278720178011113,176.20433844203146,0,2.3370061569100615,0,0,0
53.66192524117471,27.981929835570416,116.86903981675258,63.958247085950994,95.98770648976621,7.960800574492977,149.80455475373705,0,2.907083233057194,1,0,0
47.888846299533434,22.389878976313536,144.43938518198735,58.93925510261561,53.71630261104433,4.308891970175698,241.68296910793438,1,0.0,0,4,0
51.78158495244425,35.03831262894631,98.66932868510102,73.73831907551724,79.73120926941824,4.171997878464641,180.99180242877048,1,3.6019608820976754,0,0,0
40.91042894154346,31.941215643778847,168.82009072863704,80.93165330836014,30.093763518146062,7.1236238199472615,248.6928409468836,0,3.158146328095439,0,0,1
63.432173673216774,21.545019044286473,140.65601826452544,56.311184676558106,117.09395616758079,7.2389686579193295,206.08189006215824,1,1.2391557416104564,0,1,0
62.111295160576326,38.27450562141748,136.97606188004863,84.45491700469061,29.875537992483103,5.9680999918018,216.20083675810153,0,2.832547948661444,0,4,0
52.85839906829581,32.12338552601406,152.04337837197858,85.1600661703792,99.10646385061227,6.680473280054869,196.9630096483196,0,2.5874411166877325,1,0,1
66.65413569058443,28.443921364062245,188.29904591791706,76.56371435559397,40.551835103557586,,104.10383470726352,0,5.822899096011987,0,2,1
58.07762144927659,37.246203430919785,133.9834373265627,65.58851643727542,51.8079181432545,5.223364152977904,161.80211333995925,0,1.3021968509955129,1,0,0
40.829197982517904,29.376137811063025,124.04358701950154,64.2474639497285,190.63975296772978,5.351781949940841,200.22304053068848,1,3.5302818861867236,0,0,0
56.79376019307249,28.345543086927822,180.80518681629025,88.31118557896272,131.88842963947693,6.427671415038364,218.85970721712278,0,1.2547706357146229,0,1,1
39.534526189223016,24.868349361879062,161.86426455968973,57.86532776204914,189.95585628343738,7.284906751872464,136.9923871492514,0,2.1074024894875674,0,0,1
63.41985391699454,31.700177416188932,116.76570558656972,88.77364552983013,248.05048809070897,4.800851688370418,202.96313510130247,1,3.4429103259075684,0,5,1
51.35096315717871,31.12131632028189,128.18152570306572,74.01761009043476,54.45989235685596,5.962462841677977,162.3539646858668,1,2.6618192146190216,0,2,1
49.59678927391161,28.58074076939341,134.83833205785794,74.84998600428571,238.44561403219356,5.906916041954673,213.91556627340685,1,2.99041463005831,1,1,2
43.147915922748766,24.155075053728183,140.6634530611744,55.5029475350401,34.71705253675358,6.7015509260513175,204.26277014340664,1,3.5323553731711517,1,0,0
67.89303740276239,29.214614197913406,80.51900521713101,74.23940043845695,146.17066651965436,6.189561955989399,233.2530608923238,1,2.2100966860823075,0,2,0
49.99111673310557,28.116106678308242,74.0130387269454,,65.30967292348762,5.5449396994365685,245.53927134712572,1,4.414634455704704,0,0,0
46.431738311879606,21.165891246961895,96.94134922991412,59.963078945776225,49.161685868700104,7.698278936908887,222.4416161724131,0,2.511232410819832,0,0,0
47.42226384365301,20.40503206771698,94.23415449460302,81.98363040702215,134.18441485539506,5.552891022055016,237.69495638088182,1,2.8439112615158852,0,3,0
58.92001941219353,31.60834358345373,105.46615951096241,77.06814704414828,166.3390477477628,5.849484364374256,191.68698591489414,0,3.578098039340569,0,1,0
56.75077283673302,15.0,150.21487247315014,68.27493263401232,163.16045802358434,4.2902028368964515,312.27846162815155,0,3.3632003218637356,0,3,1
57.36552395074785,29.62975789828693,122.08747952863416,86.25607703789565,103.48933853872069,5.343648947784926,158.68487433319453,0,4.0307646792685645,1,0,0
57.600673039102475,25.870543182353966,134.8738111753566,49.572918772257324,98.06023338025192,6.81929129160686,184.94528043944578,0,3.507143042375528,0,0,1
79.841418811316,35.695356337839506,85.14938064852085,80.16016898492451,126.75713731141953,6.584722347625832,239.25162614438193,1,3.7504490584898793,0,0,1
46.716604786999994,25.785924849653682,111.84252289776691,95.4332218968795,109.64592598087272,6.9194203880789145,233.60340958471772,1,2.4794039773357732,1,3,2
45.340844522070014,32.12716317838543,148.55401816106942,93.27931766920794,127.95657724115765,6.861178743134804,223.52078272740926,0,1.289966243063167,0,0,1
41.420954532777586,26.316973873192147,148.82333603618807,80.67768064646226,102.76135107789358,8.705256843554185,230.6621090037381,0,0.7157777555954237,0,0,2
60.00773249348144,29.12561484417379,102.63991601342322,72.37983068642986,155.6514412278906,5.302569407063708,125.82482812497045,0,0.3268637637723204,1,2,0
66.6766398053716,32.55260092006028,133.65818352328438,68.37036932142843,31.253288294558857,4.256691507878254,265.3933503924377,1,5.820362748366842,0,1,0
50.51868305048662,25.95594356021481,204.95967487188165,72.36489047313229,82.63901549180449,4.9393364047141715,197.25214356306864,0,0.0,0,0,1
41.07796579948713,33.98105186474122,127.38407247605267,82.52568697501488,36.60956149531286,5.355617797002091,252.34397892629238,0,4.909957598363364,0,4,0
41.28174419601389,23.034661675914343,103.73845688501441,66.313074334487,107.73408141406988,5.030807676059707,127.72598999921767,1,1.686609581924043,1,0,0
60.45770624172111,30.120260634071084,121.9183163723244,85.08908581660457,261.66479720130593,6.312393017173825,214.74960313228527,0,4.898305555391687,0,0,1
61.662304225644746,33.57451847533319,131.22619876343916,101.5979262160399,66.13212018679485,7.703185886668425,183.58691339249575,0,0.0,0,0,1
59.061005487967535,32.13020620484684,122.70910667583077,75.25740117847126,97.76078155523669,8.047590887563898,226.74056576008954,0,2.623849756986748,0,0,0
43.34837380524697,39.04044682204476,126.90258547632244,59.867262360600336,147.16082480361345,6.805170202215925,217.04867719381613,0,5.326439044840429,0,1,1
55.018097199867356,24.301083754791367,77.47936210721062,59.863063044203045,23.471566787898823,,218.90981630496879,1,4.141135301560931,0,0,0
53.516915518829464,20.914679117582764,94.30793337199171,,64.09958290329281,5.772352332120297,164.7602158472033,0,2.460375262894733,0,5,0
54.84295175747717,23.031156903276845,122.77326670249758,75.28304585247467,114.0623066734434,4.2409771495970885,202.83517340889279,0,0.0,1,0,0
63.32857411332647,32.132434116016405,122.21562104921472,86.52197075276864,13.69133428355632,7.463813681465804,198.15365217868504,1,0.8840183645585089,0,0,1
54.90674213407087,31.238576138481584,108.18337537989999,69.5963890100878,47.69774632064768,3.993686729901125,223.82178158488244,1,5.222635354495006,1,0,0
60.825876319934636,29.062411628060786,121.80452448732471,85.96748257047798,184.0794306968471,5.293996372760235,242.59328582647174,0,2.442814077994039,1,0,1
52.87852790335559,22.323736229910786,130.1355199394972,74.10040991860329,172.73483200244834,6.824134678907356,210.71808503632735,1,2.885081434538497,1,1,1
55.758552182969794,32.71777011330983,159.12947097835837,67.20995133611261,114.79139425279206,6.077142223941463,156.50545304123324,0,3.4536561675242092,0,3,1
60.20674693590102,21.76412372292203,124.52758926708822,71.18801825437139,159.6905909244455,5.970856684554193,209.08799476353718,0,0.9154577390599101,0,1,0
33.05697434187634,34.874222703072945,141.96861218543887,61.63534773492116,103.50577649606666,4.7830519606159925,304.22089667955197,1,3.6516642877442864,1,4,1
47.84427418735508,44.215911327269254,109.04398944981276,99.87231470297934,129.12957533205645,6.187037132679996,267.54820242553586,0,2.32861523092959,0,1,0
45.88515549419366,30.515481306143528,148.02335032594686,74.84341823729815,73.30543544718799,7.40439498648535,100.0,0,3.4699244569208654,0,3,1
43.69458797283656,31.707094746117587,141.15056041643248,83.73416906418635,97.03656965721768,6.223961499843223,207.4070398404041,1,2.0751185271407455,0,3,0
48.42315073405311,25.789271271074423,158.30359511129367,69.55757040555041,59.66639231920837,5.203728944430727,240.4205419597031,1,0.4830143039021486,0,1,1
71.43423704604714,18.54382673402251,152.97111618555707,63.37686613624212,,,198.07157352241677,1,2.3162039491007724,0,0,0
40.74419549598784,25.185043503333777,148.6057468008401,73.19343386898478,241.97230718931047,5.228486500453306,187.5165450345324,1,4.025244187372803,1,0,0
64.58761860968926,22.489076173956878,124.5553906969777,89.21431040055037,,6.67080050289723,194.85535982682745,0,3.630496142523257,0,0,1
30.12269296899454,20.541474829717416,136.57287294655637,69.7512185032206,69.02984692782013,6.612322714831652,225.98320044651678,1,3.049489387735563,0,5,0
47.64649461018493,37.97297968097607,165.22281249580342,65.55361632724701,48.41726886137214,5.239391479285198,161.35814097374967,0,4.437010964816548,0,0,1
54.115789846365075,30.000743849141752,105.17739007090219,77.86557093242972,206.40547301840124,3.5470886936215305,250.17016876115608,1,2.6742495799292376,1,2,0
59.620890307670614,30.58828169337691,106.0057277456097,81.98827120861293,128.16895468472669,6.704015316406598,202.87226631547338,0,3.090042102424348,0,0,0
61.245945537307115,26.800376991420627,134.35009892826267,95.7141780262382,,5.122751121229699,169.46907758376113,0,2.2323729924900393,0,4,0
62.31351405759903,27.5492090465611,142.53478915929088,80.24500574046994,59.61747972902088,7.02687497481834,247.7253061331504,0,4.530588762805529,0,1,1
47.46657406077031,33.80502875231633,99.15627252575985,83.72791214237482,118.68716292461473,5.2926684294467,146.28502560575762,1,3.466445676354823,1,0,0
45.98942669536063,28.322145847176316,125.3833102805342,84.63130284304385,44.45062095261689,5.01451945559623,183.9020163139398,0,2.108867023722605,0,1,0
63.153686456342996,31.41881665913603,124.71004290199254,62.16381541680843,135.90419674167336,6.383806288711502,183.27634751916375,1,0.617552405555513,0,1,1
49.51304377653901,,55.0,64.44001515436547,220.54153071694313,9.029239076031644,286.46979365297295,1,4.767938039837323,0,2,0
35.41607779660701,26.61815910097374,120.3142103759434,62.9932445247322,259.8200494444904,,178.96921079170116,1,1.809495918104576,1,1,1
37.267266217954756,20.761972089189758,122.49387585030368,60.01425093170025,142.64375603833759,6.363463159047022,123.11132162099601,0,3.115302963983275,0,2,0
40.047120281979055,17.622380156980796,122.38974700119434,85.54551849844484,,,182.89102561939262,0,6.764159493031315,0,0,0
58.463089672698935,27.06140954413479,177.5569996102044,79.48060109996507,102.31683817407763,4.098660966217284,222.31091320138157,1,4.282415266773294,0,4,1
53.85153456891735,28.81073180596278,85.44705955218936,76.9539527570974,361.62320658727094,4.853191555096933,234.79521277017696,0,5.577839342123186,0,0,0
60.97630960288099,21.42628479810165,99.13821000783855,45.0,51.173004469549085,3.5,291.5085083508253,0,2.139000299934162,0,0,0
46.44571559762505,28.310388242309518,55.0,100.66572230342342,86.60362275903604,8.275848673491947,258.46210769746347,1,4.713562234912331,0,0,0
54.06101598399729,28.79563909644776,111.16791668390508,65.26873595015734,225.5632255450292,8.032863234986898,212.14105856877578,0,3.0426703887230255,0,0,0
60.132675121575375,16.641955966673414,114.15247560558997,,134.4169746614237,6.671382231457892,171.12621223215845,0,3.5856270732297313,1,3,0
47.9784949836369,23.466814372862743,110.15079882830103,58.609102232184206,451.20026217513066,6.362138123701046,266.7130423911996,0,6.233346740863297,0,3,0
57.93807808824635,30.739951415545075,166.7687068819316,66.25118609732155,55.89330308203148,4.338091997002904,190.9945850876032,0,2.55416668136047,1,4,1
43.39496276613353,30.62882301167659,158.1216132817937,49.56580740988444,47.29801883846154,5.936840047699171,179.99002502384502,0,3.030807125882458,0,0,1
47.280299994654065,22.154787959801318,130.72498534935565,80.34549971131237,199.43556538280015,8.350870254084672,189.15119551814536,1,1.5548565575872597,0,2,1
47.037407378021726,29.371464277748544,115.02854312610482,62.78491815026521,41.367210989862585,6.357699197834857,157.41304692192125,0,4.421549689452922,0,2,0
36.45408460734248,34.1232397394826,163.91663838374023,63.123998150819745,79.19478713081674,5.522424240545725,187.32923653550293,1,2.1029969627413827,0,0,1
58.33064225021256,32.77390127444994,127.30847490574519,59.529829393907235,86.24045785031137,4.090315207995664,196.14188346082022,1,4.636336665310206,1,1,0
45.89776957736459,27.97592817142336,99.36054863785398,85.32826075285436,176.47916569734684,7.856366873276967,232.76495102086048,1,0.3601388132082377,0,0,0
52.16242354345994,25.926130276716393,67.9312962880407,84.53756381881057,134.16680638202521,6.115899438766813,190.2526432661613,0,3.8778209149337712,1,4,0
58.24970656577682,25.038605336160227,112.55399271365111,97.74440669294543,121.13454433975654,4.091919375964605,156.83654881013643,1,1.9700907102991108,0,0,0
57.80490528838927,31.073008806003113,154.4125266010413,67.77152054712433,69.28508086558483,5.09088118151415,144.0566581002454,0,4.1688282229283375,0,2,1
60.65000641664622,29.573071852285885,207.67885413400813,78.62583245256161,198.25662606555997,4.666954379170244,212.9636504058784,1,2.9783053234332346,0,1,2
50.71968870137749,31.9617220335621,130.15636211663167,60.52797763117658,600.0,6.0419077691456335,207.75978243183053,0,2.143457736210734,0,4,1
46.497121943426,29.225305972166336,101.21255697078935,71.97953172717618,141.05403369021877,6.448806763535383,183.93611697389963,1,2.381504612998408,1,0,0
50.96366325821681,33.00320172691093,86.52621771005252,69.77385624062588,96.02385068401223,5.596139522865771,187.2366545013013,0,1.6393787199061753,0,0,0
30.06465235854561,29.02025893126735,147.31842137069594,81.57339948994505,38.71390118117025,7.132455915784258,219.76250344636847,1,4.3404604085133744,0,3,0
33.187537858499866,32.81578793872428,66.2384381665506,88.2042616770183,59.46849807768822,6.294562688566931,257.8407576401952,0,1.3221802409193364,1,0,0
34.804905039392764,33.28952523701651,147.2620785491711,87.892800289978,78.32744232328935,7.474774862326556,175.35450580252845,0,2.572674178027524,0,0,0
39.03579124118074,24.075103533763524,156.61990621920194,65.88625273338867,63.58130713392757,5.7713671063031375,208.37830777618643,1,3.552383327523958,0,3,0
57.19706494740468,18.555207742210897,143.26978086315023,87.981614855476,89.0643442741202,9.854390710413375,241.4142753522023,0,5.58159124071763,0,3,1
40.228772280319205,36.989210708080044,120.31184148215048,75.47097835470643,285.86512830980513,5.522613531831251,175.5076569725045,1,2.9851222385730973,0,2,1
47.083886797487935,29.91162301891744,147.77292287413852,72.10483724923581,202.4449841897033,5.116004009892954,204.4059796465944,1,2.6119830615384947,0,0,0
68.88996787121886,19.070327574771333,133.9828429894905,67.49786215817298,81.17184126921651,4.968439339885091,203.55616708266868,1,3.437815784185645,0,0,0
47.368568376201466,24.57399276529709,100.76566553487929,69.28077046766137,41.03509623604241,5.946871128134834,155.1707810683463,1,0.0,0,2,0
61.587702390072124,32.74530860803406,192.7644312831259,,214.66928578354413,4.13655669096106,211.40295420109365,1,1.0821668788948489,1,0,2
39.8629701598716,26.96177742876909,115.69122171363193,79.68892919792829,87.17559279364247,6.553475412593373,206.19869778696838,1,2.3994136017944783,0,0,0
49.32931174772081,25.6836621937448,155.15133051574682,78.09534217001446,29.2999085157482,3.913635476522232,226.0932014846502,0,1.8592493588277557,0,0,0
39.649713286162445,36.204850231721316,55.0,72.85303769755664,143.00638038632496,6.394005108868678,159.89831396289293,0,0.43866673721054017,1,2,0
47.592570013292686,22.739920694889044,172.6764808973325,105.35174333725634,175.30126622361453,4.578497907084376,205.37887463992655,1,4.372445841868136,0,0,1
62.92400578694614,24.110156532348412,179.40673106291035,91.6601258661571,18.596422195255098,5.742447911143889,257.5058944189207,0,3.4156107672917155,0,3,1
29.544834498499466,29.66262561276547,129.04418254943235,67.34725462241448,52.6596313220857,6.925448478958831,283.9449936126669,0,3.224424395652013,0,0,0
57.64750736609614,30.647502126296352,147.55698621582155,72.71661934354451,83.76494168573858,8.964845220651624,253.64491222092116,0,1.8896141581530022,0,0,1
55.09056283031961,31.229886688874025,147.5480313562647,73.42906547954908,145.07368165204366,4.906399375062612,160.2712827852908,0,3.127028743461864,1,1,0
44.276050575941674,33.51180924512921,105.50257506257465,77.7504637393912,64.36528212612023,6.01961906068833,222.1400019176578,0,3.823119135105695,0,3,0
33.20124789295009,29.592182413748343,147.1492806903769,67.58528808842277,52.40056816161919,5.331489590269349,186.6404301514777,1,2.576166313754751,0,2,0
52.9376836002803,31.19161166416125,99.69793355446056,81.26579828034036,144.38302766755763,5.156155612927046,215.788222538937,1,3.7113155827845836,0,0,0
45.116594782170566,27.074349073767042,106.69350767241359,93.42505758447177,66.38028685410522,5.342032004036547,175.6557651804769,1,1.7263032290798157,0,0,0
55.02479074761115,28.84484066780193,167.44301001243045,60.23646269195004,128.01471179160606,7.188879770764327,139.8880092096126,0,3.155976500783541,1,0,0
52.284077891804756,29.09143799029499,162.1130191745071,62.462239154895194,43.698968364219056,5.614332962923545,191.90834492940635,1,4.82799725268176,0,0,1
72.8231255871719,29.6830397470047,103.27685742594726,,37.3671960221832,8.899175237925027,232.45890247118058,1,4.971231525721663,0,0,2
48.88837684285068,32.748968941705186,102.32482797746357,70.75845327870604,147.0444059936923,6.699175107073681,215.94399070800483,0,5.124142087919459,0,2,0
38.69453259591576,31.55330125069657,105.40411891398148,99.98159049695117,,4.98798720659111,220.31201867674542,0,3.456909464692667,0,3,0
54.33058325443211,28.743193515951006,153.6423848262922,88.02051064017806,163.92449032257858,5.759953781425907,213.22131227321637,0,3.050582327772393,0,0,1
54.85995689163295,24.04980708282428,93.00053267163611,87.33186822541917,63.66431615918565,5.237783611952013,220.372044044137,1,2.281937734144937,0,0,0
69.66943847812567,28.872191919344903,140.48494236625834,72.8276116778392,53.67735530818375,7.160082383536057,225.12144684529468,0,0.10802438957213312,0,4,1
62.85644619688952,28.34590218307341,154.1396383722003,72.56423911855823,217.95245599375568,4.233464412121696,194.5621056997245,0,0.8481604857592124,1,5,0
56.63932376894362,29.562498688972592,124.9114092397415,58.579535034815216,33.44447074253058,4.590858343477028,208.14984133394543,0,2.731112044855585,1,0,0
71.02293758585431,40.63588918927221,163.35222939027247,85.38088273657381,203.01079019470342,5.49014465750103,271.24381824504826,0,2.8267384813945116,0,0,2
36.54608029380294,25.619249718023205,117.34914406785727,81.89265525770543,212.3291638461301,7.01953615176599,210.39717910204328,0,5.259556846090387,1,0,0
43.68323007425328,30.822589605189478,120.515053965213,91.43196837613941,157.4122019037053,7.679672329787327,206.6174128652489,1,5.103678607001001,0,0,1
39.954512761728175,34.376541369843636,93.79638191038502,73.470043439726,57.55464154319189,7.856650628927412,208.90961127460318,0,1.9016221736214645,0,0,0
46.932472558975014,29.039010527546605,163.60120716670718,74.29865024559524,52.93523453768869,6.835761823937037,196.71947630398364,1,4.30932114414243,0,0,1
34.103080081767985,41.35814815544691,101.17178435573953,78.04054634272762,78.51372245706663,6.100532556370376,188.45647337860947,0,2.236689816681743,1,0,0
60.256962308587255,26.420783895476877,140.24201362002708,86.70277090608515,38.78501188554951,7.153550974776792,212.9297839258864,0,4.092186148806082,0,0,1
49.11110493771594,30.282490722760258,125.50393765059228,58.35741253483025,48.16865850818302,4.826599259081948,185.78282232555225,1,4.289628364970792,0,0,0
32.87951817146545,24.1065684030886,91.15259279109182,84.8326736048605,136.8502086039609,3.9864113335805285,199.4704326798658,1,4.98734849943638,0,0,0
38.79747194430196,26.566613956711887,106.68138996618377,75.75405325392603,137.26132553932578,6.723965093223787,174.9604411520011,1,2.211770632347685,0,0,0
56.07568001685254,29.86913650718162,176.4005283664257,63.296352784555644,45.49425403706128,4.9931858994213805,209.10444857230405,0,4.622885899489479,0,1,0
62.89564538262695,33.154672342692514,135.0580139922068,50.984730968151204,,6.121631921401423,227.19940787868904,0,0.0034975422059648764,0,5,0
77.95750159199322,30.255021587129658,92.67973805216053,74.36231545745976,120.91729736540695,6.343552419047378,196.94723532338523,1,5.073945090462178,1,0,0
89.88021205809528,35.42513167134105,138.68649005720422,93.37255579928885,240.1432777419322,6.497743471013956,128.681619398206,0,2.959973243490374,0,0,1
57.38732263258795,27.977690791740304,122.88600889419092,96.09621600089673,130.28812674675282,7.325349846230063,227.43411867410794,1,2.994035203222884,0,1,1
39.13600443958577,26.67307308588547,248.89162407854636,80.26451452804116,179.08979986326926,7.198490225950078,209.56698602487089,0,0.0,1,0,2
24.28339835049298,43.37191809003663,137.97933444697952,99.54406796610698,122.72058498504836,6.434000080601228,167.25720489948853,0,2.3781345804041907,0,3,0
55.48024901046986,30.668307071931167,114.67813035267724,75.48470700451907,170.16415548410592,5.6695816634367135,234.38426920828437,1,5.168767039381682,0,0,0
41.43176576096576,24.542851497117987,177.70097712254864,87.43964261971337,38.985255812598574,6.329314506411586,151.8598423727978,1,2.317276973275497,0,0,1
46.60035561766409,24.68154930763562,63.56373414475041,70.58522933312287,83.1524585797288,5.484547499990095,244.72548938232978,1,4.141540417560334,0,0,0
44.04274161222249,23.315260470077625,131.3012054733384,69.82481392859022,87.74815802717654,5.964285293592595,202.82006845340592,1,3.0552882043425744,0,0,0
50.16971847658699,33.65113145721233,197.80499731383753,67.86989059743236,,9.341808108296496,118.78312713566145,0,4.7002706233595175,0,3,2
65.85774300023937,26.49592488908717,123.9330250474086,51.27365263450825,120.10135124672027,6.418627641060249,211.77652431600302,1,3.3064015443265995,1,0,0
54.04163137678948,29.20049361611067,67.33446343731724,91.44510711936294,135.93222905351513,6.7402940204450585,189.56469001254442,1,1.5091015502430363,1,1,0
49.93774711849705,28.15070229058952,114.14287124562908,68.3004107303438,116.13772489573424,5.353423221163566,183.83972691072083,0,3.0903210877583094,0,0,0
38.53650121326445,32.52320824367514,178.9081314335663,66.38273464293765,80.22186812049343,7.424088099715842,176.9664210646637,0,5.56194704592194,0,2,1
30.22912171884336,23.84290748913789,141.162435871227,61.8403398206479,55.789468690565315,7.11232690719611,200.16579994732484,1,3.7962321248579225,0,3,0
45.677997182046695,22.584352426213414,98.64003616706188,73.5476867615646,183.6406058570515,7.120823065586102,186.56283011564864,0,2.8136859083301364,0,0,0
51.30082683936183,29.73363518949877,104.01650174873416,97.16190772671692,112.97154819559435,6.4578694961041565,134.44577075884135,1,6.609190110613292,0,2,0
74.98308887653847,31.805276065849434,108.41049050975653,101.12534620987262,46.41908374900345,7.441028114920125,253.33857969373378,0,4.854745124097954,0,0,0
53.69356877914752,30.328927722037022,140.64192594188987,56.069597490375,79.35351697194949,7.72602223596168,195.7144090734514,1,4.306774264637537,0,2,0
64.77561364329975,24.048004489964697,174.83686465285285,71.74662404828462,28.981708216394956,6.539718703219155,177.186469396626,1,3.507747944391,0,2,1
45.50915721899102,32.226166631502664,164.83480544797098,63.58770675887562,92.0931504456811,6.062465169199613,162.1199000632774,1,4.168438135601772,0,3,1
36.595731036578684,24.408764900974013,143.9604263738195,87.86005289453824,79.11185266776215,7.2734851881377125,234.287818563211,1,4.220371317092545,0,0,0
39.453482090979165,25.63153745367489,81.39243339798809,79.43912256752712,61.95486602436799,5.115049632128308,155.65958517433205,0,0.0,0,3,0
42.57206116103521,23.308255614028987,81.52236201022956,68.36116807144198,252.09343527761422,5.338447663261608,210.09151747060272,1,3.631897940527118,0,4,0
79.67010652165715,35.65637091758617,146.66382074248173,76.87087696709223,42.44926052194516,6.136039588538119,182.82133792880393,1,2.7427106250629465,1,1,1
41.321973170082984,31.98381847565042,80.9085115723487,70.2709765431075,142.44630033377598,4.110371517874226,185.0340528986314,1,2.200357962981479,0,1,0
62.90035964857248,31.827463566233803,120.10515426259884,95.37095313249876,372.847681232993,7.193114328276109,163.0647378229158,1,2.6873003519292196,0,0,1
40.26194668486866,35.359662816283475,138.64526561651618,82.56351418019246,181.27837038467663,5.0445033350410124,181.4278615641769,1,0.5106421010844779,0,0,1
64.11044916736518,43.969570865312974,88.1842101623059,84.03788105099726,88.17376431050624,5.634210774197892,205.3348708772606,1,0.11262383994051284,0,0,0
57.00436255937622,19.099256428494144,92.15081829743977,45.0,43.063038540030824,5.944064485184275,213.94186460126173,0,4.994403867917596,0,2,0
49.96370733044483,24.438928805175905,124.70576274012635,75.19853585405427,37.13163328664977,6.24714418588466,175.14748571124682,1,3.7394525115342816,0,0,0
51.47008716023936,25.11103703704012,145.6277600633419,100.99853150870841,68.87553730525492,5.78761606829235,201.54449270737828,1,0.0,0,0,0
43.48775995941793,23.82049207689519,165.1531569644815,91.91354884044021,57.58483163122806,6.119154743323581,238.76126837687605,0,2.077784733757215,0,0,0
57.79893861926705,22.573292138179582,149.2468702169693,53.83492496895636,56.379418940651156,6.128446841131503,141.82011483593524,0,4.408882773434449,0,1,0
46.08521475556986,26.85190814769549,130.5779808247268,72.23889000779687,72.79926975205431,5.663562850847448,204.76177900350933,1,2.55197700204699,1,0,0
36.06712507102577,21.80867956590827,101.88318362550328,61.58176640897534,84.21297947936375,5.272166650833482,168.87021007471742,0,4.992007926077378,0,0,0
35.38681153384495,30.34273302145577,90.51825514544183,96.53321872435444,123.37116785263677,7.4977687092267225,164.9980014595718,0,4.679602878842615,0,0,1
54.24364293038755,28.78434076785738,110.11930190847983,78.9313393873109,40.25531833488993,3.6747131572799567,214.91843749392783,0,0.8292620651028582,0,0,0
72.52818633333565,31.145657656200104,142.34774547431985,66.78645328322277,57.763160035491325,5.953141809188621,184.28044419063275,1,2.770681441841869,0,0,0
54.0798909764547,31.29250648401039,139.781829731957,76.40989532248946,,5.637320633738941,158.76148120306618,1,2.2830569203060733,1,0,0
50.457701760571524,31.81653769384672,55.0,45.0,79.26084862890745,6.702549784071784,255.32276129865954,1,0.777218729036639,0,0,0
55.71573981483306,26.446250847468647,100.5013040106374,62.98046435852108,296.92663264324176,4.45484864417719,239.9634015446095,1,0.6731610802315657,0,0,0
68.97802264218872,40.16628871448517,170.15776430621546,76.43732470991571,104.66554238111746,5.600257590507676,131.57237365835158,1,1.7103655260132358,0,0,2
54.85197251773013,29.78937114065154,130.77252667314488,86.14810442143987,31.531160924431493,6.077168319212293,148.9717311359214,0,1.9745193447797786,0,2,0
46.65794599916141,18.25633386056363,78.4046880413955,52.70423055283191,118.11131832022146,7.484088332444552,227.5513687101099,0,3.4531676435893806,0,0,0
66.38175323077856,22.986933398285803,210.45374135593528,71.42613630757084,128.3153736335614,6.598621960154508,194.17479434457616,0,4.670741557143073,0,0,2
57.573833700000975,18.927233560347013,126.98703936898323,88.11622886222587,82.96978056911557,4.779814146957366,262.0218364854884,0,3.8218319292997913,0,0,0
71.96482789594789,28.59534046033219,141.45168857596929,58.582560107520735,40.89884536494348,5.615027937535208,228.42078314455838,1,4.200595584449318,0,0,0
54.38204768388478,27.830071267706664,141.9833664615797,78.75019401741008,282.18001611219734,7.263261623192829,216.37968990645192,0,2.573411485647412,0,0,0
36.08190258763349,25.92365866155298,115.13415868439348,76.79169403727204,44.89763525803928,4.759070160892319,166.16921771063338,1,3.9648003145806237,0,5,0
34.21393040980635,39.56009361820283,102.5349211362512,96.57256384427923,138.2842852871576,6.1056268779531555,223.67473120484993,1,2.7626000294555824,0,0,1
73.46206311900625,31.51940580742301,202.25862447730793,73.23836568266034,102.49792087453139,6.189055456968469,156.52096971948225,0,2.2936441867955475,0,2,1
74.40765437018285,32.49354098795484,163.11220543662128,73.94079281949915,132.99832407461489,5.737060328095083,254.59929226958263,1,6.035361518233001,0,1,0
49.66625022732619,23.379095816318433,156.76780203880367,86.25951703797627,272.9441842647928,9.434902139358698,221.04126638269318,1,0.0,0,0,2
47.01856482523216,23.004703097679432,148.17012171013738,60.08381598340787,129.65472261802205,5.704722248662941,173.65643808321147,1,0.0027131243082223477,0,4,1
70.99877579914863,28.702430245033252,92.88389133734104,73.3494015213897,62.59453179367637,6.739718191241357,235.57774226902796,1,3.612319606613767,0,1,0
37.608406133434656,29.45153926808724,172.7135567109096,70.53129986991388,184.694784507326,5.280438655736859,290.17794578718076,1,2.57602824234808,1,4,1
40.36854875357426,18.290286380870487,98.49035696958877,74.3330582475388,59.71570360695284,6.833297590399285,196.73055020724087,1,0.7008250397329241,0,1,0
60.363248330957575,27.508311374327562,137.9150379352726,86.18087738755406,100.09526452275827,7.244945116222322,225.91570120826913,1,1.3126224781379707,0,0,1
46.87013340282533,28.577396455804276,70.62135330874008,82.64993782098608,38.83435624718693,5.4944431559046825,188.59048585174193,0,1.5209507250211491,0,2,0
51.93341573263908,27.31667958825879,56.569940227336815,67.01581229765588,45.97863686155357,6.134357821737761,208.2433842694971,0,4.427738459409462,0,0,0
49.87524231918134,24.02635273209328,139.14019209285902,77.64039043992655,93.05688809746103,5.125664276130952,147.72508671880502,0,4.939856689703102,0,2,0
56.388469134386135,25.53255649943373,99.68152564817822,93.8852993692063,114.32737356754568,4.82671542554013,204.97987848677712,0,5.6233001043689885,1,0,0
70.29726419707832,,58.37913500459544,66.02361161443234,29.762695057162677,7.444154519000248,206.65593853356324,0,0.4575820444650591,0,0,0
53.177603789722696,28.999400129855264,146.92133260314765,77.74200136476415,124.34332125148936,5.535198864939622,273.3619155201004,0,0.812602347981549,1,0,0
60.371204312599154,31.826353704028122,202.2028269867776,73.68207187673646,52.83536908802118,3.5,136.7898817172727,0,0.7029976407991634,1,1,1
25.347762686596706,34.44470912722979,176.63460905030217,75.24393980995868,206.76996197579552,8.318427387792347,194.32642855390438,0,5.062171209232015,0,5,1
51.36666077490847,26.881087520600126,118.99387401570146,56.432108533007195,71.5955407210145,5.237485612324873,253.94845427757934,0,3.6675591270712475,0,2,0
41.03800648619267,25.99114092136553,128.3095857343931,92.92915425174645,43.35643760165529,5.904352347502363,195.81268315964726,1,3.1283187463515545,0,0,0
36.15543021449284,30.907106204438684,159.06971898743697,66.7077771893418,94.54563547411857,8.169087806593177,198.48902174657007,1,3.3674059101559157,1,0,1
40.58401922992624,31.8596470402597,167.27448069422172,88.3128636418424,49.61319961658934,6.029909486974832,173.33615705447738,1,2.90915475657801,0,0,2
47.65639527088944,,115.97624984110054,68.54348070342986,205.3311439570637,6.003996077357764,169.5609955500152,0,1.2061727241495919,0,0,0
63.90673305062817,32.847164123313945,129.1962200503601,68.49394417725088,90.03102248609494,4.72619234653936,135.6175568983402,1,3.8210764636558467,0,0,0
34.756894669385666,33.88771937635785,138.52151823675877,90.5574790055856,81.5502883819099,4.238199560446921,181.08982058952213,0,2.702178390954102,0,0,1
52.39820940372743,35.604275561122705,147.38567120975912,87.92661524173509,132.22173615651755,6.000336482484646,167.4045079057393,0,1.079485578433131,0,4,2
45.70579736666348,38.28076498695903,123.34232452960566,78.5039907875678,46.83326939390563,6.635371728889874,209.48547567896878,0,3.9188567125728926,1,0,0
47.74024977329451,23.734711237373087,123.79701642259396,85.13380659767584,38.93368422705969,6.566630489852927,175.0686083078982,1,2.3187397819638593,0,0,0
65.03585172895986,28.57644015132881,176.2941315414036,72.5373666369232,117.3590685329387,5.622486703436941,186.77554256815674,1,3.3639735789462035,1,4,0
58.99550068105104,28.562027331402632,170.33322458550103,75.89958846737332,44.03671466236089,6.224309359216331,187.81619506380892,1,2.80003334192316,0,1,1
69.38617539675568,27.960595373071207,144.7093700702631,68.06050729043417,44.02699948528158,3.9953480056064397,203.16972307296587,1,4.4262060355596935,0,2,1
49.99142616975129,24.92905394214425,188.1688174508025,86.84877939160312,155.04278182727046,6.752200424834575,184.91615425661604,0,3.3522607587663065,0,1,2
42.95274604828086,20.329408982229108,114.4743983220754,67.67904002599177,126.60871444500773,6.393687013724056,164.65212858238897,1,1.5860797202291108,0,0,0
49.08983538055351,29.00973695315952,184.80407070202833,93.82187613925424,39.83796960691579,8.568393073019429,208.25912487001787,0,3.515205157661651,0,0,2
55.15245828652588,24.27404387248648,146.98804052374427,72.2099899801621,60.18187591304589,6.208975575714857,245.56436221805524,0,3.5675019591568997,0,0,1
54.29545365989824,28.972964144111938,242.48591427751063,76.24610276819601,50.01806093804006,5.068796777424705,209.88171544004942,1,3.818132758462196,0,2,2
37.902955060966235,24.132760520656305,86.26313256261328,85.10473624785202,,6.139132239093417,181.82682334693237,1,4.65739880757106,1,1,0
53.17636716116237,,103.87291617239305,76.28637305427499,162.1815599739041,5.806640239980996,200.32043660644226,0,2.014427543716523,0,0,1
54.96696829180577,29.788640982072938,142.65792398701916,72.42510022857628,68.46074535031306,6.721649442524478,127.07595472645153,0,4.068697067488851,0,1,0
84.72716248794097,29.330068397435728,141.90319185426472,75.63971862629835,130.88724382592085,6.232270474070224,199.70269551752313,0,0.24029241945471203,0,0,0
76.39897994666171,31.686050842265132,196.25486444612565,86.72582024269101,37.27372480024357,4.688063958736828,189.78653397456202,0,2.8080242955387096,0,3,1
40.90783644273534,40.52225071529694,104.60688608451632,68.04577333435954,58.12464009980822,4.237108054167177,169.52850639575254,0,2.5605441843077723,1,0,0
48.264016299860714,30.025092421659657,159.67214815428594,74.48515591272083,96.34840044257705,6.515489843159619,176.42026261138523,1,5.316552352288448,1,5,1
32.975253976118964,31.16794971885271,168.68620516386986,76.1234407280497,120.75451187694004,7.859737449283087,189.41108894149343,0,2.7498633136376234,1,0,0
44.320808818474674,22.57341269122971,152.66267412772265,86.37502234633187,84.4754735805254,6.295217460862063,242.71341448824666,0,3.972782045074575,1,0,0
56.102865046674424,21.42200907704994,94.3651280326488,74.80185551354276,105.74372227077166,7.175956824704249,246.49829583764352,0,0.18115420340390864,0,0,0
67.67609707154703,37.20556195725334,177.27155818389693,97.69958913392466,94.70136076428179,7.41537098504432,169.7312438608032,1,2.437187256498269,1,1,2
42.52191010933309,23.42086121036683,171.0263725960395,74.12153706741886,80.92188923832968,6.520150214953603,185.31305981675104,0,1.645824212106273,0,3,1
43.496096279118646,22.758307606922468,148.9854581926632,73.14779633913665,74.24088694525057,5.22261021456631,186.28158162303404,0,6.96081779727284,0,2,1
24.085242613397487,28.284955933308957,135.15216905231338,73.94761454058722,68.21998131449037,6.434369702054677,235.76272959090474,1,1.9331251886058283,0,3,0
49.8853430329162,28.003941726424365,135.913780351553,60.200302856103875,104.64451669785977,7.648487465120577,210.52924900000144,1,3.1172465162583234,0,2,1
38.18861264582568,23.536214214561895,125.24424727162177,63.55927783889578,117.54718216324089,6.835868659519897,208.5260147803596,0,3.2025212836402717,0,1,0
45.11728744424104,26.82264729707795,150.42747969884246,69.63199732313088,102.38529810326727,7.097894411394387,225.3779793100052,1,0.4568347345013546,0,0,1
40.600809883821356,35.26156644707557,129.0897198530742,89.62995818620155,41.83450961643519,5.644944509969809,182.3362904803846,0,2.1583433431310177,0,1,0
50.77458679471676,24.067035151425113,98.30162586265756,75.60248728765588,47.01687440120701,5.957175488305421,256.8276898254542,1,3.647626420238808,1,1,0
29.149530912363794,20.834801335986057,91.29929243103427,70.18426972461153,116.63890078237331,6.05752722691956,204.93370301803233,0,3.137155640386056,0,4,0
32.92841180991712,33.684264914948855,101.67873112216978,90.71841694727914,234.25196645450194,6.138394396955845,172.47532704470729,1,0.0,0,0,0
79.68021245636788,31.2076330156592,135.77462848923082,94.61412559470713,99.372927791396,7.60154997921483,196.2736707356821,1,2.0928136887926385,0,0,1
35.2635064434376,25.087147586432362,127.05654572476774,91.06458953089313,68.87031216525043,3.5,251.81327631989913,1,4.633314658315029,1,0,0
37.741787480089684,19.79808141130195,135.53703276510623,65.7629200331781,104.12904698850997,6.236645965498205,188.84459883261667,1,3.941156683700696,1,1,0
75.87987586817708,24.404571539587902,145.5284596741139,70.05701655767614,42.98605435202506,6.104604349166175,241.0831963637036,0,4.948853362920326,0,3,0
89.7658732001253,28.199125597329008,106.04376759290923,97.76483284377663,210.7394891473837,4.554198630267021,181.23685987468218,1,1.4229642601227346,1,0,0
36.76963382527056,34.91119649436101,179.29810589208716,78.89367630400027,101.60531677730584,7.006120659904958,175.90477952246238,0,5.049487256446493,0,0,1
47.2127635617556,22.798799138216886,118.6301210533384,72.78847522124705,58.2452463705613,5.33059976966609,230.06470160258309,0,2.9289503227373093,1,1,0
56.440222162226625,28.035140651686895,112.83005553264718,84.62017553597005,80.75279846131122,5.771560820776209,171.78904269546186,0,5.547556001502303,0,0,0
74.47306937727271,32.213295629421935,144.88351830663584,88.08758880829734,63.894681064318924,8.418538289304852,236.25652950614443,1,3.0052870945340375,0,0,1
39.17085798043291,15.403029629329437,63.72214291687246,69.14260514886082,211.1133420275097,7.411968379446867,218.36178796288726,1,0.0,0,4,0
48.81138800275257,34.185823923663946,100.33129425969783,78.63327950343918,78.91360229663398,6.88938432697414,171.8034304902315,1,4.358807314091431,0,0,0
62.105388488802674,21.996521852864596,162.33754795421416,87.1187208306047,99.56367660025029,6.656932321573285,202.2851757282153,0,2.2903781152405718,0,0,1
57.65195896806604,30.32597521401314,67.19023248282613,62.07655424848176,130.67742307078976,6.002383973065589,184.14657695873757,1,2.398032621810426,0,0,0
47.10997107400871,29.856757322859092,167.11509689266046,76.14814548911367,55.607127077201355,8.599252718444122,218.26110915342426,1,0.6750457102883689,0,0,2
50.26030146129146,34.46522515305115,180.88977982256972,62.627324163391414,102.07632556603811,,276.7363333083059,1,5.595519198409669,0,1,2
34.12635449119024,31.53008409491447,115.06906317616881,64.19703403687826,107.57548534849585,5.300540103241698,190.91322509027796,0,2.1662381219154443,0,1,0
48.90374132832935,15.424902295485104,138.21344685992085,69.24279907023634,32.77475114093017,4.519877266138815,225.28349840662327,0,5.520057239860032,0,2,0
48.53696262988358,,167.16804796978593,81.72543445455365,106.0660897504366,6.880205602387123,205.9287443833656,1,2.310010941451435,1,3,2
55.01820856514133,29.26012821144304,111.6623784184768,72.13572845634238,87.36234268770899,6.132957044145867,205.91419271640086,1,1.515607676561155,0,0,0
44.780746155352794,27.42761062634117,158.37214321841634,68.21898250037913,97.9334102241528,4.485274199664599,198.7222054122021,0,5.111246678447702,0,0,0
58.13000079308681,31.126859013662237,104.5097921704265,76.61865475989951,92.10866156843223,6.7143033988538985,172.41813703864096,0,2.882664401599633,1,5,0
65.16530563165777,32.84151605618338,111.28391973333872,62.23644726080285,106.51332426015547,5.8771674076261755,217.7353180727333,0,2.8982847882317504,0,0,0
54.02058125969006,31.846484550363236,100.02322374862592,81.14563861400693,214.66587875204235,6.836797910632964,194.02781350306324,0,0.9493984955470078,0,1,0
56.57283330918965,27.32148781595044,139.99265197181813,89.57664114349973,41.80976198079903,6.730088257497088,170.61759681792842,1,2.26780263248599,0,0,1
52.69101951851228,18.345146438837357,168.52891683979425,75.04955150814386,72.05362635402774,5.470083174147393,243.53858396543535,0,3.6859133178095984,1,3,0
52.00109711018838,25.994853131298505,121.55604737589925,73.5682120803975,138.81078949371064,6.959413717309046,208.76236566268904,0,0.9213120099858361,0,1,1
42.619745563942985,30.79002481476425,83.50627940306589,80.48128423858684,123.02794003753775,5.6025139008381215,196.3322396209569,1,2.1374596893250932,0,4,0
56.114425401753,22.502540110972372,90.10526121996145,51.65836697402146,121.31898057443233,5.680541752182835,255.92215136035932,0,2.327285700148068,0,4,0
50.73527422062464,31.97201101566867,141.8109797479689,82.44180947917441,538.9564988547381,5.561274312054347,135.2289016497461,0,3.106305287542397,1,4,1
79.21118801609774,33.496163134970175,192.5440744687994,113.22262964493837,134.15525665462994,7.557169313367525,253.36719054170536,1,5.367295433021223,0,0,2
72.45361373217816,29.197768369627134,141.7803749760039,74.52788534662335,187.71394555881113,5.863313134334768,171.55285793282374,0,2.5200749872272254,1,1,2
57.01600518323451,15.0,114.45862072720615,74.57049959540403,73.71548104902591,7.8469318166771025,213.03823649778974,1,1.8951989401399005,0,1,0
42.08025627396802,21.470514005085082,154.81643883975994,84.92328400119621,47.20107309029879,8.340181844224233,182.65357734341296,1,7.394193011239474,0,0,0
37.53865086421557,38.874040372058445,119.61754775446389,95.74399201837554,73.36913487026598,5.313537035774662,169.9259604628079,1,2.3069034343625123,0,3,1
67.48485839015524,25.49404213834392,114.76001739225278,87.69961413320962,142.96270352100836,3.5,254.92768798680052,0,2.6949469421292864,1,0,0
55.4157399269128,17.587212272790524,94.45393130066577,50.1327174569974,117.24289118888368,7.453411451925527,275.53622956102083,1,2.4274458092943476,0,0,0
58.24186424409094,35.293860635706494,177.29570954862245,82.76078605195296,116.97065147288734,5.789633723167831,196.59342527525902,0,2.5571694382245957,0,4,2
29.320382169335495,28.5734557534902,55.0,106.8631617429001,78.29516245561696,5.16057630424161,217.74803868338321,1,3.1244077808255377,0,0,0
64.05670026025635,34.57717268926749,155.92507200977442,83.46929256111358,70.58643364995388,5.493538272616439,207.165667563175,0,4.47327436414924,0,2,1
57.90746439678672,30.023272713706508,111.76892717708621,62.144777040739,80.07009684112779,5.702223414360765,270.7592598194085,0,3.646380357237449,0,0,0
37.56440110261178,31.022075249166928,113.63807439919356,79.38195549302337,144.13043856557726,7.756631708832488,124.70028299676568,0,4.723352901386273,0,2,0
45.870177503150664,30.496550862429842,187.23103046412342,60.6317529839072,155.44352752883464,6.391893487181018,219.33069076826837,1,4.6704458793718935,0,0,2
55.42832365663475,32.3361857155655,103.0054117729982,90.79364427122631,46.79388809076441,7.740318356129762,177.36920006253052,1,3.333683368985402,0,0,1
52.682068378631165,41.02586746705854,104.19757960900564,64.52940894366489,147.72203027413767,6.7930641431341945,115.47336718409521,0,3.6020991521020407,0,2,1
48.20177458455378,33.84053484777554,123.43620163781644,76.89092361630428,58.95891647005846,5.828923131259419,191.29985629768885,1,4.773978682029797,0,2,0
50.65465251514251,19.80813375184956,142.48465850342834,65.70663997609783,122.07172038677655,5.7315713561488915,275.22585405460103,1,1.2220641151960279,1,2,0
48.72429408331049,30.95663833403397,112.53504761974958,69.4426233094241,79.4423767208957,6.8739305008995215,180.07013076478478,0,6.997137923581281,0,0,0
53.98331265733209,34.7781442245677,72.91493743124401,93.83380775032595,249.02971515978612,7.18451075519925,235.04908924945522,0,2.179863791155829,0,0,1
71.12939564891104,35.1148544359488,97.7005636691382,77.24148597872437,68.58412963184273,7.396151222841043,250.54954348840792,1,2.438456125489638,0,2,0
18.63344026789313,26.153672593174953,172.8466849762582,69.28957031529136,101.07950313155251,5.886153786349109,204.51752150045814,1,1.0609584405219747,0,3,1
48.9209465613741,34.9071944485347,130.6171876197429,62.257264349359325,133.49916494724073,6.410247027685367,209.5773134996291,1,1.108558707272963,0,2,0
54.294661477841814,33.60258319753163,143.78805492963377,53.53958216320676,50.99545023928576,6.900848491106392,139.78067955143774,1,4.558454510223578,0,3,1
55.84792186593229,42.648845903333516,118.85025774894369,60.98463239772776,85.83720904192245,5.739241968875766,177.78577319943943,1,6.632309244227603,1,2,0
47.165110442823234,24.374990450633184,104.91758063393556,77.34351089733254,75.68117839078982,4.83807195943668,239.46628972453985,0,2.0924158227066436,0,1,1
29.162616827778425,25.709296829797662,186.71493074563938,87.76280522467196,64.44620895182696,5.232474719957452,207.30580568740857,1,3.555706445004029,0,1,1
56.263941288283426,26.816345233470255,121.41328500321218,69.27578209093359,67.62581030109669,5.910757468942418,218.9589747748599,0,3.352266553139461,0,3,0
74.4555527841344,25.803778174786736,112.48205421655057,94.84652320862817,185.4191910032437,6.994648567064361,210.05998802795594,1,4.600391299866814,0,7,2
32.05980173609021,23.604885876300184,166.3649828224369,67.38999493326128,60.99254799754717,7.710772994686522,288.2961498832644,1,6.549943143227837,0,0,1
63.22976417807645,15.0,102.71738743964151,73.14385932544145,130.05725727497187,,188.64024641483314,1,5.4335574687705375,1,0,0
47.729172099402376,26.10915289452276,107.18454296791012,63.04507935595298,110.42056808968219,5.483185983284021,266.0055816334798,1,2.618145150430804,1,2,0
51.20278350422498,30.531469328349473,128.35863394059143,87.88914081481427,36.29836123013551,5.770565003524098,210.07312244385582,0,3.846028217135416,0,3,0
38.31231936084866,,128.0094536430863,101.17012736853482,126.12453669752368,7.1536604387679725,269.3795610340703,0,4.004892548387563,0,0,0
47.6520697593736,39.14459650941011,137.0863971766125,54.85819646876563,35.91036900407022,5.5662673575338,158.4508326081903,1,2.9678549901318085,0,0,0
68.90057973108645,28.573566969937243,201.20841812884208,71.84605517638362,135.37779597158936,5.684321198063034,212.01678388997271,0,1.2465021864052306,0,1,2
59.57451814584019,35.60065980351274,139.76868862233297,91.17735816460042,,4.505608907419731,190.03990221090814,0,1.7219580502991656,0,2,0
74.52005087032927,29.937812270014827,55.0,,,6.780088779167911,210.29994876230148,1,4.837044241486744,1,0,0
67.30635455671002,33.04524020441292,139.42046302010462,82.80020688365303,38.80416953404163,6.0063211104841345,251.45029798131287,0,5.0020927933152795,0,0,0
57.70812682608449,30.035828546634594,129.32579980713595,90.65766640249085,97.45182766458562,5.4151459580244845,219.39476500360192,0,2.667892216257301,0,2,0
74.6711488401813,36.0283154754696,129.520750852301,76.93874577228205,164.4041033747748,5.888584130621484,251.37454222102363,0,3.4176886304961407,0,2,2
57.706911063597886,28.807666425728204,136.60815582886596,82.6031568512816,53.26514312603841,7.5523946023175155,179.53159845559009,1,4.91562211412743,0,0,1
62.76384629836177,31.22866389448832,126.99625993138203,97.13082863353128,60.65190619556592,4.994135710016188,173.7322906140988,0,0.27316980474672237,1,0,0
48.14457760404879,30.51483113507524,126.15857674306139,99.38111864921376,120.94227137177285,5.190008442675685,205.6119927792161,1,2.2858361106578298,1,0,0
52.86509560616966,26.914429980299747,149.4565473419775,75.2563934435862,122.92342256310715,7.702702936958746,203.53121722113875,0,6.228594210372231,1,0,1
42.9334902970964,30.727402754085723,109.02717209819247,69.6114658084092,18.496714585951246,6.290929793622629,197.93734398468067,0,3.4788923459253076,1,0,0
64.86459114973309,40.78912435408725,94.83097825262885,64.96023866711565,333.5603494277265,7.003704916054301,168.57199442451395,0,1.193254264474505,0,2,0
36.68205289950674,27.01281681847507,233.8323508417837,87.72356980514455,126.89620066025991,6.6821022920068245,250.54876041437177,0,3.187651669717943,0,0,2
62.170554451429595,30.807056910692864,102.94498946765682,59.53869330650838,141.5717705588652,6.157598537247262,191.21218637592747,1,4.634296947629242,0,0,0
49.521536252432924,35.41778422978194,131.50500193610267,72.96911154410557,,5.782041057021733,259.1909686440819,0,0.0,0,0,0
67.22621221507515,34.77139304519354,75.65189121936214,77.2322772514536,26.945865982722193,7.197869626980582,205.4842478777542,0,3.2820573075057484,0,1,0
61.76129685350638,28.56444029745651,132.07639452679976,69.96396984737494,139.54386693468498,,229.6402993709337,0,2.40413671265202,0,0,1
75.66840004940842,15.39136213373451,95.33710572587327,79.35784318022948,62.32966349117562,7.501026016419316,226.19296643261993,0,0.37280299770088376,1,1,0
61.500070984802385,31.341865502566563,112.51344700024961,106.7741598195131,128.17099509109613,4.777434039622779,173.67755986666762,0,3.1310836082084945,0,0,0
31.56347667650787,16.292891577573208,164.57726330198932,74.54081691584149,78.06868176227525,7.7658932214131955,218.95371101899457,0,2.781631629183283,1,0,1
51.12960875232339,36.58465477017677,144.5203348932326,70.77513247087133,105.06038359893411,5.7704776949628265,278.27665188975004,1,2.961455596483778,1,2,0
36.763906496267396,29.432106291562935,147.89433336011868,88.18398189258224,,5.293964554946199,214.56126561781355,0,2.442783007608379,1,0,0
45.26236204923843,33.99820710929594,66.0078306562848,78.87500372974627,157.85272578800036,5.996806763877832,239.24851610326763,0,1.3658599168733758,0,2,0
71.64596963259739,23.53838874000422,192.29133094401544,,41.569357391722825,7.197354122298479,231.34433009450305,1,0.672315466242805,0,1,2
60.28793954167005,19.9612088968497,86.28415411703438,77.97625143783662,387.38917070506903,6.848557020833675,216.6678870178695,0,1.8948960955606007,0,0,0
42.9139044284763,29.93414911277642,181.49962850028527,73.0189215043476,385.4749780334792,5.893536305774879,212.08619127354038,1,4.374803382521703,0,1,2
38.821674236274816,28.31518108024122,163.75403530935202,54.59530134286534,260.0995392147628,7.20519904025357,225.79799124660943,1,3.3729124699627926,0,0,1
52.42616720739139,25.79652545613559,148.2066459624638,56.56318367425912,206.2050394866537,6.367832696911322,234.00473676607328,1,2.8893226728854557,0,0,1
36.18471805804534,,98.07553266820665,53.97161571487477,85.18737460593631,5.512434241352751,153.61776583205923,1,1.3363709614856165,0,3,0
43.27517639384445,43.72089740617743,133.3056445686833,80.55206999541087,192.10940531012236,5.350357660449808,214.39750978566528,1,2.4017361074332624,0,0,0
56.05612313016617,33.08989051052982,111.5177506274299,59.65300624159049,84.54593079995244,6.692281813305944,198.00504053160194,0,4.17945209337154,1,0,0
67.01905646938705,34.272242332248254,129.0163850026852,91.06692839103259,32.786710574302795,6.100978717021278,190.12197994123508,1,3.807654019976785,0,0,1
59.913899138917714,33.14165290354346,119.2544709320054,76.36295877827145,239.10208376221658,4.5493938159036365,254.24664640308578,0,2.2364818083636555,1,1,0
22.2132363882247,36.63704179118706,56.64863226996572,73.06975697077998,187.45626619232507,7.216593791683404,177.14044257357358,1,0.0,0,0,0
55.95676747739338,27.454605799045904,167.26244528446057,65.87373909754794,88.18520898387406,5.623669965650696,151.99877570821994,1,1.9202437917414696,0,0,1
52.936436452023514,17.198812807785885,125.16124952077236,83.46710497924248,40.586678746062105,8.110543577586554,235.23721656466248,1,2.2276887718229794,0,3,0
57.38057370984501,27.462776268466946,111.0319860174217,66.34602616549107,61.484138473882545,4.516412017814347,151.0250334509522,1,1.548630499675581,0,1,0
73.01072586146569,32.96454640498076,108.38854685095814,64.17546395116143,27.551722054292938,5.983149684331987,131.73816303757457,0,2.338918746976472,0,2,0
25.177902401538343,23.166097826867095,140.54608517283688,90.26019904726418,166.35303126854058,5.360026778672927,239.51417221961867,1,4.306480205112349,1,2,0
44.31565547251563,27.529987272308684,96.71852815969348,80.25545392930027,31.742575068140905,5.0294929755471935,211.03144552137456,0,2.940325675269577,1,0,0
59.68178219631361,24.69526641348728,55.0,73.18084686102074,108.44571616349687,5.615851139889948,222.9633458400135,1,4.5835136766479065,0,0,0
31.43927280709875,36.761160885137215,142.24954311228967,83.6971958168046,52.00859504624265,8.324681130844379,188.18775215837437,1,0.5866046629673529,0,1,0
71.18733762469562,32.6220135847361,146.16860492848875,76.10718247732838,35.603802041737815,6.372044204095404,152.39256699885726,0,2.51189750727209,0,0,1
56.78863596510856,32.083473413541775,121.01288613628284,80.5961578054202,,5.249950353443086,159.94008588252865,1,0.0,0,1,1
63.00559181596425,31.91880722216534,87.8233993683497,66.19782517149454,72.44589952651629,4.005645907595114,194.65682182161123,0,2.3174759522610424,0,4,0
44.57773240021667,28.295129110963302,131.11274393112498,100.84478330692747,155.18727118991356,4.134364944382776,156.6486913991144,0,1.3269480715237225,0,0,0
62.57892796956074,29.58655955390127,76.7413671090244,69.0445603878853,39.48284388990851,5.556244227057518,216.66801046773483,1,5.050004533485412,0,0,0
65.8901302278575,21.981484807072253,92.04692911593193,94.67219592339973,55.01220945967907,5.439574419033608,187.4265983546921,1,3.6555392093496097,0,0,0
55.027414261783186,16.474569116871876,101.72557222235436,73.73357380834628,19.064772012592318,5.931139152518618,212.03136979988162,1,4.623727192948822,0,3,0
55.04721160508305,29.32544621689763,157.53786748120447,85.68516538785954,21.75806137544949,3.5,210.89562887260436,0,2.3130434795633126,0,0,1
55.514462110662436,30.281946409496793,115.3086167347079,84.81068198831363,289.638831100959,6.08998208594416,219.69838306813202,0,1.368451044613371,0,3,0
40.77651155838804,35.150955126339575,112.32467558782388,89.76222106180055,348.6778845131394,7.433275730176529,223.98033603698195,0,1.3174992087384982,0,0,1
50.082127156875416,37.14234698845302,196.41423803939364,65.91251551403026,95.591289675539,8.147409496837035,191.9317775503887,0,3.4247028492333724,0,0,2
50.017207078119334,37.134991667494205,140.33618740160497,88.90762481534634,52.68448302778866,3.926664622499433,211.99083213208556,0,5.8962583907094785,0,6,0
56.98412023659544,23.010870236883672,139.86480786661892,98.15727821093728,74.12981912991974,5.238328688913014,213.96830887996663,0,3.659811667232781,1,0,0
64.99771520983383,26.56254230777627,115.06047391769287,72.89568424909771,158.79799169027802,5.174919366830558,112.70216825445212,1,2.400371633139867,0,0,0
38.23903093428068,31.14183862734759,107.12699163271279,76.41647280570547,64.42210421979792,6.37486571303078,229.56797834266064,0,2.697966631797466,1,2,0
50.37488260584549,42.425475727581976,55.0,69.71864029023816,105.03269513301828,4.736273038548256,210.69780345636954,1,2.949919469197124,0,0,0
71.25892211956665,36.640545620426536,161.90591861732455,71.8427649737788,89.2568561678814,8.218715898472016,226.4338568792557,1,6.242628096285054,0,0,1
42.333353025436665,34.65668439099109,143.69083970147327,96.53707358718988,62.182986586188335,6.252226966022888,156.099943373004,0,4.973773705335812,0,2,0
41.31074977522584,26.367166244478902,121.72919023753053,63.94918568643755,63.92972194710114,6.052224452840946,193.00061934382904,1,3.4159344066405852,0,1,0
54.62998049380552,23.642402028646814,123.19706543573105,64.69457413779074,108.90416082036242,8.111256480539334,163.52188065050794,0,3.17557114848977,0,0,0
62.97700747630916,32.838993358607816,153.76504917913692,95.33081123697252,47.695277160325844,6.180742851099982,233.29485229608926,0,3.4789654245918014,0,1,2
52.14853872228857,22.44636304671102,73.58514744220514,83.49458111066035,120.71516291000405,6.680364087798426,151.6055714013972,1,3.7908410708529225,0,4,0
69.27648767568085,27.188600069608334,107.3541533956168,101.44444298851029,66.23992292856566,5.2990420720495415,169.7111182869518,0,2.3388832752390467,0,0,0
63.13832177336485,27.868721280489424,88.22939979876143,70.59473634608976,97.76810688159202,4.55539752193474,225.30393687433528,0,1.6494736841973816,0,0,0
62.943660869570806,37.26101649017544,190.00282488703613,77.51537364685083,221.27036798492577,5.467566042194924,181.0837677734646,1,4.651552416887784,0,2,1
59.203514517213215,26.549164833721772,158.64794361486554,68.07187667473835,80.67952623606561,8.82437100673379,169.72115504201577,0,3.0351723689151737,0,1,2
82.25949030449911,15.084126987850615,55.0,77.71961402377235,163.6422252563016,6.9596251379443475,239.45533832252696,1,4.51796469730395,1,1,0
49.33289804474143,31.274445562143576,75.01834306760085,54.71083963258835,28.0780551018941,6.52944180453326,241.013046750491,1,5.633853998042309,0,2,0
25.954210203135318,24.655379807928405,123.36790143248798,84.21945467986009,66.29229733371629,5.0283519317777605,232.43870531655796,0,3.832983574559296,0,0,0
72.85530669972283,28.734470634407607,111.46459257746514,79.88168900190806,91.63444829113924,7.293500961180615,237.25096760973116,1,3.573677567312113,0,2,1
46.04990739756127,28.02312414536832,81.6466227173089,75.30934405040897,314.18268365617365,4.57076807082345,196.19998740035385,0,8.120388768827304,0,0,0
53.40244577645943,26.994628023002274,196.06667831776713,71.31562810480402,25.174732582669236,4.319532260381143,197.22546696380863,0,3.3312322052477086,0,0,1
69.02415890318684,32.846873199815875,138.93889698939026,65.26295215158281,84.5440973271173,5.529335452542025,180.3729114157231,1,1.2551251074458427,0,0,1
31.17062596623397,20.06924316906011,144.6185713002082,84.73255494439313,231.98145274962988,8.545389094353737,211.37370837320714,0,2.55003962852482,1,1,1
35.72858621662019,25.65642176275102,103.77947677687251,61.94692017155912,54.03037599882431,8.477473078871133,184.93986356161778,1,5.482695538792866,1,0,0
31.183386817454902,32.2622085221456,153.27959515123007,82.14275094459092,,5.6585156860993475,188.54348417477487,0,0.9293322395519255,0,5,0
41.67622822966949,25.122533735605973,114.68485336562959,100.8934167377135,111.65793104134353,5.390961178162419,227.7962164913502,0,1.7960646333552313,1,3,0
57.715275878220915,19.651563099015156,118.08298892023753,93.82625786373157,101.46767047432873,4.231565551328265,250.01249132954644,1,4.770282889549628,0,2,0
58.81444195656602,32.177054387912044,149.38506859388409,57.93846468795216,249.02678958584562,6.293636870624101,220.1338896622636,1,2.5654069719791455,1,2,1
55.5915643312712,34.67702046742846,70.98508522288951,69.55914327588036,120.4599878651361,6.3944153023857435,273.1840028792176,0,2.823606740837608,0,0,0
33.634043509399234,28.252526357963465,183.89597509478438,81.05740888666405,213.33464847955227,7.147467505036295,178.19040826275557,1,4.717396512209007,1,0,2
21.96865532377563,17.71534920841757,134.38362251533565,75.1566169358278,71.22217653278048,7.292849015990197,135.15696371004816,0,1.8530861189536625,0,1,0
52.70659661007497,32.38283360684349,172.83304730731484,59.207131380610946,,5.963093698802441,232.15585980440306,0,0.6502360775647014,0,0,0
45.86691156270164,19.370616652191714,90.36030851834136,80.6237914176819,77.71821015685396,6.8672334497115015,175.6703249994242,1,0.7777824466199426,1,0,0
57.97201503231595,30.198396022664912,95.68922065901324,75.87979725860441,42.367970313887454,5.359233358584157,194.5996948125362,1,3.930848709455395,0,0,0
61.125397140876515,23.618948963918122,87.33349224400658,98.97190490324539,123.23489786342856,6.844451040032823,137.7477326153973,0,3.414611350129271,0,0,0
53.797138616762865,22.120883928281692,136.76041854326937,72.96125556859064,70.03456438003717,5.59132150617853,170.8300106008586,1,1.891893578753072,0,2,1
61.8817301098861,26.069494906061703,130.30941556713861,90.0160406239191,58.15703694675969,6.751350219160326,147.91535816998902,0,1.1459334067085853,0,2,1
54.97974786349589,27.49186343965007,111.74558632690868,60.79493916244029,124.45418255729854,6.6542015903424385,188.49647599002847,1,2.5670829997618125,0,0,0
58.890841172819066,24.956854622874534,92.50757824901521,63.6638884252419,42.79385059794293,6.282564350834077,190.0070432324479,1,4.786427658000756,0,0,0
42.83924758269153,31.73786803018333,83.66913055942052,84.65994351771388,148.50759613169942,7.153447661791225,208.41849563883193,0,1.6626912738731905,0,3,0
49.665051620191036,26.046618418476413,126.30306348352704,89.0047693672885,65.94957057770442,4.3155211143671774,252.10947264549665,0,1.9397055648759003,1,4,0
54.55808925654044,,111.704462714399,64.5112872871073,191.18133183255387,,230.72243806611712,1,1.0951654922457936,0,4,0
62.66687018042644,30.046452411039137,104.00375526746082,76.28892887780694,69.72299968590217,5.875928391736359,143.35755382400174,1,2.412139377436526,1,0,0
46.88136476108056,24.663435363720307,182.14813201460635,59.42104991765106,135.71416602161852,4.468083934792013,228.10458655328856,0,3.540926385146528,0,0,0
58.775174324517465,23.737330638922426,125.11860126325432,73.82536208433424,101.14197403244499,5.711762582534353,209.24667850277547,0,6.384270651268945,0,1,1
48.54409570510008,19.438770355239086,172.45150268744237,86.0430734274895,145.96193787655662,5.75044364590694,201.28259558262826,0,3.3484504205118992,0,1,0
50.471951824734305,30.099032478267524,109.33617360610562,70.78049801036626,96.66729654038731,7.771620544000033,204.13741786238543,1,2.9141150316207693,1,0,0
62.78374754631295,26.54976849011753,136.567169932953,73.01158352867436,,6.371040442749755,212.7729922672777,1,4.38069856957621,0,0,0
26.090215176295974,15.452924595650671,126.05833943102827,62.44245522044738,173.38689258099978,7.435315491276654,178.7083019414845,1,4.113944882928391,0,2,0
35.14585973502811,25.5535681997683,68.58321916686572,68.21969903650088,85.01398486091914,6.562009662571662,198.07066741406365,0,2.075742697013307,1,5,0
32.73158983324333,23.544312839097763,177.99184071923696,97.09733099457206,150.354391964512,5.557199274521522,249.9896867078897,1,6.683296117488123,0,1,0
21.66299044197204,37.16622675693863,123.26962375386545,76.87509870060559,140.9591145071655,6.3604601692958145,178.25158019182973,0,2.9609866363296753,0,2,1
43.182562277982704,19.134717634586796,154.1246376871536,63.972306800192825,54.44369006224592,7.075311600718607,165.86425690534637,0,3.378200512569273,0,2,0
61.742640696460626,20.572570601462704,101.67899471384543,72.2227366009841,49.65964626743356,7.632081591731097,202.65512078079368,0,3.8821577396578113,1,4,0
48.29650713702653,,122.23044664470824,56.830868546001255,137.79822620745114,6.04122792447868,162.03847464325878,0,3.553395788180725,0,0,0
54.571271065244076,35.9621973660518,97.66016740268259,63.83008369431745,73.89888953220378,4.222987227376468,139.53424138473514,0,5.440636270199343,0,0,0
66.15982745724031,24.402593837008972,171.25994689671876,92.32407686855744,165.4201666970813,4.138637291093718,191.91024727115698,0,2.0561460173920487,1,3,1
69.25991971948,25.02352797455099,138.89932716077365,74.29021090736074,80.15634640110675,5.808304867859736,260.0476316134291,0,4.253411598164329,0,2,1
51.10120684856019,31.88929468104322,140.8468734338311,98.68876211321447,175.04201409850137,3.5,203.53304435667806,1,3.2633095126159666,0,0,1
69.59661656440217,15.700951116800795,175.53644514867426,74.85582593804733,118.50528812017187,8.354125358884197,211.78592958903212,0,4.572357112175238,0,0,1
53.19764655964342,18.26343473521944,168.4719453914658,75.56825564570205,108.52639510422377,6.916319877679681,124.05436239025724,0,2.656023280050755,0,1,1
41.113823090242995,26.955966295321083,154.78698876477,83.69072990250548,70.57686440507376,5.437199588603306,221.64876871275598,0,2.4393354301550065,0,3,0
44.27279542141644,37.02439811371019,78.2395428536888,45.0,104.67785845839958,4.868422887189445,208.5479027297721,0,4.171317579881619,0,0,0
32.75302533665479,26.103484515082933,103.65123081691607,78.4592718838429,195.4225104856686,7.433742915171332,179.73323653450453,0,3.5727892113439688,0,0,0
40.45425990146252,29.05515235454335,92.86391523960265,75.41216214326857,86.8836287070291,4.863635413218794,211.84191791329022,1,1.6875291162795707,1,0,0
47.34578305503242,34.73584099910207,153.46367927690298,93.83246672218178,127.11256833665364,4.978127883678737,211.4646214520025,0,5.152979658262813,1,0,2
62.446605251921824,40.087866033029805,133.9728179612518,87.57615272996341,92.7533407672307,5.28086487196797,164.73945872239847,0,4.172015000173536,1,0,1
74.3700078051578,25.32733339768428,79.33206482292918,62.395699773438395,,6.33690489748919,217.61044161763655,1,2.8812732952063147,0,0,0
34.03164030009848,28.407398019466157,121.39395254460703,90.90566342353097,275.8967391894274,6.944956926976878,250.49114605603188,0,2.2508302212302143,0,0,0
57.106757087378945,38.521303717385635,75.70606824984276,72.85222569302806,196.5534079388637,7.631206680098796,196.33822393200637,1,3.582609434997736,0,2,0
38.472928790952054,20.127903986447144,126.13952291755841,65.14656128444746,94.76708555697864,7.4539655587360425,172.0314203073899,0,4.056776358442853,0,2,0
58.171062150021626,34.15169588804602,70.06196236044853,78.36523901045443,103.46204469121632,6.20092845108169,198.25195734753433,1,0.4494798816466723,0,2,0
50.29587354105956,22.89926457201308,146.50896226846146,73.56676773203418,57.03093517726324,7.4246263685076,237.4753014124483,0,3.601089476036531,0,1,1
28.198224263982105,29.063598019067364,141.22869191119258,94.46158376834228,80.42927004814491,5.394800463228368,158.39988410670367,0,4.044087523861656,0,0,0
64.06786089039029,27.16559523929849,194.77819726714085,80.08746434189452,110.04817585541491,4.014960782645641,226.98521383379887,1,0.0,0,0,2
44.1349907334865,23.23093619614324,157.67556513240697,78.46790705063206,156.4456246921352,5.39464271394739,179.23545057622172,0,3.313903453992464,0,0,0
45.05929690114379,23.092939397879487,113.1980010462124,86.80776499426528,146.4674549582411,5.232487382868455,214.19839709243,1,4.111374615032927,0,0,1
38.09321865323403,30.02027900339565,156.63245326460702,89.11445941711254,,5.441615513840988,183.55541154826858,0,3.929405302823273,0,1,1
43.49431740306178,33.97546630489475,79.08176416691876,85.40326113156759,169.83857808447567,5.048750324909733,183.45335570690068,0,4.2839173676493205,0,0,0
57.562575729033924,27.78645088246323,94.31345887116201,93.03356167377945,84.9537319878806,5.646668506904346,262.8776068169318,1,2.4758934527708027,0,3,0
49.53982356782673,28.88562237303269,139.65998862262884,83.30418895496547,47.38308408396017,6.9440206569122935,151.45470955972732,1,1.3361497045192705,1,2,0
56.272606029672254,31.64145736460076,55.0,78.01181757672042,214.53217983594513,8.258308523195087,223.44391474673068,0,0.12040906917536542,1,0,0
56.70498410107497,23.15609674842872,126.6993725273141,90.87006474505635,232.97729866808058,4.129584230889172,270.7903276150089,0,4.747557184908892,1,0,1
69.16860152186617,32.568308796271076,92.29078477585527,74.90924631901433,106.83068615995869,4.654718447719107,231.04983320596727,1,4.124904790070949,0,0,0
47.54378003876307,33.00638703382861,131.54574693036423,76.39895819613594,142.6687502793258,5.250264489526199,154.41831327651107,1,4.86958228932555,0,0,0
32.80084838100549,42.81994464312726,90.27922746834578,96.65892300756298,148.21318196136392,7.1188902529239115,156.29994066121458,1,1.839773825849369,0,1,0
65.87389141543578,26.431426951922298,142.84868481093162,95.46308953546277,222.9754263522335,5.95406306843234,176.43823568743676,1,4.286138276200582,0,1,2
47.69065376273569,25.980550090825297,128.67645982835865,75.90189031692013,144.4674484395646,5.331068932275652,211.00050063775524,0,0.5957104768691219,0,2,0
66.4897017795059,32.7293122936556,177.01280709084656,70.5573810723326,37.970604325893,7.060079609246506,213.58582237538397,1,1.6088103060643018,1,2,1
56.98390247137212,33.00507292901676,128.23570869355677,93.55808200250198,332.348696085131,7.347668319610363,156.67553093661166,0,3.2015635464125385,0,0,2
50.29521210735652,25.557020656428083,101.09750182634868,85.60502029498257,179.91538346338314,6.177488048691644,171.83521657901525,0,4.061132207722273,0,0,0
56.53408662260183,26.28260527688473,119.3589950460451,79.78697505036835,64.62613767332029,5.220536928055347,174.16366549475924,1,5.686419916635239,1,0,0
77.3631632816419,31.476219610199223,80.9517261044144,72.13752747772067,46.08803506689158,6.524335480682471,198.13162129163408,1,2.615897495362552,0,0,0
79.00074687769879,23.948286675959363,142.2148039146904,79.98035894457513,124.95309165260207,5.92007814985692,280.4184273770608,0,1.6148004451374969,1,0,0
52.90195475672612,26.242063065917417,148.64475862103453,75.73949848134757,75.1090190467784,5.910784107457448,169.538891506309,1,1.5325617954697135,0,0,0
54.08247771312198,28.992760220526392,214.42186128424862,68.02794184512405,111.53145407328175,5.585119737677797,167.87560234084006,0,1.899446487961131,0,0,1
65.99112204706302,33.97766276652242,106.23574032884584,77.54850794304681,145.91497910104295,7.309979896786507,161.94066878453393,0,6.553642874360191,1,0,1
41.00640657402449,25.174707611012526,118.6271899213686,79.18508854767529,62.27888495923453,6.499856271592153,229.15069370720482,1,4.2109977298151335,1,0,0
56.32991484403732,18.366885458831305,107.84845164466245,71.49525919695722,43.56872058382222,7.442841058267557,203.42901933850612,1,4.780050960579935,0,0,0
51.66378297659987,17.95871392864984,135.42397953959284,86.84590826331421,115.6526930306091,7.803591374573751,170.94339116954157,0,2.617623060512169,0,0,1
56.0808067489482,,141.35916870678648,91.46598870773187,63.63143214642315,6.750776922639969,191.21376781642337,0,2.9973621081620063,0,0,1
41.16620552265773,21.277577549900343,126.13188044500212,87.63877232386496,98.96556200241727,5.592227462137818,174.92260856360735,0,4.1188232095336375,0,0,0
31.335622586983405,27.6496408275905,166.02140709055612,72.68501937743207,37.58659558008572,7.448391478663742,216.24386868519133,0,2.190721990750497,0,0,1
25.05121533211321,21.961159155213174,106.40571736858278,85.06985805026046,76.39298705013259,6.7587976427340255,307.00631105826074,1,2.533907381525318,0,2,0
37.474006531135096,24.634847720983377,162.51609167617494,76.93553676952048,143.2409818241876,9.324041332169166,225.93284741630498,0,1.9204730939778556,0,0,0
46.03722129578867,24.242527632598726,146.8474248774379,61.17104825720858,133.44184971676654,6.572123466193624,201.4664364259202,1,2.284011680388616,0,0,1
48.1885093735661,,127.57895280353686,84.07275254197295,53.91328859946843,7.037225646816901,179.7309314754578,0,3.0783657800053166,0,0,0
77.18400511158372,35.77377382337717,116.97721757349991,77.75357969148338,42.11642597512935,6.548508669555238,153.95079688837572,0,1.6852637981376641,0,0,1
66.37791380879487,32.14071174186784,212.93337155559794,107.12257602483169,90.92691651878803,6.081081689758259,232.88020979331534,0,3.4575663666070184,0,2,2
39.49281548755884,28.58871178401802,99.40469722402722,93.48725035934272,129.60365535147034,5.889450140494921,230.81545877792016,1,3.455330792881787,0,0,0
56.52020988186244,25.96435545680539,138.42766119389452,84.5338018832143,117.11700893890657,6.55309261359028,187.28816212574935,1,2.713202171430107,0,0,0
46.70798292744578,26.117220388573383,101.74233254152536,78.99004601545816,64.51551719248037,6.8254109021766265,251.1066913518195,0,1.6760642310985263,0,2,0
48.30327010547877,30.302605584735723,190.4967262017457,77.96466706069621,109.22342532643779,7.5852654795733105,205.8020636776332,0,3.1679408783229785,0,3,2
54.409233442399966,31.712929903437598,159.03892150797213,63.95572715640271,238.97064656273696,6.5706206699645175,234.44090794501514,0,2.192152699277134,0,0,2
60.04922452068011,23.508103716446698,104.25775424055996,55.13215327360107,102.83787480080446,5.644532989489726,216.25548607725443,1,3.074550667369655,0,0,0
47.5896397095078,28.700644155878273,145.940824770093,65.52929069102122,31.132849384417973,5.80777520408122,198.26883656464975,0,4.7570039478454955,0,0,0
65.83006992554667,17.32609237235335,137.01935024467943,75.42739578195483,102.70798761425915,4.612475668516184,168.7143847703155,1,0.9952958126335472,0,1,0
37.15480306014875,29.664425812938283,109.91813333088415,50.73352866149219,339.80832261285786,8.193456612286772,199.4696094902185,0,6.477578139029401,0,0,0
52.08240781070949,32.69182083077277,154.53574760298608,69.46813849272701,38.978321858472455,5.5505916637749815,236.99792541800417,1,2.883962253139615,0,3,1
85.76975844574582,26.959622552155185,141.62568868865435,73.02864360250689,91.75580002969167,7.360928552165488,185.69086574782176,1,3.658942838249473,0,0,1
54.90003665412858,38.49089847877058,135.54945498600833,,77.68728788144215,6.531861028931041,221.71017303292078,0,1.7955998556130641,0,0,1
70.63178858588024,23.653188539101723,126.5328101065185,68.05931682174226,95.78763386911474,6.564478197007288,163.85603648308788,0,4.827538479266637,0,0,0
53.18976231625171,29.69592228416794,143.08690724098778,71.9018342274232,102.11233899038567,6.059062549673196,234.64221677295362,1,2.798997648878928,0,0,0
59.550102239287355,28.302963893337246,136.0285681522361,96.68672593748634,188.8194865928483,5.254641333647992,216.89177078661854,0,2.369410704321322,1,5,0
51.26181847289501,27.948362829061253,130.06826665587562,83.94574337788724,95.09903349785279,5.03775751940963,159.31979116421297,0,2.079175965959082,0,3,0
49.78470144486534,27.87122807597389,105.56444294043527,69.2763906772222,206.44383346899602,8.274158466565925,196.48744810617873,1,2.5704127587372883,0,0,0
41.86672884256954,29.089077665052095,187.28181842668724,75.17982653965645,83.37374837416193,6.336753294604695,240.39475455409806,0,3.6693557167246533,1,0,1
57.59391766644819,33.16377308905035,91.23530198280085,75.6602399721728,71.68064502112213,7.5503212954251815,157.1567634551775,1,3.2764971050089207,0,6,0
40.930016540585015,36.07754929951109,142.96726766079107,66.78453479511819,58.255629488479734,7.861888325174301,164.3038909322525,0,2.936224427023564,1,0,0
60.65260807207458,28.487623655227136,116.79157401944985,66.77043738707374,27.624501140216708,5.706983683880943,202.35911571811326,1,1.8617257312802877,0,3,0
66.10873105779683,32.98423839694398,189.5841544307255,88.12628824392056,107.66963330399952,6.7082069191134135,286.0665677564234,0,1.7693224417200386,0,0,2
56.76490829408399,24.640281795532697,96.37811119716558,70.96258746979821,342.03390098494856,6.254012930589617,179.44203280649907,0,2.262601147872431,1,2,0
48.27876646377601,32.71275498999428,102.26578583838838,62.86364335562954,121.22674657081994,,223.82041198424884,0,3.736441139457143,1,2,0
57.90155253101305,24.309046618951555,94.05636778583612,75.48231587116669,140.63887721889344,5.977424028914893,214.88514548885135,0,4.0596158012326455,0,0,0
47.987250277896635,34.49862964848472,139.32127678327137,77.41611703754948,68.8093274444713,6.9050079082870734,182.59824378990933,0,4.2752707150368305,0,1,1
64.16211263104694,40.658524825662816,79.94322691509754,52.32754930967398,76.78374514561116,5.6011648939869705,211.12306736782526,0,2.997652970337907,0,0,0
28.191720905203393,27.828538616157346,111.25150268347818,,170.68617521632234,5.810188165553766,187.9822828403917,1,3.6136991054685192,0,0,0
47.6371042144576,16.441010800559255,55.0,86.41575921217913,332.10810604087436,5.991959773537226,191.40341797557255,0,2.7304788721873416,1,1,0
26.11944406338803,25.485598867153474,136.41474739448316,,236.74315720284415,8.733835197572123,141.87166769462092,0,0.21232321451461056,0,0,0
32.56420920704633,35.27531323859117,110.49247994353081,102.75754138233965,151.8994334219178,3.9991412754746727,204.07142307507976,0,2.6545171367369633,1,0,0
69.73020898758082,31.541922328638847,75.91801396238515,91.01331378774614,92.07997997448693,6.801971958832711,239.16555325165695,0,2.399477399427597,0,3,0
63.63740476563191,29.86902479271266,165.99632910409204,93.38720829701025,103.14409226188394,5.895993107297402,207.18217944162805,0,1.3375276729135173,0,1,0
42.646756967297726,34.047675957751615,82.23165855652712,109.60103123097193,55.148520180035774,5.43121410979708,246.43929491125232,0,2.0921693187955133,0,0,0
32.467455071468336,31.16449391586632,155.89302915098753,85.09787514129518,35.110519326496,5.866549151412482,227.05244294591066,1,3.216146262865564,0,3,0
18.0,35.197488530981246,103.46357116042685,77.95684249519242,43.2670224146419,7.000851492600107,202.73743035945165,1,1.1868051429038786,0,0,0
44.93455839687575,33.55683022155842,184.0549982263399,87.68488352117598,92.96096675797122,7.069428312824673,181.1388289857409,1,1.8627432457347048,0,5,1
83.46539515921623,36.869352490053274,154.23426886241512,69.28916279926007,74.4415832535702,6.423220546921704,186.52197881626665,0,5.476643224884349,1,0,1
57.65349552902742,30.473378461484398,92.71832451940901,77.29223583393963,34.628344858816064,7.511289579747952,149.1206019903894,1,0.43566987859150963,1,2,0
44.725560281356636,33.47892670821675,95.90211067263928,68.22726828306024,87.84285451142128,7.722599594120692,194.85100217626362,1,2.7069085446286323,0,0,1
58.04604272350398,26.81080109802818,149.19338218285085,80.77581469075457,73.17325310306065,7.179651130340737,210.54795282543785,1,1.133905014777464,0,0,0
31.707541411072242,25.191965536425467,118.81676542514415,68.17709094376215,41.991109377837105,5.544569058623337,270.18600171637087,0,1.7973811234782247,0,1,0
48.13479628493074,37.88722202230436,122.0730122542522,67.7568580016594,70.75288502476974,6.7933298590554525,225.0761722845973,0,2.6836204326110176,0,0,0
53.2932071492046,29.689125719774783,172.52836016202343,80.96167951726605,73.05336634340527,6.799040790966283,172.13554875475688,0,1.4198782037939697,0,0,2
50.880691526326366,32.926843112243084,101.79588943205152,74.3474627106332,60.279707981545265,5.221242279624138,150.30400553028537,0,3.918288984586285,0,0,0
62.28047958197105,29.180570079262647,131.19528202614092,52.86974637139903,164.37415749852346,4.3166733271348905,197.15102068622625,1,5.161840991635861,1,2,1
56.480387941068685,25.274163919940197,161.41197277783073,58.53331694425492,,3.7726692543505336,235.84704897945448,0,4.34668501776437,0,0,0
60.68823823540396,28.560405909203208,156.31911209349602,62.23280210246244,24.755317795707626,6.283826588134582,196.61657920561325,0,4.6393809883533885,1,2,1
43.051160331000126,36.39796709772243,122.41355663677646,65.40433712663231,90.1924238026472,6.557647657840302,225.59539865021264,0,0.7924229135538972,0,0,2
63.67160030933712,31.553820408536833,117.88829417015697,80.97307995374366,95.8028413224538,4.781862106817103,198.11723292841685,0,2.6110863650893856,0,3,0
73.1761803191119,19.086897621482475,67.1414588117674,78.62726616485963,117.04395040434316,7.455238799061635,232.24601651919278,0,3.7478737077654913,0,1,0
39.38805624453164,27.31615548883115,91.03142525671815,88.78335246039039,63.400826012640564,6.382661779155695,144.30419513718488,0,4.393905462583259,1,0,0
40.459956475710726,38.302615859875914,139.14257293011568,85.03362187530125,49.55876796656538,7.819343137898423,265.9589205655518,0,5.80536478817572,0,2,1
69.36519637216303,27.324117259825243,123.17412338702174,88.8628354741919,89.57302228533383,6.6446430439803095,162.725628967499,0,4.710463346606312,0,0,1
49.51252817296422,,130.62244774981792,83.30075429750947,67.5443137417217,4.920399713745018,235.16182852973154,0,4.434381797878215,0,0,0
70.24967809686524,38.91176886982399,164.37387633719212,78.51615170909787,246.65881929533182,6.749937455948179,194.6570082025797,1,7.213752928862976,1,1,1
46.24703574540161,32.25315880397036,86.4436911828204,89.19222090745187,72.89805497115375,7.004132833846522,200.59853978605778,1,3.1540945305716734,0,3,0
70.91559249151925,28.114929276529598,119.73368942185725,87.03295350088119,86.94183411893323,5.542851696935593,195.83812757313436,0,2.5375064988134897,0,2,0
53.70931561847088,26.45720245154862,134.60488371939263,80.5131444106479,449.8127841920341,4.46948840322815,214.71297423195674,0,3.2837726458567182,0,0,0
55.356974703195036,34.45293561385454,103.35440218489194,91.25286245032171,79.29820738940279,6.320355277167928,222.385932644674,1,1.5359155909011184,0,0,1
72.34133428170875,25.519091298755942,178.1016989874596,47.850541089959236,129.19354550509368,4.998986437620578,245.2177374492766,1,3.108214057228491,0,2,1
47.29698379322578,34.815410334837935,159.80053805646017,72.5144419103146,136.99039337667836,7.5450651956733585,258.5020575387004,0,0.23703648995602888,0,0,1
39.76541275297554,31.482074071483407,138.15466644810644,72.33051441217923,144.78078034923476,5.711387983488089,217.60921877751468,0,2.1527695414915113,1,0,0
46.16866529563139,29.845750590180426,190.79811227650052,89.83219452977885,108.63312646005072,8.269521327791958,270.11962108839555,1,2.815465788695054,0,3,2
57.8803413583608,29.300331429345775,75.53866521364502,94.85673996340924,102.08503951802307,3.651009598977397,208.53295662725415,0,4.51941646536487,1,0,0
31.645132061653314,27.53767579807202,127.72958016130114,58.597847557476854,96.06518377643307,6.361754724974178,245.9427337656111,1,4.777744871018178,0,2,0
60.28712173446458,34.25102066115096,140.82179391269213,92.93400608979131,61.89340516555471,7.915271168121585,221.2913475704336,0,1.4582126963982693,0,4,2
44.99597287096934,23.74061442343991,95.99057336221273,61.94265776768477,111.20739619791419,5.131634820935244,184.1302240058361,0,6.3216534943417475,0,0,0
66.92156458953633,19.57941180243385,138.52500896362048,62.305417053270126,,6.008958877247558,211.88689786643405,1,3.2373975655032035,0,2,0
20.87461603629387,31.879420675908612,89.26961271742427,73.18857157207162,197.70043118021746,5.716357142763147,224.12053134534676,1,3.3840719456492314,0,2,0
41.77464492364581,31.971810804369312,152.16950613959887,72.18152233440898,109.65689828887571,5.379478829417261,203.77647100670092,0,0.4116904240186763,1,3,1
30.075914033956675,31.141326338814718,165.02421688451173,57.29899264339748,156.97695938971682,6.493547169337138,220.68854768390713,1,2.0079081758079087,0,0,1
41.25901693726862,30.742506032899215,137.5316690394915,83.7985356819108,51.15423730123242,4.645494078801075,237.883792454422,1,4.679718098451965,0,3,0
55.21965671441626,26.737027919143486,63.152076472726904,84.15282909671923,75.98050316713288,6.066837462403729,204.11182060415607,0,3.271645540340958,0,0,0
49.670053869153186,32.83115487412039,94.1622267591888,88.64849915396405,166.6527104669956,6.819193085221488,100.0,1,3.1725035620045983,1,0,0
48.70609160367581,28.249430302850026,147.76485011246064,70.79853604266562,236.62304466889202,5.941887546336028,268.7742657567481,0,3.36347547292077,1,1,1
49.93059667205921,25.82087541551652,128.7419525229328,75.52500742033061,54.52976276940325,4.99975496001707,193.6915256516275,0,0.6908731118623224,0,1,0
54.64404712805926,26.784597782595302,55.0,75.63487402116829,65.72486188492474,,173.71535160837269,1,2.8454263145576184,1,1,0
38.8890314547396,39.613518343267074,171.49906343538842,96.25594529762157,371.55761378691807,7.07630835394022,162.28380876519293,0,5.253328568476196,0,0,2
61.18904533168766,18.957631548750122,132.78297771888413,45.0,95.81118987343744,4.950575394435511,192.2150557113215,1,4.73873219530479,0,0,0
60.61465761501129,31.248834573626894,99.33238675999843,64.51666781213076,,4.647070921972951,183.6155824099547,0,2.7996808926150423,1,3,0
57.00549318952931,19.264892648069555,162.82344591483326,76.06649011350157,102.9524186415866,5.057690700807411,176.99364037238175,0,5.501869878978489,0,0,0
59.23493475576642,27.904716639223647,104.28609954825853,62.97315718101396,105.61779325823849,6.8543277985846585,179.07920174590623,0,0.985442389170569,0,0,0
55.85343401051257,26.11504883165197,103.90417588385249,72.9001557127466,73.79128191175398,6.530687478755055,225.13022731427324,1,1.445283736229984,0,0,0
78.45595293550387,17.032344368260674,140.54234278549126,74.48709356356109,166.0801515205646,7.148099254934857,282.15381075811786,1,5.981795803451691,0,1,1
50.86777577631737,30.639706747385695,190.3363460734803,68.10776669449038,217.53615748616096,5.808619738339262,236.18172072456625,0,3.924756989293637,0,0,2
48.0079181616505,26.40979065794292,184.82555122905103,76.77362711323207,45.92723153331699,5.090318914999871,247.65873102067366,0,2.537780252636297,0,0,2
42.20414145535409,16.95436511591316,140.58990246164373,83.53779133309376,71.5729215210098,7.302615786097399,190.65841880502393,0,2.9114902943436043,0,2,1
38.58058528248812,33.11762449925838,144.18349805976118,73.16480265962798,163.140323556058,5.5358617838586035,208.97728389092197,0,1.7093902189965053,0,0,1
35.821866761186016,36.39253397893914,155.70246262296888,70.56166319237518,82.7317177051124,6.423857667024775,221.2063313607509,1,3.4425481628919123,0,1,0
40.44563492799806,36.695683882631144,84.00557136207279,74.01082100015353,65.30764573900534,4.340090193061551,179.93680004157474,1,3.3158215140983534,1,3,0
51.08115503852307,30.47426042358309,150.5451918003194,75.91076384025293,173.47128308810025,5.516227490812641,188.82225731913354,0,3.0318155357803045,0,2,0
56.34583667047029,,102.30742861497652,55.11616521598694,184.39021641430432,7.411275585129816,237.4729744166569,0,1.1443900556622466,0,0,0
52.664846761178104,35.80486141492688,139.14673233788034,81.53864701553535,67.19120166770142,5.340470519996171,246.43112469380412,1,3.4236097777102574,0,0,0
42.04804139341373,37.75310971937054,120.0386330337432,70.58798524663847,103.32175080269162,7.177404585741799,207.5615902415798,0,2.152781708124749,0,0,0
63.702399332259525,34.73462786581594,145.5422914489975,91.13842089773262,41.0298993345948,3.5,159.5840271304084,0,1.422436383217299,0,0,0
61.612364739912316,23.321543187736093,132.1336212752261,83.0926417077097,50.28702434501718,5.528730008428177,193.767504637729,1,5.026787986459778,0,0,0
49.92457200351378,29.60739669268207,55.0,90.04079685063586,97.56482913163813,5.994374424946241,150.22941688877688,0,6.471554172536415,0,0,0
43.512090119358746,30.91733879360286,134.26120990968133,63.8679544754211,91.85617901207584,8.291048364010887,207.85769157371962,0,6.108192206111418,0,0,0
59.12956297078739,18.547106670955237,150.4753533304742,71.54336030575088,48.00668205533775,4.797124543982658,214.7053182283139,0,4.040196422019656,0,0,1
54.44365663731936,31.081483627914256,143.6074921918459,61.09049815051109,56.5105089097019,7.005191954536508,194.7130040005645,1,2.5750638734732956,0,1,0
33.17434562760438,41.00145504288664,124.40949188269971,67.53770549284809,45.03909227423552,7.468318137498553,214.18502645056176,0,2.8874310678326065,0,0,1
51.11625667220274,32.019648911904355,185.4756592175642,91.0252650941031,,5.334212423306871,220.84224708518587,1,3.6489636215396395,1,4,0
55.40646555696695,36.60377194792966,138.89805951925814,93.84988693506995,25.049257652988683,5.751771261472772,214.7607576304707,0,2.3276035960620973,0,0,1
40.3039677756592,29.506031015707876,143.31856550675872,62.222400462346485,46.63188203857775,6.369954528574285,159.34184889271665,0,5.110096096195834,0,3,0
54.46796410688676,28.09729921808898,164.55721629176992,70.5006679801926,26.813290110352984,4.422218039368965,195.3759556305176,1,0.0,0,2,0
33.087307691648746,30.596992645445365,140.69075498938096,75.0856519357126,118.17576650428454,5.653876145766372,220.57403317411817,0,2.526839113620107,0,5,1
69.37041930015822,24.01295343608562,96.56937863050288,83.02726770171738,27.883437171896116,7.7313344491357,264.991047309628,0,4.281714387307712,0,2,0
68.22334980577261,23.199236470210863,55.0,54.88227683756209,91.87543106430417,6.8271857730373045,194.6668214909295,0,1.6477445643522866,0,0,0
48.717274654061455,35.46467506443151,111.30076842936715,56.76399902165874,261.2558722572429,6.011898452620109,225.93192761702818,1,2.615761774115467,1,0,0
56.72490639190795,36.04788288576585,154.63309340583908,81.87551372646882,267.0782691046467,6.33568683420378,238.3697726531053,0,3.949829465989124,0,3,1
20.671014444601624,23.048915264269574,115.64162840037679,52.61153717298491,27.825969807257753,6.897086438635726,197.52814746184274,1,5.429230571260474,0,3,0
36.96748041655067,,156.04124302986054,70.63843112633356,109.26497673401703,7.126892177492136,248.63949440451893,0,0.9296987485340087,0,0,0
48.18087403802231,28.021720134166884,133.20548615720955,77.94510170270608,47.322143103792804,5.532303023145078,250.68260559437408,0,0.8110808195922239,0,0,0
38.06227072145083,30.368947159697367,173.08231245917648,80.9879916391974,41.441021474085,8.041665131935604,257.4546198943252,0,1.4863516994562547,0,0,1
61.28715427419856,31.031202516892847,117.66741525077686,74.29938285347401,83.6008928432424,7.779617841445593,222.4204224214502,0,0.5399426391869433,0,0,1
77.96485489972392,33.968927574683754,144.36651892986907,71.61091937142963,199.9763125605997,7.012709156423855,294.68521548698635,1,0.6537944713416475,0,1,1
36.70400864741907,28.954950110247538,145.70597725873756,86.13485031659775,132.89880029775117,5.188448160984931,181.61924171495502,0,1.443742083688479,0,0,0
41.112975746892495,36.25589097416065,180.55606554209174,79.42247111638909,56.5411146716982,4.975731311875288,285.7149482747997,1,4.973589677193586,1,3,1
55.06082878802909,30.201770618679586,68.26769427830027,68.23580053658247,142.32053018414462,5.808075444084088,234.19538056902044,0,2.500677091089988,0,0,0
72.94450993049507,31.93301349858243,111.95571039063948,76.45267476018687,,6.272918117173293,255.9347186550153,0,3.0502001698505707,1,1,0
36.10913393698126,23.917055746545145,157.69806368859764,80.59802827187431,55.168652437586296,4.077809761329138,192.83856532741498,0,1.4712571891933142,0,1,0
55.23746958999025,40.37262455887659,182.1063767922527,96.61884689741657,52.68233321722692,6.793631760254307,237.09003871262297,1,4.013659320103331,0,4,2
75.67688506057041,31.084037077627315,136.4025029424728,85.43588401949896,94.70039014288416,7.7449547166181665,259.2250182192458,0,6.001222444532436,0,2,1
30.527131073669526,32.421485839398045,117.75535424524796,90.57468227144733,78.88345373046305,6.891768967797053,163.68037153849286,0,1.579792185536926,0,0,0
35.34610031100418,19.654978038336523,154.49914290360556,68.67271124440444,82.09305816535083,5.388736636634918,198.79360129101406,1,5.7595973937195755,0,0,0
46.4931141160091,23.975138873064942,158.4045936331089,69.70980512493998,80.33793905076837,5.246715923119411,123.63239784721486,1,3.5830790130685526,1,0,0
45.23235063287966,35.308360283553014,115.41184124664424,73.17544008624412,91.3204159920007,6.5598228130088945,198.22334687973205,0,3.0269815988619375,1,5,0
62.56381674079738,30.077901150609325,139.5607559262141,74.27712824034204,127.85474295424409,6.016035541594184,173.9916886485167,1,3.640198131720386,0,2,0
55.14157635767089,17.974211458440905,169.31845418441893,63.90370050636531,99.17389627729418,6.7316494091070895,196.72482785726407,0,3.6248423983472247,0,3,1
28.92549322465233,34.210594609411004,194.1660647646058,91.19120351868182,74.81220121586382,6.922065647126762,316.098447588977,0,5.971367070501191,0,0,1
58.70033523771054,25.509194576060022,153.99117357323522,86.60021965310551,116.85642590056494,7.5102686346735945,270.27653325829357,0,3.8323531709147596,1,0,1
44.491994464376546,36.262243422321916,129.54486138329577,72.33186566438191,153.9749572151966,4.841451885284574,150.300993605376,1,3.8657714738255535,0,2,0
68.56781382023611,28.01690376767965,126.10736883867321,83.70052778816624,62.70196841724721,6.465942737419175,226.11805546077738,0,2.325600288059929,0,1,1
43.84136202632004,29.625886773112914,147.5088795017768,78.67478995604606,86.5911741625866,5.763829995246412,235.35938130825105,1,4.342523418343046,0,3,0
43.72400131967093,34.984250182254065,123.95145051321924,84.6379357711765,191.53085843861305,6.081637947277566,192.1599107052256,1,1.4690448422032225,0,1,0
59.03471094045891,23.56378866029936,134.63741746578359,59.86831451769244,43.94835656334185,7.237290623202493,211.7756889200249,0,3.1744063833273506,0,1,1
61.91804427038018,23.039342556913333,90.97433074141938,74.25206712163079,290.86699414642595,7.367751047661493,215.48732388176992,0,7.613253689249325,0,4,0
57.825291731170644,27.41925868781041,173.39700187719058,75.30353766513045,37.6886480639905,7.878132380460385,153.8287678312493,1,0.0,0,0,1
30.08723487399749,33.04945039791672,88.09353454979626,83.48370519533981,71.90333683564917,6.7107083004419215,165.8094845447264,0,3.3730351941367225,0,1,0
58.99444771906727,21.1801751106258,112.87608838414457,68.45874878581441,48.53019455442931,6.067979851093047,211.54727530075763,0,3.434596673406235,0,0,0
38.553995328232816,19.325809700609966,131.41576412981348,46.00083131101125,373.143184372253,5.89654583665954,208.77729606330715,0,2.635057532020476,0,0,1
55.058589450647425,33.030465098740855,197.68454079610234,63.01960338780495,64.8860173652234,4.118293997126398,178.07461681414378,1,2.6727691822921105,0,6,1
33.49145233981221,25.18361928088148,113.20609553016854,75.26742417146912,64.99191766745501,7.807682053878325,174.8137066855539,0,3.146255637058373,0,0,0
57.80218791805983,26.342756928938442,104.68944651138614,76.76661070603998,70.72668838020236,5.813721903457196,201.58838851249416,0,2.59679475925675,0,0,0
41.51421424400416,18.287542789329088,108.72140789331722,96.20497747149982,95.77019268251972,6.807076472003493,238.67373621336438,0,3.355167566113607,1,2,0
35.32574954661322,24.7656137710641,186.06140086639593,82.99295728789718,72.69862812780183,7.014795830890919,202.09354070401895,0,2.2198228706929615,0,2,1
61.27966177427119,28.45837986852867,55.0,76.97836335077787,82.55240033790945,4.705621389139833,266.6637715641547,1,6.235828509995327,0,0,0
55.14137878179777,33.617078216925904,92.90416957479945,75.61130467862274,10.0,5.091984329048438,178.55881918882267,0,2.5967780107242375,0,3,0
44.01830158189234,24.258234085709486,223.5951048205843,89.25020058603631,93.40674545115789,8.056423888466593,212.3381724552834,1,3.911378252199546,1,1,2
70.86532503727383,37.61556866127873,148.6808725722073,68.91867457411074,91.04773908566766,6.548522618820253,191.53677369404778,1,1.929542240250853,0,0,1
46.27151851959335,24.734941867011095,89.2905267731273,74.31659454711281,176.7752918836994,5.503297202841781,227.3425159636982,0,4.493028848641835,0,3,0
52.41739976162215,24.74299509128154,126.532870623883,62.92890255834038,210.75562495671804,6.048383586646947,175.29966047544255,1,4.173548459762135,0,2,0
55.495874819821815,36.955466535437914,130.36090981237516,93.02687258434365,79.66253742427105,7.503484285799407,278.2411146517627,1,3.6708163784514722,0,2,1
43.94434285632802,29.663030838001543,157.6143836066962,80.70998724401936,152.98786024160185,7.321177375681165,140.75672868311176,1,1.356263430050368,1,3,1
58.12477181419908,25.46386399043633,192.38257009878973,67.50972044795265,43.98241799514839,4.4407018853124285,270.18824910784934,1,1.7961551350983664,0,3,1
45.065119486858585,27.646767778506735,141.59930884477254,74.6265398761803,148.20288699683417,8.161140612406271,208.41956182613563,0,5.697876777193889,0,3,0
46.648701811189284,35.94190467648133,109.10740939454638,82.11580915847536,62.03510291602352,7.359377637198415,225.9921341063827,1,1.7784420676629127,0,0,0
69.71435431744344,36.56411550794125,155.54795547343716,72.9913730473327,41.668952871532575,6.017029700790097,255.71194631749438,0,4.025443472340007,1,1,1
38.47238131733837,24.00763751401359,103.56115560979987,69.5863525394488,79.7723560875794,4.769933068295936,237.59113681631064,1,1.4885258717099161,1,2,0
20.633855697916626,28.266614044564903,91.83318764038398,68.14871576818803,223.65770065478694,7.464810368073111,177.25897826386367,0,4.613413176962831,0,0,0
72.94218093515462,,66.40318948152442,80.06754279089338,101.23689537401864,6.771713000353544,227.80340309997888,0,1.9017642280041842,0,1,0
85.14126338389104,23.075679392158712,73.22050619248597,71.70334864947178,238.06100546793,4.450641946306682,275.96401096011544,1,1.4588993799359997,0,1,0
46.731499549158684,28.193732210425033,96.62441953565049,70.55490718284705,55.319939123329526,5.921506309569947,171.28291493788873,1,1.8602520372849576,0,0,0
26.821105471937592,28.529275732484354,86.77735813046951,59.96725893933513,177.84508961007975,9.951407531350986,285.50028342537115,0,2.1139158453423628,0,0,0
47.963708309452734,34.77115213415205,138.9632784581151,76.93168691832604,58.90380243983983,6.219802108897306,219.65669446680542,1,3.6474773678787518,0,3,0
48.2791016520713,35.14083765571161,86.02093609615876,73.8253187344971,104.19595477183326,5.309635286797212,188.53734466703023,1,3.1110139298204533,0,0,0
49.53099006671066,26.689348309025455,55.0,72.14021981629642,103.61203685743315,4.989804049632031,171.05500338488633,1,1.2477502721394707,0,1,0
37.525955455015975,27.323257708765535,91.4630878893687,78.38524812986462,138.34897498912878,8.326518780115304,196.51509117248557,1,2.9552847779218876,0,0,0
59.53429485219421,32.153607661306,111.48491232975033,84.97602715283077,105.9313320425561,7.2173113874932255,130.6994234193212,1,1.1703977483342458,0,0,0
58.81859587871912,25.281463530901437,106.80926792448122,84.41878566328562,55.66433968149522,7.888926936700673,189.22071017576607,1,4.029691784001567,1,3,0
32.572726942349014,31.737520834555713,181.18336377582145,,159.4944601772104,6.49782234091059,195.00876473348674,0,4.323044638195851,0,0,1
61.089557512033544,28.01651431946932,106.52601042487974,73.11195665637135,277.37945894686715,7.7048230823993435,164.17228133372805,0,2.961684258321021,0,3,1
78.68490476529658,23.168307822437587,158.83232121197193,69.1960199687051,61.58001868136939,5.182015532542508,233.41811740636567,1,3.4346454447884183,0,0,1
54.23548432168178,23.237398079161945,127.33560901116984,63.47301230413075,27.30060384036517,6.39510917709807,196.68688106400327,1,5.8033985770630565,0,0,0
47.61477289310942,36.45882282817106,126.51933460145905,68.88212191194302,124.50767863178848,6.544464217967284,180.83980730465174,0,2.7478352121726095,0,1,0
50.15395821270222,27.639681864711857,98.7616898903187,76.23580114163883,72.56933242484236,7.858936318250265,192.63731046739534,0,1.4891872799185766,0,0,0
59.998337970591294,37.52194751644071,125.94260719467314,66.5645665401702,82.64818086808758,6.582611648168546,218.49408398600218,0,3.9267123775004644,0,4,0
29.501269128406165,25.675000566067993,101.2216355585904,77.15268566940931,129.19529981623063,5.4493859099165425,207.78240599774577,1,1.1877539747754482,0,5,0
54.13707913870493,30.101628606223215,133.95085099890997,64.41451986505763,66.89703129872207,6.276888606704449,178.36294665267204,1,2.6630896587632917,0,0,1
46.92396865698347,41.65972197660033,119.73126285817091,56.06809733191574,75.56973625543583,4.188304157047711,209.77483201353687,1,2.0416159262663727,0,0,0
76.02172516842859,22.684372904351964,94.93802233829399,85.83287345037755,84.32952022564176,3.5,203.07431361248223,0,1.8770882668658075,0,1,0
49.735754460535546,18.062020250551228,162.71630188952082,70.30702485560987,233.95989926753774,7.197609644129945,161.70035952034513,0,2.5998598469687826,0,0,1
73.68253894455376,35.57624572207978,142.93941680074988,65.95559616131331,91.77637513213735,5.750307336432387,194.0368216467241,1,4.439826121942532,0,2,1
37.651370928833906,23.952549920338093,112.31780430502131,62.87383430443074,40.31089753920893,5.8862992412236785,227.01485427599374,0,4.769070061318698,0,0,0
59.6343691684363,28.386114997415714,133.09225664623585,81.0764316967648,41.36721494600665,7.197136015239938,226.7412538760673,0,4.481929380945073,0,1,1
56.152203429285976,25.277449842516283,125.06621174743127,92.4988925376156,98.5248814082815,7.876412462053519,196.26135536867105,0,3.538166542605463,1,0,2
40.702385777757826,,97.63431719578541,71.16311366792627,43.19313065027687,6.841385545793099,230.71736620186712,1,2.5876535017797506,0,0,0
54.30614949028023,23.27205086047842,130.46736801574073,73.41323950404902,32.60000376389511,8.513687396261375,167.76169111458438,0,0.0,1,2,1
67.7627448788108,27.510329516641818,106.26458858174189,88.85958207866886,136.03443666251027,6.8032269608687335,168.93846214865363,0,3.5882575892436392,0,0,1
47.790707844274195,30.973984296060937,94.92731575329653,54.27465154770025,140.43343892211007,6.5626561562959935,195.45231139484014,0,0.0,0,1,0
30.00448556079308,22.95430112549156,71.20314344067162,99.60242371495201,70.84687963368357,6.488466587005519,261.90751317131117,1,0.0,0,0,0
51.77168325579321,24.649537836947612,115.44874262614792,105.32920362791643,108.92811939256288,4.657405325439661,211.2035618084518,0,2.7413317507408848,0,0,0
40.268499767697335,26.589394415208076,147.84397308543032,45.0,101.70624823341869,7.347198326768147,194.53609923270065,0,3.423323591408796,1,0,1
47.54956779736953,20.64151511175547,103.68692263173992,74.82996125299891,133.1374790229752,3.5,263.6772440458526,0,2.278264153873183,0,4,0
50.939358994093425,26.175914594606894,216.22480422552894,,133.33931339426854,5.496496571269066,194.09633946226555,0,5.456849837750349,0,3,2
29.826521191798278,29.15338096946596,158.99899787784562,72.8227387491432,16.54439027940882,6.227516420681135,289.9198630168678,1,3.7393626520296106,1,0,1
30.996441588831185,26.302480821263643,173.65155464311673,70.97937916460891,76.97535820446896,5.252285211903965,185.57124130241166,1,2.600947349127588,1,2,1
58.26686886183183,27.007429288875514,155.83350542258154,85.74110918175231,126.02085292289887,5.657892892312614,166.55430828845056,0,5.218095912290873,1,3,0
45.204656949794156,28.390540810013782,192.85027412285007,74.64916111638411,68.9245815744848,8.407250679472675,198.67824495562874,1,5.504181356102546,0,0,1
18.658323556332626,24.893410956622272,100.45493057846102,65.06911342960052,92.14296938294078,7.524828662938015,195.53479808819336,0,3.8200939095594704,0,0,0
62.20297247590575,32.300844112267825,55.0,73.93377806445851,146.60833722783946,5.377006783031914,174.30664089872724,1,1.7595877443880055,0,0,0
55.540806818565116,36.397879686409766,112.3856037076491,82.17741084354891,94.86084914259112,5.636520186833149,303.87501497002063,0,2.1195673103652286,0,0,0
42.71962728752571,25.945907842925035,147.53765014416382,61.79534406681662,239.83646410778974,4.667595261737787,217.1078095765995,0,0.6852180592106607,0,4,0
34.88120725624286,31.16859027312739,133.30309401117924,56.24519573236023,187.23242028148422,7.0459925432073645,222.6414837995202,1,2.932132992319179,0,0,1
62.865502652086384,27.18210564510944,137.64154138387244,99.91291361002385,83.3245289405281,5.900309059507429,187.448587848797,1,1.3199336936887482,0,0,1
56.54155809328559,30.510180397711775,174.23185009344553,68.29087984349877,79.12901798206603,3.8402402349265428,183.04856337968508,1,2.473480369285571,0,4,1
82.97382967489295,37.1117874216179,141.3720151061875,74.35176415696573,14.113037308011908,6.32094031017207,243.9712175172726,1,3.416960484888258,0,0,2
57.462451783424186,31.297627486599545,155.96195246568575,71.22645513009313,72.79033914550534,6.7267746603221905,141.3180126415891,1,0.0,0,2,1
57.040140836406195,18.746220036546756,95.11530403515343,82.57705244898571,37.344471805742344,7.355769167810063,161.571150033966,1,0.9780139703660207,1,3,0
49.82993690858865,30.996975972958275,89.66122087743872,97.27347907709253,103.91870103600274,6.11197424650787,195.60227678691294,0,2.189043112263479,0,0,0
62.61808627361028,35.28075058819955,184.49398730585708,82.95920610075142,99.40233780572751,5.7527946046563425,256.3397976141039,0,2.915956210042924,0,2,2
60.126107616225994,27.281221065010435,131.53155373014738,57.77961822952011,141.47399393510943,,190.76835502716,1,2.209774720419027,0,0,1
68.27242511134753,33.975991433648076,106.18697857938528,59.39051887589764,223.105661381153,6.207903387319463,220.81375917641947,1,2.5671713097817968,0,3,0
45.2228020577153,24.704364523664296,106.25119272585087,71.212422696077,88.476284207308,7.063474197917522,206.0536898167475,1,1.870100486199108,0,0,0
46.33970285172849,20.329534622627495,105.28069074266098,72.7812016056008,396.2638483429413,5.5525524279484895,254.2578196915987,0,0.680960253106198,1,0,0
45.77165877814426,29.276429603579523,103.18643426339554,55.33658476544079,104.6794799574642,7.027891581963,144.780525307909,0,2.144398756173282,0,4,0
62.28042237532686,18.839378035895272,83.08982690887191,85.83209104209328,38.40428394406053,4.4532452091150825,232.96660174146552,0,2.6589303601115124,0,0,0
71.47886772385752,27.181259429085245,75.4852859222822,62.96415330542226,62.45604013990308,5.64551894513764,197.4418406697813,1,2.5033758342300025,0,3,0
46.035073589059095,35.57763244455027,121.17484678209533,93.91961874550907,70.63489706839047,4.750070912688735,240.1455993689375,0,3.178873470074325,0,3,0
46.47794153868981,17.996304018395456,107.24759453878602,97.84759116646865,132.24976827724828,5.47403201375664,173.86727996818803,1,3.6702313127603157,0,0,0
56.08300391030739,21.462767622473564,166.75057499051533,73.02095760841387,48.623027481431485,7.700564048277285,205.92693665478785,0,4.090761963034672,0,2,1
48.80510049983228,22.823822651611323,138.2576828643421,81.26767168501821,74.15261590392561,5.465208932835563,201.104744985318,0,1.9863186631817749,0,0,0
64.37669749081857,28.15174077158972,137.28611880272942,61.21663333498958,81.05544995532698,7.061907350568902,166.90745208982432,1,0.4787251137283439,0,0,1
22.726895221952393,26.48855767894585,101.99078573559423,83.48411591774938,67.25767547013669,8.02071821846845,156.3443055080154,0,5.034554185165771,0,2,0
41.252834390080366,36.19525009932848,123.76400544770085,70.02169091878756,152.50992386001,6.166907223676017,182.94436824920058,1,3.616713464977741,0,0,0
41.828587658501206,33.748915810004334,140.6350386271004,62.95317614093976,136.54695837075096,7.392520526067536,209.93738290180997,0,1.472540238121698,0,0,1
21.835371838980116,31.224001203377288,153.06685088994362,72.52798014096419,192.1119563635846,6.83730314976641,176.23733547642928,0,3.4443280903878746,0,0,1
39.47270022320555,29.300966728891368,124.71378607185721,70.41102389913564,72.57665419885774,6.33972431670024,192.45720460494292,1,4.708791573228998,0,0,1
40.10297049400296,30.66276377341655,165.7693322763473,72.09808716395494,196.65532740395804,7.100378707180315,133.3397005296243,1,5.766682440383026,0,2,1
49.385639491255205,23.759097045776436,128.279625811778,87.3961588337963,37.08496251660233,8.407925707990223,190.91530302161826,0,3.40097644185237,0,0,0
66.46855659158342,33.21465694456137,155.7496491481188,66.57630888837122,36.50173795596732,5.435277304989738,243.89629257175025,0,4.695473019759778,0,2,0
48.81421153452087,22.383756601024395,110.85517269937974,96.82027599728652,40.88807985045753,5.04895891978871,231.79685238686315,1,1.064636684296441,0,0,0
38.599421636475,33.09457346646227,64.55940717009753,60.099284406095755,90.5405005547896,4.978502545213589,201.69696639296853,1,2.9425555974453177,1,0,0
51.259590964224124,35.02378376165357,137.3925645806483,95.38516327814315,196.63622460489168,7.393313563683866,214.2588035505382,1,2.4639797611898886,0,0,2
65.63925707873754,29.65975531148448,153.3863422101319,63.80187253711968,60.85033458348684,7.555241147754024,173.52610496742201,1,3.5481117627267356,0,0,2
39.31253539050624,27.530828175709132,148.13715661326492,75.98784120956061,66.02008124943363,5.555555679999278,266.7286699650732,0,5.577910296697954,0,3,0
40.16252650902117,30.701704495703204,142.7765331503104,70.11764663826376,78.21003775711262,3.636783740672784,283.5749752475284,0,3.3998230308468136,0,0,0
59.26113647056491,15.0,115.79945619157544,71.87525594154575,130.60114062488316,5.390291912092297,211.263297966827,1,1.4996948171729971,0,1,0
49.12003049549959,30.162420201670038,99.76388119940427,85.61628683626658,65.98010275399054,6.857425013368395,303.4460617703367,1,0.97849827218579,0,2,0
60.417300979223164,27.87655301188106,147.3104894165323,93.99792156674573,63.63022846009706,6.1199322332206005,179.153069881657,1,5.633248100406302,0,0,0
51.82259170666114,28.221545378186548,142.92565956693963,90.2862964594677,37.536085457433934,6.416417296106441,157.4589888773798,1,3.8220694598163725,0,0,0
61.12162742516437,32.38592882093805,108.36853182046607,71.14172401189782,62.06554152552173,5.571986698069283,178.03429734442352,1,3.7169301551600906,0,0,0
38.54398451747167,28.088770931394,166.829846621722,78.21106266885464,193.47722586174973,7.416906949651717,196.65936992715035,0,2.450029778306927,0,0,2
51.84289953975252,22.228862288418632,97.09970699083398,,95.47950105821292,6.611830162105564,292.8585289457126,0,3.4285788554685492,0,3,0
49.26102981327896,27.72228531046042,107.57668174231358,64.10139624910366,55.640104136693616,6.903756166836563,194.31595315857354,1,1.4208641501971038,0,0,0
36.1934179866463,28.871555162444533,185.27488243195828,62.24438913125597,200.99966725381975,6.390878819632018,172.33307911344718,0,3.619517369125843,0,0,1
31.67478667770705,29.13213651369557,158.40036782068694,70.74912031619044,61.523603257709986,6.8292417963330125,170.8585633360574,0,1.1202077814815556,1,5,0
60.9147374585706,29.390556520067875,115.46967429381421,78.9952675721793,226.50812063960146,6.750286025817154,248.32084025764465,0,2.425138487955585,0,0,1
47.437619031166285,34.21652974705204,138.05832483752425,53.058218082981945,224.1138554463116,5.086310446237062,242.89746643574338,1,1.971370962144951,0,1,0
38.71035633858472,22.52680995831219,133.41772855833435,75.44375556903081,,6.647675714450154,186.55182891856282,1,0.0,1,2,0
50.74967381999668,29.466352508906674,55.0,,33.97933268335273,7.149809806335824,133.7202035890681,1,2.445170197546549,0,1,0
66.66424514554093,35.59461334240032,96.27341176843164,89.4629328288895,398.6106278246697,7.586169759433813,162.1134453010472,0,1.5618137208593141,0,0,0
22.350408010165,18.959636766845428,126.22036840117515,68.97779108168001,115.76231806847312,6.699328577940456,270.40726582498263,0,2.663376185774746,0,0,0
32.543697031256755,29.488056744290294,115.51859832042429,59.23752508860657,72.91417789503514,5.041699377522157,231.1746996128799,0,3.0027564807709664,0,0,0
40.00247625536152,25.28041823914826,136.64858976906473,81.51796367757792,167.55184318592333,5.226419204511196,207.4875322712156,1,5.828691108770535,0,0,0
70.99532526736428,26.461092885397925,167.5318809531772,48.19086099751,142.0680945713806,5.677822302496483,276.0156605797402,0,3.4875343954520144,1,0,1
55.673630777950855,23.52355873232068,116.74624753711254,89.32184939059212,211.0129693617333,6.42735668976383,279.4163983668376,1,3.534580212773661,0,0,0
61.97512412599595,27.567471063647556,90.98208213569973,73.43695050540111,58.5150278567513,6.053316678430888,203.63429512547066,0,3.792982136350792,0,2,0
37.177908051359005,38.62690587934797,139.36980804788658,97.9756038469288,110.69928586764,4.851521521242904,204.33227309979665,1,4.394893619585801,0,4,1
37.44603362148316,21.545633013525325,116.56818332512688,55.276414173082415,41.63720092520961,4.844335958821938,182.8822260797411,0,3.7268471261672294,1,0,0
57.821578317395236,22.06714498636645,122.53777747123341,87.017754702494,138.78514634796053,3.68177387011198,194.18507507556487,1,3.4507408390785907,1,0,1
52.757566302160804,21.339359864100725,117.78791982964225,74.79389395822962,,3.5,148.5196509195954,1,4.13799506970103,1,2,0
59.133604645233646,38.00080057645455,206.4643230003845,72.02739362233504,108.03612764270288,6.04186181245409,148.36531770500574,0,0.0,0,0,2
49.56027711793012,,55.0,59.56187841745427,81.83314440227467,8.984276450171427,139.53896298157576,0,6.342482533246121,0,3,0
55.61586844391015,28.35898516808779,114.40831339035739,83.14897488054059,76.45229388400078,8.356135428549711,246.2048062629389,0,5.543567751541438,0,0,1
54.05554810376642,26.28469382391568,127.87088410230628,84.1136486173223,51.185659617614554,5.026122305452435,145.6667155293226,0,3.347417202974864,1,0,0
62.11097605810403,23.305674168782996,100.66001277010274,97.42153362359068,150.44375747741594,6.379883956868733,279.0985673508339,1,0.7391896793459733,0,5,1
62.49110766527812,27.206671443620607,159.49390412448992,88.09660315432711,237.01354566634984,4.442504587939801,177.24564013442262,0,4.936560691988712,1,0,1
30.941664072906992,42.020339831551084,156.46401875518737,68.87325605253118,62.67578927089067,,271.01929645773635,1,1.8897976014964624,0,2,0
22.78550878056888,36.1563900653584,126.32858835290108,63.95364899658982,128.9740212679963,4.763032882843545,191.12793497111196,0,3.854145626519897,1,0,0
65.0226901694696,23.8088420021425,118.5264185629707,59.57810279773136,119.19121191396738,5.9294015786698,145.48490270502188,1,0.9473510371432536,0,0,0
67.44042621240517,32.06165756683927,124.08151080189235,93.67869214767364,90.4749708903264,5.981048467745628,253.78359812648785,0,6.562251038356996,1,0,0
38.731900746326616,23.92662475033493,124.33246712232662,66.66190858866561,33.36550038825398,6.503242364968231,258.2708938500626,0,0.6924531806262078,0,2,1
27.82213971490683,18.729977986345787,125.25694401559831,93.76275842765568,38.620043065495416,6.9958596676451394,170.5700619898536,0,3.110377712506402,0,0,0
53.28745267309361,34.107310047155465,121.42003144691202,82.3008644903448,54.17239178895585,5.79574289192581,192.39721386929688,1,0.0,0,0,1
64.10089694255689,34.88051065653953,136.83572601073374,79.95883457912753,22.408864115093046,6.243442364795154,170.5797544106828,0,2.9340440764858844,1,0,1
75.36872879164609,34.253287380763446,154.36242226897528,72.31758024927642,224.75920851465392,4.8874249919717485,200.4199856106067,1,2.3195436717787588,0,2,1
58.71186843731886,25.91574112929235,84.94089483404981,83.928074956027,114.29887969361909,4.586603570891382,209.09750760275247,0,4.819493430249546,0,0,0
47.167682944385966,,91.22676352683979,75.81435084595837,88.26423526031165,4.401233184742028,191.64744375361371,1,2.3193929094530152,1,2,0
40.389301919396786,32.62371054511968,66.80186896807668,71.56944050237428,21.674932052006707,6.979097361353873,135.88212697514757,1,4.821797732554128,1,0,0
52.148866791718504,30.65322820541459,158.32390901251597,84.3520574397784,27.502959431327362,5.794510582294108,182.92658602657914,1,1.3614070918581265,0,0,0
48.10955884949167,26.334993907866256,136.7613152616662,74.27233468934644,89.86313296660835,,231.73371301505358,1,2.54886143512841,1,0,0
38.80411722552539,19.595104989350094,145.68436305764698,66.41998265513408,323.9626229573136,6.124293256779668,197.06181738135518,0,2.58094064332719,0,2,0
78.63382346122273,,77.9675616572786,83.19792130552781,57.150660244730304,4.701414401856701,192.55725615265519,1,3.7929412090126675,0,0,0
75.2071892269377,34.43455301579862,190.47318430080483,75.23217213245722,157.79210566649502,8.192454582767567,169.63049128883094,0,3.5893990822512905,0,0,2
66.76863288622057,21.913264410312138,106.69021821491248,81.86692014109366,65.88251666618287,5.505413934095809,181.81804797049057,1,4.1555602478773785,1,0,0
40.02894482848134,32.01317659921787,133.88720324889397,70.55368169974976,93.29021157217927,7.017807182982946,258.5400280501145,0,3.426928965263583,0,0,0
63.115251215864625,30.32347932323531,157.90346312374302,61.49054434382853,198.2153710485764,7.506755632861985,161.6884642415199,0,4.058103722580984,0,0,1
60.315143323472725,32.62581544777783,93.45570854713748,96.8208875501713,,5.05408585693155,232.39127767403872,1,1.5634177140909786,0,0,0
57.753093114652685,33.29586524845454,108.87864745205667,94.5593369291629,57.46875909683169,6.29125654106565,206.78809839433393,0,3.622077867009975,0,0,1
68.2456484715691,24.680441169410557,134.2710121110306,86.60541953514354,226.2307577877691,6.864161481665776,214.30280519861327,0,5.573129483913091,1,0,1
60.259824857196605,19.606723299092796,228.01155764126472,71.34627177550873,92.70498567747585,6.338655406892128,177.17046132144452,0,0.31201157217984443,0,2,2
61.620185071956364,25.565642608744163,138.53936599982086,72.39618432206713,182.9280633684026,6.633320911171782,191.63246009017914,1,3.782412727950285,1,3,0
60.279781683838735,33.39020024639854,184.22264027207513,92.58792935075758,,4.604444727729016,204.7826331534656,0,4.082847644700988,0,7,1
56.43028830402738,25.51897853060716,170.19856008171845,71.75403954919105,224.56111698695972,6.864843463657429,185.21465534485054,0,5.337898203954693,1,0,1
28.813055313715616,24.68276171878297,140.88035127730816,68.40932756383243,107.51898093058365,5.616602966992749,217.59441995338886,1,4.161675093264336,0,0,0
53.08707400633725,18.48257311941449,93.37814799292624,98.46681610763744,119.39312591139303,6.619341467940969,222.3826826126767,1,3.1605055074539337,0,0,0
44.76950453496137,38.139561550030166,165.09137637863822,75.42786782063354,98.03932981058767,7.303986614661757,287.562851697557,0,3.6881171128160615,0,2,1
35.36206755067973,33.0414250278392,75.56613804231836,97.22110394216614,64.79645739493562,7.002570209021929,215.5712211157701,0,1.8239394647018554,1,0,0
73.86361605091071,32.7344278970112,184.0306293286982,59.21929707171998,,6.618463670587369,132.33477909028417,0,2.3792510842276067,0,2,2
74.47693943151415,33.822489627287105,135.00018578763894,82.21821859341402,67.49989319879623,6.97055395542142,249.19472507186984,1,0.8628754564768082,0,0,2
69.66986780384295,31.67189598848871,55.0,100.85299119059938,167.92452307628818,7.026093264666542,197.2529156178247,0,5.379247222950758,0,2,0
55.31777441912637,27.15619129651259,116.08228667388563,76.35700893590634,78.87170237414296,7.994601393660711,281.45316379160045,0,3.7202517103213535,0,0,0
69.55812657238454,27.59929742732789,150.8881737323029,72.83194609278644,34.02447002142855,6.159139160644675,260.8951291952017,0,1.5342200634806178,0,2,1
52.15669134782373,26.148395994743314,119.70416444360816,61.98697698881897,30.210339779479895,6.396748392130867,185.79983941896046,0,3.434171140260135,0,1,0
54.63636459967113,42.9910741492825,153.02520338477507,88.98811665322296,29.29576221675358,7.318480170771334,232.43230578710467,0,4.8549563359909325,0,0,1
37.784872183994224,31.557516172146933,98.24915413006966,66.75846300831175,134.49010973109057,5.611534868283785,182.42970438558027,1,4.588467720727015,0,2,0
57.16088695848492,25.94909757256711,82.29061695243374,74.86229728732013,42.577752196079,4.597679032786417,205.10225140375837,0,1.5157782189337579,0,0,0
52.78501706951742,31.06023225791454,125.49941089333382,61.185972642488665,109.38408724674255,6.791876209499325,230.68742294545024,0,0.0,1,3,0
35.06552248115196,,129.104798355147,94.6827352011692,98.35497288510305,5.952771578460867,247.2940078297674,1,3.632617735834208,0,0,0
51.33443754638424,36.774786952240746,115.80654771281876,89.8586237287082,86.2930518826399,4.750967105918759,239.01782149767712,0,1.5810085890588268,1,3,0
50.963515669861486,24.86411997306073,170.95519013247673,75.62098300944243,119.6742002445938,6.800650315255805,207.84960601268745,0,3.9957240095688014,1,3,1
75.36829516638032,31.25596987942356,98.24274187013299,,99.75398146795312,7.917359618035098,299.3701082030862,0,4.520432621337986,0,0,0
63.624773270674325,34.36287696358724,138.96079625663222,94.43088459091159,15.463545297300534,4.244308944453097,191.1292245519706,1,4.781812977861412,0,4,1
52.14879070818906,30.616226993127462,130.37894899072688,71.60881927543423,72.92658599196633,7.426789994259778,143.9263759954267,0,5.791584777565651,1,2,0
55.23423502741408,29.01958495500801,73.51494167523708,62.737541910189776,118.6439163285433,3.5,151.24142678204566,1,4.978171068923686,0,3,0
52.574760915354574,28.559411466708085,81.83394357160208,54.854583850329476,261.3847598129006,5.719656043782184,261.012293744649,0,5.7992781260544355,0,0,0
49.36211819765788,28.18957396712091,128.4168855687021,,269.34878038120604,8.408619094691096,202.08718904582142,0,5.20649654917653,1,0,0
37.928446433952274,25.328158310898736,197.34199995404373,58.54434252964072,37.10537495080442,5.80601114178456,211.0441849260555,0,5.345948118435468,1,0,2
50.03632559110992,26.027841136266627,148.27444341645838,68.5261499617261,71.6998191851165,6.307926074985191,184.3840925628752,0,2.934610977123564,0,0,1
42.30072266351733,36.63774705508014,67.60278111993784,84.93290480437258,32.51934169586278,7.115439440928267,187.79730578663077,0,0.9370777100281962,0,0,0
35.745897993999094,27.90304852023164,55.0,71.4951980322972,241.7091077762196,4.140231783127217,175.0903572839268,1,6.97163240717186,0,5,0
58.64588358911795,24.17812051839475,153.6568757551533,80.26832058536453,173.8453664677664,6.286513761007707,222.9037309065434,0,3.1007246963456323,0,3,0
57.08644057913205,25.660363217261704,124.63252809751303,67.31998408561321,113.03435474420573,6.27705568635357,201.29956313359017,0,4.965932902358775,0,2,0
28.77280235221499,34.55203874383473,167.94430893286292,76.78202879637078,100.2604530071895,8.434785167898488,221.53020435652925,1,2.119560270361245,0,0,2
50.40509971256335,32.21583648240463,97.17487277509954,99.05080986503225,220.7917358655694,4.717111002802612,217.89865864206436,0,4.542275908073023,0,0,0
64.94411801669901,31.58181048027741,140.2574374250484,71.81816706367724,197.78311408693457,5.742152820259855,188.81660812194994,0,0.0,0,0,2
65.76990860565218,27.083633405996146,157.6160712059752,80.6131532514359,191.050678088059,5.085973051011662,149.56823623849408,0,2.3432905743984733,0,0,0
65.3358789575081,31.653493585951196,112.33877266277314,57.213673270378735,121.10422993092757,4.958705835570345,146.2596153520244,0,2.8425422665723388,0,2,0
52.50587168971898,24.960413812771435,113.0870050419127,94.24127346900245,71.72298554406169,7.552883272477494,320.0127604844125,1,3.740174029288298,1,2,0
41.01441073640103,27.07212282759824,128.88419908844367,70.27352045266161,148.18193526613356,6.231981802400981,261.17059088808577,1,4.715239482561772,0,0,1
37.91191524434521,33.8339246806546,146.9936721296115,88.606403798878,152.96924815596736,5.533319364288175,255.92693754186615,0,1.2493713253914953,1,2,0
56.47986376175465,33.30852723405486,127.49830984208312,74.52183645089313,79.51099508835551,5.578584918628958,179.36494133449798,1,4.055949102272327,0,2,0
56.93064044674712,23.099495847270582,162.08987182158202,83.33895238024968,71.62884622632012,5.524127507665525,205.36136988299856,0,4.962667162618787,1,0,1
68.73530445086585,23.794604509002834,111.83226837565395,84.05214912653202,188.00401059285093,5.631436187110768,174.0162138894395,1,6.753458532406812,0,1,0
66.29973545444709,29.097861840473755,81.50616780879116,70.5707159258474,265.46556697555474,4.682665586852883,155.14088038369616,1,4.130604774140054,0,0,0
50.281027465094766,37.9937280606823,197.19413788396128,89.10287722914222,55.296101720075775,5.88952454892176,182.62660622572338,0,2.264790429630045,1,0,2
35.8253235748087,17.96439159542053,106.83781922101437,66.89218163208281,75.83916374289178,5.768951970017427,255.395028610324,1,0.9651765486267823,0,0,0
47.85161423885833,30.030831167637775,108.10452706987884,85.33521064033052,113.05971947346491,5.290643952315989,236.94832394311084,1,5.926723676584368,0,2,0
54.82400553253682,20.931761676347683,125.69688376247355,71.31753647000163,123.4824473031307,6.3860555075659695,168.1381759383632,0,4.179747096948707,1,1,0
49.372917809937746,25.0111795356095,130.35133883788933,80.19469538358472,64.0889227399378,6.48786737614179,193.03699009401595,0,2.964838989471617,1,0,0
44.48737659499047,26.49564370064667,114.4660725129101,70.45608397174887,306.1570115673678,5.532023342849951,233.46668053359008,1,0.4082907292450906,0,2,0
55.28750259460868,26.1872041110971,127.38981360678468,,,6.027039019080494,183.30308698288118,0,1.5101056785631153,1,6,0
45.44854936166206,25.564122331874355,126.6083219000139,,127.12983484223071,8.790348472281028,208.02427730364374,0,4.010112462038299,0,0,0
43.835140911570136,28.539638832070036,134.11867644572825,78.97068381626553,282.33218066156286,8.744519910322564,220.27020298846284,0,3.5661328386014404,0,0,0
56.048886845944715,25.556094383531818,55.0,76.53025401951503,67.21655786112083,4.935091771844317,219.855360970077,1,0.0,0,0,0
46.77409645832034,,193.83067074527474,69.51815735113033,84.97260841743055,5.10266292009373,214.65752625223087,0,4.012180090402925,0,0,1
55.17335705671858,32.78928286887527,122.84490902629048,75.33966440331645,39.851108492181766,4.928716067609605,180.15950739626462,0,0.49050168284806395,0,2,0
55.551652297077595,32.640796919318845,148.32179168064448,77.60805371401491,80.46174574699043,7.468464727966687,184.062965674285,0,5.166414509763616,0,3,0
37.18742298580953,33.13745870512468,79.76645304630915,68.60371536081865,34.19251566012448,5.7217648405091674,161.92130564221623,0,3.3336894638479313,0,0,0
45.743865389749644,20.02596027054755,111.51499085627624,74.45489709124396,146.33693700414142,6.48760909231556,145.66920944691367,1,2.25852568200112,0,0,0
70.69110021891402,30.14404983921283,104.46894467878549,63.93337670926095,118.25077223458615,8.59636079993706,200.6395478157713,0,4.584246942577076,0,0,1
36.89296633445427,32.21788370693808,179.44033175779907,104.1487964675321,75.16717407950368,6.1874422468274455,236.01786535431327,1,3.5655988615132554,0,0,1
24.483492163383097,22.82838862358228,107.49652376074411,88.70942392249822,,7.0474984661087845,152.54926902215,0,5.11988417360803,0,0,0
27.79601300784735,28.55045286500171,154.5327995429032,79.27712926757862,147.63792745032634,6.8245048991604715,215.37298327672178,1,3.1287609814233077,0,0,2
52.3784293054967,27.86053345079299,105.23528415643817,90.06535512972034,43.014712737262236,5.494139177964861,234.815986108569,0,3.222110986249142,0,0,0
52.401924614425084,38.631828622125454,112.15833711211195,52.24897027979466,102.77260037466894,7.47099407809023,135.20411678478888,1,2.543599307843346,0,0,0
50.471058879473425,39.08472820356915,119.405744217976,45.307843145991924,141.81041281733803,5.180359029079777,194.71791819482368,0,3.4207474284274615,1,0,0
67.78446777607053,19.346039836683893,172.93457943902553,71.20850725900112,28.256726064032588,7.807855743733011,267.55598761741817,1,5.716721407662806,1,0,1
18.0,42.21659853150394,61.85515693394585,59.457230276774695,140.47357236521196,5.4950588417490565,225.97375867478019,0,2.19557732790233,0,3,0
57.147140367600706,23.46625853365672,81.95177556539485,73.16073370662005,30.315801226535868,5.626438735356687,133.92262833563305,0,4.036728238929017,0,0,0
72.29869662344646,33.89370311880084,59.84431920085642,78.46787968713879,83.3770636894377,4.8938146116478505,230.0168995716412,0,1.5912902671872784,0,0,0
37.33885005640772,33.83773889475052,89.93742580834925,87.04497398008733,42.25004642707957,5.090888707020024,176.5860018193235,0,0.0,0,0,0
47.06251534673137,23.02370375237006,99.59399820827625,62.34083218869743,228.17661285289182,5.687882813205758,231.26966334352485,0,3.331933984592175,0,2,0
42.21240507602793,31.212972866115045,71.49315610683638,80.79556823392086,42.422589225912475,3.5,178.77689286917058,1,3.592648677551077,0,0,0
40.373501400992126,,102.30482886848658,76.17267631782678,30.789885418810833,5.920001190589284,202.98476711234534,1,2.8239179688920255,1,2,0
47.75859393470048,31.54881502547815,57.48499316733047,80.17011171919701,98.14917963092454,5.59043091531018,184.57337479460793,1,0.6064240467644222,0,0,0
70.55730868789857,29.76869766309344,92.37039466813115,69.7627365909568,68.77929351696973,7.148013318334199,205.1199934640632,1,3.486881719426594,0,0,1
75.88602678133776,,170.014713996857,92.59762167834543,33.84584592363861,6.707576886028191,183.44335339138155,0,3.4261018146231135,0,3,2
47.63279007447808,28.914697487303343,142.1255824598386,74.75789621884329,126.67054091820346,5.350835082680844,196.50554682092985,0,1.5779509902518825,0,3,0
76.76578278283812,27.57669261815529,134.56136852603848,97.29018668204523,24.66376789198949,5.649739088688912,160.32700968419425,1,0.834413485643168,0,1,2
52.46249420080012,34.52835328181449,92.90275053023099,66.51533615581332,45.89026660994918,5.918458353774923,223.64506462573166,0,2.5961793156704522,0,0,0
74.79798334711406,31.69217780672232,74.23702643343466,84.91392807946664,61.9246172539868,7.983147865371019,211.66083792846916,0,4.04468679484443,0,0,0
50.787117554504604,32.524973668764886,88.12953735630018,75.28397823327366,151.60132681246796,5.21323438345227,143.57177738404226,0,3.6666475708671853,0,0,0
53.70375173859988,24.844773302577718,126.48765605863947,72.06709099999884,208.90176319160366,5.336287202059215,242.73083308767323,0,1.590660803465475,0,0,0
56.751168144356846,22.751054702308394,158.38618729043338,83.58778408561056,,4.8456990180594195,198.30105753312912,0,3.219080136035212,0,0,0
90.0,25.377528212110143,159.58285959973622,72.40991824972492,81.46567016438739,4.421552624676578,211.1469710569646,0,4.419402248760907,0,1,1
63.06671247298226,25.085482378756762,150.07143268691667,45.0,18.579509082524634,6.568404348350594,234.05334353710907,1,1.1237348651730965,0,0,1
42.805561110630975,32.82409597759103,102.18550975762196,45.0,116.03178174284629,6.443483997287852,217.47320520967938,1,3.1010485888691104,0,2,0
64.59697231358615,33.86791227661728,128.85924413413957,91.26906592340859,234.08460289008,7.739314223402422,249.2777200215142,1,5.143425568273397,0,0,1
47.29617701790356,27.6467834075718,116.7530114486964,90.76310149455635,200.69240959062023,7.449690809272315,193.85477015619438,0,0.9601085515297627,0,0,1
45.63324762228428,36.37005460353394,120.95835827768374,98.64809135507136,121.59873015383492,9.07654005743817,244.3083166766275,0,4.848842065679214,0,3,0
63.81181767859745,36.026581665708214,199.29947639359347,75.78966102061388,41.53900533919672,6.111352678950685,209.6711354766782,1,5.590699923715816,1,0,2
52.40411264102499,29.838694040202967,66.32999170487356,60.48838237602531,63.966538965419964,5.8873645234445515,224.29007013125428,0,2.6444711597265815,0,0,0
55.62148688865348,23.979595256513278,119.78631144272087,70.96499388818798,316.330967033819,4.639728385839969,220.33790856632035,0,2.451186209573951,0,0,0
52.181807884248805,37.16457157189547,170.4112117518655,76.13709418433575,35.83537280608306,7.035893800971591,252.14775236176197,1,4.652951070431295,0,0,2
56.37558064587065,28.164404569343755,76.69379767382617,63.91554130857869,42.67925078473972,6.342241089735607,232.41367019525316,1,2.7021913999527696,0,0,0
57.52455666666994,29.193908580370362,105.46884011568123,95.7828966756864,166.07976393574583,6.98151956601282,188.16807174822583,0,0.0,0,0,0
26.819429874829602,26.632172359163874,109.48365258513262,102.87403455572485,68.00329508991128,4.833050936913921,180.63185232800578,1,2.8419286484966726,0,0,0
60.66544469192394,23.606153205365413,120.18485972811054,81.73936840876213,41.74872203537615,6.62192502683204,203.10934239139635,1,3.7526463491113002,1,0,0
39.23374754220609,20.422483133265892,72.1414994137824,75.86963503962166,242.98286744178992,6.44623954154473,176.11614523898862,1,4.184134165731949,1,2,0
33.25011123772765,31.980775779565086,148.8350121118314,60.460396258306815,121.44919851479636,6.366842047872424,165.01669634959882,0,1.5909933363969235,0,0,1
51.24065382983713,24.19129420356859,151.32005488796005,94.55720675387262,70.22040325669865,5.380080910171372,124.13400616667442,1,2.5683182088438263,0,1,0
53.091753043087905,45.32742175948253,145.79313637562817,76.91568173018855,42.73661414756996,7.627189578264078,146.128015202509,1,4.5630516226436795,0,0,1
42.98441986056035,,97.53692139981214,72.53002721907265,340.5711076542892,8.660369094773614,280.4454417222379,0,2.90400220573866,0,0,0
62.80341414968367,21.584396387602464,131.02787767755532,81.77408906409445,88.58087602952152,4.867587168442862,180.05299051406848,1,0.5540192096625383,0,1,0
34.55172283717821,31.305762935873926,96.51959161508194,68.97146165212978,223.20104467403692,7.06453277551155,277.3314913932035,1,4.9802208153926015,0,5,0
46.709731265956734,36.91122413432012,116.35911687299705,77.76250207746182,160.88204783235253,3.5,220.31987484391203,0,2.6574223641964076,0,0,0
44.396636245870994,28.85524311318772,203.37137745098073,58.690397789852085,64.14997204263534,7.0023319393789505,203.109195177828,0,4.745950043490208,0,0,1
51.39436548558859,31.64733331103001,131.34933821586895,89.04504627102921,64.48276285880293,3.9558144601498944,147.97700556079312,0,0.7672692866135211,0,2,0
55.6252357004141,18.360489203977096,86.43656984044893,74.74706750637192,230.422447851624,5.57003918252089,205.17741803188986,1,2.806421203857464,0,0,0
38.89739165489392,24.773686498695284,134.311736923237,89.90561032760814,232.86198442376676,4.6243704058949,276.90298314479276,0,3.8155776378835755,0,0,0
61.415674806930966,22.595113489743383,80.68714258778417,73.58636586590056,26.570837661151355,5.941266206060725,264.19019627263606,0,2.8605682215984194,0,0,0
52.8190307883511,,86.03463626197458,74.36560349459226,128.6591732316741,7.206552438041395,215.421068802508,0,1.1071900762864113,0,3,0
27.404698706945165,29.14339128713138,91.56069024179232,61.45219086049651,83.18109074192867,3.9712240835275727,161.3506020956094,1,0.0,0,4,0
26.5383112748386,16.164448081142616,112.44916917315108,85.11708367621772,45.977383586461634,5.768624372581233,168.6277168805322,1,5.437224207205376,0,0,0
51.83984919191895,21.22792218651903,160.79391484562206,65.4899205517229,106.69183494434333,5.583957477420732,172.6015099510865,0,3.39686112304212,0,4,0
49.127424868777396,25.5454341329262,148.24393693058937,70.16293152160925,37.43371452313077,8.097258420646249,253.56988723978262,0,4.866881684465821,0,0,0
50.65553852352976,23.92792790226908,146.3048364886565,76.01256623299044,66.46089235669155,6.718113209420342,267.00537657213283,0,4.4858705589767185,0,1,0
51.63622806510717,30.68024676213887,89.53764020433101,77.45469020427228,53.55995839497312,4.787339464071893,212.44392772876824,0,3.9549549217913267,1,0,0
54.93227791363235,30.18069105546364,109.0539975597523,55.52683671738689,65.036285241729,5.634446745163521,193.48294345012016,1,2.485860231764691,0,1,1
64.31944492802789,33.415893102645015,137.5200387409116,73.2303296141438,85.91415924432805,8.067325086062638,263.85099887311736,0,3.7836270810226056,0,0,1
37.555636288071746,32.63811052991973,106.00880051140555,85.54276262372456,46.511116107149775,7.05723838012883,167.8142054471317,1,5.29205911419316,0,0,1
36.76436929228967,34.77447034148759,118.25717458946156,71.45994358571318,250.22888502171418,5.098119845113494,206.9692864488139,1,3.1328174852380113,0,4,0
37.78678984746403,28.489448799950203,143.44755423854824,73.30321894944014,124.02011522886042,5.879515353940294,222.59270798275296,1,6.042721671038704,0,1,0
55.75591667319319,30.169067954491684,115.79295615795444,77.94887261011272,288.95635003925435,5.917869021910223,172.21357692729683,0,0.6009249816530304,1,0,0
68.18431592240378,31.313325360555552,135.91208561857087,74.48847480943601,81.1060607733497,5.554421687413034,180.8352595871303,0,0.4289462219800848,0,0,0
46.39258730288636,29.279111835650642,183.7454959606849,63.633813971348744,62.99757255884033,4.147745412413973,177.8779719908711,0,4.58092034323103,0,0,0
19.477902025924493,26.315431295456094,121.98494203545509,75.56384651599714,282.24622259476854,5.3868539415320384,258.83562052754723,1,1.6900113015665947,0,1,0
29.848092786065116,26.671566061131262,169.2768233401722,87.92887804007076,61.810350818546354,7.867039167038449,277.74595652816936,1,6.269339072686046,0,3,1
41.17052260365185,24.003428809185188,147.57795235575753,63.38588863279492,80.15160117108226,5.74262661552659,209.36211614898932,1,5.1397461939727105,0,0,0
44.749524462562206,30.81889256450406,76.64653022796317,71.50621732617019,143.7161950501752,6.076095643446897,194.80769369237407,1,5.540114410812867,0,0,0
46.690947845688555,27.982916542531644,89.42520397577665,59.420424112779074,40.25716075256468,6.368630776224289,182.20603915025475,0,4.415098088882001,0,3,0
52.50155459875192,24.852544371497792,98.82414409255362,87.29658340588414,142.90087605260948,8.861769673654551,205.0663599111125,1,1.525466202127529,1,0,0
47.94729769930819,24.85765349371474,98.08077790735258,74.89170151794545,131.4971611717489,6.210649725700354,184.091573445402,1,0.34505343978369263,0,0,0
65.6414149370643,21.842806997194664,124.83985888626151,65.79760439672964,205.3818905900749,7.512734424300214,201.3128507905016,0,5.392471470702436,1,0,1
43.211775026142206,33.8836273768046,149.51254168286377,77.10718720171813,160.5071672420686,5.482183793538565,220.7028472741491,1,0.6006908703807086,1,4,1
40.78986652681794,28.932397182424832,171.9305445846653,61.556797421254565,209.51505528184674,5.88872088739701,189.598108173966,1,5.535817100364033,1,3,1
58.225382000766004,23.754599892347017,138.78612810537788,63.59805362247512,83.76669004748469,6.215063267732342,197.7956536206643,1,4.071383616366969,1,0,0
32.03665309096045,32.9470126228111,112.40121553813766,58.478397641778635,51.37100782206836,5.271040469780739,197.95272956725242,1,2.877995753887837,0,0,0
57.065992169160026,25.41753154613095,55.121556472954396,63.1986491493112,354.7098706242569,5.955538663276451,192.93258948040673,0,3.7072762949364977,0,1,0
53.33319138844147,20.76424655143272,130.47063513960683,92.28805100799768,33.36333425676933,7.265661122975924,188.22498067338398,1,3.7444654967185595,0,0,0
50.08324763106383,34.11672259070523,128.9019567793247,67.20258002460885,35.608207856920494,5.23956252668974,233.96347091159862,0,2.676143378260672,0,5,0
72.6475893929404,25.54596655738638,134.40250637386353,81.59470147181774,129.94910797083875,6.200106837156366,137.7120308988952,1,5.281099575870902,0,0,1
43.911303211168665,26.251055003851658,201.71841041961665,65.96438296052894,258.7987161012493,7.050480261987119,264.822634642048,0,5.226241376959255,0,2,2
78.78387621681301,28.726490111920477,171.42087911675753,85.11440494915863,101.80077531766187,5.210640741424707,210.1501196017139,1,3.2490548829135055,1,4,1
49.06939116003471,34.78424072534563,155.4771321387495,63.687015988824214,172.32066545436078,7.514496551137947,228.18066788748757,0,2.0400089812795126,1,1,2
35.398786215387034,28.610205099764713,94.32730044749401,76.47073513314108,24.59487031647001,6.287460175653587,232.55295575965727,0,5.089526471046867,0,0,0
52.90895455293273,21.904855806201233,110.04518377811398,76.63421571842738,65.04669814281037,6.001852923992852,178.09375191883828,0,0.0,0,5,0
38.00881239585601,31.49132352261699,124.68043875750243,103.9336640371191,26.622150522872587,3.790222633039743,170.25437486518882,1,3.7102281712181164,0,1,0
42.227173978424496,25.83255651656052,100.86075065963763,83.56510345576199,149.4671734565295,5.751665069583832,165.77376718315458,0,4.183320173134275,0,0,0
57.16143290020138,38.88358184341207,145.51625837447912,68.88515182804872,32.92095246307099,6.645910899374364,195.61141486651363,0,1.6746370643551802,0,0,2
59.222567152451624,28.493841529011604,140.49180972254965,84.22058756380616,39.22159235023811,8.294414022562961,231.5697782789391,0,4.558056779900235,0,1,1
43.911819896694645,16.207304761557335,89.90922724308577,101.6580936458225,125.70351185049995,6.881466984933936,182.81704304160868,0,2.957782621893397,0,6,0
64.83626688560321,30.465507346856207,169.88858481836434,56.444366914188464,179.4677451711401,7.551459478134019,228.1014023267756,1,2.126879804881411,0,3,2
67.04760085427475,39.19528785743125,131.5808616833101,65.89021548917528,81.16469808449332,4.7490745116536734,115.01899368327445,0,4.541157343461876,0,0,1
70.67192283532279,37.16756158699964,67.48250986402121,73.15722929064047,130.37589759322657,6.0478130052164545,190.3484463249405,0,1.2629049140836013,0,5,0
58.88237429263439,38.57024858816111,126.20299995792607,70.9949412742966,127.66019135863621,7.664895730794637,249.35121996923937,0,4.390709338502207,0,0,0
69.72457325711409,22.89131898040195,137.84222595730168,72.0069196200415,78.2400927900424,5.134719739520093,198.50309101674844,0,0.0,1,0,0
27.54962043633725,33.51683817787228,162.0477326502509,60.349212812881085,44.17906818568816,7.358267154767724,173.49254182568566,0,3.4571271147699147,0,4,1
47.867214867829986,24.529030031448087,116.18832589056842,92.84747264260014,129.92912179448714,7.0799814375203995,180.0399575587713,0,3.070150329941591,1,2,0
40.72893166779546,29.733591696793084,156.97783936065224,58.92869681828057,134.06461287003503,6.529668378139784,100.0,0,2.1364867730147834,0,0,1
53.5499361946561,21.498761641931473,134.54996953695755,73.59744628453001,160.9229263982207,5.80555684983683,166.551525124347,0,3.6233997886224176,0,0,0
44.57116015044242,24.95549329314506,81.97308868368472,88.54996710112837,110.23923259074496,5.016445814513078,245.17517215547812,0,2.8726877930115395,1,0,0
49.839948054653476,24.780643164500116,78.46916292811201,75.63778171424977,42.109978287873425,8.330455152923976,182.86109485794321,1,4.687513003688875,0,1,0
76.46827344265265,33.44205404078439,167.2895954552272,64.24726999716677,140.9676984632581,6.958235021268837,187.34731424395343,0,3.896241582085496,0,0,2
49.79364264653508,32.90395516918311,169.8594462433619,59.81589212351251,89.9192430599046,6.608739349610539,116.3911368926165,1,3.7243107725989644,0,0,2
57.37930012347278,30.022508511319515,139.30182306416532,73.24000964766661,65.76122188292946,5.704580302157299,143.02816386172265,1,3.4669779256963276,0,2,1
48.98049871098494,21.07268220069538,180.349735241301,66.9156452097944,74.31377831257488,6.245445955507973,250.2218687867906,1,2.2445336695247327,1,2,1
52.98427274343884,26.78598311327654,164.98134471645625,78.46277310043574,57.46307136650882,6.39766072396404,228.45717506513932,0,2.5171143200388846,0,3,1
52.078216845668926,24.396359343815007,151.92700553179023,59.18258622730984,160.3819449732139,6.679850821680287,155.69731680530163,1,3.3971453443534227,1,0,2
57.828212857651074,33.2832166618197,96.10409789432148,85.75642884265146,35.80312189957117,7.0812083461663216,181.03824912021764,1,2.7226248206285826,1,0,1
67.1489979621133,34.980016690494516,188.60000628613201,77.38659427797357,47.183479121390704,5.26103416897389,203.89145096604625,1,4.778324528692793,1,6,2
73.41612196884329,34.31012072316986,146.77055012728954,78.27803673222972,72.68298370357331,4.440083641415595,159.54714617804328,1,3.1495203032700045,0,0,1
56.02506106481917,24.346293193206385,114.49564288859324,93.2929213388802,256.91562450879326,6.301137021528197,128.84253242648316,0,3.60154657252021,0,0,1
59.66410951846283,15.0,104.61054981431457,70.74645401953761,178.58988416785093,4.103339195210286,198.95000527730144,1,0.7557057057671024,0,0,0
37.03876138058763,18.781709560284703,136.987432352985,67.2901996632013,30.97756237979709,5.811606806007635,226.75912536258315,1,4.509168435296604,0,0,0
50.857602348596934,36.318948379452145,69.51293203065408,69.42683645983752,216.62879746598438,5.588972203865885,227.49057814973827,0,2.0701222501210506,1,2,0
64.22376304348666,26.29309783374097,152.48856463735018,73.6896811657209,216.35764696071692,6.7900978306420035,238.25902065060154,0,1.331754268325258,0,2,1
63.257592299422996,24.37101459954188,94.62502148570906,74.90842126250406,41.95947444956873,8.57911644258357,145.9648240523667,1,5.633897614580114,0,0,0
54.750926526335654,37.534631613899286,140.97128380885005,66.03162716077873,17.47658166956368,3.866491251315727,207.2002725734237,0,4.1161944358921465,1,2,1
63.52312147438338,35.4583797001858,109.74328819246442,51.722976963603294,85.87266983599238,8.929022036382081,194.79884815929339,1,4.56335315022684,0,2,1
58.379967216919646,28.634467970558827,118.74534505463538,69.26885198945155,186.67806139306296,5.920309809057169,201.6856139511067,0,3.7271938926517083,1,0,0
67.60398135737118,26.886282999148143,101.50815445322273,80.31790799544268,253.18740625417743,6.617370418607096,196.95229792190278,1,2.850958726554062,1,0,0
55.76166904044244,27.77344332952781,122.35696990867194,77.63509967504191,51.099358764727384,4.502201410851541,179.9029691369144,0,2.5526335871099786,0,0,0
47.375921897576546,29.749395391131063,194.12828411060738,90.39465363790993,281.0678469361537,7.396245884271584,100.0,1,4.246576296730672,0,0,2
56.36593634012931,37.300260047257844,176.47708694670243,99.46583852756547,21.15028991682016,6.249767043622069,249.1495027816856,0,4.812030467581269,0,3,2
18.0,30.823570833304746,140.406763424841,85.11200525750162,70.85083640367849,6.126239106574055,217.53962628805337,1,2.8909060033186464,0,2,1
56.97751457300564,,127.11470070522667,92.59024770889872,68.62265550194624,3.8751378621164556,148.59698807361272,0,6.316068583521282,1,0,0
18.0,34.93098559988594,157.54704167425098,85.20129150715744,190.34319581389434,6.288556176616913,222.9790028137247,0,2.6842903204627047,0,0,1
29.594975703729567,22.066781994365698,167.54896379376447,96.5187910711286,209.28694924151037,7.214993988579889,188.00241733394415,0,0.7695864881760444,0,5,2
57.8729918122328,32.65174040860724,98.95635662273648,98.21024361149522,167.3445810779572,5.916465637420174,189.07905197612627,0,0.2455636144096367,0,2,0
58.20788138446834,26.879871849361137,125.28963963287292,87.41398204934713,37.41052712128966,7.609039214772981,175.80024514341676,1,0.29955941139307685,1,0,0
36.8884258581809,15.0,64.23146196511719,84.47656175709503,157.6712297914059,7.559474206269635,225.40335796078605,0,2.337901131884008,0,0,0
42.742673455573794,16.79506751907803,167.30857385913131,73.53721393675158,125.29700386397765,5.430685540710983,174.60670428238444,0,2.628771166219547,1,0,0
69.81703285198371,22.90035313664723,200.27584901952994,75.50395262843308,30.371580521462803,8.114136630556871,163.3202819285572,1,4.092159420287826,1,9,2
45.70760828955521,31.421727757259198,130.802891861808,71.94595202379685,23.482387723922685,6.254353957190099,248.00630280302784,0,2.954227143593966,0,3,0
81.1579640612388,29.12589760937163,55.0,83.45501933074067,176.7087167408462,6.259694300945397,198.20250642886444,0,4.349393655414696,0,3,0
51.9750419087075,29.514016889466152,149.3111680801961,67.35582355168782,80.05749985565255,6.318777467123278,199.3955171802961,1,3.0718285321965233,0,1,0
57.30447029945647,39.23018915477681,96.35687918478219,73.70672548264108,39.03432199379278,6.283178901129351,231.31363657051327,0,3.0216342818029855,1,2,1
73.01936718048191,21.52000711827103,104.7827695417439,47.7379613778604,78.60992130073058,3.5,179.6317053678453,1,2.0759762015864847,0,0,0
53.703352510514456,28.34911655198952,149.93017364268513,96.67707873727011,114.02712663808614,5.977392322172335,187.21017943941834,1,5.276141536636501,1,0,0
38.96952825101958,30.174395375475985,136.90939439294536,73.35430500896418,85.2814052194995,4.5632642340050555,216.61718024946776,0,0.5496251254752083,1,0,0
50.573543127974226,,110.91619286314894,81.46696524803892,32.819362810360964,8.151602842658813,146.4276511063769,1,3.4820964651422113,0,1,1
51.537060429528815,28.655797097956174,105.26380285894174,93.49344033653682,306.56250241793646,8.10329959006544,213.40176377719214,1,2.7093592612012265,0,2,1
34.25835852137965,19.700278662536103,132.40426193272916,79.60352124929416,172.8719851186989,7.2223259989467055,176.28296455110805,0,4.2508073560072015,1,4,0
48.6741830725693,36.25448419501265,113.66870566206714,93.33212442512118,72.37162674133481,5.913839075193334,237.50795851329565,1,2.9666729581506415,0,1,1
42.35150277803332,24.751119961082615,89.17670032389475,61.099146254183594,74.29161885840348,4.990382076075562,225.77320642029653,0,3.0138299289854373,0,0,0
64.01665084343665,39.67270090628177,116.3602886482574,104.76851907517243,113.69011718634788,5.410902798469275,220.75283756505115,0,2.573376604304462,0,0,1
52.44995436440832,28.321391218453996,139.88574181393145,89.04532238186519,43.18770132207376,8.53117028771124,143.93557135492682,1,5.229210246611196,0,0,0
48.32365526108159,34.154294609695505,121.76637866131283,78.51042990983969,111.00212597749174,5.369363136176048,201.07097498339485,0,3.003849416096464,0,2,0
50.61963490190651,28.20683422054865,78.52719906131352,93.10095199150534,37.89554603703518,3.5,160.26387070425747,0,6.151441938581556,1,0,0
54.90058623928016,28.330908922567087,162.61726174814387,61.976381368127534,85.96690781740726,7.436198610182473,203.599171686873,0,3.435595330604057,0,0,2
60.01858459596714,25.287838667278958,55.0,72.53662145476608,42.10801890793753,8.000603736341471,117.01937227818992,1,3.0348157452757234,1,3,0
39.00374102729804,29.15518161151453,112.37721957400477,93.33100475682855,43.512797133967936,8.191058824599827,146.4483738017408,1,2.767476864232899,0,3,0
38.459360775923464,30.248992819277262,106.29305409061294,53.595277829260425,262.31061872465614,7.446017605099194,250.18327713592714,0,3.9027950394962856,1,2,0
66.36082980023289,24.186578200966512,133.18626072549952,82.72549329950566,93.53226917464096,7.641823612681738,219.0240206882493,0,2.0585706033484703,0,0,1
46.639620661338505,27.812255712770636,147.65816327309574,82.38611391814185,102.98917502284843,6.26352088886425,191.55499779577266,1,3.233187838462459,0,0,1
33.58105279624064,25.144456236685876,167.43676828913624,99.63070980186595,24.347100357916954,3.7084452518100046,170.46775373792354,0,3.0130192225725096,0,0,0
57.76956522198036,41.14815238288161,103.06582943267439,57.004534963333164,61.0539883274346,6.233457249800017,163.79835113169045,0,3.5203963188243037,1,0,1
58.02380747842493,28.0064807654861,148.53038180667187,95.3155726843796,121.46152518506248,6.945887326903301,212.60591869336398,0,3.560048522018808,0,0,2
32.10070165566282,36.998776834331075,134.85364357585115,69.28635108221317,102.10464749617756,6.0376759321205,191.94197223549085,0,3.6431918082942607,0,2,0
54.98326230102688,27.424077180557713,68.09612186858718,70.63588648105774,22.191077339686846,5.982996657512462,263.7725929660565,0,3.1518475938772674,0,3,0
61.562580201568856,29.926082028441993,194.51890894019385,61.33594735648248,102.97119780432901,5.043058353178013,197.9789786396067,1,5.510309587758998,0,0,2
56.86702387218142,21.232497605951018,77.64287054659303,62.9457755503969,114.2138870407507,4.9979135080735695,207.2313787052923,1,3.6761101058919743,0,0,0
60.21575928889814,26.041100744726744,142.68240453084002,80.84226816944707,207.3182327782484,8.405778217719284,152.2368682138959,0,7.169578061374925,0,0,1
33.74450172482026,29.657940689340858,141.64859804692117,62.65201702262374,58.786335769133046,8.44921564385617,191.29342944326868,0,3.0797622537053964,0,0,0
56.303522014950545,37.223021070279266,137.64728738151769,84.88341200383499,20.9568382713532,6.196823442504676,211.72567339258347,0,4.534261267928279,0,0,1
48.06594312688419,29.72090527721949,110.68980912434374,68.04440743636296,47.08284368326589,6.537828326111512,190.8341429738989,0,1.8383212666005107,0,0,0
45.72372793657962,36.110461986561496,156.9538427899176,61.44359432981623,44.11136217968656,5.022970331555578,186.54611572417917,1,5.241262808498085,0,0,0
63.317222922456445,32.02401010611606,73.38713841199166,69.66629024368126,145.2810933863725,6.971089819927345,217.42256577338227,0,1.8731457011608488,0,0,0
71.23056863876499,37.45070736705577,125.69599239641269,80.04048630107567,15.393277495889228,8.31157900593704,262.5632846993176,1,3.729404828729752,0,0,1
75.32681070980466,28.175267804822195,108.26438632066396,72.67176085682777,67.24737412714161,4.364923064066368,210.50883607169743,0,2.576916477497398,1,3,0
69.09250232957677,41.64622490858493,104.2945720276539,76.41052141999359,,6.756659959642873,248.47907877197923,0,3.723212475387012,0,0,1
50.573455638807616,25.830320883972323,143.0061725608741,84.35448954203301,90.42291964615498,6.846826691174049,228.62089034571372,1,2.624326021005616,0,3,1
56.58536211934246,24.28445991191282,165.7117489951889,88.98905741940338,161.16289132042823,6.833127817867109,246.20542823737833,0,1.7371953697260543,1,1,1
61.968697333195166,21.844709326710312,115.98604833570968,72.27885629692683,30.95828810795461,8.171381201418162,181.83064291282776,0,2.5654523363235446,0,0,0
53.575313340893004,41.320635693569386,155.3238381474022,63.4693358130861,,8.643221854605383,197.13675519059274,0,5.466528198626634,0,0,2
53.69993444285008,33.006961649398434,129.74092329056094,76.91313374707019,229.06762552518595,5.919819586552805,197.29460431094273,1,3.7476420296082362,0,0,1
62.70879071439037,26.662335966408303,96.7543726766697,81.64779503324885,,7.007808406587629,225.7585349894311,0,0.9378399521933898,1,0,1
51.22932560166288,35.36962483280422,118.97167673656277,58.47129632833659,96.24894439337643,6.301080446871271,235.11168724405084,0,4.7526123219840954,1,0,0
42.5192698271424,32.282307018147804,117.51799382229348,65.31270043590898,43.51084999042927,5.441461648472365,209.75213526225187,0,1.5735773114763534,0,3,0
46.61185014413384,,103.61690306230938,67.36975724844471,96.09312699808514,6.524976988257218,238.31484994028284,0,4.189374860893043,0,0,0
60.24083491053865,19.986919419930487,142.99690250295419,73.50613373535548,42.732093874853,7.005799434200298,183.59340387470783,0,3.885064236153449,1,0,0
52.03891278559942,27.0405194042716,136.21261656966658,66.86759315647856,194.6640908463588,6.460314422500383,238.64434701016674,0,3.9860967460021675,1,3,0
56.42272969928839,25.956132388314458,72.32726056057037,84.4844887011628,530.0119914908112,5.142582548616659,243.60075880306297,1,5.965102665869088,0,1,0
60.71103014862847,17.64474527975269,70.19659016662249,56.738401582498994,123.26929534746334,5.6437272321731875,230.7448611451372,1,1.6741745201567753,0,1,0
47.12706098233107,34.331799626288316,142.8639558622014,57.043375633666905,59.56657054300096,5.652911095790412,210.0984517722861,0,3.977271641418926,0,0,0
61.83122612718748,27.012818943081527,99.46497499219129,71.99333426186246,17.33853975875955,5.189067254083155,232.10628663138874,0,5.015341779891818,0,2,0
56.92495384495913,32.56797162742609,138.57144042851135,73.89216635032172,30.111525212023533,6.576247497926802,171.0278303209374,0,1.9706532774002052,0,1,0
35.94742987015078,41.47874563881287,155.3326052338216,58.544273525702756,247.26728090515823,6.701734515551693,212.53776604568793,0,1.806794271176009,0,2,1
70.74996228542118,26.557159694948155,83.51665069080542,68.71901388822923,46.10101523466632,7.375421121064636,216.41939811935464,1,2.540499937964105,0,2,0
45.49031833116009,26.183658595385648,78.59619608983353,71.18747419097093,70.7227283527645,5.170853182207242,154.47840480024357,0,3.5195728573153082,0,0,0
30.48376053859261,29.152652933481978,186.60510888383533,,137.79561737199907,5.507025576525448,223.0342016117018,1,0.7432379616624769,1,3,0
38.41443177537807,33.92986044140875,140.30497740368605,77.8225777994715,235.87406504682954,8.065483342317485,157.54488842409103,0,3.882243185373305,1,1,1
38.72641291118181,25.383078360794176,113.32657701643552,68.06105338691725,,6.002604963112496,188.73910467944162,1,0.746581213206837,1,2,0
52.67825314254794,25.029711215773283,95.31208415738078,93.73403560009928,69.18445544188809,6.2361572351019605,206.51091645249934,1,5.069329321291915,1,0,0
48.43994342789892,34.314540986327515,110.13457028824521,81.85845567680286,94.28888732654131,5.989875534325221,177.23201738395335,1,3.822026924944197,1,3,0
47.62118442067229,30.582516281109196,86.32996823603415,66.31463775230414,59.85021890242118,7.559636982465973,208.1370534675721,1,6.061023795416967,0,0,0
60.056125551272224,17.253994553473486,158.91942609317067,77.13413792041088,61.980956720142295,7.606170416858035,207.52916563657635,1,4.070054016974877,0,5,1
56.41837969550515,21.760345102919906,100.81370962377878,77.48818382326726,117.62854630861528,7.535849720706618,173.83309770436404,0,2.5123832782064124,1,0,0
56.10862231837572,36.756797251049655,166.27371058756935,90.57665769397337,101.51932322085594,6.231881133629058,226.58302943532456,0,1.7221165836517383,0,6,2
57.327769945273005,30.71060555693347,113.9779878080496,68.79541085300379,359.7297732024988,5.153076827013198,175.9620528743632,0,3.3822256929245795,0,6,0
60.0097506840291,24.307922379295128,91.48274357339399,85.20806437264687,119.70871311005382,8.510255693311105,291.94302623991837,1,2.9515990584354004,1,0,0
24.596606556893242,27.5627468852076,113.07944441951695,76.50225370938973,190.19583970198929,7.2275707723466205,200.83980471343702,0,4.8978224558036425,0,2,0
47.262302720562005,28.572801700409187,55.0,93.89879819738519,44.85676016487374,5.6520092223291325,160.49082249037878,1,1.514209893832241,1,1,0
23.65726916163684,32.5465334815409,123.77309981640975,91.4906974316729,126.61638299105662,7.908582616333294,167.59501288387668,0,6.233443200737566,0,0,1
52.46877904837134,21.029551328276657,122.04582831044445,78.3637516551112,56.25369878157481,5.557269301689086,248.60805765853544,1,5.03964310674399,0,0,0
51.93977136108351,23.87477973731248,156.86599612917888,72.85260854780728,116.37925426780458,7.892844083826388,189.45223731069873,0,2.6743621915885694,1,0,1
65.59191957226584,30.00125665174864,61.97932752058172,82.07927091615346,140.80052312661232,7.97394150726139,153.1769753024612,1,5.876513436220192,0,1,0
67.43924710537458,27.950909807275025,168.66532263022418,73.834599674474,92.96512463818442,5.094220673982733,237.44108439085514,0,1.7469950479083636,0,0,1
54.636075627280775,31.645225504501905,156.72097532491796,96.16368527174002,430.3381905805649,6.898109963625153,189.20819226443285,0,3.3289436638643655,0,0,2
45.495305993840304,21.737709314522213,171.8215247294532,76.94164093812414,,7.138628844753595,229.82994142253534,1,0.9576463174885537,0,0,0
58.30709446309459,,126.1547518398552,71.13228840984596,193.4500107408581,9.337891039503598,240.55150897493283,0,5.954510810082256,0,0,0
45.137070714783924,34.5037099065761,163.48638919359644,70.4846189671129,147.9087745245041,5.309238658839372,215.4296144747247,0,0.3641810990704353,0,0,0
51.98189553123646,31.17750200932106,76.50645877825832,61.44357297761551,283.15492948478294,7.919051932392595,296.04448103604267,1,0.6952932859805476,0,2,0
64.81977212048999,29.265114568688755,152.95666478215867,82.67870953711987,35.36701573821858,6.220815221640265,139.4597852685375,1,1.9844590287020742,0,0,0
44.74897250213749,27.972640185887162,101.00930332650191,66.15986556832597,219.31163233144105,4.7103629797033175,173.91789713967128,0,5.115717879481858,0,6,0
62.473822310152514,23.90831865975674,70.20093586519724,89.17777902625296,47.25227814708479,6.056015396198855,195.27389982504963,1,4.527751817726217,0,0,0
60.80621779299993,28.104007741581164,88.65508186424738,60.48477935198112,62.364065926427756,6.202957713319648,290.92459408710863,0,3.1952810051665708,0,1,0
39.58770637729932,35.428382190842235,128.19358985202447,77.526897387679,129.63395641443435,4.929331768261654,273.32409386388406,0,4.6302819378676725,0,0,1
64.66062366682621,27.845343213699312,99.14952771238389,89.80268510196944,200.6180352290036,6.574608342621835,253.97025296096882,1,2.8153380404621613,0,2,0
61.081362489829566,,141.162573609353,50.17303522451637,,7.349371106598298,174.8232902516554,0,3.675886046828794,1,0,0
53.325036535844546,25.792641011790376,64.71168557485939,100.21918652550623,64.49937280750125,6.485840784874415,179.25443988872368,0,5.642761721049785,1,0,0
42.08979504564052,29.604676635017615,55.0,70.89657763362268,95.89036594479693,5.549787092744149,173.51471866466275,0,2.605409802873259,1,0,0
40.83032175851759,26.445673015505342,176.03356019502516,77.69314458594567,79.73206031070542,6.021833517911641,175.22977825445102,1,1.7738038067652702,0,0,1
45.01038650026071,31.169168056847273,159.6330045290502,82.85739070619613,,6.194547971847859,261.72277507648704,0,3.752594742923185,0,4,0
59.05372802279548,31.375640684119666,91.27461074301674,84.71354867338664,600.0,,195.73684931095795,0,4.184438891986481,0,0,0
39.57687282378183,33.389407492225565,127.89501247853111,79.28660725911618,118.1988210672699,7.531796914688037,200.7630697435302,1,3.176716379432446,0,2,0
57.68765923205831,36.32957709745768,163.68274710704634,87.96861500447642,55.80882357802881,6.526327704063307,234.4266979030904,1,4.605410101929652,1,1,1
35.8571781245809,33.977222984047984,142.6720212901712,82.22884855506175,38.74800441149026,4.516764045644347,141.78593698670898,0,2.677985382026381,0,0,1
49.347108402294964,23.361685147186222,133.18780836642173,97.13057368038764,72.8494240398618,5.52521471361357,207.00054120822728,1,3.2040736153335874,1,3,0
53.42542080946211,23.530560543830504,166.3303928459409,82.26793051425517,48.84476678065987,6.399225261075964,163.318874310429,0,3.5993198121017755,0,3,1
83.78669188576592,28.083256879470966,102.42506336795728,99.57562623859704,121.96291646364756,7.5489493819449365,193.8122330187839,0,3.4597776608599116,0,0,1
34.09489647823523,26.01853553518322,129.09124570326202,86.81294608285187,120.73809959412793,7.757415729843862,182.71601362954993,0,5.581234606862159,0,0,0
71.13618936437173,22.239203001714813,127.37529765976629,54.33099849078085,66.60304767525385,8.329622409904946,180.75673165081224,0,3.591290000000532,1,1,0
53.94795138183464,26.07069513204853,118.45332833151352,107.3332321406541,327.02297530143215,6.356737277095166,213.57210865484186,1,2.5137565841258382,0,0,1
57.34523493420752,25.890178865095287,114.35680710027367,69.10787069827337,55.799723424473875,7.115971010602992,213.40610929091542,0,3.8447707223856185,0,3,0
53.538522874046656,24.804837431313366,130.55038832399717,93.94652818242082,83.27758923627111,4.454646158716437,196.64681760910855,1,4.614161344432202,0,0,0
57.78144863653803,26.76315782614747,129.20426235949347,76.32152131743327,136.35549417946228,6.71585788779378,219.08600503366392,0,4.238776706430073,1,0,0
50.00209364329377,34.98147967675082,91.3050325112916,88.73308309123095,160.71704772510878,4.9096830782469665,171.99264744756513,0,4.150092113860766,0,1,0
70.90265235894695,29.595809226870816,156.06285684651567,67.73825306961047,206.48637081630008,6.1249529650943,230.90026302349824,0,0.6031197703775444,1,1,0
46.065875125078605,42.09494991830508,93.82651772818096,83.50893451707506,118.90589496784814,9.83580606664657,197.16443715801097,0,0.0,0,1,2
66.71904943833022,29.437795023108073,120.36182944084891,72.96171345526713,178.19936040673312,6.5642650834285154,186.62078463875991,1,5.0404232617929985,0,0,0
43.6232274372307,26.904638243345115,117.6651834547982,94.94803733907867,58.41013144950988,5.163424136983606,174.79916515528672,1,3.7021719139298113,0,0,0
51.21672599678327,28.522730854601765,140.53362644307256,81.26401800900412,163.45912262590576,6.689346807149486,195.8268965022661,1,2.965476133415568,0,2,1
38.06448682022715,29.91070588143947,55.0,87.2313116956188,162.04654648300513,5.579509776092775,276.08429176014505,1,4.110900844448247,0,2,0
57.915308364517756,30.89389676444085,159.18184352253104,50.03107754232316,240.612079717535,5.047107064210939,202.59407673610158,0,6.083695897065462,0,0,1
70.78663744004494,39.92191229222463,104.30533783357426,74.9731278425365,30.42687534855397,8.7237674400686,161.5126656265493,0,5.261649865354256,0,2,1
50.9943696623289,23.850737442623373,170.6987153171969,80.92661962069955,49.905970514518025,7.480174431520103,239.91512453783176,0,4.5395529164831325,1,0,0
49.44048591684918,33.224753319977545,111.2642276419346,78.68337887727648,153.67673924600808,6.614643949994894,187.06671943991336,1,1.5812389874677704,0,3,0
37.509979480116954,29.64262828687768,126.29047449930964,87.5338865646142,16.061462327784568,5.72981205170295,215.78284216539387,0,1.789134715248198,0,0,0
49.019195503819994,19.858962415861605,194.98251140239483,71.60914905835054,123.91721024325393,5.827052620433361,181.98489908379003,0,0.0,0,0,2
31.29367462362014,32.7388433015212,118.2931626922216,76.58544526041557,179.23226714697057,8.05097824021298,253.66938601344046,1,4.013621558215872,0,0,1
40.132586172655245,35.471929584421474,171.35974596357107,90.1747211729799,61.878065272691984,6.567893045197482,182.55112924745336,0,4.773803515937866,1,3,1
54.94821859941876,23.785529779224134,129.3665779947596,48.65573195865572,68.04615127978178,3.5,258.11860318594637,0,4.904284873906419,0,0,0
69.14717157063815,28.45086372659416,142.53965906027213,83.0722060196601,44.77367676954042,9.105126218790605,165.1280977879061,0,4.080688754042841,1,0,1
88.51974119598354,19.01055155895763,130.4485506293981,71.99338208807737,64.12305954362778,6.419674828366742,193.86955734281176,0,2.753493026836298,1,0,0
44.37439389407829,21.576564471736148,157.67480692050435,65.05218250535654,65.34233515494934,6.612042806881781,258.19983986445766,0,2.09715606094377,0,4,1
70.65890203639071,34.26416267689489,104.0063935501432,80.03853069131176,57.7407314372201,7.504033776121756,211.39062054169088,1,1.6794163262547759,1,5,0
55.16878224522142,25.93470921695911,93.55830169432852,90.72941556170386,55.71886922192296,6.758483392773904,291.315705788614,1,2.7385202413356815,0,3,1
50.03378059229711,22.401583637840783,105.64983333680424,88.46972597781017,75.46406329962647,7.096290341260172,194.77266292895536,0,1.435477993765682,0,1,0
57.62372787243998,29.762032004521362,131.4898631713432,74.37864362912046,74.87288920752627,5.69153183916209,214.76762841250562,1,5.809526504013739,0,0,0
52.804914287839466,25.626731627129374,120.27134250573847,86.50889156513138,304.2943243518875,4.724245611240336,277.3956723378551,1,0.9162055150950388,1,3,0
53.43514443295884,25.910480882234552,152.85962067649118,86.41681478135013,69.65742697196126,6.536279337767836,147.4709177637938,1,2.684714756977243,0,0,0
46.6916688832533,32.56629314121197,173.6656094937532,74.951544754082,112.56235230895666,7.917937582729508,142.76549873910156,1,0.0,1,3,1
33.824574422614944,22.110466525861092,93.8456581967747,67.68303337614151,61.85764780979275,5.422636929940259,174.7706892660425,1,3.474487778076904,0,2,0
31.93287236721294,23.52049133024992,102.31179229351235,68.37719162653204,61.34860398905023,5.326371206216269,235.90816219998638,0,2.9961860643885916,0,0,0
60.49218348265595,29.34743995681878,77.73162035905011,86.05424018641764,29.7244167485262,7.665223112455925,143.82565503338634,0,2.429135434176737,1,0,0
48.402898828885725,33.83175384911513,199.06305467656864,75.49423823544771,32.4085283633602,5.651305753830691,227.68786414935676,0,1.5075467743519138,0,0,2
44.25084430446984,35.30988165819417,138.66343246926394,63.44581336323294,41.06929609035469,5.7073281033987175,225.01485439057794,0,3.003938936940186,0,2,1
52.110573147401,24.842160538011072,144.79308120180522,55.781645973890505,101.41414849418548,5.75222687246451,281.5468288616744,1,2.1288625759772195,1,0,0
62.33411928790316,33.65557331805806,81.09270652391331,85.98197742515656,181.149479905358,6.1220228228114255,244.72842716947014,1,2.7810113770133293,0,1,0
54.34473125934318,,127.9590503847594,69.43865893282931,28.176202194359266,4.311634284917554,218.83390902491547,0,6.131888003068788,1,3,0
43.47128582366742,38.5441514079874,145.823679454458,79.96465306787178,62.98582804714716,5.5527918649500485,256.64705153581247,1,3.2754835454281106,1,0,0
67.94180842343634,22.264259360191495,119.15348083129513,90.87648288482949,37.01527662736068,6.476441622967666,225.47834976236493,1,3.8525875327584522,0,0,0
72.52941153876122,35.80663345935452,165.6496968689238,60.29290627775818,75.79479017937764,6.467885523409795,187.51733792416633,0,2.2568563589112083,0,1,1
58.42923651919709,24.88932641249702,208.91408939749903,75.45835143384586,181.10189727702192,7.589591663095504,161.50498047214325,1,1.7449031845203806,1,2,1
64.65762564747317,39.5728555013703,94.85280105171168,73.95167024537356,67.31183726919039,8.407270666633766,183.36410705966293,0,2.9632676584821636,1,0,0
68.14547995857954,31.752264008688662,92.22694639081561,80.55691450753552,87.26274617693004,8.014980135997284,203.47719276720952,0,7.006281607763559,0,0,0
66.69129111325867,22.91190908825478,97.27853770649982,90.86991998104521,231.76133830758667,7.297582860888721,211.65069940328493,0,2.540115688169663,0,0,0
59.98328930246411,25.627688362516214,184.21697060057716,60.0465782240511,121.20038802547442,6.021518491079351,123.86256727270317,1,3.578300485383716,0,2,2
59.77851161197348,32.79649662873058,164.48243609603895,82.8375753844692,54.912991729770745,5.452317116051744,196.6567072728882,0,1.6745623758551358,0,1,2
58.75558745350453,34.28954429688559,123.2565263772223,88.37828529992441,99.79365519774012,6.221454119010082,206.0861072428789,0,0.0,0,4,0
37.734610230888435,28.111064245515454,129.2795882540306,73.7634752325186,52.55723745290376,6.902694523727478,225.80642290543395,1,1.7362698689093503,0,3,0
61.109401039174614,,99.42097308311475,74.35063608528252,118.28807686284829,7.186325357894802,266.8184335352413,1,6.809135243766018,0,1,1
34.37441837535479,,159.15095052101145,81.02139242781907,125.81099869815152,6.947702880219021,212.05483434692025,0,3.9526244715596257,0,7,1
41.67020708337429,29.22489134855951,114.70343615620062,80.13780493467746,37.00880528497334,6.054589434348737,170.4366107025867,0,5.625478721685523,1,0,0
68.94634588150514,21.385723273638934,118.89732111907503,82.98823128840547,100.85227189681561,7.144234687810714,135.91298342314406,1,2.4436444241088386,0,2,1
62.92286211502457,24.028642864479007,149.307642003524,82.7353663168146,83.37821403455824,7.713047006100203,231.10641640827052,1,0.0,0,3,1
71.33617776591622,29.793159687334157,121.42017716708726,64.21633233261218,128.23313552100208,7.256192460881049,171.9746803398583,0,1.2260655944600873,0,1,1
48.4682330120652,35.18515329073732,119.77619022757537,87.88319797245933,154.4986337864729,6.161584333803922,237.9398051321312,0,3.63523961767067,0,3,0
37.020765063402024,37.38790333289126,128.37013219351763,90.00139794628286,122.75026346310383,5.199381568992792,258.1019657821776,0,3.3801821774983214,1,0,0
48.87431643808554,32.78741181424298,155.83743948275767,78.23299472428357,73.90156393854654,5.170919084734271,146.3251588927914,1,2.9833219254748333,0,3,1
53.32640686412746,30.0800991857,185.62725764193416,58.07013632140399,165.0872602142029,5.382538851689382,226.04791723284058,0,2.15160158010189,0,4,1
53.02685331242012,32.61847637290362,148.49201812861287,74.62305152799891,51.02516108784743,6.508490238409916,254.11965159289508,1,4.503545098885191,1,0,1
66.73784622383712,24.832870323862295,156.11599782684934,78.33287052328681,38.147887193609584,6.8237645042667605,243.7234943606507,0,2.1978453215984612,0,0,0
47.30348447495521,27.65722971857982,121.00510782646064,62.264797146558195,11.27821879510525,4.502561218467164,125.33758139740269,1,3.49250699226032,0,0,0
56.576448133438014,23.96728103263288,103.2270747890949,71.67834323707584,85.98888568674188,5.595205869963739,172.56122229783924,0,3.3125250640521657,1,1,0
39.14784705735012,21.631915641107586,150.88951812822904,59.0875673492975,52.762699102355825,6.491942558366473,156.35314078148392,1,2.41039609062046,0,1,0
57.85412461456957,30.334519563999127,133.99342886102,83.28750669983732,116.55346325282471,5.120384107882877,224.89196469558794,0,1.5899263183366985,0,0,1
52.04041115241328,29.52032318621609,78.20799729375878,77.99146377882461,24.990902638971857,6.720684983671526,220.7064116924489,0,2.316271861243262,0,4,0
42.25242660230127,32.28208866479957,116.51756318010408,56.25060202222907,59.09484007622738,5.831086050900121,102.48010863825624,0,5.997794852316396,0,1,0
48.934218291726914,31.50361506990846,125.09860417814562,80.21757833898377,122.17874667428235,5.331895673996892,193.568398389542,0,4.779916581225885,0,2,1
49.60571529530212,29.83454349228124,110.13397465400324,75.3218926313165,46.081712310045205,6.263846518938677,235.42735355296207,0,4.632621970051165,0,1,0
48.48798331861775,31.561391661226548,179.86074580897446,82.19697139305286,117.42813822688733,6.670736395494921,210.62308766651665,1,1.7416580691602959,1,0,1
75.02743614947988,28.26524297074888,144.79436629157757,71.30161079493487,62.66135961218188,5.181765302876087,210.55814294099474,1,0.6996971632529765,0,3,1
50.72020196999757,30.770902673723203,176.06112212610267,66.3822471910837,88.10103395041003,5.908865144223143,191.130239904689,0,4.754390745213793,0,0,1
48.82935056769461,24.50620578522502,137.2198841578256,66.74986448250633,132.5105645235744,6.76121405276853,164.7602442391622,0,4.447627616719911,1,0,1
24.733137551068157,30.533382591015215,130.8485742748777,69.54195740141914,167.18947253404795,5.285491780019879,204.35187869216162,0,3.2195983626920834,1,0,0
40.375304424266794,32.17629726907305,95.21907638364128,76.22590115897256,95.57676414977986,4.210691791491318,206.97955114693474,1,2.4071361798664626,1,0,0
48.58004548206741,24.816752145602884,128.41753366187984,77.7755015850975,53.0217909291073,4.356111385172295,228.3796717726523,0,0.6576885532239491,0,0,0
43.08391520970365,28.785076544460658,128.45688739864042,73.71136146630276,66.82547765066948,5.698338963131636,231.46699712322754,0,4.3878407110056035,0,0,0
69.96219871391136,25.070186197038524,80.15101405880185,70.92016541204177,136.15999884423627,4.617898068433834,208.26273392820318,0,4.897816183945455,0,0,0
49.85580891984916,25.60421316916137,109.11653855803618,71.78316078393422,46.33950518701065,5.782733725788505,246.6065178542236,0,1.9134521144140886,0,7,0
68.74977524113729,22.312888546938147,116.68510905192731,106.09269742608319,80.16334636328132,8.197931421407215,190.7528626108407,1,1.7798406388166033,0,0,0
52.802160242654786,35.46176208841605,142.47178404195026,66.7512981820215,70.03429190100611,4.545681934773582,150.12706634457012,0,4.985699080014085,0,0,0
52.483961873480496,34.36126846096026,144.14725391949972,69.3043358974457,84.15198516703026,5.8608741782267595,223.1280394378918,0,1.973016859370429,0,0,1
50.845646179737486,31.455886198250354,107.65385313121783,115.52624930041779,46.7014879624473,8.758765465125661,209.80242306679168,1,5.8464963325702115,0,0,1
52.04935127107897,39.347077735690974,144.41043608896598,81.05215962952663,27.005642925073406,6.689756099570852,223.88339759583482,0,2.825517187414864,1,0,1
74.34433503964817,27.459148668873844,121.62723747280191,59.44023200915565,126.25357324732192,5.758732055029281,156.95084876524874,1,2.3815012690133606,0,1,0
21.845060552234163,45.17469328310849,55.0,86.11224644772716,168.42576612515705,6.011740838576914,273.0502513672197,0,3.0721728019414347,0,2,0
25.979905322297174,27.248588215502288,111.03542888169602,65.07953332958623,28.07546176264204,6.715235010071933,231.99909171921837,1,2.3813892250175686,0,0,0
44.93877919627052,29.90356343465809,165.76460240498324,86.90873809366117,114.38977263805837,8.234926316752928,194.0561181420332,1,4.801939818156291,0,2,1
52.18886246518839,26.312221473328854,69.13679851803121,73.46845264755183,181.9766832720418,5.562975671027309,169.45278045334348,0,4.417296223320619,0,0,0
60.97135752193216,30.54779058033168,131.94419201454392,70.72244980612712,132.57544117090382,5.290867660534061,245.93182959642547,1,4.740970068401331,0,2,1
58.15013357435718,33.09588210337434,183.48414249648505,95.30997962593099,68.64676816978486,4.545429520663728,163.13274828157347,0,3.2952315851105003,0,1,0
47.00480313255259,27.87345983820804,101.37854664463318,82.79681623191094,48.74180252602876,6.323715239011765,290.93186334209867,0,2.269832802706619,0,0,0
65.2475680121429,38.27195915914692,128.075217814969,87.67587324939049,94.86410766526977,4.513175156218505,181.69821228382543,1,2.9854975881156274,0,0,0
65.3925402409855,29.815321065484035,82.35943099702276,81.21903615423936,105.72802115853045,5.643460850213847,270.3791981550132,1,2.3188851334875613,0,2,0
54.39275180653035,29.987669623606095,184.953089958225,70.66666571448282,95.78293643637024,5.109579870667577,197.9899961672368,0,5.346554421092735,0,0,1
64.51454844232893,23.500512680174552,125.0833580551185,83.3362530430985,80.05566144114532,7.488948212280927,265.06837493517173,0,4.603637958077762,1,0,1
55.54438842461767,30.801744910027114,129.63193949779063,90.51058471221353,44.526568219254685,5.589924335159833,177.07499674059238,0,2.8535630930284643,1,1,1
44.700720651822515,27.762850285548488,175.40051629269678,77.61685652221064,118.45783324807867,6.676316393606739,205.7157823847746,1,1.5176400691659666,0,1,1
61.07161890700006,25.154681488644922,151.15174381259183,97.61971125215807,122.22518128845239,4.275089597973725,235.58047454648153,1,5.4653435011261084,0,0,1
53.43797059352281,24.229390755184,97.35299436261411,86.2058464384229,102.54934033509089,6.357808345343415,230.15893119444127,0,3.218694616870881,1,3,0
52.01741800780833,43.194698588661765,105.34527265694395,78.54379059725935,96.73309032447334,4.756207632967102,246.82894967899958,1,2.791732063685225,0,0,1
71.14839643846446,27.050875124015306,145.32259565831546,79.01783837221382,268.08975666395145,5.6892218000841694,186.47605963754054,0,5.479444351550333,0,0,1
20.138662328978874,20.486580185703026,106.1557630727971,77.64684554761149,59.97713824473291,8.853443089107468,208.22271816829283,1,2.1840818985950916,0,2,0
33.5701057879256,,55.0,60.985134572860105,207.00490397331475,7.31860925268906,252.4387658879267,1,2.4897169578727443,0,1,0
36.56808445713319,28.216376882880827,126.13657204763227,74.91913365029674,55.85135381040306,6.045904900602432,178.20029093467986,1,2.6307856825987765,1,3,0
47.27761158160553,31.506668679390668,76.19255686063167,78.65423782409401,185.05027459955872,10.038730291739835,226.75656032249927,0,0.893489325373054,0,2,2
48.69009379304161,31.551380869489225,184.5698613747304,71.00697854480165,200.63725535146577,5.101790371552019,196.6719108884455,0,3.505176584681517,1,2,1
32.40476657895039,32.22138003477089,134.18756732171033,80.05212422445634,74.39036182757566,7.598259658490434,212.823216050139,0,1.7802484085144785,1,2,0
39.19294557995926,24.953268313494686,96.31887301397487,76.25568988426133,264.9220562780844,4.3607906517834625,208.21290822374903,1,2.0868452283022036,1,3,0
40.809058179193585,30.3724224392585,103.54786548681412,85.28430269318523,122.08078487670466,5.907292690822463,175.04524027017135,1,1.8729032329573376,0,0,0
83.94651319698659,23.681672947391817,61.871084424412786,83.95734857278877,50.8857326955914,4.582652299783327,195.09365869934697,0,2.06068767471369,1,2,0
75.4226453207129,25.091963593422935,89.51883396268238,78.00583945101809,70.57019470039616,6.50873109810905,210.50742557891482,0,1.6577368575746967,0,0,0
46.64725757009956,23.452600640248573,163.57131208892446,59.59344530437602,,6.267164304294508,201.0964880489391,0,3.3955426841919545,1,2,1
47.27341722601162,21.963861299709517,206.1125150922337,97.48867286417405,163.98938933431123,5.830802240979702,264.7639660921811,0,2.751051052022857,0,0,2
37.06034803655218,34.35315218871905,153.42387796196354,74.29730801714628,45.244603774557774,7.510468430151568,243.37831115902173,0,3.076813021132985,0,0,0
27.19430462807153,32.287364355383886,124.77851114826397,75.02936255565842,82.21127165404278,5.519481232396652,216.01925894275286,0,6.766060922339701,0,5,0
50.480557576689186,33.87165953487971,112.88142185211292,71.88974981560735,102.72952969356473,6.592222097368789,176.00044505665892,1,2.751102110241284,0,2,1
39.02792421782767,28.71622186313363,94.52264652482732,70.13906012721357,64.70682529928006,7.1846659283256065,173.68712250787777,0,3.9679161955781863,0,0,0
50.896943088393876,32.77244234375831,200.09180647689092,94.52869657600628,416.7053971731159,4.4201345493245805,280.0048193406556,1,4.149999358937566,0,0,2
31.197323962434794,18.812908274466004,121.39379543474688,92.63253184463295,104.76199924888232,5.30190278999074,166.62435342925662,0,2.8994294010171617,0,2,0
42.09433204196665,33.24698134924945,202.04704405218763,81.33272084293205,86.45566560979721,6.264633160779001,209.32666548971991,0,3.4380786104720613,0,2,2
53.9321522389368,29.474159065027667,176.77318283635213,74.7099981468313,195.16841433897673,6.956184103313983,218.71605114524982,1,3.033117104419881,0,0,2
56.760724771191185,31.949102800820413,67.07212490288043,83.42941582016503,70.98161307195322,7.90548531910584,193.16970124363436,1,3.324093433138365,0,0,0
57.42713546364619,30.590128144767373,104.69166614842479,76.88556378123248,173.2330187220051,5.940944241526496,166.91625694606034,0,2.0615731370429806,0,0,0
34.833643205958516,23.071196650047124,104.58342065391622,73.71732498012281,30.44079389187902,5.820234748820139,175.1739277177535,1,2.2092619046722817,0,0,0
63.1109144917623,20.260781235349242,125.20537725629912,80.05727105807597,67.01621065970807,5.152884763743604,184.23280991244692,0,3.027075605252922,0,0,0
41.59724794417595,24.583702085993703,125.88900114101862,70.70610703665466,177.98609731600615,6.5959809106124405,178.0392709742844,0,0.0,0,1,0
60.22715288989498,31.607045047001016,232.868368338935,79.02717116804119,249.7444484151286,5.843458911562291,255.45337494087536,1,5.39371646362452,0,4,2
51.86169720396349,32.29550278346468,90.29702439338345,78.45065110745962,,5.871161284609138,204.65321224804012,1,6.457372828798608,0,0,0
34.10696251198668,20.976317474399757,136.01394774825366,83.2352322550951,50.472347234403856,6.08733379293379,185.09555815639072,0,3.2725604158795427,1,0,0
47.889429840444556,23.10395347892482,149.5777709863731,68.5703565102927,,6.861953674508407,209.0644056669538,1,4.064750683601607,0,0,0
56.74972864682898,24.522203727325383,127.94497984357814,84.5216362345185,60.029591879628455,5.523523336184887,230.38232440120674,1,4.729692272080794,0,0,0
59.96854994616979,26.534822168532514,131.85632022234753,65.12426208459394,75.58319905679802,5.273410293309315,191.90445116981198,0,0.8805284166747698,0,0,0
50.167157333222555,21.00872043031041,91.43168869926944,69.12920018054514,159.09045445591323,6.718069023360924,239.27528921668477,0,4.485244712455078,1,0,0
71.91312557781369,20.67871528622927,131.72701681109388,69.65289929025107,63.18982253086839,3.5,156.69642257445076,0,2.3176963289052397,0,0,0
65.09764002282526,23.979905869758454,145.89896486610303,63.13537873151586,25.085322943756236,5.475586191605977,249.50953802042372,1,6.66515876770695,0,0,0
48.66349648680321,28.97439609923753,139.4660204494895,88.18794740062795,38.632920944359434,4.818428600711163,204.6598110886556,1,2.6987846880020885,0,3,0
61.75158355778028,22.006731131355803,147.9570316369232,64.37137028572243,90.58429023492621,,203.17553063343433,0,4.453091557074656,0,2,0
77.13931530744642,27.863080695155286,177.4412765222681,67.61300395111994,26.804897780490446,5.670880684948524,178.6654556703356,0,2.714539311423787,0,0,2
77.48629981017935,34.32204048877998,160.79382896700196,91.06489252583971,74.19193110815276,5.527140661679323,158.3416950404903,0,6.514708410128716,1,0,1
36.036001549307535,21.340211444225694,130.4953114724103,69.1530075777562,36.41376763171532,6.141653017696071,141.66646643901515,0,2.1802396527377517,1,7,0
39.95506955495704,27.364548328742032,86.98845768408528,73.74228777834284,261.3263540261033,5.4855530858421035,176.01448657990812,1,4.8641420597238225,0,0,0
71.30394422754006,34.13616203562925,106.99981538511082,63.85565198900157,367.6577053944909,5.716822210215758,227.3315823828894,0,4.002684611923114,0,0,1
38.24234633911072,26.19952385299905,120.31290968289046,85.99541449147222,45.23999559181466,6.316532492507796,168.47141995242285,0,3.6468959386626567,0,2,0
34.80696526720817,25.344816700278695,136.83210409695064,86.16083493029278,106.34651929682741,5.693551478592479,146.15896894247626,0,3.366411841671636,1,1,0
45.67947630091239,34.899226978685604,111.25835334752117,84.86735084948137,48.209073225401674,5.684939057273556,170.45551818816412,1,1.9327799716850191,1,1,1
57.462947223169614,26.815888565656486,95.2493380285477,82.45035793832733,73.60805988121973,4.98781079154643,190.37633393483603,1,0.0,0,0,0
50.66884281405575,34.574722638630625,86.4130458807882,76.88306933223372,290.6339970638621,4.815459511375363,191.8709535388306,1,4.719027373538584,0,0,0
43.54267293472731,30.859309651199595,70.20877843305641,69.70747999674418,66.45081927698793,6.272764277108337,200.10206948677495,0,2.217857423449145,0,0,0
43.23523799758138,26.614354408995897,119.7767253678901,66.22036832000775,74.7302766460356,6.567920611742987,244.23904114997137,1,4.8713602298912475,1,0,1
42.739618162634784,31.138297918286415,76.56170952753932,91.47886632114005,48.77245206655601,4.486212027459261,252.47166864747658,1,3.562716428665064,0,1,0
40.56637482743375,30.26247232615321,92.98160105449128,85.17765126071907,189.58410763407957,7.111929698457017,281.20757520479424,1,4.9204108496321926,0,0,0
81.6612274045888,34.11485551551361,114.21343445044941,67.68034927359491,10.790717930270803,7.116857167789697,143.2535219654544,0,4.283028032175158,0,0,0
55.86764392541222,25.4840995417424,81.24289417129981,76.47798121867761,67.49080803422058,7.369626965934348,172.47641102721929,1,0.0,0,0,0
63.5278677072616,28.72663336729891,141.2913265974544,,87.35529990908184,6.559866901688717,231.54243596827067,0,3.9838329859967954,1,0,0
45.64199291445399,28.161663762174495,153.90780722619905,62.461471531531,58.56336942114318,6.964498520346796,187.74681381004905,0,2.4501192230168254,0,0,1
49.58256319658136,32.37281477901882,108.77005430786105,78.13181651945563,157.76620947710924,8.822031013493987,237.70988585427082,1,4.864017899629082,0,2,1
42.72379824218538,22.861514430557033,112.70404423364994,71.01408802912965,196.59138855773222,5.838174078947248,212.87031034436342,0,3.9459319922188794,0,0,0
18.0,34.09337376530821,146.8100419548677,64.56956000445177,35.94478413376827,4.945170198932532,265.00975998139836,1,3.9647504607449715,0,2,0
34.08587940097774,31.06480824693729,103.01017159678624,58.25040935029885,350.9262176630484,4.3591281401342465,244.62321232944208,1,2.5644115268667993,0,0,0
28.46195716025487,21.256912095018794,100.60431309409466,57.234357997531944,35.683608386268965,8.30680871627878,245.3186318092413,1,1.5398300926275337,1,0,0
22.752810886629103,35.14544554014275,169.87744673652017,71.54288646766433,207.97536047290015,8.32254471043839,189.34887886963955,0,2.307380865647159,0,5,1
36.46033333412466,40.78751194438752,158.94657085494754,74.97886035490102,99.2059184572399,5.090480309678924,201.29648785320566,1,0.12017238155048204,0,1,1
69.2244238319612,34.01008683252174,149.05425008203719,65.4963902780522,64.87121243041847,5.327215024785732,193.40036861244047,1,2.055450024725367,0,0,2
51.42232981984339,36.34841621974558,160.39756174879324,83.80887313188673,68.97341676171838,5.811210754962594,147.77609854130355,0,0.6573454407369081,0,0,1
68.77732891017527,28.969542598814236,58.7952446121423,75.21344149860445,88.0607006146154,7.66910824657518,260.9272317088303,0,0.6996147139875029,1,1,0
57.34277349971138,19.361722941438195,175.38424413775874,82.9226237271838,103.05690181991746,4.6552373618236285,233.32471773604206,0,3.1863661555619354,0,2,0
62.17326473429707,18.357337518578614,141.722174080431,,49.486966998074486,3.84005657013335,191.88896928492437,0,3.854478303206337,1,0,0
40.288339061040524,29.90295124127267,163.3773484402007,66.55458837751473,,8.801017371874593,254.57451528347897,1,2.949130431719655,0,0,1
58.81136240450472,25.24411655748511,141.5506622690727,77.36941085366337,54.536616334824934,6.574847944304091,181.0460294236081,0,2.201935204258557,1,0,0
61.473285042966495,23.469830469199568,129.71236886380547,60.84790585578013,40.85492911237029,6.7452959671022725,135.15089019869953,1,1.4841469404177188,0,2,0
44.50358520096199,28.154893238172285,118.36417756732808,82.47326224763978,52.908132670618045,5.953872793760008,243.28005060995736,0,2.492491212216463,0,4,1
59.27402481801016,31.885719083237085,140.8500531910172,64.7542095218424,42.62010793135532,6.758941908461629,156.4147111415921,0,1.6844431340356065,0,0,1
59.360440861472824,20.50983349280819,117.08882318834068,87.01879031840139,68.49145390968735,4.382952939990817,197.56053230628862,1,2.899470812605902,1,0,0
44.855815925308924,26.031173088457884,158.37566350227894,71.93853104509702,119.21378082356105,5.190895319767725,212.8326755497829,0,0.5655491614737507,0,0,1
37.40401038047706,36.804288757161736,72.47401744067298,88.750402195719,97.34597648379378,6.326189461427127,219.64768310007295,1,4.122108125129165,1,1,0
36.60633168532246,22.585913908782437,109.04484483720029,62.52852173694022,324.7753703339633,3.5,237.23924013574424,0,2.0927502046788926,0,2,0
53.124572044979004,33.28368652940726,199.56881369668264,67.86676359125416,21.391961303035032,5.836978863422925,227.07235419816547,0,3.6020110404517416,0,1,2
56.25112829426109,25.833980811480533,106.08718377496626,80.57121936218284,122.10499609878296,5.763002755598712,225.89591600935702,0,4.4195551930099075,0,1,0
41.69716420404711,31.501865679174742,119.64606969277827,90.04596512112106,90.37636872999403,5.8367717216595665,174.95143228185333,1,3.5245934110896,0,0,0
52.34560943723928,34.535301289615774,97.10966733274734,95.99930689977907,152.93230811527954,5.538701830614823,216.18125517617096,0,4.278602863356932,0,0,0
59.41698146980031,32.57704971841762,139.75459855100382,76.49639396417048,143.38195065620235,5.004929688950604,147.789101138096,1,0.0,0,0,0
60.03647929064891,33.50037781217632,102.23072884502318,98.05294756944107,80.84752980499061,4.013561779674896,264.3612325412075,1,2.2114293380737817,0,0,0
72.17444156159235,22.16623556625624,121.50361728175325,72.52402540209484,100.68864226085358,6.373696456600895,151.7025366949075,0,4.764922666862534,0,0,0
68.60075081857457,34.62512838707714,157.71032876122746,89.18521146835567,55.48788351833509,5.839851215844508,191.8352861272589,0,3.8147672613059544,1,3,2
38.983211374164924,23.81018786950849,103.54328034148145,64.69382803648834,134.11553861433396,4.549662144117587,154.88277891698223,0,5.95754122488234,0,0,0
73.8866207239943,29.92747971064346,155.60138917428273,81.04240608235905,26.53700665709915,6.275040095400525,177.25368113710522,1,5.727008767947227,0,0,1
45.097305440775706,29.92035402848475,156.7780260446125,47.89968350972265,149.1193296347896,5.846059765912753,205.51027978641793,0,3.479347415121019,0,3,1
65.58334656190756,31.168174073782694,164.9234633151753,62.54090786016251,88.6545123162009,5.6467712580054625,184.90719225639194,0,2.5968342097843093,0,0,0
52.883826138664155,30.353261718331048,132.9189348221314,81.60012157696917,65.57662759085369,3.6117261358310597,248.48135780953362,0,1.4664980590928165,0,0,0
46.64205808005942,23.85904511811402,241.44406769418748,60.25073377359372,77.37495045565302,7.019321014769472,213.62223860658625,0,2.2387062951436043,0,0,2
28.499940822925875,21.07572923237356,164.90867937897286,81.12339532947021,,4.720338751869044,187.40943028931346,1,2.346804946417014,1,2,0
49.769661367187474,33.297917739789725,139.37071685423894,86.87749744974836,209.15113291724757,6.2759243058094905,199.92388666098623,0,2.050801292189256,0,0,1
31.728017941027083,29.522090176354034,97.34264550713927,69.98415768738066,600.0,5.230077867880769,251.34861736812556,0,1.5306596036143258,0,0,0
64.57489006595604,,124.60293059440507,64.37256453190963,198.88478874311716,5.733528178942418,239.5370935648097,0,3.642522540035272,0,0,0
71.71830454281022,28.253968861966726,177.9214441915012,70.30976060974314,62.32408258850486,7.5827509900998935,161.72670602741437,1,5.714623485027575,0,0,2
41.64015713914303,20.771596016276717,187.8337115469194,64.41025216978977,135.5265898489389,6.8379418409640484,179.13523486269503,1,4.493210829168414,0,1,1
55.92561965275053,33.813713245522585,179.74151851540802,74.78543730380899,139.41758362269147,7.556047935547364,223.0420131100061,0,2.484127906767483,0,0,2
42.56991021389632,26.46296164686391,155.4817307355367,77.22508749865698,49.32619115546623,6.596462593545888,218.4279302690275,0,4.622446156161135,0,0,1
43.82969850822174,30.381019015815617,84.05189277965499,72.32787852283829,39.6578982361245,6.675372301208936,165.08550142684703,1,3.5546413869422113,1,3,0
62.06843115024983,24.938973143362645,145.05066362389846,96.09231088224186,86.37316752600654,4.062633199728587,233.46681039365168,0,2.9348730385010517,0,3,0
51.49900259603564,37.5436594062853,84.55091676814507,67.3671541637563,152.14280891327257,5.818970007360135,171.14678267291697,0,2.835003638964153,0,2,0
74.61542454510315,23.678893466992417,75.93850823167345,92.69719815106374,31.567695279010053,5.93010928178167,254.545417406541,0,2.680095779218778,0,0,0
45.73097777686203,26.64413635241604,136.37055396020335,63.50512916425464,56.32993259828187,7.66839778442237,225.11906793748562,0,4.041705796379633,0,0,1
64.99137232216836,29.09096786483524,146.31198065444127,76.87333083929859,130.5861655345144,5.592524806511686,161.98687087546259,0,3.223472131642274,1,1,0
53.26637436845117,22.49299720102173,159.61819844682816,90.19726490257683,92.474230725649,6.517831410867347,184.89508534439034,0,1.8345235238768158,0,0,2
62.34511412667503,30.317857407231774,145.3997684135133,89.57628582703981,225.96667298261636,,184.2344966479123,0,1.7570366254394372,0,0,1
46.18695045471069,37.36550762607119,146.6055095009962,70.95690522759718,35.96048961949014,7.589210192336873,211.07531540948858,0,3.4894463700506693,0,0,1
51.355735111829425,25.802458116184592,93.53715952526682,82.66083664085615,415.18195796765724,6.03950710123264,197.24887787552535,0,3.6858419450932405,0,0,0
50.49851456911385,30.67328550467449,124.32581603603668,81.0541490039707,33.11924661113637,7.193344338431777,161.47142129149222,0,2.4989877690931452,0,0,0
41.13125750700477,15.0,75.25091250279293,69.52072985688712,24.06728027488235,4.1541618390349715,152.0181524435421,0,1.188791003606009,1,0,0
60.60705994956278,28.285889397333378,57.88208047099316,83.3913992457769,86.6187550950917,4.26317668046727,225.86288670711872,1,5.001544187336211,0,0,0
60.45323707251873,26.778267427405872,153.92249484450758,98.34990606462847,,3.5,215.8770008534382,1,4.661767375243361,0,0,0
59.71621103377237,23.998263186742882,101.64064621731644,81.66040798075157,87.76111216619333,7.143181970160001,209.01042717379121,1,0.0,0,5,0
71.98055350092937,34.44797758295692,158.53744757500687,82.79627654884806,85.78869166313501,7.008400325346483,215.2878106404975,0,5.143332677301649,0,1,1
70.84148241607194,26.705659751068946,166.79216522580134,84.06585973840849,79.24595991444957,7.276193088679139,181.48107239404868,0,2.6656387242671777,0,0,2
47.12571903196124,27.52387382098527,106.32389363818808,58.468280711738316,52.05196254796692,5.387165797152568,211.99170959545546,0,3.303979328043428,0,0,0
56.84968013964432,26.425439188660107,148.66088830943548,81.52269607847546,119.22782630060709,5.523742810958401,301.46321146940215,1,4.8211568960842035,0,0,0
43.893191039643234,17.95751270529208,104.85951449852254,63.79888510193767,73.22526749271755,6.054742828805227,249.63355058839144,0,5.644062058606486,0,0,0
52.30361910948922,22.274074579576713,63.394239388061166,68.9213567116264,184.4155871053213,7.932439163537188,194.04047886352618,0,4.604584456072848,1,2,0
44.20325716145476,33.78601417366119,132.31582915548606,101.94330137426203,80.04329743348632,8.23259375314646,185.11187361015288,1,3.3856487983208945,0,0,1
73.06091401876867,16.895271442160155,111.51941420994838,72.96086068409429,48.07627660012138,7.152570187809635,100.0,0,0.7989749019152024,0,2,0
56.72807595445852,24.28526557711362,112.59688462945039,67.11791074846927,30.048051340243315,6.597223669764201,245.61037781341852,0,0.0,0,0,0
49.16562133464251,26.3015396904063,197.1370091245934,89.83099094681671,80.47435320119978,7.802459237240151,234.89100344344288,0,4.405054302439206,0,1,2
67.5170414341329,38.08992027010361,74.59500560435649,64.62787596589148,39.44182095568308,5.89298905142053,184.3345371674933,1,5.147248553191163,0,6,0
23.78199967265965,32.72732071023003,141.40048973800148,70.63097026972387,37.424832894808986,5.730870163421247,150.59510805066915,1,1.6965682226591232,0,0,0
25.816666266751234,25.435562101207953,93.1817466999337,90.988626015834,126.80581762522914,6.045173455263427,161.09983715879042,0,2.5683520564180324,0,1,0
62.34590251785706,,159.78914932435634,76.51321078369551,28.341414096747457,5.025542756696507,221.88711877421807,1,2.1083745785832724,0,0,0
52.786089825525785,,138.44509326612732,57.26083545848165,225.36816779804658,5.989988762754065,201.60505212082447,0,2.0657598824175945,0,0,0
55.25580190338989,34.05004892053703,141.27705222132147,82.52787537187143,99.84563268901847,4.859110347459272,231.28049666907668,0,4.719937894227145,1,0,1
34.756850656858866,21.026175147423416,94.92886338392091,71.2424094154419,,7.430009382679494,208.28483925799097,1,3.3493970124058277,0,1,0
51.69796175894524,34.402918074840365,101.20442303490867,94.47821783836294,,6.852424869239622,241.7368356204264,1,2.6333147017669294,0,2,0
78.04562233521744,26.26626494990958,160.45376775710602,68.7257566283904,147.91705285268705,7.915474877057391,219.04385533490537,1,7.252032032816596,0,0,2
62.714595057346216,22.843226674823015,189.9779202604647,88.61471168471111,89.83022172324688,4.244860636502973,236.49422444610587,1,0.7049265615879037,0,4,0
54.20618508685656,27.30571012808027,144.81077360284655,97.30837638838857,57.6186818361358,8.482036336306487,125.59203038496638,0,3.876657730393257,0,0,1
46.29229916863581,30.02539298846118,96.59027477299986,65.78868131426115,102.48287619949481,4.313029503447872,158.09486832109653,0,1.321634743724488,0,0,0
46.87055292569788,25.778883632108585,139.86284828617238,73.68144375090169,30.144398684187635,4.762030309900153,191.15463654427015,0,2.7481010048092136,0,0,1
24.320427440399772,31.54674428297428,212.96152155181633,80.66350328973341,31.08878163017393,5.455014143764292,246.02361382620919,0,3.237821415140277,0,0,2
55.349325471975085,25.29353363984763,131.5847983751619,65.71185096934991,43.453383286588945,7.769264830363838,276.4601295905741,0,4.351353151416147,0,0,1
62.9912804102641,31.91204816662247,179.16443007877598,79.24353936049397,112.9564554308685,6.470688196674288,198.75904026929865,0,2.5821089677423643,0,1,1
31.516948746782003,30.9322213412013,102.08847219564508,73.30095654992809,89.8095898811844,5.907404899374114,181.75995757224916,0,2.412883043525053,0,4,1
43.40158040001139,28.164923199106358,126.52698819272646,73.05918914087962,177.97555207068643,5.248847078425808,130.71119531820347,1,2.5534638434983874,0,3,1
36.952959780965514,26.072397281987275,149.68478221439398,,49.49225864928087,4.54887781920716,237.81542303478022,0,1.2720757019181188,0,0,0
39.450434467486076,29.333474376708963,141.90649078920023,76.85517658694278,130.75740898843551,7.5591527884316125,184.09275814260988,0,4.011695683346699,0,0,1
52.6952611486847,31.526395586685346,101.17639619610938,77.96656922891248,83.57912694907266,7.158367113258368,317.4167174356099,1,3.450134993251053,0,4,0
24.902771985149833,39.839895340023844,99.66688900042901,68.81408385451859,48.75609882632163,7.822940452510821,176.9026510386885,1,3.6962698741040803,1,1,0
59.985515698641834,33.66681231989,162.58995410859305,69.33793930780296,115.61430061087752,6.6761817523773495,285.0004536807053,0,2.888731195947071,0,0,2
61.80011590913787,33.86794472398713,169.70427844275508,74.57694893410203,86.21998216555656,3.5,233.43796057632375,1,2.691395264175851,1,2,0
48.73566635552014,45.486817071731565,180.9250245342672,75.46290830517046,59.792617139892876,4.706500480782258,165.92595282578807,1,4.880960541169362,0,0,2
19.750789370200962,,191.13756691385038,,92.49079046063112,6.757845567016051,213.8214639684563,1,4.634858352251225,0,3,2
39.046557861968935,31.165539312214364,132.71168027129087,79.88727570503222,82.73269921525595,5.7563395697167765,234.31246000891772,0,5.263680937895021,0,3,0
68.02772514333506,32.372082908769094,117.10802645189423,54.22285901589764,81.44373598213178,5.529389639686248,196.44041668436984,0,3.596150962393393,0,0,0
18.0,22.950687123264608,175.28468285724642,67.23440489309257,68.82892808282564,4.8761278821325655,236.84334300098735,1,5.164262551448671,0,3,1
47.48219564148425,26.05854099969684,152.95742486480555,72.64086608556575,38.53600966180421,7.337107480897449,236.00637205524907,0,2.334267776447337,0,0,1
36.65998987992563,25.716069033192163,93.6140659466343,65.72661775563274,94.48179691074395,6.747431164897169,227.660863022577,1,2.67863714217387,1,0,0
62.45941392060288,32.061876874707586,91.8227517068381,95.5503761777067,53.41252811854811,6.801429467489747,204.3740120141948,1,4.912161205891138,1,0,0
43.223518622135,27.54203990778341,145.21755704747082,76.22634216069942,46.36736662780211,5.439677301457931,160.35227660636718,1,4.349474461216382,1,0,1
57.25140226956295,29.260228840108667,121.79538684806002,78.12123613871084,76.96530775298223,6.411545310679772,202.08215573194113,1,2.5352793489361654,0,0,0
59.35098544919821,34.481000410816556,127.07495158407559,70.20123150441447,,4.594682088564223,211.69045722120202,1,1.3259868223684625,0,1,2
75.87093591649025,33.247329062872765,165.53866776485683,75.81065295552447,101.54057276947849,6.044206422984568,133.71006690056265,1,2.6736572688120437,1,0,1
49.361754732220184,27.610534483273142,154.56630007447626,61.416958428367195,63.72438089141441,3.5,211.43094200767106,1,1.9042104939567441,0,0,0
56.88857680509395,24.81502696716978,174.54556369464512,73.96219556685912,62.08067399636006,4.318260633038534,201.32155193721456,0,5.75920557198188,0,6,1
32.694278771343335,34.744011024092536,60.39623627693217,64.75589885685093,,5.813225786897586,155.72820931017174,1,4.216065029631602,0,0,0
67.47537632281868,32.75640149500426,136.86892710274202,72.67115698292605,18.952416064135413,9.050141775529918,192.34575715371324,1,1.7745238761811748,0,0,1
42.11338497507226,19.6655874993754,152.31409828390224,45.281001204370035,151.12342896933333,4.039108311890163,193.14983882029665,1,1.3280144629359798,0,2,0
44.71019586685931,26.777653336004455,74.56949501593107,62.46396149867769,,4.707703288952165,278.3435922727499,0,1.7546987619447112,0,1,0
51.71077866696026,29.410335041092193,105.07865255415098,93.567116854172,35.86617066496867,6.460129756031372,213.36449715473995,0,2.1058796184538657,0,2,0
31.682503510581956,32.78356344416567,98.58301931848783,85.96477298929051,64.42726286934206,8.323307487217523,244.36971954995477,1,2.733279369924489,0,0,0
54.974010376076194,,128.75943598709708,91.82847203098278,368.8501128330776,6.442606996385688,200.52301842935535,0,4.7832743854094195,0,6,1
64.57706154802514,30.061483006465103,184.97488890429224,92.65265523605109,,7.042570222764988,133.7911723602668,1,1.4535729738351941,0,0,2
55.80813970546479,31.718861422473708,198.79062916327152,84.07584908997373,142.45507852625735,5.794875499188228,230.5489902552217,0,6.66325959175448,0,3,2
31.344331665676574,28.852752413079845,99.49993564243512,70.56557577545038,113.47269283611271,5.587254093272748,179.98890427567343,0,1.4907196210741525,1,0,0
50.390479173714425,24.793815715006918,146.4295037672751,63.55298864481253,26.824875333929395,6.298621222481308,192.2471950604594,0,0.7455236302486417,0,2,0
61.64637573873338,27.063045849273102,147.55792482498103,89.76093526539637,99.6538295776352,5.410052731248675,164.98709253361213,1,5.701287720517554,0,1,0
27.586146042443197,28.604451526520595,141.56690200301617,76.77481569264869,62.97990348910657,7.0691232064612946,207.7651788290117,0,5.114008959739129,0,0,0
38.02804182036972,28.309264124897755,141.96428721587318,105.92827379658289,52.930228531357756,4.2724737212653,245.47677774165317,1,2.7082419235899438,1,0,0
63.39506685305976,18.129349025560913,138.63098758579648,71.61882428787095,99.52727018391697,7.267984439080201,240.44404812203578,1,3.6101317041992425,0,0,0
55.51124064456472,26.31384165788813,187.06495422822468,99.67475025736576,66.26011710260482,6.247175614763303,265.27520129583627,1,3.6505105905632225,0,0,2
57.3556305676478,28.809131091990334,166.58632800288203,74.11849851165094,158.3573796343396,5.942334957678964,270.6624594022562,0,3.218739885989694,0,0,2
76.17343249910306,26.952465044518643,90.89461358406065,92.0325831671044,25.570493047511867,4.228418527776294,127.2567792501875,0,0.9256327384472431,1,3,0
58.09118612058063,27.14246912468628,155.85023783081922,96.36030084678946,94.4969061542366,5.024253593602556,159.64241868469298,1,0.0,0,0,1
60.55254413563133,31.18395253942523,159.23306810790083,63.72460086183145,50.82541247357372,7.638381767759815,136.288720023591,0,1.6484381082825328,0,3,2
87.23969185383824,22.565735471232514,139.02385505031262,70.18002306050958,68.96136233064357,5.949681202359962,229.0133555948044,0,5.905847058193516,0,0,0
49.22054074482362,19.54576782326834,167.59985296759552,63.604249291617634,109.70740233518754,6.534078159047386,178.6628922156322,1,5.96866160436265,0,2,1
41.62752407295956,26.585066150398287,134.5825912004663,61.24066614090132,43.53475391271457,5.144561584021584,186.41114738993068,0,2.581060856812306,0,7,1
57.56135317721272,32.702629230259845,135.01637023766878,84.0048022062994,100.13913419145719,6.165134436529459,196.7692975867567,0,1.4672572439621256,0,2,0
57.706883382055636,37.78154171717651,132.2434190636965,73.64045955701174,78.39732735724584,4.553417542256025,219.53768614744857,1,3.4449939515670085,0,1,0
45.15269990469929,32.80170531502107,57.36145699701159,76.62839587828164,58.58204251902631,6.319858705145465,148.55780017575466,0,3.702369912747241,0,1,0
38.57883874578698,20.42454932072134,125.1860562132944,82.67486961967936,66.28327178514931,6.644769076724246,157.16318841990469,0,3.961151230870492,0,2,0
82.02797748717101,27.22198018342776,104.61122989409003,53.711357995421025,81.39801940338786,6.584737672622022,205.04925584818207,0,0.0,0,0,1
56.2489651150443,29.91148909594841,86.4743207632605,91.44119204748466,54.63725287376646,5.115698203411807,250.55234557386976,1,8.05240989412026,0,2,0
42.48029004177302,29.476751143079756,178.1906399658833,71.81087003992099,90.41598520834368,5.789538819079398,204.0348986764588,1,4.811959468869812,1,0,2
63.90709392963478,31.466175041185807,145.64726314870603,82.38881567485429,75.11309163249129,6.844632975177958,174.91693115748276,1,2.6834180740165334,0,2,1
50.58111302970265,23.456230794465817,126.95591216694082,83.44855407074256,60.48987654716882,5.946274885666282,123.36807014716982,1,1.8504357917426348,0,3,1
48.71254119786819,28.857186981529086,108.23188271141508,92.44955872916609,252.95386551765677,5.855233541191868,241.2016722322906,0,4.579689110527368,0,3,0
59.309547334888414,30.81177556376871,138.3659354620059,74.7417113466036,117.88571285381963,8.484161130350667,177.03459732316176,1,3.7926313840552663,0,0,0
35.205530512988034,33.04119024317013,162.70026326611296,50.51635049148483,70.17883144046283,5.05881305736065,161.3973972014346,0,3.147435980855218,0,0,0
56.58415365092324,,99.05619547585707,76.68553136144273,98.95042334044706,7.496502161706779,139.81764139456632,1,3.7333354138252988,0,2,0
76.86841250051278,26.601637230164062,127.83100697031865,78.40848229793922,46.17213979401337,4.814383203794083,150.3141691766053,1,2.8196486332406168,0,0,1
58.06030960856504,15.0,158.38232745979104,63.58886969031859,67.75566861976895,6.985737302925697,168.4738596227536,0,3.6429796251476834,0,4,0
47.10924265081496,25.081959178322244,60.23996048205545,77.76988785319526,73.09495340793333,7.049783069748768,195.92374802462226,1,4.162180561525606,0,0,0
45.40763135443285,25.615718088659264,125.98505831581086,71.6677787832845,40.02057227941654,5.587561813931545,159.06781521909502,1,3.549306998531243,1,0,0
46.66558034651358,22.892285205079062,112.97480203083614,59.886952608609874,,4.7390277765654725,212.0569054268102,0,3.4654750373150702,0,1,0
48.69848518537884,29.410866826279584,123.31595497857381,84.0578187401114,64.79065717932129,3.8354801554358993,195.6349858831121,1,5.22857621313789,1,0,0
47.088515074142464,28.192300123751025,110.4430005269834,69.23529818922644,71.43274205908112,5.461863789289597,289.43570698901203,1,0.44462860893046985,0,0,0
63.91204873396937,16.074323673323136,132.81686118225534,71.12344942315517,,6.831462377542788,140.23116157707886,0,1.723388354306511,0,0,0
29.468281658283217,29.68529383115966,195.32695271479514,70.44905383255498,600.0,4.906846211480506,211.1362183518705,0,3.042497097569636,0,4,2
63.20600065535774,23.39421728066035,116.66271341250072,90.82574316956976,58.50485970788321,6.316338297108474,211.61218958355636,1,1.8322118673132144,0,2,0
47.064075173146705,31.171289275547835,138.20988531829374,75.5090060587193,23.457016243837153,4.428284242506986,165.83881865092036,0,2.366347938809694,0,2,0
56.90032121403984,21.44981813749234,197.81612464431896,76.94919784654986,31.812328050602613,5.919334169475244,208.6195911030035,0,5.06038685262407,0,0,0
37.34915716738877,28.66503596192017,108.74945475696056,70.71236614736324,147.4304258109735,4.823547314961523,234.2445859234552,1,2.76164644166764,0,0,0
69.27220386904267,26.942601691124217,191.5136372125139,81.55440186705886,214.54165598809217,6.1064233977266875,208.66667633719763,1,0.07326235565764172,0,0,1
68.19325448223435,30.167060367226817,128.18630523194875,92.19181658140806,57.7799307160332,5.598704636470962,257.60958962315385,0,2.3226532330651537,0,0,1
64.47467683475095,29.18583502708241,190.36636790527243,83.77432980983808,206.67075172631272,4.771560636514881,122.24787051237713,0,3.092981078614195,0,0,1
32.308187914683984,27.096597037382,154.25703937312116,84.24240353601827,145.74276296303793,5.409351826533271,172.99513031349662,1,3.063503251930123,0,0,1
62.77857392385869,20.050502272756653,138.74879269038476,83.27476247061215,79.57083133577795,5.079011765309609,261.0521297947759,0,3.889659906154263,0,0,0
57.26311613926421,20.375356200964326,125.70292613396947,59.43708828026604,75.98375640120678,4.623290359715105,239.65700066402633,1,3.759021719608758,0,2,0
31.131473787276622,25.288621834992796,106.15854960422763,65.48657401961034,101.22799180802176,7.499294990347301,225.53944502811893,1,2.777878242358423,0,0,0
51.6841340109794,28.45446063838727,130.65270424875234,73.54015127681049,159.19915326837176,5.7677901626588906,251.86218544773945,0,1.0911363868073067,1,0,0
56.73894835743241,25.154636290404856,159.40765106570086,67.28963149008129,116.51862575675176,3.557329461111602,132.17080060933273,1,2.2941771973799003,0,0,0
59.22897855970096,31.93866561818706,127.54109991511653,63.22555570292802,,5.452063030886378,235.2332051834672,1,2.003557509405123,0,3,0
54.30439777033512,26.96428494433574,116.91820182283499,53.53389110955311,80.36470520099122,7.2976540565819175,245.44606617193807,1,2.5438339157019905,0,1,1
55.786008419015936,23.192430013712695,119.22261130377795,59.841649442390306,326.23921998502914,5.286369640091149,179.96939368532202,0,4.105869656412619,0,4,0
71.15694809929025,26.970470388566497,162.73668147540687,72.9216933118888,105.96391785536815,7.997292653760355,304.9110104798666,0,3.6465643993020036,0,2,1
67.93844082883884,29.74222909974104,170.88065092849496,75.16688359817338,158.3600436386434,5.172005534046093,212.46126063435818,1,4.318409141986697,0,0,1
18.0,30.286865953535216,104.64973201810703,66.48335468643309,127.83430230128077,6.804089666979746,121.67477638467545,1,2.38546687423553,1,0,0
47.87329878711013,38.83108522596221,104.59942498933786,76.94710255219871,107.50014580891221,7.443966301509215,219.48833592148264,1,5.413377229255573,0,0,0
49.859536641928635,24.820998629981194,141.27756218834892,70.79399630909948,96.58891232051202,6.74023276677372,177.64531886040285,0,4.076541620154752,0,2,0
29.222718554549374,28.095867361252797,181.46362226650393,89.08688304848619,161.27541840808,4.550607230430764,249.26982040932168,0,3.1795754909471317,0,2,0
53.22437975702006,30.843681707506846,168.10966079093959,,143.58498979808397,5.069037707694123,225.82187326886933,0,3.9653545350047508,0,0,0
68.23385104133658,28.371173724395515,84.18517257370308,84.35597057682058,106.84085929578143,7.604085188463898,182.27896125350475,1,1.9187833365903495,1,0,0
37.874617825322325,25.746600197062406,118.75734105028482,78.43856514753631,57.332292202637404,5.234466252401627,262.0931728939901,1,0.0,0,2,0
56.37321220296834,19.97908553010666,95.42887558586708,59.17514752907134,115.63317475726265,7.370811816682646,240.69914962721379,1,2.029285809488355,1,0,0
40.09429479514631,25.690409925208414,118.63706173296596,74.9121018911539,86.1641770327498,5.683658333822067,173.53904046808015,0,4.19593113158747,0,0,0
43.2651436921642,22.594636730052095,184.1543498612374,61.1725108080558,73.65877850185828,6.369724783062981,199.2222869386878,1,3.1283456635023414,0,4,2
71.20611724421046,,78.2089772925944,74.70254994139694,513.3788409739393,4.536671267574858,224.64283804903505,0,2.7810648437154026,0,2,0
44.94674833854628,24.123766370811776,71.33971473519335,67.05843019323173,33.09645974505985,5.470078910345002,191.15799601464036,0,1.6434558867556353,0,0,0
58.008762357138124,22.7409955357845,99.00060462982391,80.5835564018177,167.81178579394387,5.149632343472334,192.2928226538043,0,0.0,0,0,0
27.67416449120717,,138.05587109015974,59.89174795040559,,6.470719580669808,206.3955510740504,0,5.279752993303665,0,1,0
76.21012829813344,31.806005105778617,149.7264187224265,76.17642190335324,98.01168815077324,6.311837095659059,164.4996538065792,1,2.6673684131014284,0,3,0
59.83448180198449,23.528663907305187,143.31069522015366,82.86898699075833,477.89524594841225,6.755179875494761,120.15491713407522,1,2.3127392289644946,0,2,1
49.6275020455466,27.068742531902835,169.14898911308558,86.89114683170794,48.14752926783386,5.611372996288793,214.08712476861743,0,1.9253659726530044,0,0,1
59.48210462999863,18.279665358381056,66.29200420181249,66.82998690538932,56.221117620528645,5.083723914446506,129.42180192678296,0,5.007235964202607,0,0,0
33.67234742367847,25.78113027399518,169.5917788425628,76.2130116664861,88.98125603308968,6.41927490265317,167.26452928050062,0,4.410161299807015,0,1,1
67.37289964278455,30.6944004538629,117.0766637983798,78.20976367493888,51.889613653936394,4.964493316391559,137.67987035995424,1,1.4524168572624738,0,0,0
47.78819791854641,33.037158392877565,153.60230084317038,94.56551535451322,159.8836396454097,7.494107031707106,142.3591109850705,0,4.863268744069655,0,0,1
49.347096304370346,24.578241050697773,81.68011006328786,58.22403927099836,63.58423338675399,6.062573136093065,221.2014966165331,0,2.7678873297259723,0,5,0
45.608477005448705,,128.17348439531744,65.06676945914741,137.67776747137205,5.808637868354053,196.5522897277172,0,2.0231324992204365,0,0,0
44.4515317643074,20.163694431675907,136.26947697061547,109.65354991283296,37.93357996286444,6.754610747300253,195.1807826922113,1,2.5302201811239193,0,2,0
61.03071795116931,21.63804710470914,168.45128631244464,72.7228325925283,27.809263759021853,6.10836260068194,154.99573222228764,0,1.7467243991761647,1,0,1
55.3267890513549,32.40314026100832,72.5160882087282,53.30807428116071,77.55360960131033,4.210337939797764,180.07773462413468,0,0.8865966356019355,0,3,0
60.47272583823952,37.69116675709786,129.07633919872166,69.00939827982201,32.46879829101323,4.92628412073268,219.30529604998713,0,4.2418095448137425,0,0,0
51.885669036687574,31.213875935010325,90.016764810025,45.0,241.45532434708278,7.469250444637538,203.02068391835297,0,2.646872225549651,0,0,0
58.671597544003355,28.27811687406293,145.69236154728964,78.89104854947384,33.29600439031888,6.3006612174134995,236.26161431959545,0,3.987535253832433,0,4,1
46.5549663289745,16.426489394127852,155.2025787759644,85.71741712333862,45.84716310259617,4.182118637163871,241.67349646078475,0,3.459541329807274,0,0,0
80.98651393832412,17.376541191760865,173.05095848778308,65.06005148597497,117.7616416927924,6.622534480058199,195.41564538618798,1,3.8776657781651833,0,0,1
31.616904586403518,29.21175245292728,109.2739690992069,70.35131293298191,61.477613645985414,5.528889416156302,134.6145271350213,0,0.0,0,0,0
68.3921852063188,26.53065531735854,160.45292699910766,87.08384986442695,33.54398255872999,5.150600056989462,176.2474938354838,0,1.6131836010287728,1,1,0
69.78279685937262,22.41790649816335,175.63155556169687,54.997414421847154,338.9275522543564,4.826152729239385,201.2878073268377,1,3.9109836086429572,1,0,1
40.921935522447285,28.860429194565278,70.48635605505866,60.14114545360545,46.93425057078816,7.399915365582425,175.49349202384366,0,0.9602708893824512,0,1,0
80.98055693722765,29.133222521292954,149.43207220344578,73.26261781941233,79.22105389156333,3.8414019535935804,164.92427996931738,0,3.5969041340995704,0,0,0
64.94137367828914,33.6942872769715,161.5478938823037,66.97198195039817,78.55778999806677,5.194961510672612,207.65058680049248,0,0.7748726719702801,1,0,2
64.62480708869785,29.251312556569854,118.94457647643969,72.47359723031694,142.80936358917472,6.344152119093491,297.35151790386465,0,3.0263103735915107,0,0,0
52.3642884313364,35.256169025839114,85.62292478662121,60.83499616712174,121.55158854785554,,186.44885364261773,0,5.575984630297691,0,0,0
49.176059943157206,28.543967162518474,161.00345146383822,78.5717618310581,,6.8646298356203825,204.89337760531257,1,4.239360184530599,1,0,1
49.27768524848509,27.86565752855965,86.0171910354785,74.20920297784014,72.82228194110192,5.184770461360637,155.14263666522243,0,0.03881448409482502,0,0,0
57.07689775215373,34.353717024359504,121.75769979211842,82.5902859307964,77.65765192517769,8.035224144928177,252.24924009157752,1,4.357394246905896,0,5,1
70.21542157544064,23.11857515977211,126.59565797688349,78.4047940057635,146.44257090963157,4.573851920354033,238.2402356473541,1,5.915581162767333,1,0,0
54.35708483219845,43.97946099296389,153.04383180963998,78.48028086995228,42.11485065646743,6.5184033984261855,235.61789729970485,0,7.475225616258783,0,0,2
40.15123289921522,30.563916129917047,106.06789541706137,58.64431174563863,334.14717252302665,6.785341574902658,256.6722408295803,1,3.760121179949903,1,1,1
62.71755181100474,30.5945608906072,104.03957089102508,81.91109861973847,54.94542767061801,5.142661300159471,188.76102852159732,0,0.8169281217834321,0,1,0
63.9749597031323,31.388027856849288,131.46204175670889,72.02960317834669,89.48961297839675,7.037111662265905,193.50812284586638,0,3.695484764839087,0,0,1
60.510573869821215,38.82425061432403,163.2236667166912,74.00082030820458,42.343568092300586,5.583331845270849,269.9753842116927,1,5.553653757346344,1,0,2
61.69148578482478,32.858790764199334,208.06075002286013,88.57917251668971,38.70645232040558,7.0341709130215575,229.04366791189324,0,2.7006589123995144,0,0,2
48.477934307948495,19.67219211547842,75.2381580077429,67.36677332179725,50.97988812358696,3.99248540889655,120.66957078892187,1,4.668974276612093,1,3,0
39.92314082730247,36.219087116221274,139.03697062253025,92.21421194150801,47.89301067524806,6.601971308274649,222.28319707420636,1,1.6566352017956991,0,4,1
40.713485401669864,26.625068813052405,89.97127408179978,93.33370359247712,68.75452857984524,5.705471992767674,182.89547369075532,0,3.5957652050029614,0,3,0
30.738977770047846,29.08935290061628,163.658393512236,,47.630932929423835,7.579644539561386,239.13052933695297,0,0.0,0,1,2
55.080331950097346,21.464103153036035,95.15094084417684,64.23255027079094,141.4461026003581,6.147223124274859,220.5112378379666,1,1.479463389061251,0,5,0
50.915165818054284,31.394111099681425,104.38731236361866,49.76448105247682,54.10194506634472,7.699075440464143,138.85937496713365,0,2.9902069643490305,1,4,0
46.280159841113786,24.917441404628462,107.37551993276013,88.94601897111929,,6.8091353180396625,215.21554647882814,0,2.418629231077703,1,0,0
18.0,29.050933008964105,125.33303714480687,77.33662073597296,69.71251860894348,6.046989849142212,213.0038536355611,0,0.9190120091588057,0,1,0
35.7848728939758,26.937455470515694,139.31191589005476,67.05763035014245,,7.145203171537155,218.81157448566188,0,2.2005500830640705,1,2,0
66.57092846824116,39.08757040954718,144.92954877629796,90.08274812506723,103.49043398590855,7.152870157432546,226.87009637270575,1,3.5274480775487946,0,0,1
43.3598619991793,39.40243165080074,127.79813588360258,65.66129342946628,84.35309291068269,6.766292005389457,261.8467064732258,0,2.86203586062365,1,0,1
56.68769180953894,28.755822436181077,81.45381421457965,70.91013690122868,35.45735014500788,3.5,220.72778160534335,0,3.0975001117933902,0,0,0
33.92108941032167,28.8518774125287,153.47251526085662,82.29868437180393,42.821879336418405,5.020927411082723,205.87014149802965,1,4.171150084937182,0,0,0
70.70317127067,26.446063685077668,126.14644677179402,62.63676602062147,39.206525873458794,7.860927015807109,248.62276705915255,1,2.4509396788268054,0,0,1
50.12764041928921,34.583034603265325,168.66071765051447,74.6862290847152,210.4531295201433,4.692864973477681,290.22414749641115,1,5.1746846128830635,0,1,1
55.770525154285956,26.690940713166427,103.22914271820221,89.06964620696034,127.062069128905,7.258953380078968,239.77268865838738,1,1.4171662942377399,1,0,0
82.23513729446191,26.182644989448654,71.9203845427152,78.53332892345355,51.406074146191706,7.047743188135603,212.83583281870742,0,6.0848040848952305,0,0,0
71.71372130766224,33.88226075015731,126.80908990609237,90.96911604188416,62.36274749582791,5.329097166101565,221.43616089121892,0,4.78086180879082,1,0,0
48.01464692326825,25.539354975758428,173.35834408994927,89.60322829607198,,3.805722047459931,214.7296628571338,1,2.430403551180445,0,0,1
44.28813759668533,28.29234731053308,133.63297478156178,76.09286001305944,50.602444210534195,5.517304882462488,205.70369978038644,0,2.5370900732302712,0,8,0
47.767914850246086,19.80279070168954,121.01155702895002,47.95910348371134,121.38961613035376,8.693618052359614,287.27649159724245,1,3.3307769465787773,0,3,1
58.62867723019497,32.37304689817742,97.53785438198983,62.73073245741632,74.6575103794287,5.164067249348775,176.53597177597555,0,3.9578734877951627,0,0,0
50.632086254738674,39.17476816550028,189.52182633382878,85.16000934861387,348.1274694132781,5.246891186480876,248.88642147322258,1,4.751277240373531,1,0,2
46.861826114954866,32.466739550398856,91.96390917903273,57.39698295657655,202.86557270534527,5.002901107628208,200.2174361773782,1,0.8550540031758667,0,1,0
71.07335625921755,36.53989542151018,102.6112009830116,72.0796889369566,210.81308580906932,7.657741371859424,148.7440715347285,0,3.6999081952979953,0,3,1
50.51527140688812,23.84643825102468,147.9511968629408,80.06176736426839,139.2389753509949,5.908501146049873,197.84392574371276,0,0.0,0,3,0
81.89465820948516,29.799783551155105,63.039275853962366,93.63484834913812,68.38006087801881,5.448912525261034,184.22251831735124,1,2.7163192226632265,1,0,0
53.17965332877825,23.312620415968357,172.6106732883469,69.09976364254703,132.7375333893964,7.896168820634421,226.94793809987107,1,5.3262600060599326,1,0,0
75.20913912492145,27.247289499302614,149.84675899760745,68.27814749100244,71.74143099644847,6.895392905522645,208.4694084610257,1,0.7318255484504026,1,1,1
56.64515249523815,32.747163125438775,159.47308751338883,75.37065080205399,259.6901275973617,5.096851709947689,166.16297918137718,1,0.4412195423493399,0,0,1
64.51848745224282,29.06001337206814,147.53409541823788,80.21095563772123,117.04883832850119,4.731699306725864,260.89830071260917,0,3.353272159276761,1,6,0
42.580056330269585,20.73047437569328,122.36067688902705,74.14903807124688,106.7344424614881,7.589803957855968,246.42509217007753,0,5.2198866626761635,0,3,0
40.901130106363645,21.267339919542355,90.7897951445602,88.59122018662973,97.74938437673677,6.220145796490059,265.27011021966325,0,3.520632721736515,1,0,0
57.97617741519484,20.903598376800744,123.09735955712638,66.41027400365834,278.93613480660105,4.341123176172665,214.00465723458842,1,0.0,0,0,0
64.8511921520491,31.202989244667748,93.86672908865779,77.44193120054852,35.44109254696557,4.060261175727741,203.64214340533377,1,0.3069945391259612,0,4,0
52.52333452600602,39.851419946111676,145.01543585267342,81.34255252296423,297.2866302174591,4.86075354176029,231.7352983395076,0,3.156394292687071,0,2,0
35.276886643911936,35.99352034200117,156.23729406918355,71.19720628112972,79.74305836928028,4.712618494276365,183.05594920500573,1,1.1132121291267723,1,0,0
34.316641238238745,,179.68830209193726,86.0765192387196,36.08267510123845,3.7447076349182766,209.94226307935378,0,3.21869807024905,0,0,0
33.44722677157887,36.315917659383814,141.0118674193502,77.7875024949082,55.19505383126617,4.880591616021805,198.3242398257881,1,3.3135921812271025,0,0,0
29.020912531788046,33.65020229358056,160.36013748083153,85.46614855782728,30.777532193906715,5.097103326027376,149.48069594678302,0,2.216387982947663,0,5,1
53.42330967281214,20.000850299591832,117.59993419694503,78.32924929658599,137.64619036491825,5.644782453938515,209.84330918388474,0,5.903606870318101,1,1,0
66.62557098220432,26.832391108092263,111.26030016971319,80.51685485784674,45.829099636513725,8.231492054153255,188.24325811375454,0,3.944747527894867,0,0,0
51.825594769977485,34.52537326322695,144.57851617858805,68.41129891780774,100.42826116582242,5.8797880734820716,195.78301776730444,1,4.938545406070682,0,1,0
22.614608154607918,31.52738431014132,114.47344945490819,68.43073953770532,188.1144849406958,5.9989101947069425,218.82382793469827,1,4.472930813234596,0,4,0
49.52011401565087,21.29997721186608,137.421502608968,90.69275775914532,58.14841763196054,6.811106436558731,253.35625909149178,0,2.7598823008802116,0,3,0
49.88361304377611,31.85908185687907,90.85827337326026,83.626125334244,75.60650087241679,5.9152183147201285,172.74673655917684,0,2.688884397857043,0,0,0
79.24798375293071,16.743746721556768,97.14303111332947,63.72441800533118,38.57565484070258,6.68018355666405,192.21078782508442,1,2.523807941073967,0,2,1
33.05720713204577,27.27447803333534,150.23932553564015,78.17036109585797,69.92180522938001,6.53673785234208,175.9268575383272,0,4.089763604000391,0,2,1
46.921191166210455,34.75876223170027,159.03415263921337,47.51468735757489,479.5868608687483,6.347106278719092,173.45313766363833,1,1.959415716205018,0,0,2
74.17608484707934,28.60116818564226,93.50203408616619,69.112718035607,149.22664043158315,9.51975930130275,182.40638014130866,0,5.7600527072553085,0,0,1
57.849718437505125,25.755843475209296,151.47150086772473,87.53233211943888,75.77245969370543,7.293351012853222,197.5348892530226,1,1.8066091141241711,0,1,1
59.32306995571352,33.39140439574792,109.35425144376538,74.49825293546608,60.47393506374033,4.901933618351924,227.26312296134518,1,3.3431601156752455,0,2,0
53.489597681310414,33.861134982976196,128.57768116701084,77.41495203599237,87.54018658215246,6.644266623426997,217.17693906182384,0,2.633470700726482,0,0,0
56.28926600254444,35.705218310768224,177.59305455267264,45.0,97.93878682296696,5.249915832008336,164.83943403483653,1,2.2787306969815573,0,4,2
62.10892389362097,33.30888335645513,156.2620531908032,71.29295658236617,68.53978370448647,6.735500916871825,254.17809230885183,0,6.47575496394178,0,0,1
41.47667785439404,34.447561366654305,155.85551958077676,80.05926668592654,127.02045640993126,4.549775099470076,240.88766764612745,1,2.297513053740059,0,2,1
63.4147615258066,32.53099706590644,194.80766254599382,81.58347850478008,48.427546858684984,4.870664662299226,170.75494527683125,1,2.5124461104121174,1,0,2
34.15096078048799,29.960407570140596,103.36422306325707,87.54826853601237,48.272289592985636,6.612689074988152,251.5162138929433,0,1.9373862424705763,0,0,0
56.26878364680999,28.992299498700977,93.4943758752609,73.47690697871886,114.48418800281776,7.397202936317631,217.4236596786585,1,3.0656649851022766,0,2,0
54.32363252272225,27.19507154496429,102.72572054199932,74.0121302485102,42.10609609295094,6.803173218503616,199.05469848884064,0,2.8379098122516897,1,3,0
43.9881898535026,21.83197438817151,119.09246313076848,60.01459084708165,144.55656506491752,7.224940801442262,218.60704169021386,1,1.2091949908731126,0,0,1
51.70509142076659,23.245786701491053,55.0,73.54574152992163,89.16844953670784,6.6485822705166155,204.02070976623017,1,2.32100821704375,0,2,0
43.90697801534781,26.948920349356346,120.74001171561164,60.86109925122642,27.43086058077502,6.406995318838798,225.71298887029346,1,3.9754984684543384,0,1,0
38.067882750797324,29.827986877813363,108.94002438367808,53.825558562335,96.63916578376998,5.595568070889876,212.11798987898436,0,4.643178959075127,0,2,0
47.40300835902262,36.42446928902345,155.43159185892296,62.97784755867306,30.098169752683784,7.175602170460157,192.17781001365628,1,3.0384009807447683,0,0,1
37.6481477401684,28.270115246684682,140.3346782653514,94.10421889364765,141.2448595229504,7.42985507939197,128.01858315186743,0,3.094391665045135,0,0,0
56.196367033212226,34.01911959982715,106.9756180280732,72.75326558184068,76.56540602911564,6.12426117040427,225.03293654401318,0,2.4224078851755575,1,3,0
37.04888857601927,34.43623611037666,148.64862958770163,78.63852835628039,299.76966938665174,6.059688749865611,190.80109942130412,1,2.196093276867387,0,1,0
61.255701298883665,27.22704261271165,153.31420709383193,69.83804498562333,180.5780364366884,8.109686974066685,234.56197116651936,0,1.528683152188316,0,0,2
36.64077211692534,31.770796162536012,101.10089735730062,54.51338776657723,45.166675231529126,,223.30365236647737,0,0.5093608732176778,1,0,0
44.63816609744692,27.16059577051326,110.74415106161536,87.23335749915648,24.19942224812776,6.290823044439163,191.78875997607165,0,1.876085321429541,0,0,0
43.880155693202674,35.77174741743163,55.0,49.93362232173293,55.09141263210359,6.781071089303474,243.87355126093874,1,4.446484587744822,0,0,0
69.22690747537291,31.99713836046263,89.82690089707503,69.3424878785001,40.69037502017427,6.082632492855016,212.7839831497897,1,2.3209328916845164,1,1,0
56.29376929301569,21.952339349214046,102.01356538517476,75.34462142979926,294.8714288118896,5.215591612708286,211.21842820036733,0,2.4463701060895326,0,0,0
49.247460566922875,29.388385586846155,130.59581618121075,78.76587572115827,89.39861070070678,6.653558690628226,199.7517939030006,0,2.4152236804565645,0,2,1
58.4833527339064,37.56461689003134,94.91160622240648,,165.09678753580113,6.1534939879732145,268.97511706511233,1,4.991532265332374,0,4,1
24.606499484714057,27.503229309993145,110.02918045328119,53.94446220334031,74.77918547251518,8.410699707769396,177.89586429436497,0,1.51458788714986,0,0,0
51.439263334668205,,85.11342614460904,66.38688049197474,80.07997340871007,7.146138260350852,192.7383675765559,1,3.44328534142399,1,3,0
77.96768431146191,31.502333607565298,133.98898644859446,67.01490414856406,,5.485421256268398,157.98126448696013,1,2.8904541862877378,0,0,1
53.72050458323474,22.798574054594695,142.90001081047177,66.72287805813903,184.76046963334795,7.074872263028451,232.61578093833123,1,3.10868292015163,1,0,2
52.88287119920136,31.308893720674327,142.0827871946938,87.64070308249124,110.20758916226346,6.569439001677176,182.8783377584084,0,3.3909606513863206,0,0,1
59.12566893534855,20.833906663809557,128.43263961668407,61.43676666233029,45.26538770285957,7.771311562334615,187.13864789439978,1,3.0914639044289123,1,0,0
63.64286816308649,25.05906741479232,74.06244512245121,79.61175129325791,258.3832273295708,5.5706549446051525,185.35640797802714,1,4.268835018641471,0,0,0
26.032932992431824,34.416476321218056,106.30162176375022,77.89956444661499,,6.426411378031429,207.38343281037075,0,2.953188275259314,1,2,1
30.12975573671665,30.46215959669597,113.74426646885304,87.52546092966004,,6.08108762108901,157.47113578295244,1,5.791002229481116,0,0,0
54.73378678411991,26.8253720573941,113.88466404777812,74.40241753915683,14.305316106317735,6.27017530766996,119.75667988811408,0,3.0711679023469536,1,0,0
42.70660469533237,30.95553561684853,130.62434262964427,85.49357160637071,135.9339905879343,5.137761261195261,222.39275342092535,1,0.2744529878395685,1,1,0
69.05632840885889,28.169492637346778,177.89394803298566,73.93335834287082,96.10755088653387,6.891094001495812,124.68480716425901,1,4.021296573029971,0,2,2
47.90273293149209,28.569181762935084,156.42336744396098,81.2127103190176,96.03967113736486,6.701557131019396,237.45723579114042,0,3.627354888415651,0,0,1
26.851100435729467,32.11250189696076,93.43687770529569,57.964706953033115,69.26734853879313,7.742268340306154,264.2240544823356,0,3.052072050819079,0,0,0
35.51581908102804,24.499477426374774,151.74410063538218,45.0,61.92463457351212,6.1879689776158635,198.75949545046873,0,2.5846858950061686,0,0,0
18.0,28.7218502305508,150.41058286830076,80.53056224279024,70.78041887538029,5.705792590102238,254.3807319753786,0,0.0,0,0,0
48.956368015322134,26.78252492966341,99.78763844669523,81.17419751247076,121.6154766557742,7.147153253532845,204.07825605735766,1,0.0,0,0,0
49.55100634556302,19.779181439698593,157.71030729224037,81.70602799782259,136.35151533555597,5.246954742080379,265.77116404495905,0,5.636030752795969,1,0,0
46.48198477283533,23.43749334062885,122.38681774191578,69.70080982294385,77.45050892747305,7.5019814421007505,187.66372161969798,1,2.0631958350409807,1,0,0
66.02542750738661,37.12513545885108,78.65162784949443,93.87666702652447,166.77057102190298,7.499410396896444,115.13449124161738,0,4.5449926840835335,0,1,0
67.58075787471702,30.615978230218786,143.93209536229998,70.48146621115573,85.49658662822618,7.708734681361291,201.96335372395293,1,0.4351467628152612,0,1,0
49.784950496370556,21.22026434229236,135.59366382650836,81.05054823606844,64.84906537475025,6.651947581615392,269.90260134960806,1,1.3250267274107748,0,0,0
24.248982322800874,20.028050932833743,120.03128297849602,83.13563470004894,102.38905212213585,5.616204340882681,225.3287956257359,1,4.085825515010745,0,0,0
60.02466054639936,27.88309854939179,126.68914202558452,96.62488191698932,37.19627040449505,6.3310252715664355,185.41771731556193,1,2.835998342882187,1,2,1
59.21968297061148,37.08652593247065,102.83200823890382,72.19564456252199,104.69763939291033,6.656082674095048,217.4982444328198,1,3.860267475183006,0,0,0
56.022090412040285,27.47283025857606,149.35456763289883,68.16168512525016,,5.5278300257745485,241.902743861197,1,2.9781878945123075,0,0,1
64.75923674100551,35.688497543722086,126.47922779218759,58.02225538701612,46.14493233409579,7.799739546710259,201.7465753212501,1,2.6677248575894263,0,0,1
36.85723474600648,30.435619239502614,133.82570953818797,94.62840407994968,24.231665170341422,6.896101001082251,304.80282324301044,0,1.9119298749201754,0,2,1
78.1138200204068,31.091877518152415,140.49996735501054,81.05693088458248,80.31718845968685,5.1293324536135945,185.33811765225948,0,1.0895957505119986,1,3,0
39.527439209155716,21.153537198824868,87.58950349507863,81.43673327073162,256.2290002450203,8.459448411758933,243.09540743770043,0,5.244322063571998,0,0,0
61.739898053611114,33.65637606962367,96.70009423412819,113.40045089588705,83.40513186518686,6.316867130204212,233.9536149863084,1,5.507694569807811,0,0,1
30.06447997262643,26.65787379499516,55.0,79.90053689423559,136.74804799789672,4.887076348580017,178.4065578614738,1,1.3380752724093057,0,2,0
39.90655906548934,33.24700849486,147.76597904716425,60.372143138799615,415.2221605343441,5.203695052703272,188.87126984078844,1,1.2334734367888827,0,0,1
71.71279240742936,24.02206509907638,85.57264916886318,73.64915710008428,117.031832636465,7.985340316598414,243.68774860421587,1,2.4435629721246523,0,1,0
48.60830230098895,29.47377141130452,132.63993984634783,64.30261109381615,54.73053833744801,8.389981899460185,210.50193972896116,0,3.5446960237810434,0,1,0
62.918993866726375,30.436016246656973,140.98458787288433,71.24957926500673,59.85291156671536,7.411382064177102,217.84672561563636,1,2.709090867269329,0,4,1
55.080420053350196,27.652816758832735,149.08234936123822,71.16892476694471,90.0385134191594,7.783170378304563,142.8332405592344,0,3.799232104396354,0,0,1
50.635543971997755,30.724998561973862,85.85940801573793,68.95570730719541,59.646063371081496,7.6599385505583335,229.92794889615985,0,2.921201683821815,1,4,1
69.73005422412497,27.0348160864412,125.71934336507582,59.280609935735235,62.61802152438161,6.868299383316879,215.91728007513757,1,2.8165901736812264,1,0,0
48.92343527952529,24.930171358272965,186.45981472757123,95.11001960406756,170.75413440239203,6.594850145373111,202.57141913963616,0,6.860925978831791,0,0,2
28.85040460167488,37.330158605366805,188.00101379945107,79.58617653326073,175.35478295496915,6.84783583337193,218.7138907962449,1,2.159674797447509,0,3,2
41.55787880462783,34.269240764987934,162.55630829094326,73.29433558359715,30.855948658519274,7.083218531771954,189.4497271292785,1,5.623915028519276,1,0,1
59.16549247312202,24.31524390223503,139.8122598586594,85.09165395418891,52.87864037494074,5.310082392168322,182.507704852428,1,5.314980908289382,0,0,1
57.14161838271261,31.62644368077037,92.82127639041178,81.6528072981927,,7.078350475174532,195.80834979771382,0,3.806549610535438,1,1,1
31.628242746939303,24.41526629914366,153.15175688868686,,132.84957662524172,7.950340216756421,187.36027922390468,0,0.0,0,4,1
42.58354724769339,21.984234459857216,122.46925699386057,84.21997687320192,189.2007844704544,5.952353086005163,287.8601233196416,0,3.049691984580739,0,1,0
44.4376224603708,34.18595192769437,147.61848963454955,77.60721692510388,521.1765373329018,5.824102657613844,239.6510876960564,0,2.176488388167125,0,0,1
47.24889527651507,19.12745205893927,105.85047908017592,84.04265748389909,66.49468553800283,6.771855571086399,168.19818088907536,0,3.0321451063047578,1,5,0
34.113123348179826,33.59770752467098,121.94734105060249,85.0373476105333,68.68878954052182,5.420410939510237,282.379248085912,0,1.2992531321793883,0,0,0
43.831175594446776,27.11002728084818,133.74515760267488,77.95262482039364,131.94434178144166,4.6198176600469925,188.5514487654201,1,4.210012718480084,0,4,0
42.528063691626144,27.336493683057093,136.61973320228503,73.35526607804661,57.76417668563301,7.577262848126214,206.1193039636428,1,4.575976043377706,1,0,1
62.02993237690495,30.753631707928093,145.28029500610867,94.3647736174469,82.12023553780018,5.65885848797188,239.10185340739017,1,4.872038883307106,1,0,1
62.51857704287317,31.696593465968387,107.72817554162853,70.26518152271879,68.7196304210515,,130.14043533189061,0,2.3885140537847454,0,2,1
50.10446404484539,23.955112527441003,80.9850441761429,80.69576320512815,16.37465350164498,5.467849950790321,195.99301781624317,0,1.3049198367251627,0,0,0
46.90348265368049,32.44749084812535,184.8674763964928,80.9669009288688,97.50574213176537,7.732105777895599,183.21331366324762,0,3.562690266353256,0,4,2
53.819016056508474,29.12353795913873,215.1238959158175,68.68530577283637,79.93989555848012,7.223811389940817,212.79304302267713,0,5.809718915437986,0,0,2
41.384523603077525,21.59169863922579,143.65972489208326,66.30613137626207,205.6364601044255,5.9111125506155595,219.06188796408682,0,3.111023415381654,0,0,1
37.09118293182327,27.565690340311434,81.66027668444613,71.75377574956178,90.32176264699729,4.784123162284698,202.06414411737063,1,3.72367533777936,0,0,0
39.77712428396568,36.09703458557409,100.93817091049931,70.0933977618927,39.81420704107464,5.78368423417016,200.30140266919847,1,2.6241224865888033,1,0,0
43.74742886837106,37.72127139035133,145.81911491678392,58.50243326033362,76.09978220408526,6.884183239939657,245.4749921601469,0,2.1944476705667793,1,0,1
36.87484060270047,32.44541651684772,174.939046408845,68.1820590097687,23.117867936938463,6.426362844895719,216.45646535269344,1,4.053241501767198,1,0,1
54.10677426781737,21.953110815073963,85.54882779103502,79.19467581561474,40.96479656244566,6.330917653342385,206.57415038197382,1,2.830293172257815,0,0,0
61.48630375918821,31.198337963507385,123.64835127028846,91.19132300978319,136.03178200254663,6.454038511363774,210.6190824754853,0,3.645636658446928,0,3,0
31.367722089622855,33.17973497122556,134.85762225553893,82.6526960220836,76.63381162333468,7.110555477797792,274.7637819061483,1,3.812010971643244,0,1,0
52.326673245808436,32.491393908252974,158.2602457950056,45.0,163.9300850084878,6.149768955121947,211.56161112539604,0,3.5560269426222533,0,0,1
49.14083466153764,32.81724858778355,115.97396169598673,83.69564457708793,25.06142239062328,6.740016140551403,185.4509568113032,0,3.892568511020384,0,0,0
56.439612911978436,30.49794693586142,73.26648580373264,69.30217856925138,76.87723217053559,5.015696950705882,132.45803463277974,1,1.6351908275838536,0,0,0
51.83179601465336,28.10173213643201,149.74191458085159,81.43696089625315,,9.264620932370391,150.51037978667176,0,1.5375530298450695,0,0,0
33.1032093608888,25.1539787725279,167.36785878099334,75.83037688947246,167.52142424545175,5.859368816820495,187.25301598696907,1,2.93180542942839,0,0,0
35.58893911485685,18.06135464824177,125.10929883891937,73.68774848695807,,6.444311609460773,200.88167992974238,0,2.9703018875820035,0,0,0
52.38250648260465,30.36802971692343,142.1834031957251,74.7731712644543,136.6295935997605,6.879758629743454,183.88638453481093,1,2.164283477248594,0,2,0
65.37415195669162,29.523290640087037,111.39280697005253,75.73090830076264,245.114683045203,5.707051385119351,218.34347112774074,1,3.385600474263481,0,1,0
23.215564176440964,31.566667135536488,98.39795218459369,92.13285966508292,70.84915569672597,6.209389753099356,183.3966943086843,1,4.453147889334463,0,0,0
56.49444553742054,21.143509686889082,163.92489881915265,75.76407775497896,214.35043303711225,6.1948103295881305,170.24940773485366,1,4.900018998645578,0,0,0
67.46508606873937,32.04759179123283,141.56235467350612,89.0264335981744,45.653289895719105,5.103154288911948,228.2804657435817,1,5.259618996235449,0,0,0
50.01066360931923,39.79999802041427,145.16290097906588,87.27887039014789,44.577940675573004,6.726307310647567,257.0369908813645,0,0.8963173391085038,0,0,2
59.15263244834373,28.931475719278513,180.57403017981147,84.00454657100383,146.80349764323608,4.2209337940895235,162.92763128563118,0,1.1392022820665193,0,2,1
42.86010194832857,28.160840744364027,91.08051829884994,54.56057415844387,33.842864867663366,8.303250130899936,214.26120282089684,1,2.536567370493366,0,0,0
50.4482394094006,30.199512958471356,108.67908061442023,89.39959187393927,130.59583548840897,7.151565061974072,132.6098229901549,0,3.128458465611802,0,0,1
30.92812426199403,39.67785363590686,133.52766720921434,70.50518447037294,96.12632830511902,6.966946829184052,148.96755103236794,0,2.618531193828818,0,0,1
21.52353699055464,22.8699373106506,108.24903667835653,84.58872737289727,180.64141686525605,4.116029465080111,182.62689853686743,1,2.115777071707921,0,1,0
64.25595541592858,,155.40977873453576,64.32960600111504,86.58885335249502,5.248965592048376,248.12659643033334,0,2.5129308156842045,0,0,1
39.19506593958226,24.101884177362958,121.44102726836056,61.77911148036093,93.33932281148678,7.867214144966065,175.40917087119198,0,3.773302115892005,1,1,1
46.0781380149554,25.491474035352528,93.26135173759836,99.71666484197439,125.31516896293977,11.181489676447521,173.98818195890914,1,0.8726040851327483,1,0,1
33.97625070748749,28.227253306649335,130.30200863156816,64.51620319794263,58.5035515581894,7.633630958068437,206.3713167119891,0,6.749371476139364,0,0,0
33.670393859909616,35.91027782887457,133.9618569782376,89.75327966862096,56.87043273360381,7.444332092301141,206.40917722369431,1,3.0335896694148787,1,0,0
49.74010989876999,38.40544830378805,160.71387220137157,77.42104385723825,122.50952796037369,6.8299690737370256,175.16500403532254,0,4.68135583076596,0,0,1
42.51549647623659,30.964781795446886,141.75993161015984,70.95855929967794,88.30286862975005,5.183003365147796,280.47641955600307,0,2.071992168056788,0,0,0
56.91362297393108,26.42872902337083,144.14012369759425,75.46205338803752,69.06552033287416,7.394208899840397,194.91619182161583,1,3.9189593480396296,0,0,2
57.88299944673469,42.21006376651185,139.21020894025287,60.386866041624266,85.28512080065457,4.878551195483685,209.31622933188703,0,3.160145716525721,1,0,0
56.171045402219896,26.14845035268764,121.41221175478243,75.83494744468923,253.73067007884055,4.747297801832175,189.7323775670032,1,4.370893430221269,0,0,0
55.10181028206977,25.358752471021447,102.93233097110573,63.00711623324848,67.48110993849365,4.671764809473812,221.7189193617448,0,2.6821649314819966,0,0,0
72.51098666411451,18.737813254817002,138.10934230807817,71.25467446823217,66.22095288470135,7.370867175801912,251.92838726875644,0,5.482501707343485,0,5,0
38.12128100241648,36.17850363084609,116.34063319407258,87.10359476763492,29.665089724569455,6.131103134086998,268.21922048427376,0,0.6127106440207295,0,4,0
51.28584673936207,33.82535075804212,187.14379171543555,79.05028811869188,87.55614638300527,6.3210297198852565,176.03390433997254,0,4.518998128316838,0,1,2
66.72496766675465,41.79793044864045,174.97638031706265,58.21395401343374,137.9351921345182,6.181515275539179,246.83021669944605,0,3.1899516088528768,0,5,2
68.43901752139448,20.857621562800308,150.14936963230627,86.21785752296644,,4.84914015056213,225.88787114293868,1,1.3706772826032902,1,0,0
33.51707255852055,36.5199394411351,141.2463428752545,75.9148028570903,96.5586997898106,5.395122912779115,242.03239115948296,0,6.123305392075376,0,1,0
47.93937925847369,28.8857453510137,124.9214332156588,69.49377677908794,167.51978988157353,5.455488552495857,201.50858763767368,0,5.957916362508126,0,0,0
69.65557424627438,32.93355119240075,83.86066940285028,84.96011564690717,144.76466610356252,4.513674263329568,197.89245061527714,0,0.0,1,0,0
58.60502836758785,19.43722572392541,120.4339721837312,73.99351795627597,185.53198992965315,5.594947885639579,240.55715653713176,0,3.2828550197533195,0,3,0
54.538419409237044,36.574450024659136,131.54900116918398,62.01206392113144,170.6485872009768,4.902432252324514,241.2783152301389,0,4.1290600875691785,0,0,0
49.17009898534946,32.825842132325064,136.03097660556318,98.17371653739525,249.70881469398907,6.893210754640391,264.4973814267517,1,3.706727693308504,0,0,1
47.01058796579931,28.285994808675802,144.4337728455539,75.79255068530814,80.60084328591081,6.993165276760189,212.5448071071186,1,5.424847373245493,0,0,1
55.74684782017422,32.04811978213617,160.24655692571898,75.0233775462134,37.98616227673768,,200.93724414987923,1,5.092212332023383,0,0,0
48.719136375201714,24.28977584426763,103.77460749074964,71.13873793923293,138.54938794519967,5.844041882902399,111.52556396022024,0,3.424299770107491,0,0,0
51.446477926422226,25.313079529300655,104.0923537476846,90.15958887349107,149.48099236705025,8.427271857580045,143.7720995561773,0,6.643365779858618,0,2,0
53.021783179495486,25.951054625060323,178.77998379101055,69.70145790229552,249.7116060116612,5.023084522786048,190.01843900303106,1,4.498954436332124,0,0,1
43.18507012958451,18.30999676070347,154.9843556217602,57.460241694260745,206.985429487893,6.711965381354079,163.15976061264382,0,2.437736807715324,1,0,1
58.9176818604587,33.239671718118515,114.32301702533375,67.85586805724826,318.737145125778,6.326626320803461,235.93696148646336,1,2.1162438482746375,1,0,0
89.88518042940046,35.05376487800412,124.24760908667172,91.92129520545751,134.65483917701766,7.5114650694090885,155.21920345999976,1,4.9893464047577725,0,1,2
28.899173688761024,24.64260717629887,124.40501186637854,85.98558593748541,104.43204315105149,6.554560209628888,185.95043552268905,0,1.731273237551293,0,2,0
56.212162814469735,30.415116587696502,129.1050942798484,72.93981216808167,36.58252405241946,5.6824454264915,187.44299326073744,1,2.3444187528664364,1,3,0
42.117528847954226,27.0395273895392,144.54390822835146,92.47906169968569,109.95513486886321,6.280116945767462,250.78023716917895,0,2.616684973672243,0,0,1
59.50623350775025,30.30550679144567,216.7247461134941,84.9753067458626,62.84569827386402,6.297643932744483,181.8869275372535,0,3.569045429241841,0,0,2
52.60524715326219,25.04832517333934,134.64147964069284,72.80092763638471,103.26424403292845,6.089965781260612,222.19166048582355,0,2.690466619261469,0,0,0
61.904112062552024,23.641161641518003,151.19093526488376,74.00908173878705,93.24619388381309,4.6170662536111795,212.43683284586325,1,0.8928465656317783,0,2,2
67.28158549461413,34.28641187313058,68.97331528334502,79.9518127833452,122.29504210615968,7.691706329117471,239.3249624469966,0,4.859327580785221,0,4,0
54.50147453098636,28.14871178181529,111.02850025274077,66.0173566040342,84.48252507501039,7.47972030543719,237.30817198042627,1,2.352962161943816,0,4,0
66.71667974938431,39.62159922969411,171.00852509508118,,165.2687264596905,4.9469731677561715,203.72927571095732,1,6.231896430079187,0,0,1
21.524127380747196,28.75470480636777,142.08103869748155,79.70216037535948,15.329197864598397,5.839129241379496,140.54080852092716,0,3.486384011615743,0,0,0
72.6758798729083,23.406570778072293,55.0,55.75640513669752,101.8300751504954,5.929897196774941,196.1938463074661,0,5.0275319750434555,0,0,0
56.87580797460042,35.248174820397665,151.59081208106687,73.72815612918522,196.65049711248025,4.812177439400502,204.2416855077782,1,4.009378422689268,0,0,0
66.01196362468737,31.96940090280311,195.1357538120069,72.36332577561174,303.4877359121164,3.95984447868528,215.86835085980556,0,5.104090034330602,0,0,2
36.14161531706022,32.49780075033033,58.14323448580724,88.33681623952387,144.83346140128282,5.395288817705197,176.97290448160922,1,3.9125423940230912,0,1,0
41.199991539130636,35.04830373377355,181.17856864759293,53.86603607426759,269.0732466749528,,248.3542424995273,0,3.3762701343868904,0,1,1
53.89719782388207,24.90962038384813,55.0,71.42192776355547,100.44577880928665,4.4705199999631775,205.51753789596972,1,4.749174546970426,0,0,0
51.77850743861298,27.80010680058092,160.82996307686946,70.21894423162496,90.16761658331313,6.412373316902575,170.02110078313922,0,6.977555383347284,0,0,0
55.67989164412987,27.557025926817136,127.69729808957159,87.52085156705921,126.96733370200404,7.595427563979608,187.58734212781616,0,2.5683248982321993,1,0,1
66.09869709208957,21.400894046964098,55.0,75.4774411676213,89.81332830964452,7.210539375398321,278.28462085073954,1,4.271883180360023,0,0,0
29.05213590106296,27.050254174129662,143.61482395339252,97.55313574782843,54.12397865986266,6.047977216209538,230.24635993196694,0,2.991608123983762,1,0,0
64.65964793232502,35.85008701832253,168.27939122032205,83.94656058287664,,3.9915059641745643,244.84134911144736,0,3.8096944327888553,0,0,0
52.10766482945305,29.80535957086616,140.73604513375506,71.07732406972578,43.68087142225124,7.058842808790858,165.41969515089028,0,3.067453692122454,0,3,0
49.35083580538088,21.09666269685257,148.46896729708646,78.8759043587075,126.88165250934777,6.37567060287747,178.82447169701555,1,0.0,0,0,1
32.87550195299643,19.942883235842856,113.59133606813285,71.7511742875665,90.66889444907943,6.709221331061625,179.1059523765127,0,2.679701251618917,1,0,0
58.539632688899246,37.65626832311549,62.85135856726423,86.31275308588505,71.20931898239587,8.523323360363017,212.00696202836764,0,4.599288116493655,0,0,0
20.616597936596516,28.003245443596786,152.21524078179726,60.013627440507854,62.269094569751424,5.210226044563216,198.38793041874874,0,1.775669402770287,0,3,0
60.42912214610327,24.939243868641103,189.24138718062034,66.115648281144,124.97282271206335,3.5,186.39921237223322,0,4.473514308914469,0,2,0
32.602624138851105,26.993045293066483,167.53532989796105,81.46827902265906,149.47078979096733,4.935854506628292,191.16535548486874,1,3.2937746630245517,0,3,1
52.694952864027165,20.374807351254674,58.42434596395289,90.70907738468345,43.16265149571109,6.783254081921386,174.82666290634734,0,2.6936151506332653,0,0,0
50.45080511473704,36.327023322313906,74.97869574761731,49.576376846329616,,6.232311082097649,198.16610709774642,1,4.4493046164533885,1,0,0
67.2039959148205,26.33820884327684,98.39112903709308,92.49365459188499,167.37572598604896,4.741236644481582,247.3021921856824,0,4.089650469702819,0,0,0
49.677482802819426,36.02070840256132,72.24585920519499,74.31837845886393,36.81749225707797,4.496339140188284,147.50070464110934,0,3.6728753139168564,1,3,0
42.97619870510635,28.784084429460233,129.54664718446136,53.39350045675404,128.46752033085286,5.774469181019126,218.16621847813875,1,4.625440324448663,0,0,0
45.414164952374364,36.36242586012642,141.7695531813183,45.0,257.4435955032788,4.704686396141834,257.4435224054257,0,3.3249573113417292,1,1,0
68.54747599381062,29.91181974473697,77.94113508651714,57.647367210300644,257.8330526021785,6.82476010190543,198.03889025450846,1,0.36853434721756173,1,2,0
58.971860599351615,33.192779645779915,155.1994960746435,75.76354172985518,145.39102751805657,5.706287733648478,184.90271089245596,0,2.395006602988289,0,4,0
46.986810240198906,32.45501175348585,149.0386380407005,75.20922354629339,142.6702260127029,5.447458538801946,240.12079646612239,1,0.1129561235522143,1,3,1
48.926196540461326,31.92810086438584,108.81443063047038,83.59840521651172,388.98839604614886,5.290068316492392,167.59956867898393,0,4.051783721933814,1,0,0
31.62669782238919,30.41363962450491,121.96173049056056,69.40615386926844,19.736160063995573,6.515747271896713,204.13772186232822,0,4.433919742868748,0,0,0
57.05016461107003,27.219321061364283,59.756958852143896,62.70351344264595,66.55252469113258,6.251131068512043,165.48592418534236,0,4.506723587412867,0,0,0
29.122395799958944,39.03489080365073,116.3708245299524,71.04296334806928,156.23001434289014,6.442348723835113,133.93616313907737,0,3.7825515187676864,0,0,1
61.77335405586093,23.511846581972545,128.2584740945614,76.40332344293893,72.28185397028464,6.416155332566974,199.22459793779777,1,4.548680207022878,0,5,0
53.67208070238645,28.52369203288738,133.90616583298663,78.76927353946333,201.4750537362632,6.1133653560839525,156.99098759585462,1,0.47743465877206237,0,0,2
83.030373394461,28.581872313641774,141.26069192070608,66.53002360873113,87.72698345478999,4.960243299850291,204.5565204934916,0,2.82789292512914,0,3,0
37.69823780158403,30.713424143389368,136.54846101307004,86.81736040402431,98.04662977618835,5.323543847922486,247.37112572646683,0,0.7361344179068561,0,1,0
50.66539281647177,26.137900447580243,118.74797059570153,68.54323873931159,75.28426422788701,5.726390113833276,275.4617054538257,1,2.4266726195105774,0,0,0
75.37774011199981,30.23110468074273,138.01682298940108,65.56339165210116,64.08289932321107,8.678234285705987,208.55411278984192,0,5.586002777492412,0,0,1
67.48806532378839,27.571365781383687,163.07111976585867,69.49130188638053,63.066403448052874,4.581396415499826,243.73020161507276,0,4.74917949176751,0,0,0
42.949243329461304,19.799261154091553,124.65756743416244,88.89808210843128,107.34712723965514,5.697228196019732,220.16058070405205,1,4.059656650359075,1,0,0
54.91157656885482,28.552537574412657,139.11582117910868,74.4064425647121,54.398818917204125,6.317920472132586,190.44168267274776,0,2.709407634238971,0,3,0
52.02599163339613,22.446890668334166,121.48401280675586,67.66583796316274,167.23380188458108,5.836000696073009,131.858498550626,0,1.410248344887069,0,1,0
55.665426276124045,18.960878306531043,105.363437923215,87.11329300538253,137.6076501978827,7.488763449725285,266.80670842912053,0,3.2992442940550863,0,3,0
42.917154332197214,29.252803263791616,146.30078834211616,101.71298247938495,183.90702977629292,5.829802483396561,165.13411680731733,0,4.77708133091569,1,0,0
50.83883476489045,31.183358381107617,108.56709195404281,,43.20727305935089,5.918550321019269,257.54529463387524,1,3.6557943828147748,0,1,0
31.22531912140272,31.39683923157517,141.51514153472667,,29.819123471352263,7.177554216339581,225.39868991196553,1,0.46289473730470077,0,3,1
53.75660487428507,31.619438888608318,128.9889380028516,88.43293540689747,89.75546610310647,8.372853995502052,167.91151416060035,1,3.1673774353853363,0,4,1
57.850268754483814,17.870760384826642,117.36228632179498,68.73232298010001,592.3099541951348,7.888998048737994,216.85593774912022,0,0.0,0,2,0
49.04354763562951,21.014406896508916,116.51500087486687,76.31961016571479,204.96625915243146,6.036015339069028,286.0506203288425,1,4.286694132969612,0,1,0
31.00433842239776,39.35436790247519,110.21576526545095,60.609464443552156,62.76637937210812,6.140582945921116,263.3547980728233,1,1.891187603093256,0,0,0
64.850914217069,22.7403518195763,70.39695897688452,73.54069280366038,118.59834804954052,6.256063093741045,185.51690386689094,1,1.0430057602353073,0,1,0
56.73882549390643,,141.40132833065923,68.48571557049131,144.42222973862363,6.376399290155103,177.94473118898208,1,4.308689060371526,0,0,1
42.5618037298873,24.721843080837846,136.10413888474122,71.16536851389237,36.979263657685465,5.183182262782623,208.80790541801073,1,3.895004539494378,1,0,1
48.35219419110517,28.938200065971603,157.7384588356973,67.00125962343596,219.21795981996948,7.323912558626526,198.71047829914622,1,3.3718383398627374,0,0,0
32.491297763836094,25.017101887495233,109.39900841926217,72.55483830165319,80.71980722886713,6.447930953267344,250.59002065442374,1,6.506732715441682,1,0,0
38.66966833888724,31.588476350408047,194.33842689168335,82.38679223517897,84.84848371476834,6.146172573421624,233.10438718402855,1,4.01599973800953,0,0,1
45.00845249735718,29.252257645241844,114.70924182526284,74.56609707472005,91.40221378070738,4.674625548129113,140.69481914191994,0,1.9680689121162127,0,0,0
67.96947055964196,26.034406244956713,97.37116252318565,53.627521626935376,189.38098143125967,6.274743450188735,222.42965970610862,1,3.8307261879759067,0,2,0
43.68645591846281,22.724053341756093,93.22102780550674,67.04655322121816,55.08851567584808,3.928145236135034,198.19454348704002,1,2.542276250565691,0,1,0
60.32277757127386,29.97275808620881,67.31271588696183,57.767207769300974,29.674235187909566,5.502020787161322,206.41010916906652,0,5.0268141150352035,0,2,0
45.00188936279946,21.830046605265757,181.64197623375946,78.92872271178122,111.0222476729755,5.524282752224962,214.45983454190502,0,3.449563530928685,0,3,0
55.22331829107437,30.851145731664612,175.98735867690317,82.03980836865026,,6.544394231705143,250.55170220051087,0,3.607877258880718,0,0,2
50.161858472130575,42.94566699970295,149.02608070096653,79.07857866224998,74.00201580876708,8.455820029934355,242.1561326147488,1,0.6922105436875294,0,2,2
63.34973580120567,35.925935281941065,96.63689172784771,66.55114728040735,194.66457684914212,6.8862889587985245,176.5097758538828,0,3.0981625912047237,0,2,1
45.047452603158746,32.45091337791789,191.3943688545692,78.9622471495746,131.13413198026512,7.9380824871627365,202.77274522779257,0,2.9099746331755854,1,0,2
31.557132749968268,28.029159862423686,115.68982934674204,70.3586289307735,177.21100001027114,6.974254607724292,187.95618707142594,0,1.3612584716631182,0,2,0
34.034662592272774,17.836860551480612,118.58409590706717,62.34129460299697,134.6983801473823,7.550064187625138,141.08985318154927,0,2.6455976217778483,0,4,0
45.085592578744155,21.227424822548986,178.30406781526267,84.90315903650716,431.180625948608,8.428552823531728,200.84392071115857,1,3.697203909734525,0,0,2
35.762220381185315,35.555360708564926,151.06187045683052,85.81633304468527,61.40270639973947,5.321795801237294,275.10066824724566,0,2.993040641049579,0,0,1
57.332756203834165,24.15634155931371,205.03860985641077,87.38674577300208,116.58204340513322,5.243474679042196,139.9423510375096,0,0.7406404934655462,1,0,1
45.94501385684499,24.654113460097744,136.70527911116568,68.69981679961053,67.6962890668921,7.002573080572786,204.08565184091745,0,2.5628530668848906,0,3,1
82.8698851503436,27.58892238373788,114.10392201474463,90.15234775231694,167.62519346837556,6.195585855125305,202.86675047443234,1,2.2511603375362013,1,6,1
29.409710263217285,22.65874557634395,106.58682907890714,70.07701298406319,86.46900282723345,6.464424599368353,215.93394792704416,1,3.3096216368498927,0,0,0
54.647231323227416,21.752771959966,63.355133798328055,83.84201585846216,275.0791410687887,5.901599729471167,168.41645161903062,0,3.136852099031076,0,0,0
37.336610694426305,28.22239259970218,118.24914795178285,69.86904805879989,63.73789599834723,5.4844895395703395,150.84579754960174,0,2.341419100621045,0,0,0
45.58578257502518,23.5965879993038,168.06076685895832,73.31221403505074,,8.14491760253003,152.6132890418042,1,2.2789384905226377,0,0,0
53.838453153427075,24.42439781121608,148.95919604296242,46.94586571132972,132.33682342815945,4.880166663416103,255.57548281659618,1,3.1075561407751997,0,2,0
21.77017212663427,24.203449356191467,128.71078022961422,72.37704142699701,88.12092116631696,7.023670711089853,167.65793297424943,1,4.540762807978501,0,2,0
55.078739518244355,31.372981176089578,93.17729446642848,77.09307960142033,128.04697514818372,6.82907394287654,186.01663671717944,0,3.4458248363330974,1,0,0
76.73779700956418,27.223308702275535,135.9405556304458,71.07940459163393,106.65843392824054,4.305184042915707,284.976038747293,1,5.276910920465142,0,3,0
46.1053021212083,27.517854176583803,163.44847968183805,97.07425681702168,113.42935412268366,5.203063604007688,177.09828504249467,1,4.813105566147025,0,0,0
55.37750213847163,31.78320243519886,143.07517397644946,62.05040697609668,78.67641851268733,5.404771326860159,218.0111847221352,0,5.394691993934643,0,0,1
65.32398201063019,27.71878215471883,133.83573093716757,69.23702515475289,57.04138975737109,6.87750093597991,245.42484371176926,1,5.18980424288489,0,3,0
49.868604499649045,26.96960427348555,100.10648213515779,65.14152868016976,72.38603849684792,5.759557872883339,243.59736710521122,1,5.500719226785156,0,0,0
44.44751754909072,31.08747695563594,158.35136349392045,69.23467625205434,30.137355073831433,6.0972922320670335,154.40009843234014,1,1.1549715032460255,0,0,1
22.415426751617222,32.175088139566974,55.0,88.37695675528846,155.56693458207016,4.450823171618327,177.89260698734304,1,4.035882044656749,0,1,0
60.332879352134654,27.691095752702676,141.39959981028008,93.73638153192357,40.32425255905597,8.991094060058376,216.48983109757543,0,4.949312884582234,0,2,0
50.52881067352433,28.94334276591287,217.96126933306095,67.5904886689727,78.12726381174323,6.285434742487396,278.3026633805651,0,5.23844371497059,0,4,2
38.835109931953895,24.200153736466696,75.20693144338536,67.32390948732156,137.1450256472745,6.798801076756333,176.06259497163458,0,1.7668498991776758,1,1,0
53.64575723361001,23.76624326259511,119.55206908545219,62.11445621687302,155.30913288545776,,186.24270660377908,1,4.051808839890301,0,4,0
44.412155361519645,32.730311260817444,127.72311534563458,91.67542463823165,28.397068311943972,5.416847207518579,220.94382801323817,0,3.1203249039206704,1,0,0
45.13046029549817,30.947181343995418,111.8096015080198,89.45205288299563,84.78413359286006,8.495221585944238,228.54701263923832,0,5.955296372812179,0,0,0
59.88178502941321,31.00414141129117,164.2730984895643,74.72821840013455,121.34572768141444,3.899934071592045,230.849652163504,1,0.7803334009688787,0,0,1
34.60102865279002,30.044698917990374,144.53578550243554,59.24680964431744,93.09496873896136,6.534376482116932,172.8384771362776,0,1.769136669723415,1,0,1
65.61509871895886,28.754118016982243,133.3305130391562,60.32004921452497,215.6072343170324,4.7461953306705285,184.7821707964926,1,0.10298588006024767,0,0,0
33.830079879460754,32.33026539952523,155.9045396409248,78.04755340461512,52.753767171822254,5.713998614723594,213.1890455924748,0,3.2313860592529315,0,0,1
43.38488169138157,33.64309818562531,128.58627481751097,82.592055021358,23.758323582345398,5.434286638791175,252.9678298798747,0,6.622144430831442,0,0,0
76.9983005228655,33.51175402854856,239.29525710882297,51.20626233974622,,5.016826779896903,195.93760487949976,0,2.9290534103467327,0,1,2
66.65561190135149,27.945721462297072,133.29714267798593,72.14428107354541,63.4786540427534,6.242530075647593,204.15252779681487,0,3.1616533160388065,0,3,0
53.26885190244072,36.12846001449861,134.83487344713964,95.41955067468861,28.696015543748874,3.5,166.01471938870245,0,3.8803820329971277,0,0,0
39.77310719848418,29.756533749527765,68.13361826493536,73.38988952043657,81.18874396694125,5.821413821697563,275.80261961190524,0,2.813935223988335,1,0,0
45.119460012901385,31.978069059111892,108.97923854438017,93.87565708948749,200.27118130980529,6.09165202958003,210.86199199138497,1,3.5856416306305285,0,0,0
52.952579089614055,30.051483399591838,168.15821886299335,83.78855354746821,39.59470783312205,4.568868144312785,245.9546816231562,0,3.6275386709245026,0,0,0
52.487802020414776,29.858536891162956,81.25901023740445,62.98864478997571,410.84131308715905,8.01586246573926,206.13609390656882,0,1.647109356650357,0,0,0
50.818677914862484,24.45336405362324,55.0,72.48794447977772,52.20543633848883,5.486649950243223,208.24014847924965,0,2.8495252615205304,0,0,0
51.5991773169056,32.357429610896546,129.13104149156513,74.45566913746356,95.23682893159412,5.915018909042196,147.9882621476217,0,4.187092682384394,0,0,0
49.21312357383351,44.14911917199201,175.97605776162425,64.56986118287793,40.74664881878381,5.489337003302357,123.27104895168246,0,4.485721786500953,0,2,1
33.25427643667983,26.438627088654542,129.4833430043644,64.3615837262687,92.46742284089608,6.102120655483297,252.57239804976643,0,5.07760264991084,0,0,0
45.285360351909176,28.890470934837214,116.23563890807797,94.08122310542274,82.50621189368803,7.76977291220726,207.96621214197197,1,3.5366977068524705,0,1,0
63.890112701829004,26.045871046090056,62.952922179065695,64.27167256368458,34.17993014051322,9.16761896470817,212.84426867349148,1,3.569257137991105,0,1,0
34.21165413183547,25.81589054140936,143.82889429457677,88.94123291690417,564.8708947389215,7.094767044440791,157.5359574163844,1,4.2002957843434,0,2,1
49.53577834998938,36.9944721296527,151.14462881090657,70.7621862596198,65.22484864199672,7.505592520366125,170.6835612438423,1,2.0483676582859074,1,0,1
41.343198925979024,24.798659402498945,65.63936253146149,75.69232804140194,65.26193935476506,8.259712977772498,245.36747604312941,0,1.9827535168173405,0,0,0
53.44755558217545,25.892557396485014,167.70863570440267,82.74213301886287,168.96354674285894,6.498645292119749,271.1254632919746,0,2.800323427752962,0,0,1
46.947768646131365,19.768789469477845,154.7993434062238,68.81729592514385,292.678677818435,8.084301048334243,181.39158747664302,0,0.959971680713434,0,1,1
71.2061176446707,24.333135515017638,167.63105798915709,82.81485176193439,187.16557156194744,7.150881358868484,230.5163649577961,1,3.6510412347198544,0,0,1
58.5855810044733,19.103800588756588,148.42337821416697,51.44284360541941,41.224906086148536,6.372784831173886,212.220947441901,0,4.678531257869222,0,0,0
34.94655884489625,31.97492584566561,150.87889480839615,81.27648866097564,103.4253944796629,6.620409241341761,200.41990027704642,0,1.8639301682586331,1,4,0
60.725964150978086,43.898334720105204,146.22523145456086,46.37763850514037,,4.014299643958611,275.37444276677616,1,3.6962387038164337,0,2,2
41.92952586859318,26.483266634922128,158.39653125254185,73.2778392796185,161.72833339033522,6.5505431125353795,187.77833745113543,0,1.9933903184928106,0,6,1
44.49904717209206,19.332831368553695,64.34347808066286,86.2509158238219,31.091590487399515,4.347502975464445,252.14708020666444,0,1.3734791968081181,1,0,0
56.07964726139258,33.449998154363534,75.46291982324699,83.46754367270051,53.39562479781286,4.249677018066671,219.49408604759785,1,6.288897670015467,1,3,0
45.607283543508245,24.501912725884136,102.23972349335799,60.41907425245671,89.81290675011805,6.43145442683027,204.35820575013688,0,1.3964269823724123,0,0,0
63.607125612198416,35.64640811804447,123.45629399146064,,120.18881145985408,4.863105685759935,257.13665257525696,0,0.9530890910594478,1,0,0
41.93136920032586,26.948840237155306,141.58479231578627,67.73593551612838,75.95964140730018,6.191463498435947,216.02511094007505,0,3.3435446352885005,0,0,1
43.95369481631228,25.025013710044707,139.36385786300974,78.23459034829762,241.58323212756923,6.3661214232198375,201.33575386333334,0,3.429634365537226,0,0,1
43.46717838387458,27.521233443398724,167.09870340096109,51.61680171947556,144.01470303238247,6.419659520980562,257.41880257331724,1,4.067571425903905,0,0,0
44.64669627138449,32.66777218514903,168.19733545031227,75.8413170898173,136.8493602257355,5.115054311549478,252.47196564333188,1,6.201964885615851,1,0,1
66.28949022212157,27.24918653084389,97.46652120971726,79.73715248560077,40.47559031099242,,250.67460620384728,0,1.7565922956885913,0,0,0
60.17435181693394,25.76801413463462,136.3501638517665,72.60355382954819,271.61858026195665,6.092917716240706,100.0,0,2.074501059241759,0,3,0
74.22927140215693,27.406426183616205,98.32589582973566,82.30385161663662,53.40035140429287,6.729290816205395,221.7267117780596,0,5.5740887956909715,0,0,0
81.47937465069032,21.504796485245134,121.41135365762517,78.68468989991445,278.44268848243877,4.764272463263604,213.06045333665884,1,4.502598024809255,0,2,0
38.60067858487958,30.68367381261689,139.2626979166973,69.50014888721326,335.0354869242367,5.986006931844816,203.67519634475153,0,4.2801301404187715,0,0,0
52.91544865525476,18.673003733852994,55.0,52.765727676886115,125.59173106118394,7.516753379924144,228.17162609096178,0,2.0562100871882896,0,0,0
36.70939588363537,26.057332000989664,212.39354138738895,77.60095697884988,176.02361881059196,7.3642131581704415,214.90116115517205,1,4.801421152659604,0,1,2
41.89112293927253,32.67661864856909,147.82430370891163,64.56309561724026,12.132791450974507,5.2432487804907275,230.7566818584329,1,4.2850925122896575,0,3,0
43.8089273666763,30.166765556129942,107.15038536053079,69.05988850166146,79.28572503451088,5.5453301713101855,194.81745130531027,1,3.3032596289909852,0,3,0
38.256986636202434,31.746763151425146,195.45794143305798,81.74949061555704,184.23596164450134,5.013575923923417,261.9308639467067,1,2.0641155036264123,0,0,2
38.32546545232062,28.14224880004655,115.8399090329832,93.00800060121222,164.1435491609135,5.412304498086942,234.5998792873674,0,3.170712887021512,0,3,0
50.12430307923669,34.93360399542034,132.63817850398203,75.54327851869589,40.73100111110467,4.521118951152165,225.61601043956392,1,5.637579021573234,1,0,0
36.18266056097671,33.58584558223386,110.95094663608305,82.64877803735044,74.35793144978958,6.034188953109831,223.76079888086082,1,1.2496515958341112,0,2,0
62.94765046878923,30.95377552336221,185.81971431051687,58.66624790616531,17.308056590102254,6.959766077819413,248.97668968475543,0,1.720321491098448,0,0,2
40.06920401357232,33.601501775224484,124.32553527929419,78.94628297194042,117.71365424809925,5.257936563438706,243.8241359035486,0,1.9955161038869353,0,0,0
88.5243966112531,32.627329549219674,133.23194352588283,75.28112874787405,26.460318867306988,6.091272460806588,200.71466196524108,0,2.342686150384408,1,0,1
46.13200213746286,26.082950676592105,170.13237535589062,90.75073096751419,187.65783315508784,5.935401910842372,242.63179447128525,1,2.9748213015663567,0,3,1
52.93622934492168,21.108555985697667,148.47988101113768,69.51449828765492,194.1402487929963,7.466142477917863,211.6139851215977,1,4.53371364512305,1,0,2
35.160564601941545,30.81199169213443,126.09781772030749,73.10034859405155,66.11999788503397,5.466089795834694,277.84321807701247,1,3.7382625830679403,0,0,0
74.17919285565931,31.503490769572856,166.8636840325112,88.70577360559354,126.29734719348195,5.509740670818978,246.7136568197847,0,3.097345680805486,0,3,0
66.55350885043791,34.49759595126211,216.84691302997834,74.8955944912642,78.15511452400517,5.184774646049167,181.22684589465564,1,3.4431895601285527,0,4,2
55.85990631956946,23.350232987250884,139.10936570797975,62.69390342455277,105.32492829738148,4.834988575905815,293.5670061991101,0,3.998385536581087,0,2,0
34.49156686586565,23.514629173975603,132.0866030755398,106.61959927948148,42.69539398541359,6.835021989736364,125.12248623238648,0,0.3092704860326485,1,3,0
54.738669410420066,31.029451464692738,133.97194792666787,63.0568868399592,134.88598626675505,6.037867044403426,229.2194801454236,1,4.7145347068073615,1,0,0
37.42139640177569,28.108581561308025,173.86503252910313,75.22359902140572,30.97062797574341,6.265771831787962,178.54260148107915,1,1.6777392913817561,0,4,1
71.0106184251537,18.128311141858795,107.02807927384771,80.16025787230735,27.394850692884336,7.729569387434476,276.52285115957477,1,2.2903834061160193,1,0,0
62.51953151409124,30.56309490064805,118.25888541009186,79.21141010837337,83.14252173033178,7.798496871113446,214.6066304812209,0,3.5446965147257385,0,0,1
53.24070750034057,18.31167396756075,74.18949678056757,73.72307555192322,78.45314272318267,4.224518830598236,174.83577232668938,0,2.879350675193732,0,0,0
20.327116377784808,23.301088964696433,86.56462480760092,73.7828755536843,107.4263820882193,6.977401607714681,194.87320093565583,0,3.779088705749343,0,0,0
39.215592277432606,35.93424755073059,109.87699990557104,73.18081760454453,59.00544936012648,,177.8706045707075,0,3.226924669530249,0,1,0
60.94089471079834,38.536834597939134,126.0422052078852,62.60879369690353,306.58935707259326,5.646090801024877,193.380474814337,1,2.5370683407014054,0,2,1
67.76748799240103,21.813889973404212,189.9179164019542,101.80263057307275,99.90331950961183,6.593220424433531,192.51139059619882,0,5.446013071002051,0,0,2
66.41920754939771,26.688346544230182,146.75974817238284,73.36010898743947,104.70876464566436,4.128340117735057,176.45607698935993,0,4.132904851216216,0,0,0
31.303830970861082,28.734423876932883,96.07725214335721,83.16317191387715,102.31043694177434,7.955170811331679,215.26242484013972,0,3.4833877202169914,0,0,0
55.92017998856775,38.296748101698626,102.52068301225597,71.98416570782074,172.7250605870451,6.817932916486289,219.86651820945582,1,4.108031745374987,0,0,0
65.20169781427808,25.789220786965792,176.1162039130729,71.74283593173419,130.87216273332103,5.161762706200809,167.14035713151324,1,1.8714728116680068,0,3,2
30.441637647430813,25.877137873316972,167.43136220202172,70.5346760479642,119.95555571545832,5.497507733816572,141.98578700432807,0,6.479634786906695,0,2,1
51.897241300147925,37.01799057154574,128.9852468578471,57.40185054412899,145.21266723455204,4.1562242293430725,216.81634518168372,0,1.2597804782669786,0,0,0
55.55995117800993,26.43865966004958,112.51157370614087,74.07254631855076,27.489666110478968,5.823251300196495,225.2129809425423,1,3.1810698532694426,0,0,0
48.09006039699245,32.472109399315514,167.37264924966252,71.11590814816684,28.17284856937472,5.6207216273113,232.74823695452687,0,2.5417179542116157,0,1,1
27.92189587978438,20.37571369188165,93.23355056463598,90.05829411021733,85.65875911228166,4.609867535451489,225.94462650057685,0,2.4809369993167225,0,2,0
47.76592456904153,27.558219907492205,141.7210639320133,61.63959858898582,79.14816851076975,7.132042680451734,264.76323747800564,0,2.2731891898963847,0,0,0
47.74502940668469,19.372217389204774,207.5430646812666,69.07423386934174,131.19517093852494,7.732156627633371,242.88857970338802,1,1.7652639984023977,1,0,2
50.07505874087919,22.695114204743625,135.187448878801,65.21871439895102,,6.167167411946627,306.83347146379185,1,4.901347527692991,1,4,0
44.6748714694741,33.11560745333745,100.85366822584385,93.3103647281417,131.37053970113405,5.8332237405843586,322.82459347965187,0,1.0724755286673853,0,0,0
46.24084200786093,28.225520349023082,142.36290459350383,65.56709866174394,40.05176510651775,6.721981522558153,138.1921016695009,0,4.573702237894112,1,2,1
51.48381832948929,26.74491842695864,111.54969483446283,82.74759813671363,89.37363244340854,6.176433245005948,121.50873201303787,0,4.037660375553571,1,0,0
57.75190986460625,24.381877068104952,79.20594546863049,87.64193768087176,37.642088172322545,4.9013849405225764,204.71913068182485,0,2.390574189313046,0,4,0
48.04245208286333,27.286391597172944,152.53626094052373,74.2465250630151,115.73086054968627,5.416786416095286,224.16083233545223,0,3.852171654070165,0,0,1
46.67456393121598,30.156122419053816,167.12420401924027,59.47826798871438,26.54720297491124,5.844276791902363,202.11636965778254,0,2.7473615716854805,0,0,0
53.200602497307955,33.906039135539686,117.11826647745995,59.63015369483571,112.86712415580006,6.497823913372035,231.7360569501949,0,1.238389858385037,1,0,0
27.02809296336264,15.0,114.79675140663043,,34.63830230239595,6.211204061451762,194.73080113486174,0,1.2553061525265496,0,1,0
58.20145665394396,23.925313541554544,94.34521131073596,60.87287177440171,70.14163849122549,6.452443255984539,178.6298709902633,0,4.048706426351505,0,0,0
51.99267973740154,29.37502933203953,122.75225398363517,80.70431933271895,161.01743801513123,4.370206420059294,184.3701473256603,0,3.9657125178960366,1,2,0
52.5160158457683,27.956252862207428,108.31710659768832,77.37218931784716,104.33497774888262,6.9982612929019155,197.39360197556024,1,3.3872182629107512,0,0,1
64.48954599872803,30.718569333896987,92.61385596538605,,30.880673183706957,6.204099060810215,237.0534690742857,0,2.373573537055189,0,3,0
26.613398109372774,29.971471573696046,194.2259090639862,81.65901769415065,58.13417327726229,9.263250864980185,186.50385352669844,1,2.695309546190366,1,1,2
26.34015969183347,26.82322675353626,144.32724858623277,64.79595058698519,33.91690724236237,5.734838755788305,194.0191892891652,1,2.479114948537558,0,0,1
55.55944998920575,25.602307422070528,148.03382878102732,64.2936618518231,29.910711057237858,6.588150194131247,226.66824007368544,1,0.20488938371701204,1,0,1
51.90748088332929,27.149741806454745,158.91898491263495,84.57912560920482,97.15335746427229,9.595062994650203,197.4457368932828,0,3.098005200410047,1,0,2
54.212300261495116,34.818082924025084,154.9862675865932,68.44786467322724,129.54179801337185,6.432909955403815,247.43500092452481,0,3.8359277779352015,0,0,2
45.99234802275821,24.47395636901857,113.54115165211498,45.0,119.84551265012949,6.1188433528687804,170.05876317506767,1,3.108174078045129,0,5,0
60.636597765119106,28.154563022708246,137.53934180400137,83.78506357460638,133.15543099862717,5.015693726299219,161.81817725431148,0,5.830638675230723,0,0,1
64.12430495888457,29.508382176991315,118.5839330508769,63.56486454317478,89.30590554818517,8.033919640650781,216.575903292697,0,1.3927005682720317,1,0,0
58.291769821369854,37.081930114309515,143.3462268671831,81.60563053486304,75.34714452045299,4.809078096588117,220.36296156606227,0,1.9422340529700473,1,0,1
48.60923004074042,26.848304579700276,139.95918100853575,92.71386219180363,44.804770034607465,6.7125451002177465,172.1315392248303,1,3.212830393093872,1,0,1
24.600037961012763,33.77343660806029,114.60689086975293,76.20114948714337,67.61013404303296,5.631733614429942,256.05662525044215,1,3.390026896307891,0,0,0
62.00007070448267,35.27588671795762,81.47454469773703,87.94918997996237,38.12740137648785,5.9727964849063735,278.1475987712686,0,0.0,1,2,0
67.88247266082871,28.149351542551436,133.11829699379277,77.84557216643442,51.95885096382837,4.49128127766793,181.1415399120528,1,3.9643167998009643,0,0,0
60.37925935579174,27.341045615077807,120.85056792674453,95.04915193769376,95.35551177723761,7.811752666080674,261.51742556378525,1,3.397306943288958,0,4,2
40.564648444222414,26.69020480373481,61.836971330193464,63.254714694914725,83.36559659677486,5.866643232898069,114.47897746397254,0,0.0,0,4,0
60.759327117680854,27.0929727616658,145.76816191110512,75.90142023500212,600.0,4.74189240932836,245.89226613528496,0,2.813265169784125,1,0,0
63.18688620349879,33.19831923317258,161.78697392849713,84.07793926049762,37.52631919326659,7.70322871644811,172.40501469712012,0,1.7063335648981317,0,4,1
72.26461122138812,29.770554874905326,216.49247663231327,73.71505891587945,82.97136114342466,5.595035824355236,242.0907619149413,1,2.2746827770979356,0,1,2
40.61057098503655,29.79409340043428,114.30808738377686,89.82662795983204,35.67263249594633,6.601528750076866,168.47151253364672,1,0.8590387445154195,0,2,0
49.0560904009262,22.31127069291091,109.14508362078263,70.81552552587064,69.947772116669,7.20969965856124,202.3974736841818,1,3.665901885877716,0,0,0
61.714536664864916,23.17880457443621,89.17026393462655,100.83245381954666,71.82259369380158,6.768841196689184,174.2156073314101,1,5.818842208912361,0,1,0
52.746330928696054,40.28895753627339,135.30246672704524,101.46637005126695,,3.5640373394011577,196.87253348428092,0,3.4240377186724524,1,0,0
37.47474117333343,27.521958510912206,135.08113631954242,79.38486395472759,67.19013390352502,7.034428041173345,274.53711309935693,1,0.0,1,1,1
57.39001170534714,,99.60462828246378,82.6312141642554,79.47574893594457,6.079263484801847,200.89836372945058,1,3.456953659732478,0,0,0
59.522601239597165,36.37104541074113,121.8774541298656,90.30005722749566,68.04049174016973,5.805165563836001,285.1914617091818,1,2.6885779324815435,1,0,0
53.143517652303025,30.049947017759536,58.74670165887251,61.753631212391596,36.202422507634616,6.0691100612297335,190.33912267847222,0,1.238379944393435,0,3,0
54.85460405333927,31.67985204275487,160.42318617416362,60.25599982506651,58.90601034526094,4.267960647270702,261.6870587446585,0,3.5657981302256436,0,0,0
48.63682327808551,27.740741085951566,101.02622591147417,91.07702696629161,70.21421655281834,6.430605097594164,143.2236809525135,0,4.407623565003769,0,0,0
71.21762616430877,26.747298001827577,126.78702770054572,79.28786167447599,94.42411485908978,4.562730351548828,194.11265589562873,0,1.9304104289709798,0,1,0
40.291001611735204,27.567274951264903,78.06573025457773,73.28193704824253,129.42808607735202,5.856992348532042,184.62782055763643,1,0.3700275027009745,0,0,0
44.364830084070874,20.894940063357552,107.61762401884494,76.13347963457393,77.27124846708584,6.387517317845853,263.43281283029137,1,0.0,0,0,0
52.142811675857835,28.016399248190563,118.21430962688655,47.36750233163117,76.39330784945334,7.488844505585137,212.03945386937082,1,1.9349038502634845,0,0,0
63.4264023601116,30.128181923734395,127.60482035637095,73.71325222651599,29.408422629533828,5.216464208168343,125.65283955339518,0,2.751194449184305,0,4,0
32.53414878877102,38.67754778614065,144.7906380432879,66.96343912968132,127.82180001542464,7.941904846215187,155.21507312050463,0,2.1743910981800334,0,4,1
34.96614225304929,28.972994857528686,178.3676279220177,87.016859603381,57.25277103853064,7.336223904218177,166.51883452358277,0,1.9067486517401888,0,1,1
25.509529399448667,15.662026267843324,153.64488299692746,87.94036934060807,146.26788586974524,5.684708309011357,240.49391117626243,1,3.908639243405048,1,4,1
52.42503792829252,27.983080119684583,161.67575901011855,82.92016280955893,211.76891073415896,4.869500880316877,235.59028437893846,1,3.740521673833479,0,3,1
37.46202437631493,43.56727273209568,178.61364384800984,,79.651821347406,4.467420581323495,193.58482154747745,0,3.319349444416307,0,2,0
47.000848569767086,33.26501429241772,147.9397758532944,58.03183901535679,46.277567379197365,6.526104621839767,184.15662784253223,0,4.3063804549505695,0,2,1
60.5979164685922,24.040110809052763,126.71524815333517,83.08771695996249,89.02841352077715,5.315259020551023,232.222753152302,0,1.9499082355274906,0,2,0
43.659944629822995,31.751085829368062,163.31891671892694,83.55277534628061,112.8958789866289,7.639228166338059,162.0781224875855,0,1.248705223906291,0,0,1
55.00666629566374,24.418926163106427,165.55532500865797,90.94231184522476,73.31180669475171,5.384571404206076,222.3914211621134,0,2.164266121236205,0,0,2
48.10860719922761,21.054058642492283,150.69980432881124,101.41851774916236,62.3762568790192,5.119194823937633,219.15568388106885,0,2.0539155653091665,0,0,1
60.737486096253676,26.583968502212603,77.08803410373639,55.6892719171407,129.8143830279912,6.480351621493177,194.56559546346293,0,0.0,1,0,0
58.17666487552411,29.00339541581374,98.54889464168734,71.33827809258145,124.36683547245481,5.376743771408693,220.11176267173718,0,2.1270901767248467,1,0,0
43.00486194973007,18.203144736616323,118.38010635893306,67.09280035410826,71.86011658807534,6.210259992042564,208.879585416838,0,4.76776088829156,0,4,0
49.807527205794116,22.179623902037502,155.28673572575647,78.0700862606209,30.71240556115853,7.383187196070226,223.90194080074852,1,4.28136548898858,0,0,0
65.56866417036643,28.55684559750295,127.25287533253041,76.16082229861647,121.08048512898604,6.340675198002469,154.30411227775645,0,3.8402941711297283,1,1,0
57.113899313303264,26.25504753206075,167.7904021707697,73.19101512303826,54.65534393666617,6.345157352843269,228.35107526009068,0,3.210588869179167,0,2,1
33.83949324923529,30.6714619913035,174.03328200604983,88.33125233681409,103.45444483812368,6.446176050690102,244.01085052108635,1,5.318237641827251,1,2,2
60.52303479522797,21.819324199802914,169.97096640370222,62.783029465830595,99.29168892496575,4.168281211657528,217.1961539814489,0,1.3037313682112621,0,1,1
37.90006190832891,32.427625617043155,170.19391975681003,,26.363852350467585,6.670205299916589,227.846202337677,1,1.4562766048594133,0,0,1
70.36266990949308,21.98932496616893,91.70521333694487,63.7092967468235,94.87049634150051,6.391917892071075,200.823065938429,0,4.798872437901653,0,0,0
65.31328491793332,37.535038660656966,144.89224248095215,71.67606895088815,125.74497045819382,7.271476792380105,238.87063751799565,1,3.0441678349419337,0,0,0
55.76851118693921,19.063329435919258,106.73648356656042,61.25691740905785,136.17743987101343,6.926972961364543,207.47939086323447,0,1.9261147087293142,0,0,0
54.044026964670515,22.49095151289123,70.28267840242805,75.41714213440875,97.13457698305916,5.957661642073383,161.3782312667248,0,3.883079402810352,0,0,0
49.28258067164354,30.795539416675062,117.93851037804573,74.01411766442959,24.894297016672482,7.438871469812828,236.1682138855639,0,2.298452861299224,0,0,0
60.82081136820037,37.65328288323701,174.3657937969538,66.56181863201104,206.41988288017214,5.8488431628647355,142.90244259470467,1,1.6599592072436242,0,0,1
47.179883796993195,30.232736698638938,144.12597035414623,86.48519504867434,117.56300518733264,6.496588524893246,215.74563028295856,1,1.6154370994126555,0,0,2
55.06240831831862,31.595718561003153,198.62332800620624,75.28599366055916,41.16762334334341,5.826620683424773,190.3995316982148,1,3.514478977641626,0,4,2
63.335146764752864,28.596452959201823,134.2030550843839,88.75176836838165,53.934141167471594,6.754109365907854,187.97122151122096,0,3.32930479460906,0,0,1
44.69651493416733,22.85480850236644,213.67309637575175,73.65940178554682,104.59601008199485,5.748212260834686,211.5355724971958,1,5.426794826649521,0,2,0
43.98949438012097,25.804239084683413,134.2132428930968,75.70966134122375,140.00377632200556,8.17706193072988,178.0470487489162,0,2.5358572054375954,0,0,1
36.47324875058203,21.83449654010298,128.78681036538077,69.24661114381946,65.53824161380598,8.620835284670767,224.46382853685762,0,2.5085608819233403,1,1,1
38.161854300359764,21.467095177227208,83.22134692274763,75.91544151357418,153.91510514620344,7.248725905023206,207.15827203963607,0,5.303413648843065,0,4,0
28.230860951260468,30.709619056258607,166.8696959102469,84.54677567358456,28.064662745510383,8.049555979296834,181.54282984633647,0,4.577034869244145,0,3,2
61.487774257201885,22.322521098516212,110.42562048708324,71.06398921275643,45.70516508737613,4.3529426229691435,255.8508236617601,1,3.2318372860203826,0,6,0
75.51588904707602,30.257547036978487,105.35333262069456,82.22094355041597,23.52286822489987,4.494346708070006,212.78173919138092,0,0.5023796438699031,0,2,0
70.52927626511396,21.33997486278396,172.84306973169004,66.24703646745111,50.224167113876206,5.8141273200425445,228.97043547013027,0,1.701032348346828,0,0,2
30.860901647855286,30.13010661064215,168.5377934078585,85.1086067862665,239.86106029876066,6.249477158310653,258.83037172078804,1,1.3134483241796218,0,0,1
61.4231107302306,25.812245870703705,167.62179785237376,69.04113007225688,342.8802026714594,5.962151098280401,258.20678436018613,1,3.0583228430389906,1,1,1
70.48738254900624,36.236385435078546,115.32331030807566,86.2201584787486,104.8251238637279,4.229437700440456,227.03184724653514,0,2.186654216733529,1,0,0
46.06147025039737,30.280453925684856,126.21584471431619,76.73171850920399,59.431874227531544,7.5819100475883765,193.49898836162743,1,5.564647828547679,1,0,0
53.318816598450645,35.29680591146778,125.9050960806452,94.25144480069275,77.9247591438405,8.785037880028323,150.67125607358597,0,0.485700457961586,0,2,0
25.897390339539285,24.34394305966144,155.38813632353393,62.15118728494949,,7.737185215007147,212.85424661823035,1,1.1418564529396593,1,0,1
55.46757018369634,28.80878837134292,182.37476339729804,58.285878720257585,32.58565356326441,7.502627922543766,246.59420400106066,0,3.3914060558077628,0,2,1
38.17372351734868,23.10402063036047,140.88512943194425,68.6053930482932,62.03416030287887,6.471343526174724,218.46396313694484,0,3.8342976796226718,0,0,0
54.59525523284969,26.2251711649057,197.12118798750754,59.38466862358824,228.71808349656231,5.188403155127435,100.0,1,0.0,0,0,0
31.704362011544557,27.05842677490454,159.40180463115715,59.40718126686067,45.608683465517565,6.287033663163161,238.06236188340574,0,0.22334374533560997,0,0,1
59.05715691820875,24.507779786220734,119.78202120599536,83.4586091255185,55.309433728260096,8.726705644209805,240.3969678814782,1,2.578234090975017,0,0,1
65.31866478054697,21.814734276348677,157.00489921451413,75.9498544790481,90.77514791052144,5.7776142649915325,193.5535566384001,0,5.169669810375948,0,1,1
41.81866179770282,20.72565471991041,187.70790975480708,70.2438282795489,108.18601849829723,5.65405130261127,242.55774365963384,0,6.0204174163471516,1,1,1
37.22000644166435,15.631385363609315,197.9401144169467,71.35644883233482,59.95276728555056,7.528764390924697,228.8626857469483,1,2.3368040157391583,1,0,2
23.971700446850246,22.69009445073098,169.54119706096782,68.83314802808393,94.61693902069942,7.608423260894715,178.9507418932829,0,2.726964836127334,0,0,1
48.5366240570227,31.951216431695144,128.89860587802997,95.80443001382852,133.61604714641751,5.182517833070236,253.30944241627202,1,1.6610147883445714,1,0,1
44.439278854339136,19.70825807392694,120.41573610804278,67.17393150828356,322.06498945232477,5.886218464115093,156.83587692196767,1,4.013130239817796,0,0,0
31.836747639475288,20.975324345606822,148.1624326246487,60.13439322300041,82.90959718850826,5.597713404918279,202.82470250052046,0,5.445647335190289,0,0,1
57.889243832058234,38.349942141781035,186.5891073344866,85.55260740983593,87.61624407161041,6.283627254873308,199.03391211466075,0,5.0096331798080795,1,0,2
46.15038503575956,24.999271725834603,143.1819192775058,73.41093251982615,242.90093740363122,7.524424005141792,173.63335021682633,0,2.9535990197513335,0,3,0
38.01543253761198,30.265753050406598,143.90861551540837,100.46528426581463,62.982182090974035,5.235166974646291,216.54416697066068,0,1.6583492717836408,0,0,1
44.79055872667419,32.03274430575272,129.79892490109822,69.68553233447038,38.05301043445144,7.507597774684324,254.7940181837762,0,3.013115206895713,0,0,0
65.926959006085,32.14389371379704,116.52381280790756,86.1518101570815,105.89748510620232,6.32198149870557,252.41419113073275,0,5.209258727093724,0,1,0
59.83818026881789,20.12727173165567,122.32529226746287,88.98636796719165,181.1496411958843,8.991430563577133,232.49924016019278,1,2.3591726426454107,1,4,1
50.309661200519635,27.229171760552802,132.73990948359355,69.74397001357596,113.80543823566515,6.582597061245048,140.55494473854878,0,0.0953135530435949,0,0,1
60.04836524004308,19.599750017648844,188.13349986839378,67.08495078509156,84.49982749861667,6.083697716444882,154.23381256666949,1,2.4239851946920514,0,1,2
36.908144566972396,41.95474822400678,119.61001775142194,84.89639837117086,35.10536535098938,6.889657672539191,211.3144265508332,0,2.5535587944186573,0,3,0
52.420811309451395,19.7281860479142,129.84142265689832,82.89870301496717,86.64936266942945,5.795424514535348,203.69906843882544,0,0.08592294196880346,0,1,1
53.91519029632412,22.73687879621599,97.7117818857722,59.07267879146888,200.60952810603055,4.045672251977809,186.07296655506403,0,3.3712597311973105,0,3,0
45.89212538951655,22.776695298371724,153.08208732656044,62.458772364343346,40.351701700849695,5.911374590874683,277.40228150328363,0,3.8096074612086364,1,0,1
57.66095836744643,20.26836737802416,175.83377125513988,45.56283994062394,76.76309627058828,5.8924476691169305,209.02268582050337,1,5.975828183709297,0,0,1
41.854365089622135,35.939266503661,184.85742460848644,83.14464224774562,69.96146527695852,4.289219047340226,225.6116841652511,0,0.8681968690510198,1,1,1
58.62766920108953,41.82346345595923,135.11775836434987,72.85807368237106,57.1855760378454,6.112357772246609,242.53996747604094,1,4.168834290062023,0,3,2
59.17416402990679,25.883379843780606,148.10239991477323,74.05419494829661,105.73750165346868,3.7194677304687236,207.08842108755346,1,4.546937841881403,0,0,0
18.0,21.237672692355744,122.62573872404867,55.70267082757776,120.05597317384776,5.782775797813425,303.46036238067006,0,3.8313934894964956,0,0,0
67.47397414563153,16.196909757006885,146.4806537893083,,119.2410600049235,6.492315190453607,169.26585250744327,1,1.3891173874494007,0,1,0
18.0,,138.98878033747252,70.26449304918921,47.69770692942768,6.316395412565879,181.96927958402335,1,1.2961173108119812,1,0,1
43.991362667770375,26.75999017261206,130.03925355380207,67.93209279822615,30.874181022626093,5.7067166325358185,169.17262270526476,0,3.155514803654104,0,2,1
65.32952444535081,24.917871305019204,132.82137922969955,77.41403290621157,106.73639045253809,6.097363517662314,264.3810148842375,1,3.144284255754067,0,0,1
47.87527257171827,29.717563896869255,143.8172799187777,83.00161751958177,64.77775733082237,5.259122675026603,235.47926322030858,0,2.1049058805940697,1,2,0
32.939582227895954,30.673452285485176,117.70466478040525,103.23535083142237,297.29137459668044,6.212979823307042,184.32222731669347,1,5.066619221653209,1,2,0
37.78141819768328,30.276957918658454,119.51261227726883,75.75979563962889,306.35390095349015,6.269703687910125,172.17269775171835,0,2.3587974680127033,0,0,0
65.34977470216805,26.76131320417332,187.75767047850437,89.38483195716334,328.244263390574,5.1197000265181885,257.62583902289896,1,0.0,0,2,1
27.020441102867704,22.44107993734156,222.86913690962342,66.0403266762427,48.84917962823986,6.521239040610918,218.74413318287665,1,2.6415095767922603,1,4,1
66.67688431250622,32.16208203793694,85.84715680130847,55.90064422029573,130.307830298681,6.513743186096544,258.5958828074208,1,3.7684373571931293,1,0,0
51.28367271245024,28.568825676818417,83.91850784683794,71.77238023947851,158.5276152017804,6.000548103702715,202.71432467030084,1,3.5471378432976737,0,2,0
36.498860704248365,33.385966386590574,94.49965102671476,56.827339385509106,147.33956989740727,9.105256443544182,224.4383422524768,0,3.534756139423914,0,0,0
44.419504060065016,32.84541552209727,124.38490547365058,76.17607800602924,71.48238148972636,6.03115713597883,216.40865089927212,1,5.390382422970685,0,5,0
38.77608356567866,20.680308620240865,159.35231788630398,66.63455050589602,206.69966733108768,5.864918905552378,181.28376929378538,0,1.216335085276601,0,4,1
63.260927611160874,20.61177785898318,148.69385297168952,52.548743358944975,90.02779099233216,,199.52252196525765,0,2.3220666426389207,0,2,0
61.5215615269169,24.344526046927093,134.02108978731638,96.83230175032213,97.81506964675269,5.03487293230832,159.9964729166629,0,5.472086460816644,0,0,0
29.650905259611395,22.690540254401327,146.51274414352645,69.54925944273543,33.12266948545006,7.023076831812084,223.77605930163526,1,0.0,0,0,0
46.75330245924866,32.653884767868554,103.77698451800707,56.348568364669624,,5.37650363837666,233.92745236118068,1,2.914088884475569,0,0,0
40.7785863895244,30.432203217933548,119.45570298865835,86.77806148608748,75.98546382317359,,242.62612560400214,0,4.966273784379254,0,0,0
68.81562958997182,34.54551196581921,127.29669080684711,67.25662764952858,121.74344621963215,5.554110128553683,230.32870594049822,1,4.942426001494495,0,0,0
34.44871146435653,30.68067749576005,72.55242813948516,89.08199240428794,,5.018067780981787,200.12801481288506,1,4.056186196554165,0,0,0
72.85497836090518,29.64757270030353,87.35414283470914,67.19926798386341,101.23235762870733,4.098700000946333,263.9748845129254,0,4.09670288281871,1,2,0
51.56716838627981,35.09851379189294,88.74518785528193,69.50922771684644,87.36509640173222,5.644472159408968,238.9077225337227,0,1.3343630031117832,1,0,0
36.89485271705886,31.083500368542765,154.7437878289321,80.13798051372456,150.06964672838177,7.2480023752547496,257.76475946297,1,5.197083334286697,0,2,1
43.19543560787939,28.874555298907453,136.58742320003458,83.11863256844933,79.08549807411535,6.436375766558293,260.1488947698733,1,1.0799012619427293,1,0,0
41.57895507001014,36.64249168661877,149.387142002588,85.22180484808717,34.9504501241585,8.07269032422575,200.22721309833815,0,1.1753391690025998,1,3,1
35.42996077379842,29.133494857340345,63.61207535691375,74.92310633524805,130.27281318026158,7.10114756598702,219.739419361943,0,3.620598609861993,0,2,0
53.232749176494885,26.826126672951432,76.07516598819389,82.343400658655,53.194557002894264,6.828757772328854,234.43347697290415,0,2.211176806852481,1,3,0
36.03709784100604,23.891972076722926,151.21254040897733,84.94754328308105,38.055266038393356,8.459178827183258,161.33261207369185,0,3.3307147184636143,0,3,1
23.655239286403546,32.36664002474976,55.0,78.4068296628022,46.30970281323962,6.083425285996147,162.1750194496056,0,3.6892273268483633,0,1,0
47.06420587897375,35.30377798013358,170.86202751599316,74.28810264082844,108.19938872581402,6.275690808205943,155.62615745218707,0,5.844975583000878,1,0,1
28.562869446567525,28.221769292116136,64.18389997670235,58.65646062122644,84.52712158085254,6.186242694007835,200.8921966362442,0,3.693959336906255,0,2,0
42.22190871512224,35.69353593078911,157.51707121737425,83.19008988135987,22.501133844800155,8.05254407742026,192.33395174995928,1,2.010345113346466,0,0,2
40.181662448156374,17.664917324156335,96.89953813350631,76.50608438969381,70.13579611913462,6.203018379750909,150.44451612478093,0,4.082380733097817,0,5,0
40.674191063664416,28.19500643855647,164.7116300310054,71.0366097717915,192.44491685335524,5.422067151107475,210.67561265254975,0,1.6691932798686204,0,1,1
78.012520320672,28.2794779834256,240.28563198707732,91.33319636309992,67.11902153610917,6.905210645555423,201.36648116476948,0,4.461048839001666,0,0,2
52.733350373204416,24.50153095175959,55.0,58.865996405040214,80.82205697211667,5.220488226731566,249.92512646292573,1,3.1034046713108085,0,2,0
55.189823116939316,41.6112357089003,152.3382001751227,,177.28420176909958,6.84016581513671,281.4932050070334,0,3.6408701058511173,1,0,2
28.90682214755017,28.135940520211815,64.7143050242191,75.7327206563864,150.9392877620822,6.696609120970202,222.34511293574084,0,0.1509536366165114,0,3,0
43.49847926272001,26.257480756175617,142.93691227761263,79.81021814203478,174.85339453491724,5.972716798632205,178.52804018808305,0,0.0,1,0,0
54.79893418923965,28.64279162388428,120.76297427568372,71.25947062563675,14.84480279408957,6.878973886504192,229.57552633918863,1,0.5977212281385076,0,0,0
38.68112413213092,17.48452443810794,132.54238128616453,55.99512504972004,277.7161767752082,4.414652083629978,205.35351108617797,0,5.793233369117548,0,7,0
63.80481696573381,24.320726410602965,96.0909803285117,74.32468121841065,,6.395554545589984,195.87524035630307,0,1.162952283444655,1,0,0
36.36494438328661,33.90781983194972,155.3189388323775,80.0169388827135,445.7549401421091,5.644681538399922,172.25915739516716,1,4.171695683182291,0,1,1
48.277240233752714,25.04080054786974,77.30747567103666,84.11470535683112,54.12508465180037,9.634716292741425,187.35963850956372,1,1.9729475217428716,0,1,0
44.381328680317736,23.941186604598506,171.4573042014559,73.62360161873319,28.604578048983075,6.386990083568249,198.24394157159455,0,2.6159518412492155,1,0,2
54.13616857196491,35.7023910008292,113.67623926864361,49.68952190554698,90.42327193720381,5.484329540259876,235.55566290228705,0,2.9284475918891846,0,0,0
43.67362906587946,35.87139920523506,78.90582629089187,57.50006386500849,75.25013186513968,4.546037916736302,224.41897205549893,1,5.630045484498394,0,0,0
48.478382848077814,31.34344759688628,183.82278881692443,100.62423548515953,137.64683795308434,7.766487436153119,274.37189343128284,1,3.9352088492662793,1,2,2
48.93030880688619,25.996854662787328,125.64300715167964,62.889568194734615,181.0029074345993,5.779960736571467,230.62484680616592,1,3.6160530245125617,0,2,0
42.452959153913085,27.182909141860222,194.76725896547092,93.1245934988705,85.03547107090309,5.250377519509497,221.1232071333697,1,5.074717491377914,0,0,0
58.30622029046246,24.077175211337725,170.74746452596696,64.79095915098885,76.96489744343273,6.603559056810871,193.3632461120422,1,1.986885017981469,0,0,1
55.09904887288653,23.02874784534245,100.06490033247478,73.81052908326559,126.41593641723941,6.979662597686785,165.57640668982498,1,4.709348763122294,0,0,0
50.848018711708825,22.755709314303623,125.02535696721378,83.50249911519884,76.18739565280684,,183.34404920958053,0,4.44208415225397,0,0,0
46.404041664994544,25.10070076268136,132.2363278882251,,,6.223700507671234,178.40613081504677,1,4.423838981189652,0,0,1
62.355072396759965,22.809034551233903,181.42061199952536,95.10658162910865,176.61061261892885,6.391028164264064,107.68554091859137,1,2.7519732753415878,0,3,1
48.93415483041564,19.89962184801268,143.31311996784902,,204.11126816215557,6.478444490816844,166.67199226218148,1,2.300296166756114,1,0,1
48.012935258262814,29.70671468364648,134.17024173837606,81.53021015559604,182.069362815361,6.603675518754648,265.88397093190696,0,1.6082821677289352,1,3,1
53.36097038854564,29.790275694913905,121.00421445155924,72.7887159037705,80.67755091288686,6.709862235081779,219.00680809244176,0,1.708508216053539,0,0,0
74.05562687862106,37.854360171355744,126.23050374508763,83.90464344420509,22.397443621108586,7.513343301566655,190.69209349688634,1,1.5327789583064129,0,2,0
34.57536929572435,24.824138974049134,173.66072299874136,94.94551287819834,81.73446116147898,6.26769783443102,220.14223324132078,1,3.5869564189217216,0,0,1
62.008139609719606,30.12855324292799,128.12968727791161,74.42456874852142,54.98842244588848,5.2198360810035656,130.77062802228377,0,2.6346618987678845,0,0,0
27.388774903904636,30.21991918601141,114.17509550456388,96.75655348899083,82.72223323962668,6.026849956275159,215.71971322557212,1,3.690240316288031,0,0,0
54.82455105697211,27.10389341380957,108.24224920352096,68.66085029945059,58.18342905551984,7.104536982481997,253.54470599960436,0,3.7806112314444866,1,1,0
72.4760767589135,32.59383473812322,108.61821961573433,85.16915247222052,88.79485989679027,4.0561664499381855,200.39759401060354,0,1.304390313138667,0,2,0
58.35269081807499,32.763760527678926,78.92664013850322,81.8693720349166,45.79983604589355,4.063097365553647,137.6643980025544,1,1.256370348625233,1,0,0
54.218126021017305,30.30076102358647,101.73686420857324,63.17701512781157,39.14776514792769,7.3019313456707895,189.2702596784855,1,2.6341433869227,1,1,0
44.71415690556002,27.093981622237123,180.4447096477613,78.56571645564799,199.24976415409537,8.024147380221594,253.61195580935856,0,1.75980684221795,0,0,2
52.40361360635121,26.53358440295006,120.76902588013762,76.08839125420447,47.91996491462274,4.681759957976632,214.82792696211143,0,1.5913405767579427,0,0,0
48.723183399756365,20.977353556616173,152.65440839946345,65.76169388467785,90.01940216855253,,151.10421639784448,0,5.713099214519794,0,3,1
41.78230409689238,24.067452217602696,55.0,80.29602921032952,167.37625809745617,5.720545864499583,294.9699088089871,1,0.5466323649961389,0,0,0
48.231616998826695,25.078958618540717,147.89089581380577,77.75547455330221,163.0582261035075,5.887003865310051,157.35527638268496,1,6.236903083644817,1,4,0
54.578955088143715,22.31815530663811,122.35265534708103,75.1289566323134,150.8764067812848,6.566637210507698,195.76886589869784,1,3.4622022133745416,0,4,0
42.02617810910168,30.919581816782152,111.14959919883219,75.17707037129578,109.58197559683659,4.6485557251871015,165.57933197521626,1,4.577981252828682,0,0,0
41.51833633109911,35.08145327942856,134.3335985097396,74.91987689291656,144.08621286520778,4.871338999409119,165.63192343328316,0,4.389332507728371,1,0,0
34.31683531130173,23.505656622189676,110.64611611657902,71.58760454504407,219.71185909633118,5.83849859249453,187.81825760206405,0,3.9871346836256576,1,0,0
57.07942533915565,30.058927896595506,55.0,77.67800914017978,118.6377053582079,6.025549282527008,229.17370607415094,1,5.658930878629096,0,4,0
59.08920240557178,,160.2786779410178,68.27302945163464,27.265662998061025,4.848853873178994,254.04019491834487,0,1.268133298437149,1,2,0
55.01158577507473,26.82292805983461,136.50561464718675,107.88171389764,63.83253965886455,7.147577209747022,190.32560946276652,0,2.7497945955545458,0,1,1
64.54721640547265,24.703187314522232,117.01201408382519,59.08800105441621,141.52129733366834,5.698926832266761,166.61454494097288,0,1.635444939998804,0,0,0
53.14227928204946,31.810426067335428,94.18351197746469,68.9831670731865,59.87130329319617,5.693818872719786,223.1882940330727,1,0.28627275034818744,0,0,0
57.096142185754836,24.76666504386802,76.55498693625027,69.9310947450767,257.9791224674033,6.539190548275881,224.30261599930913,0,1.9420142103068418,0,1,0
55.949886533288314,34.064132275386555,135.836244747382,100.48592097189444,86.37884376734394,6.045310068719001,214.1343007510311,0,5.996076445158113,0,2,1
50.8099797475633,27.148535744857906,184.47043360788757,60.15838420027001,95.12781151153376,7.204972175486976,215.47811289045583,1,2.7224532841316567,0,5,1
45.099316234314585,24.92717959722843,135.11082668593633,81.11106757583332,186.95975870692317,5.079892954639201,200.7224750389401,0,6.173625141333695,0,0,0
80.78398400529484,21.606821057101605,79.60334378675108,78.98072878055848,79.91449392057413,4.5231360835238315,208.72973247312348,0,6.3373234615091265,1,2,0
